reference_date,location,horizon,model,target_end_date,truth,point,wis,mae,persistence_mae
2025-11-22,01,1,ensemble,2025-11-29,46.0,34.0,6.51217391304348,12.0,15.0
2025-11-22,01,1,baseline,2025-11-29,46.0,26.0,11.94782608695652,20.0,15.0
2025-11-22,01,2,ensemble,2025-12-06,67.0,43.0,12.493913043478262,24.0,36.0
2025-11-22,01,2,baseline,2025-12-06,67.0,26.0,21.876521739130432,41.0,36.0
2025-11-22,01,3,ensemble,2025-12-13,104.0,50.0,28.831304347826084,54.0,73.0
2025-11-22,01,3,baseline,2025-12-13,104.0,26.0,39.68782608695652,78.0,73.0
2025-11-22,02,1,ensemble,2025-11-29,8.0,1.0,4.091739130434782,7.0,8.0
2025-11-22,02,1,baseline,2025-11-29,8.0,0.0,3.891304347826087,8.0,8.0
2025-11-22,02,2,ensemble,2025-12-06,13.0,2.0,6.823043478260868,11.0,13.0
2025-11-22,02,2,baseline,2025-12-06,13.0,0.0,6.73304347826087,13.0,13.0
2025-11-22,02,3,ensemble,2025-12-13,13.0,3.0,6.183913043478261,10.0,13.0
2025-11-22,02,3,baseline,2025-12-13,13.0,0.0,6.061304347826088,13.0,13.0
2025-11-22,04,1,ensemble,2025-11-29,47.0,27.0,9.319999999999999,20.0,29.0
2025-11-22,04,1,baseline,2025-11-29,47.0,15.0,20.33695652173913,32.0,29.0
2025-11-22,04,2,ensemble,2025-12-06,41.0,36.0,7.741304347826088,5.0,23.0
2025-11-22,04,2,baseline,2025-12-06,41.0,15.0,21.416521739130438,26.0,23.0
2025-11-22,04,3,ensemble,2025-12-13,80.0,46.0,17.56434782608696,34.0,62.0
2025-11-22,04,3,baseline,2025-12-13,80.0,15.0,34.876086956521746,65.0,62.0
2025-11-22,05,1,ensemble,2025-11-29,78.0,16.0,50.29391304347826,62.0,51.0
2025-11-22,05,1,baseline,2025-11-29,78.0,12.0,37.27347826086957,66.0,51.0
2025-11-22,05,2,ensemble,2025-12-06,56.0,19.0,21.73260869565218,37.0,29.0
2025-11-22,05,2,baseline,2025-12-06,56.0,12.0,21.195217391304354,44.0,29.0
2025-11-22,05,3,ensemble,2025-12-13,87.0,24.0,39.65565217391305,63.0,60.0
2025-11-22,05,3,baseline,2025-12-13,87.0,12.0,36.5513043478261,75.0,60.0
2025-11-22,06,1,ensemble,2025-11-29,217.0,205.0,22.483913043478264,12.0,68.0
2025-11-22,06,1,baseline,2025-11-29,217.0,139.0,55.76173913043479,78.0,68.0
2025-11-22,06,2,ensemble,2025-12-06,262.0,268.0,37.04826086956522,6.0,113.0
2025-11-22,06,2,baseline,2025-12-06,262.0,139.0,78.37956521739129,123.0,113.0
2025-11-22,06,3,ensemble,2025-12-13,426.0,330.0,64.81,96.0,277.0
2025-11-22,06,3,baseline,2025-12-13,426.0,139.0,143.2613043478261,287.0,277.0
2025-11-22,08,1,ensemble,2025-11-29,149.0,59.0,59.459130434782615,90.0,102.0
2025-11-22,08,1,baseline,2025-11-29,149.0,44.0,67.4695652173913,105.0,102.0
2025-11-22,08,2,ensemble,2025-12-06,222.0,75.0,104.73130434782607,147.0,175.0
2025-11-22,08,2,baseline,2025-12-06,222.0,44.0,120.34434782608695,178.0,175.0
2025-11-22,08,3,ensemble,2025-12-13,282.0,87.0,130.92217391304345,195.0,235.0
2025-11-22,08,3,baseline,2025-12-13,282.0,44.0,163.4691304347826,238.0,235.0
2025-11-22,09,1,ensemble,2025-11-29,74.0,16.0,41.07260869565217,58.0,63.0
2025-11-22,09,1,baseline,2025-11-29,74.0,10.0,37.7404347826087,64.0,63.0
2025-11-22,09,2,ensemble,2025-12-06,125.0,21.0,78.96565217391303,104.0,114.0
2025-11-22,09,2,baseline,2025-12-06,125.0,10.0,70.0213043478261,115.0,114.0
2025-11-22,09,3,ensemble,2025-12-13,206.0,28.0,143.47695652173914,178.0,195.0
2025-11-22,09,3,baseline,2025-12-13,206.0,10.0,134.4178260869565,196.0,195.0
2025-11-22,10,1,ensemble,2025-11-29,13.0,3.0,5.726521739130435,10.0,6.0
2025-11-22,10,1,baseline,2025-11-29,13.0,2.0,5.69608695652174,11.0,6.0
2025-11-22,10,2,ensemble,2025-12-06,17.0,4.0,7.079565217391305,13.0,10.0
2025-11-22,10,2,baseline,2025-12-06,17.0,2.0,7.759130434782609,15.0,10.0
2025-11-22,10,3,ensemble,2025-12-13,39.0,5.0,22.811304347826084,34.0,32.0
2025-11-22,10,3,baseline,2025-12-13,39.0,2.0,20.194782608695654,37.0,32.0
2025-11-22,11,1,ensemble,2025-11-29,14.0,3.0,7.535652173913043,11.0,7.0
2025-11-22,11,1,baseline,2025-11-29,14.0,1.0,6.833043478260869,13.0,7.0
2025-11-22,11,2,ensemble,2025-12-06,26.0,3.0,17.104347826086958,23.0,19.0
2025-11-22,11,2,baseline,2025-12-06,26.0,1.0,13.771739130434785,25.0,19.0
2025-11-22,11,3,ensemble,2025-12-13,33.0,4.0,20.808695652173913,29.0,26.0
2025-11-22,11,3,baseline,2025-12-13,33.0,1.0,17.43086956521739,32.0,26.0
2025-11-22,12,1,ensemble,2025-11-29,729.0,462.0,154.95695652173913,267.0,341.0
2025-11-22,12,1,baseline,2025-11-29,729.0,348.0,245.52695652173912,381.0,341.0
2025-11-22,12,2,ensemble,2025-12-06,881.0,501.0,211.60086956521738,380.0,493.0
2025-11-22,12,2,baseline,2025-12-06,881.0,348.0,339.12913043478255,533.0,493.0
2025-11-22,12,3,ensemble,2025-12-13,912.0,571.0,180.7252173913043,341.0,524.0
2025-11-22,12,3,baseline,2025-12-13,912.0,348.0,346.0491304347825,564.0,524.0
2025-11-22,13,1,ensemble,2025-11-29,166.0,80.0,51.52521739130434,86.0,104.0
2025-11-22,13,1,baseline,2025-11-29,166.0,59.0,63.63521739130435,107.0,104.0
2025-11-22,13,2,ensemble,2025-12-06,182.0,97.0,46.66478260869564,85.0,120.0
2025-11-22,13,2,baseline,2025-12-06,182.0,59.0,67.60173913043478,123.0,120.0
2025-11-22,13,3,ensemble,2025-12-13,330.0,120.0,140.73434782608697,210.0,268.0
2025-11-22,13,3,baseline,2025-12-13,330.0,59.0,160.05478260869563,271.0,268.0
2025-11-22,15,1,ensemble,2025-11-29,29.0,17.0,6.579130434782608,12.0,13.0
2025-11-22,15,1,baseline,2025-11-29,29.0,16.0,7.465217391304346,13.0,13.0
2025-11-22,15,2,ensemble,2025-12-06,40.0,20.0,12.753478260869567,20.0,24.0
2025-11-22,15,2,baseline,2025-12-06,40.0,16.0,15.122173913043476,24.0,24.0
2025-11-22,15,3,ensemble,2025-12-13,71.0,21.0,34.83217391304347,50.0,55.0
2025-11-22,15,3,baseline,2025-12-13,71.0,16.0,42.83391304347826,55.0,55.0
2025-11-22,16,1,ensemble,2025-11-29,29.0,15.0,7.2782608695652184,14.0,18.0
2025-11-22,16,1,baseline,2025-11-29,29.0,9.0,10.636521739130437,20.0,18.0
2025-11-22,16,2,ensemble,2025-12-06,45.0,18.0,15.486956521739133,27.0,34.0
2025-11-22,16,2,baseline,2025-12-06,45.0,9.0,18.96391304347826,36.0,34.0
2025-11-22,16,3,ensemble,2025-12-13,35.0,24.0,6.683913043478259,11.0,24.0
2025-11-22,16,3,baseline,2025-12-13,35.0,9.0,12.682608695652174,26.0,24.0
2025-11-22,17,1,ensemble,2025-11-29,132.0,63.0,39.16608695652174,69.0,85.0
2025-11-22,17,1,baseline,2025-11-29,132.0,44.0,50.01043478260872,88.0,85.0
2025-11-22,17,2,ensemble,2025-12-06,200.0,80.0,73.08434782608695,120.0,153.0
2025-11-22,17,2,baseline,2025-12-06,200.0,44.0,81.59956521739132,156.0,153.0
2025-11-22,17,3,ensemble,2025-12-13,264.0,104.0,94.23695652173915,160.0,217.0
2025-11-22,17,3,baseline,2025-12-13,264.0,44.0,111.2986956521739,220.0,217.0
2025-11-22,18,1,ensemble,2025-11-29,86.0,53.0,18.36086956521739,33.0,45.0
2025-11-22,18,1,baseline,2025-11-29,86.0,39.0,27.2904347826087,47.0,45.0
2025-11-22,18,2,ensemble,2025-12-06,118.0,62.0,28.818695652173915,56.0,77.0
2025-11-22,18,2,baseline,2025-12-06,118.0,39.0,42.19869565217391,79.0,77.0
2025-11-22,18,3,ensemble,2025-12-13,163.0,74.0,44.41434782608695,89.0,122.0
2025-11-22,18,3,baseline,2025-12-13,163.0,39.0,62.08478260869565,124.0,122.0
2025-11-22,19,1,ensemble,2025-11-29,19.0,11.0,4.2760869565217385,8.0,11.0
2025-11-22,19,1,baseline,2025-11-29,19.0,8.0,6.518695652173912,11.0,11.0
2025-11-22,19,2,ensemble,2025-12-06,22.0,14.0,4.420869565217392,8.0,14.0
2025-11-22,19,2,baseline,2025-12-06,22.0,8.0,8.421739130434784,14.0,14.0
2025-11-22,19,3,ensemble,2025-12-13,30.0,18.0,6.514347826086959,12.0,22.0
2025-11-22,19,3,baseline,2025-12-13,30.0,8.0,11.745652173913046,22.0,22.0
2025-11-22,20,1,ensemble,2025-11-29,13.0,12.0,2.045217391304348,1.0,3.0
2025-11-22,20,1,baseline,2025-11-29,13.0,8.0,4.391304347826088,5.0,3.0
2025-11-22,20,2,ensemble,2025-12-06,22.0,15.0,4.279565217391305,7.0,12.0
2025-11-22,20,2,baseline,2025-12-06,22.0,8.0,8.166956521739133,14.0,12.0
2025-11-22,20,3,ensemble,2025-12-13,30.0,19.0,6.644347826086958,11.0,20.0
2025-11-22,20,3,baseline,2025-12-13,30.0,8.0,11.218695652173915,22.0,20.0
2025-11-22,21,1,ensemble,2025-11-29,49.0,27.0,11.327391304347827,22.0,24.0
2025-11-22,21,1,baseline,2025-11-29,49.0,19.0,17.47434782608696,30.0,24.0
2025-11-22,21,2,ensemble,2025-12-06,67.0,35.0,18.17826086956522,32.0,42.0
2025-11-22,21,2,baseline,2025-12-06,67.0,19.0,25.049130434782615,48.0,42.0
2025-11-22,21,3,ensemble,2025-12-13,104.0,39.0,36.84478260869565,65.0,79.0
2025-11-22,21,3,baseline,2025-12-13,104.0,19.0,40.79434782608696,85.0,79.0
2025-11-22,22,1,ensemble,2025-11-29,116.0,122.0,10.344347826086958,6.0,9.0
2025-11-22,22,1,baseline,2025-11-29,116.0,86.0,17.987391304347828,30.0,9.0
2025-11-22,22,2,ensemble,2025-12-06,180.0,141.0,23.022173913043474,39.0,73.0
2025-11-22,22,2,baseline,2025-12-06,180.0,86.0,54.19782608695651,94.0,73.0
2025-11-22,22,3,ensemble,2025-12-13,248.0,162.0,46.5086956521739,86.0,141.0
2025-11-22,22,3,baseline,2025-12-13,248.0,86.0,99.57391304347827,162.0,141.0
2025-11-22,23,1,ensemble,2025-11-29,13.0,6.0,3.7782608695652176,7.0,9.0
2025-11-22,23,1,baseline,2025-11-29,13.0,4.0,4.853913043478261,9.0,9.0
2025-11-22,23,2,ensemble,2025-12-06,20.0,7.0,7.032608695652174,13.0,16.0
2025-11-22,23,2,baseline,2025-12-06,20.0,4.0,8.058260869565217,16.0,16.0
2025-11-22,23,3,ensemble,2025-12-13,31.0,8.0,12.62,23.0,27.0
2025-11-22,23,3,baseline,2025-12-13,31.0,4.0,13.59173913043478,27.0,27.0
2025-11-22,24,1,ensemble,2025-11-29,101.0,47.0,32.31347826086957,54.0,66.0
2025-11-22,24,1,baseline,2025-11-29,101.0,34.0,38.2191304347826,67.0,66.0
2025-11-22,24,2,ensemble,2025-12-06,140.0,60.0,49.08434782608696,80.0,105.0
2025-11-22,24,2,baseline,2025-12-06,140.0,34.0,60.29000000000001,106.0,105.0
2025-11-22,24,3,ensemble,2025-12-13,242.0,77.0,114.39217391304346,165.0,207.0
2025-11-22,24,3,baseline,2025-12-13,242.0,34.0,130.06956521739133,208.0,207.0
2025-11-22,25,1,ensemble,2025-11-29,77.0,49.0,14.444782608695652,28.0,39.0
2025-11-22,25,1,baseline,2025-11-29,77.0,34.0,24.51391304347826,43.0,39.0
2025-11-22,25,2,ensemble,2025-12-06,140.0,61.0,47.12478260869565,79.0,102.0
2025-11-22,25,2,baseline,2025-12-06,140.0,34.0,53.53652173913043,106.0,102.0
2025-11-22,25,3,ensemble,2025-12-13,237.0,77.0,102.35782608695652,160.0,199.0
2025-11-22,25,3,baseline,2025-12-13,237.0,34.0,109.12739130434784,203.0,199.0
2025-11-22,26,1,ensemble,2025-11-29,76.0,56.0,10.993478260869566,20.0,32.0
2025-11-22,26,1,baseline,2025-11-29,76.0,35.0,25.129130434782613,41.0,32.0
2025-11-22,26,2,ensemble,2025-12-06,94.0,73.0,13.862173913043483,21.0,50.0
2025-11-22,26,2,baseline,2025-12-06,94.0,35.0,32.93260869565218,59.0,50.0
2025-11-22,26,3,ensemble,2025-12-13,211.0,93.0,73.26782608695653,118.0,167.0
2025-11-22,26,3,baseline,2025-12-13,211.0,35.0,83.47478260869566,176.0,167.0
2025-11-22,27,1,ensemble,2025-11-29,74.0,20.0,35.17826086956522,54.0,57.0
2025-11-22,27,1,baseline,2025-11-29,74.0,15.0,34.754782608695656,59.0,57.0
2025-11-22,27,2,ensemble,2025-12-06,105.0,29.0,51.29130434782609,76.0,88.0
2025-11-22,27,2,baseline,2025-12-06,105.0,15.0,51.01521739130436,90.0,88.0
2025-11-22,27,3,ensemble,2025-12-13,257.0,38.0,179.87043478260867,219.0,240.0
2025-11-22,27,3,baseline,2025-12-13,257.0,15.0,163.8613043478261,242.0,240.0
2025-11-22,28,1,ensemble,2025-11-29,24.0,22.0,2.6513043478260876,2.0,3.0
2025-11-22,28,1,baseline,2025-11-29,24.0,17.0,5.774782608695653,7.0,3.0
2025-11-22,28,2,ensemble,2025-12-06,42.0,28.0,7.591304347826089,14.0,21.0
2025-11-22,28,2,baseline,2025-12-06,42.0,17.0,13.053478260869566,25.0,21.0
2025-11-22,28,3,ensemble,2025-12-13,74.0,30.0,25.66695652173913,44.0,53.0
2025-11-22,28,3,baseline,2025-12-13,74.0,17.0,29.10956521739131,57.0,53.0
2025-11-22,29,1,ensemble,2025-11-29,57.0,34.0,11.124347826086957,23.0,20.0
2025-11-22,29,1,baseline,2025-11-29,57.0,25.0,19.22086956521739,32.0,20.0
2025-11-22,29,2,ensemble,2025-12-06,86.0,46.0,20.877391304347825,40.0,49.0
2025-11-22,29,2,baseline,2025-12-06,86.0,25.0,32.18478260869565,61.0,49.0
2025-11-22,29,3,ensemble,2025-12-13,118.0,59.0,32.27782608695652,59.0,81.0
2025-11-22,29,3,baseline,2025-12-13,118.0,25.0,45.93086956521739,93.0,81.0
2025-11-22,30,1,ensemble,2025-11-29,13.0,6.0,4.328260869565217,7.0,6.0
2025-11-22,30,1,baseline,2025-11-29,13.0,4.0,4.777391304347827,9.0,6.0
2025-11-22,30,2,ensemble,2025-12-06,16.0,6.0,5.257391304347826,10.0,9.0
2025-11-22,30,2,baseline,2025-12-06,16.0,4.0,6.007391304347825,12.0,9.0
2025-11-22,30,3,ensemble,2025-12-13,24.0,7.0,9.70695652173913,17.0,17.0
2025-11-22,30,3,baseline,2025-12-13,24.0,4.0,9.220869565217392,20.0,17.0
2025-11-22,31,1,ensemble,2025-11-29,13.0,3.0,5.735652173913043,10.0,12.0
2025-11-22,31,1,baseline,2025-11-29,13.0,1.0,5.868260869565217,12.0,12.0
2025-11-22,31,2,ensemble,2025-12-06,15.0,5.0,5.797391304347826,10.0,14.0
2025-11-22,31,2,baseline,2025-12-06,15.0,1.0,6.552608695652175,14.0,14.0
2025-11-22,31,3,ensemble,2025-12-13,28.0,7.0,12.879565217391303,21.0,27.0
2025-11-22,31,3,baseline,2025-12-13,28.0,1.0,12.223478260869564,27.0,27.0
2025-11-22,32,1,ensemble,2025-11-29,13.0,24.0,5.6913043478260885,11.0,5.0
2025-11-22,32,1,baseline,2025-11-29,13.0,17.0,4.7291304347826095,4.0,5.0
2025-11-22,32,2,ensemble,2025-12-06,32.0,29.0,4.192608695652174,3.0,14.0
2025-11-22,32,2,baseline,2025-12-06,32.0,17.0,9.140869565217393,15.0,14.0
2025-11-22,32,3,ensemble,2025-12-13,54.0,35.0,10.300434782608695,19.0,36.0
2025-11-22,32,3,baseline,2025-12-13,54.0,17.0,18.733043478260875,37.0,36.0
2025-11-22,33,1,ensemble,2025-11-29,11.0,5.0,3.034347826086956,6.0,6.0
2025-11-22,33,1,baseline,2025-11-29,11.0,4.0,3.6413043478260874,7.0,6.0
2025-11-22,33,2,ensemble,2025-12-06,25.0,7.0,11.698695652173916,18.0,20.0
2025-11-22,33,2,baseline,2025-12-06,25.0,4.0,11.25,21.0,20.0
2025-11-22,33,3,ensemble,2025-12-13,46.0,9.0,26.683043478260867,37.0,41.0
2025-11-22,33,3,baseline,2025-12-13,46.0,4.0,24.843043478260874,42.0,41.0
2025-11-22,34,1,ensemble,2025-11-29,154.0,80.0,40.071739130434786,74.0,98.0
2025-11-22,34,1,baseline,2025-11-29,154.0,56.0,54.79739130434784,98.0,98.0
2025-11-22,34,2,ensemble,2025-12-06,277.0,101.0,111.9091304347826,176.0,221.0
2025-11-22,34,2,baseline,2025-12-06,277.0,56.0,124.58173913043478,221.0,221.0
2025-11-22,34,3,ensemble,2025-12-13,588.0,123.0,378.65260869565225,465.0,532.0
2025-11-22,34,3,baseline,2025-12-13,588.0,56.0,360.89347826086953,532.0,532.0
2025-11-22,35,1,ensemble,2025-11-29,39.0,20.0,10.670869565217393,19.0,25.0
2025-11-22,35,1,baseline,2025-11-29,39.0,14.0,13.488260869565218,25.0,25.0
2025-11-22,35,2,ensemble,2025-12-06,39.0,27.0,6.6173913043478265,12.0,25.0
2025-11-22,35,2,baseline,2025-12-06,39.0,14.0,13.01608695652174,25.0,25.0
2025-11-22,35,3,ensemble,2025-12-13,69.0,32.0,19.445652173913043,37.0,55.0
2025-11-22,35,3,baseline,2025-12-13,69.0,14.0,28.0095652173913,55.0,55.0
2025-11-22,36,1,ensemble,2025-11-29,701.0,286.0,296.58652173913043,415.0,515.0
2025-11-22,36,1,baseline,2025-11-29,701.0,174.0,361.2360869565218,527.0,515.0
2025-11-22,36,2,ensemble,2025-12-06,1184.0,357.0,664.3530434782609,827.0,998.0
2025-11-22,36,2,baseline,2025-12-06,1184.0,174.0,781.6978260869565,1010.0,998.0
2025-11-22,36,3,ensemble,2025-12-13,1935.0,408.0,1279.7582608695652,1527.0,1749.0
2025-11-22,36,3,baseline,2025-12-13,1935.0,174.0,1494.2073913043478,1761.0,1749.0
2025-11-22,37,1,ensemble,2025-11-29,163.0,105.0,27.85826086956522,58.0,15.0
2025-11-22,37,1,baseline,2025-11-29,163.0,76.0,50.3404347826087,87.0,15.0
2025-11-22,37,2,ensemble,2025-12-06,308.0,130.0,104.83782608695654,178.0,130.0
2025-11-22,37,2,baseline,2025-12-06,308.0,76.0,133.09478260869565,232.0,130.0
2025-11-22,37,3,ensemble,2025-12-13,538.0,146.0,243.66043478260863,392.0,360.0
2025-11-22,37,3,baseline,2025-12-13,538.0,76.0,290.21608695652174,462.0,360.0
2025-11-22,38,1,ensemble,2025-11-29,10.0,3.0,3.7921739130434777,7.0,9.0
2025-11-22,38,1,baseline,2025-11-29,10.0,1.0,4.358260869565218,9.0,9.0
2025-11-22,38,2,ensemble,2025-12-06,9.0,4.0,2.5195652173913046,5.0,8.0
2025-11-22,38,2,baseline,2025-12-06,9.0,1.0,3.4343478260869564,8.0,8.0
2025-11-22,38,3,ensemble,2025-12-13,21.0,5.0,9.267391304347827,16.0,20.0
2025-11-22,38,3,baseline,2025-12-13,21.0,1.0,9.912608695652173,20.0,20.0
2025-11-22,39,1,ensemble,2025-11-29,125.0,66.0,29.2,59.0,77.0
2025-11-22,39,1,baseline,2025-11-29,125.0,46.0,45.393478260869564,79.0,77.0
2025-11-22,39,2,ensemble,2025-12-06,176.0,87.0,48.0613043478261,89.0,128.0
2025-11-22,39,2,baseline,2025-12-06,176.0,46.0,68.73695652173912,130.0,128.0
2025-11-22,39,3,ensemble,2025-12-13,329.0,108.0,135.84130434782605,221.0,281.0
2025-11-22,39,3,baseline,2025-12-13,329.0,46.0,144.1,283.0,281.0
2025-11-22,40,1,ensemble,2025-11-29,21.0,16.0,3.3582608695652176,5.0,11.0
2025-11-22,40,1,baseline,2025-11-29,21.0,8.0,9.393913043478264,13.0,11.0
2025-11-22,40,2,ensemble,2025-12-06,25.0,22.0,4.100434782608696,3.0,15.0
2025-11-22,40,2,baseline,2025-12-06,25.0,8.0,12.472608695652173,17.0,15.0
2025-11-22,40,3,ensemble,2025-12-13,53.0,25.0,14.86826086956522,28.0,43.0
2025-11-22,40,3,baseline,2025-12-13,53.0,8.0,22.69130434782609,45.0,43.0
2025-11-22,41,1,ensemble,2025-11-29,29.0,13.0,8.323478260869566,16.0,17.0
2025-11-22,41,1,baseline,2025-11-29,29.0,7.0,12.154782608695655,22.0,17.0
2025-11-22,41,2,ensemble,2025-12-06,41.0,18.0,12.693478260869567,23.0,29.0
2025-11-22,41,2,baseline,2025-12-06,41.0,7.0,17.302608695652175,34.0,29.0
2025-11-22,41,3,ensemble,2025-12-13,40.0,22.0,9.459565217391303,18.0,28.0
2025-11-22,41,3,baseline,2025-12-13,40.0,7.0,16.754782608695653,33.0,28.0
2025-11-22,42,1,ensemble,2025-11-29,349.0,204.0,85.57913043478261,145.0,192.0
2025-11-22,42,1,baseline,2025-11-29,349.0,157.0,112.73826086956522,192.0,192.0
2025-11-22,42,2,ensemble,2025-12-06,513.0,234.0,174.8173913043478,279.0,356.0
2025-11-22,42,2,baseline,2025-12-06,513.0,157.0,204.78695652173914,356.0,356.0
2025-11-22,42,3,ensemble,2025-12-13,707.0,280.0,268.9165217391304,427.0,550.0
2025-11-22,42,3,baseline,2025-12-13,707.0,157.0,318.13652173913044,550.0,550.0
2025-11-22,44,1,ensemble,2025-11-29,19.0,7.0,6.403478260869565,12.0,9.0
2025-11-22,44,1,baseline,2025-11-29,19.0,6.0,7.448695652173914,13.0,9.0
2025-11-22,44,2,ensemble,2025-12-06,38.0,9.0,19.209130434782605,29.0,28.0
2025-11-22,44,2,baseline,2025-12-06,38.0,6.0,19.60391304347826,32.0,28.0
2025-11-22,44,3,ensemble,2025-12-13,84.0,11.0,58.570869565217386,73.0,74.0
2025-11-22,44,3,baseline,2025-12-13,84.0,6.0,59.72695652173914,78.0,74.0
2025-11-22,45,1,ensemble,2025-11-29,53.0,26.0,14.83086956521739,27.0,33.0
2025-11-22,45,1,baseline,2025-11-29,53.0,19.0,18.821739130434786,34.0,33.0
2025-11-22,45,2,ensemble,2025-12-06,86.0,32.0,33.68826086956522,54.0,66.0
2025-11-22,45,2,baseline,2025-12-06,86.0,19.0,35.308260869565224,67.0,66.0
2025-11-22,45,3,ensemble,2025-12-13,123.0,41.0,52.16956521739131,82.0,103.0
2025-11-22,45,3,baseline,2025-12-13,123.0,19.0,53.78391304347826,104.0,103.0
2025-11-22,46,1,ensemble,2025-11-29,1.0,3.0,0.8391304347826088,2.0,0.0
2025-11-22,46,1,baseline,2025-11-29,1.0,1.0,1.340434782608696,0.0,0.0
2025-11-22,46,2,ensemble,2025-12-06,5.0,3.0,1.2117391304347829,2.0,4.0
2025-11-22,46,2,baseline,2025-12-06,5.0,1.0,2.36304347826087,4.0,4.0
2025-11-22,46,3,ensemble,2025-12-13,10.0,4.0,2.8760869565217395,6.0,9.0
2025-11-22,46,3,baseline,2025-12-13,10.0,1.0,4.157826086956522,9.0,9.0
2025-11-22,47,1,ensemble,2025-11-29,62.0,54.0,6.60304347826087,8.0,23.0
2025-11-22,47,1,baseline,2025-11-29,62.0,38.0,15.564347826086955,24.0,23.0
2025-11-22,47,2,ensemble,2025-12-06,106.0,64.0,21.65130434782609,42.0,67.0
2025-11-22,47,2,baseline,2025-12-06,106.0,38.0,35.60260869565217,68.0,67.0
2025-11-22,47,3,ensemble,2025-12-13,166.0,70.0,51.58391304347826,96.0,127.0
2025-11-22,47,3,baseline,2025-12-13,166.0,38.0,66.09130434782608,128.0,127.0
2025-11-22,48,1,ensemble,2025-11-29,591.0,395.0,111.90260869565218,196.0,296.0
2025-11-22,48,1,baseline,2025-11-29,591.0,270.0,186.41000000000003,321.0,296.0
2025-11-22,48,2,ensemble,2025-12-06,690.0,459.0,124.28521739130437,231.0,395.0
2025-11-22,48,2,baseline,2025-12-06,690.0,270.0,235.58695652173913,420.0,395.0
2025-11-22,48,3,ensemble,2025-12-13,959.0,558.0,248.6413043478261,401.0,664.0
2025-11-22,48,3,baseline,2025-12-13,959.0,270.0,410.6691304347826,689.0,664.0
2025-11-22,49,1,ensemble,2025-11-29,32.0,14.0,10.155652173913046,18.0,21.0
2025-11-22,49,1,baseline,2025-11-29,32.0,12.0,11.576521739130436,20.0,21.0
2025-11-22,49,2,ensemble,2025-12-06,47.0,17.0,17.44478260869565,30.0,36.0
2025-11-22,49,2,baseline,2025-12-06,47.0,12.0,20.52608695652174,35.0,36.0
2025-11-22,49,3,ensemble,2025-12-13,64.0,22.0,25.15043478260869,42.0,53.0
2025-11-22,49,3,baseline,2025-12-13,64.0,12.0,31.499130434782614,52.0,53.0
2025-11-22,50,1,ensemble,2025-11-29,0.0,4.0,2.095652173913044,4.0,3.0
2025-11-22,50,1,baseline,2025-11-29,0.0,2.0,1.4360869565217396,2.0,3.0
2025-11-22,50,2,ensemble,2025-12-06,5.0,4.0,1.1395652173913045,1.0,2.0
2025-11-22,50,2,baseline,2025-12-06,5.0,2.0,1.769130434782609,3.0,2.0
2025-11-22,50,3,ensemble,2025-12-13,9.0,5.0,2.226086956521739,4.0,6.0
2025-11-22,50,3,baseline,2025-12-13,9.0,2.0,3.2913043478260877,7.0,6.0
2025-11-22,51,1,ensemble,2025-11-29,99.0,48.0,31.619130434782615,51.0,65.0
2025-11-22,51,1,baseline,2025-11-29,99.0,30.0,37.80869565217391,69.0,65.0
2025-11-22,51,2,ensemble,2025-12-06,167.0,55.0,75.35608695652174,112.0,133.0
2025-11-22,51,2,baseline,2025-12-06,167.0,30.0,73.3913043478261,137.0,133.0
2025-11-22,51,3,ensemble,2025-12-13,195.0,67.0,80.3713043478261,128.0,161.0
2025-11-22,51,3,baseline,2025-12-13,195.0,30.0,85.37956521739132,165.0,161.0
2025-11-22,53,1,ensemble,2025-11-29,36.0,29.0,4.873043478260869,7.0,17.0
2025-11-22,53,1,baseline,2025-11-29,36.0,19.0,10.446956521739132,17.0,17.0
2025-11-22,53,2,ensemble,2025-12-06,61.0,41.0,11.942608695652178,20.0,42.0
2025-11-22,53,2,baseline,2025-12-06,61.0,19.0,22.279130434782612,42.0,42.0
2025-11-22,53,3,ensemble,2025-12-13,59.0,51.0,9.131304347826088,8.0,40.0
2025-11-22,53,3,baseline,2025-12-13,59.0,19.0,21.159565217391304,40.0,40.0
2025-11-22,54,1,ensemble,2025-11-29,10.0,2.0,3.9717391304347824,8.0,10.0
2025-11-22,54,1,baseline,2025-11-29,10.0,0.0,5.55913043478261,10.0,10.0
2025-11-22,54,2,ensemble,2025-12-06,19.0,4.0,8.889565217391302,15.0,19.0
2025-11-22,54,2,baseline,2025-12-06,19.0,0.0,9.172608695652174,19.0,19.0
2025-11-22,54,3,ensemble,2025-12-13,26.0,6.0,11.871739130434783,20.0,26.0
2025-11-22,54,3,baseline,2025-12-13,26.0,0.0,11.57521739130435,26.0,26.0
2025-11-22,55,1,ensemble,2025-11-29,51.0,12.0,26.003043478260867,39.0,44.0
2025-11-22,55,1,baseline,2025-11-29,51.0,7.0,24.047391304347826,44.0,44.0
2025-11-22,55,2,ensemble,2025-12-06,84.0,16.0,46.80217391304347,68.0,77.0
2025-11-22,55,2,baseline,2025-12-06,84.0,7.0,40.0504347826087,77.0,77.0
2025-11-22,55,3,ensemble,2025-12-13,161.0,23.0,106.83913043478262,138.0,154.0
2025-11-22,55,3,baseline,2025-12-13,161.0,7.0,83.97565217391303,154.0,154.0
2025-11-22,56,1,ensemble,2025-11-29,10.0,5.0,2.7017391304347824,5.0,4.0
2025-11-22,56,1,baseline,2025-11-29,10.0,3.0,3.719130434782609,7.0,4.0
2025-11-22,56,2,ensemble,2025-12-06,10.0,6.0,2.3143478260869563,4.0,4.0
2025-11-22,56,2,baseline,2025-12-06,10.0,3.0,3.6352173913043484,7.0,4.0
2025-11-22,56,3,ensemble,2025-12-13,21.0,7.0,8.00391304347826,14.0,15.0
2025-11-22,56,3,baseline,2025-12-13,21.0,3.0,8.841739130434783,18.0,15.0
2025-11-29,01,1,ensemble,2025-12-06,67.0,47.0,10.317391304347826,20.0,30.0
2025-11-29,01,1,baseline,2025-12-06,67.0,31.0,20.2004347826087,36.0,30.0
2025-11-29,01,2,ensemble,2025-12-13,104.0,55.0,26.48304347826087,49.0,67.0
2025-11-29,01,2,baseline,2025-12-13,104.0,31.0,39.697826086956525,73.0,67.0
2025-11-29,01,3,ensemble,2025-12-20,275.0,73.0,138.64565217391305,202.0,238.0
2025-11-29,01,3,baseline,2025-12-20,275.0,31.0,161.3195652173913,244.0,238.0
2025-11-29,02,1,ensemble,2025-12-06,13.0,4.0,5.520434782608696,9.0,10.0
2025-11-29,02,1,baseline,2025-12-06,13.0,3.0,5.314347826086958,10.0,10.0
2025-11-29,02,2,ensemble,2025-12-13,13.0,5.0,4.403913043478261,8.0,10.0
2025-11-29,02,2,baseline,2025-12-13,13.0,3.0,4.984347826086958,10.0,10.0
2025-11-29,02,3,ensemble,2025-12-20,45.0,5.0,31.239130434782602,40.0,42.0
2025-11-29,02,3,baseline,2025-12-20,45.0,3.0,29.942173913043476,42.0,42.0
2025-11-29,04,1,ensemble,2025-12-06,41.0,79.0,21.112608695652174,38.0,6.0
2025-11-29,04,1,baseline,2025-12-06,41.0,45.0,14.1604347826087,4.0,6.0
2025-11-29,04,2,ensemble,2025-12-13,80.0,95.0,14.270434782608698,15.0,33.0
2025-11-29,04,2,baseline,2025-12-13,80.0,45.0,26.59956521739131,35.0,33.0
2025-11-29,04,3,ensemble,2025-12-20,132.0,119.0,20.21956521739131,13.0,85.0
2025-11-29,04,3,baseline,2025-12-20,132.0,45.0,46.30782608695653,87.0,85.0
2025-11-29,05,1,ensemble,2025-12-06,56.0,90.0,17.493043478260873,34.0,38.0
2025-11-29,05,1,baseline,2025-12-06,56.0,67.0,9.613478260869567,11.0,38.0
2025-11-29,05,2,ensemble,2025-12-13,87.0,102.0,14.03086956521739,15.0,69.0
2025-11-29,05,2,baseline,2025-12-13,87.0,67.0,14.52826086956522,20.0,69.0
2025-11-29,05,3,ensemble,2025-12-20,145.0,125.0,18.495652173913044,20.0,127.0
2025-11-29,05,3,baseline,2025-12-20,145.0,67.0,42.28782608695652,78.0,127.0
2025-11-29,06,1,ensemble,2025-12-06,262.0,209.0,29.54,53.0,114.0
2025-11-29,06,1,baseline,2025-12-06,262.0,142.0,73.77478260869565,120.0,114.0
2025-11-29,06,2,ensemble,2025-12-13,426.0,241.0,94.30695652173915,185.0,278.0
2025-11-29,06,2,baseline,2025-12-13,426.0,142.0,148.7104347826087,284.0,278.0
2025-11-29,06,3,ensemble,2025-12-20,719.0,306.0,238.6526086956522,413.0,571.0
2025-11-29,06,3,baseline,2025-12-20,719.0,142.0,299.50782608695647,577.0,571.0
2025-11-29,08,1,ensemble,2025-12-06,222.0,139.0,49.39260869565217,83.0,125.0
2025-11-29,08,1,baseline,2025-12-06,222.0,97.0,84.91434782608695,125.0,125.0
2025-11-29,08,2,ensemble,2025-12-13,282.0,158.0,76.35304347826086,124.0,185.0
2025-11-29,08,2,baseline,2025-12-13,282.0,97.0,127.14478260869564,185.0,185.0
2025-11-29,08,3,ensemble,2025-12-20,517.0,200.0,218.31695652173912,317.0,420.0
2025-11-29,08,3,baseline,2025-12-20,517.0,97.0,340.0608695652174,420.0,420.0
2025-11-29,09,1,ensemble,2025-12-06,125.0,37.0,63.445217391304325,88.0,95.0
2025-11-29,09,1,baseline,2025-12-06,125.0,27.0,63.97826086956522,98.0,95.0
2025-11-29,09,2,ensemble,2025-12-13,206.0,45.0,121.37739130434784,161.0,176.0
2025-11-29,09,2,baseline,2025-12-13,206.0,27.0,128.09304347826085,179.0,176.0
2025-11-29,09,3,ensemble,2025-12-20,447.0,60.0,336.59956521739133,387.0,417.0
2025-11-29,09,3,baseline,2025-12-20,447.0,27.0,358.8695652173913,420.0,417.0
2025-11-29,10,1,ensemble,2025-12-06,17.0,8.0,5.265652173913044,9.0,4.0
2025-11-29,10,1,baseline,2025-12-06,17.0,5.0,6.598695652173912,12.0,4.0
2025-11-29,10,2,ensemble,2025-12-13,39.0,9.0,20.010434782608694,30.0,26.0
2025-11-29,10,2,baseline,2025-12-13,39.0,5.0,19.909565217391307,34.0,26.0
2025-11-29,10,3,ensemble,2025-12-20,99.0,12.0,69.77173913043478,87.0,86.0
2025-11-29,10,3,baseline,2025-12-20,99.0,5.0,66.46782608695652,94.0,86.0
2025-11-29,11,1,ensemble,2025-12-06,26.0,15.0,5.590434782608695,11.0,12.0
2025-11-29,11,1,baseline,2025-12-06,26.0,12.0,8.117826086956521,14.0,12.0
2025-11-29,11,2,ensemble,2025-12-13,33.0,15.0,9.28826086956522,18.0,19.0
2025-11-29,11,2,baseline,2025-12-13,33.0,12.0,11.89695652173913,21.0,19.0
2025-11-29,11,3,ensemble,2025-12-20,47.0,19.0,15.628260869565217,28.0,33.0
2025-11-29,11,3,baseline,2025-12-20,47.0,12.0,20.59695652173913,35.0,33.0
2025-11-29,12,1,ensemble,2025-12-06,881.0,691.0,98.0813043478261,190.0,262.0
2025-11-29,12,1,baseline,2025-12-06,881.0,524.0,228.97739130434783,357.0,262.0
2025-11-29,12,2,ensemble,2025-12-13,912.0,785.0,83.3195652173913,127.0,293.0
2025-11-29,12,2,baseline,2025-12-13,912.0,524.0,233.70086956521737,388.0,293.0
2025-11-29,12,3,ensemble,2025-12-20,1536.0,902.0,314.5173913043478,634.0,917.0
2025-11-29,12,3,baseline,2025-12-20,1536.0,524.0,736.8543478260872,1012.0,917.0
2025-11-29,13,1,ensemble,2025-12-06,182.0,121.0,32.23478260869565,61.0,76.0
2025-11-29,13,1,baseline,2025-12-06,182.0,81.0,60.176956521739136,101.0,76.0
2025-11-29,13,2,ensemble,2025-12-13,330.0,147.0,109.07826086956518,183.0,224.0
2025-11-29,13,2,baseline,2025-12-13,330.0,81.0,156.2869565217391,249.0,224.0
2025-11-29,13,3,ensemble,2025-12-20,675.0,184.0,353.3265217391305,491.0,569.0
2025-11-29,13,3,baseline,2025-12-20,675.0,81.0,442.0799999999999,594.0,569.0
2025-11-29,15,1,ensemble,2025-12-06,40.0,47.0,5.130000000000001,7.0,2.0
2025-11-29,15,1,baseline,2025-12-06,40.0,42.0,2.1226086956521746,2.0,2.0
2025-11-29,15,2,ensemble,2025-12-13,71.0,48.0,11.922173913043478,23.0,29.0
2025-11-29,15,2,baseline,2025-12-13,71.0,42.0,19.19869565217391,29.0,29.0
2025-11-29,15,3,ensemble,2025-12-20,83.0,57.0,14.303043478260872,26.0,41.0
2025-11-29,15,3,baseline,2025-12-20,83.0,42.0,28.971304347826095,41.0,41.0
2025-11-29,16,1,ensemble,2025-12-06,45.0,40.0,4.741304347826087,5.0,18.0
2025-11-29,16,1,baseline,2025-12-06,45.0,27.0,10.37608695652174,18.0,18.0
2025-11-29,16,2,ensemble,2025-12-13,35.0,48.0,8.163478260869567,13.0,8.0
2025-11-29,16,2,baseline,2025-12-13,35.0,27.0,6.726956521739131,8.0,8.0
2025-11-29,16,3,ensemble,2025-12-20,102.0,59.0,21.052608695652175,43.0,75.0
2025-11-29,16,3,baseline,2025-12-20,102.0,27.0,44.13826086956522,75.0,75.0
2025-11-29,17,1,ensemble,2025-12-06,200.0,124.0,42.97086956521739,76.0,113.0
2025-11-29,17,1,baseline,2025-12-06,200.0,82.0,68.22304347826088,118.0,113.0
2025-11-29,17,2,ensemble,2025-12-13,264.0,158.0,60.41782608695652,106.0,177.0
2025-11-29,17,2,baseline,2025-12-13,264.0,82.0,98.754347826087,182.0,177.0
2025-11-29,17,3,ensemble,2025-12-20,611.0,202.0,285.5521739130435,409.0,524.0
2025-11-29,17,3,baseline,2025-12-20,611.0,82.0,345.89478260869566,529.0,524.0
2025-11-29,18,1,ensemble,2025-12-06,118.0,90.0,15.882173913043477,28.0,58.0
2025-11-29,18,1,baseline,2025-12-06,118.0,57.0,35.69956521739131,61.0,58.0
2025-11-29,18,2,ensemble,2025-12-13,163.0,101.0,32.90391304347826,62.0,103.0
2025-11-29,18,2,baseline,2025-12-13,163.0,57.0,57.61826086956522,106.0,103.0
2025-11-29,18,3,ensemble,2025-12-20,351.0,127.0,143.48086956521738,224.0,291.0
2025-11-29,18,3,baseline,2025-12-20,351.0,57.0,171.52521739130435,294.0,291.0
2025-11-29,19,1,ensemble,2025-12-06,22.0,11.0,5.916956521739131,11.0,17.0
2025-11-29,19,1,baseline,2025-12-06,22.0,5.0,9.26391304347826,17.0,17.0
2025-11-29,19,2,ensemble,2025-12-13,30.0,11.0,9.753043478260867,19.0,25.0
2025-11-29,19,2,baseline,2025-12-13,30.0,5.0,12.743913043478262,25.0,25.0
2025-11-29,19,3,ensemble,2025-12-20,90.0,14.0,50.37086956521739,76.0,85.0
2025-11-29,19,3,baseline,2025-12-20,90.0,5.0,45.36695652173912,85.0,85.0
2025-11-29,20,1,ensemble,2025-12-06,22.0,12.0,5.1899999999999995,10.0,14.0
2025-11-29,20,1,baseline,2025-12-06,22.0,7.0,8.177391304347827,15.0,14.0
2025-11-29,20,2,ensemble,2025-12-13,30.0,14.0,8.874347826086955,16.0,22.0
2025-11-29,20,2,baseline,2025-12-13,30.0,7.0,11.554347826086959,23.0,22.0
2025-11-29,20,3,ensemble,2025-12-20,101.0,18.0,65.13913043478261,83.0,93.0
2025-11-29,20,3,baseline,2025-12-20,101.0,7.0,52.79304347826086,94.0,93.0
2025-11-29,21,1,ensemble,2025-12-06,67.0,34.0,17.51347826086957,33.0,39.0
2025-11-29,21,1,baseline,2025-12-06,67.0,23.0,24.304782608695657,44.0,39.0
2025-11-29,21,2,ensemble,2025-12-13,104.0,41.0,36.55391304347825,63.0,76.0
2025-11-29,21,2,baseline,2025-12-13,104.0,23.0,41.36391304347826,81.0,76.0
2025-11-29,21,3,ensemble,2025-12-20,231.0,52.0,126.15347826086958,179.0,203.0
2025-11-29,21,3,baseline,2025-12-20,231.0,23.0,116.37739130434782,208.0,203.0
2025-11-29,22,1,ensemble,2025-12-06,180.0,156.0,14.87782608695652,24.0,63.0
2025-11-29,22,1,baseline,2025-12-06,180.0,111.0,41.40826086956522,69.0,63.0
2025-11-29,22,2,ensemble,2025-12-13,248.0,174.0,37.90434782608696,74.0,131.0
2025-11-29,22,2,baseline,2025-12-13,248.0,111.0,85.51043478260871,137.0,131.0
2025-11-29,22,3,ensemble,2025-12-20,433.0,192.0,142.84304347826088,241.0,316.0
2025-11-29,22,3,baseline,2025-12-20,433.0,111.0,248.07,322.0,316.0
2025-11-29,23,1,ensemble,2025-12-06,20.0,8.0,6.9,12.0,12.0
2025-11-29,23,1,baseline,2025-12-06,20.0,5.0,8.228695652173913,15.0,12.0
2025-11-29,23,2,ensemble,2025-12-13,31.0,9.0,13.452173913043477,22.0,23.0
2025-11-29,23,2,baseline,2025-12-13,31.0,5.0,13.983043478260868,26.0,23.0
2025-11-29,23,3,ensemble,2025-12-20,82.0,11.0,54.356521739130436,71.0,74.0
2025-11-29,23,3,baseline,2025-12-20,82.0,5.0,49.59608695652174,77.0,74.0
2025-11-29,24,1,ensemble,2025-12-06,140.0,70.0,39.634347826086966,70.0,74.0
2025-11-29,24,1,baseline,2025-12-06,140.0,48.0,56.210434782608694,92.0,74.0
2025-11-29,24,2,ensemble,2025-12-13,242.0,85.0,109.85999999999999,157.0,176.0
2025-11-29,24,2,baseline,2025-12-13,242.0,48.0,128.02652173913046,194.0,176.0
2025-11-29,24,3,ensemble,2025-12-20,408.0,104.0,222.65652173913045,304.0,342.0
2025-11-29,24,3,baseline,2025-12-20,408.0,48.0,268.19304347826085,360.0,342.0
2025-11-29,25,1,ensemble,2025-12-06,140.0,70.0,42.36434782608696,70.0,89.0
2025-11-29,25,1,baseline,2025-12-06,140.0,41.0,55.31304347826088,99.0,89.0
2025-11-29,25,2,ensemble,2025-12-13,237.0,79.0,105.65478260869567,158.0,186.0
2025-11-29,25,2,baseline,2025-12-13,237.0,41.0,112.46260869565216,196.0,186.0
2025-11-29,25,3,ensemble,2025-12-20,491.0,112.0,302.1852173913044,379.0,440.0
2025-11-29,25,3,baseline,2025-12-20,491.0,41.0,309.40086956521736,450.0,440.0
2025-11-29,26,1,ensemble,2025-12-06,94.0,80.0,10.39913043478261,14.0,41.0
2025-11-29,26,1,baseline,2025-12-06,94.0,53.0,26.243043478260866,41.0,41.0
2025-11-29,26,2,ensemble,2025-12-13,211.0,93.0,67.36,118.0,158.0
2025-11-29,26,2,baseline,2025-12-13,211.0,53.0,80.9608695652174,158.0,158.0
2025-11-29,26,3,ensemble,2025-12-20,470.0,116.0,243.58304347826083,354.0,417.0
2025-11-29,26,3,baseline,2025-12-20,470.0,53.0,250.0004347826087,417.0,417.0
2025-11-29,27,1,ensemble,2025-12-06,105.0,53.0,28.745652173913037,52.0,71.0
2025-11-29,27,1,baseline,2025-12-06,105.0,34.0,43.53739130434783,71.0,71.0
2025-11-29,27,2,ensemble,2025-12-13,257.0,66.0,138.70521739130433,191.0,223.0
2025-11-29,27,2,baseline,2025-12-13,257.0,34.0,159.0817391304348,223.0,223.0
2025-11-29,27,3,ensemble,2025-12-20,542.0,85.0,373.3847826086956,457.0,508.0
2025-11-29,27,3,baseline,2025-12-20,542.0,34.0,422.5556521739131,508.0,508.0
2025-11-29,28,1,ensemble,2025-12-06,42.0,31.0,5.450869565217391,11.0,15.0
2025-11-29,28,1,baseline,2025-12-06,42.0,23.0,10.534347826086957,19.0,15.0
2025-11-29,28,2,ensemble,2025-12-13,74.0,36.0,23.000434782608696,38.0,47.0
2025-11-29,28,2,baseline,2025-12-13,74.0,23.0,27.655652173913044,51.0,47.0
2025-11-29,28,3,ensemble,2025-12-20,147.0,42.0,75.34521739130435,105.0,120.0
2025-11-29,28,3,baseline,2025-12-20,147.0,23.0,77.14739130434783,124.0,120.0
2025-11-29,29,1,ensemble,2025-12-06,86.0,44.0,23.90304347826087,42.0,47.0
2025-11-29,29,1,baseline,2025-12-06,86.0,28.0,32.70521739130435,58.0,47.0
2025-11-29,29,2,ensemble,2025-12-13,118.0,48.0,38.11826086956522,70.0,79.0
2025-11-29,29,2,baseline,2025-12-13,118.0,28.0,46.87391304347827,90.0,79.0
2025-11-29,29,3,ensemble,2025-12-20,261.0,59.0,143.3495652173913,202.0,222.0
2025-11-29,29,3,baseline,2025-12-20,261.0,28.0,130.0186956521739,233.0,222.0
2025-11-29,30,1,ensemble,2025-12-06,16.0,7.0,4.641739130434783,9.0,12.0
2025-11-29,30,1,baseline,2025-12-06,16.0,4.0,6.212173913043479,12.0,12.0
2025-11-29,30,2,ensemble,2025-12-13,24.0,8.0,8.99521739130435,16.0,20.0
2025-11-29,30,2,baseline,2025-12-13,24.0,4.0,9.748695652173913,20.0,20.0
2025-11-29,30,3,ensemble,2025-12-20,40.0,11.0,18.18521739130435,29.0,36.0
2025-11-29,30,3,baseline,2025-12-20,40.0,4.0,18.257826086956523,36.0,36.0
2025-11-29,31,1,ensemble,2025-12-06,15.0,5.0,5.778695652173914,10.0,13.0
2025-11-29,31,1,baseline,2025-12-06,15.0,2.0,6.651739130434786,13.0,13.0
2025-11-29,31,2,ensemble,2025-12-13,28.0,5.0,14.617826086956521,23.0,26.0
2025-11-29,31,2,baseline,2025-12-13,28.0,2.0,12.894782608695651,26.0,26.0
2025-11-29,31,3,ensemble,2025-12-20,72.0,7.0,51.44521739130434,65.0,70.0
2025-11-29,31,3,baseline,2025-12-20,72.0,2.0,41.385217391304344,70.0,70.0
2025-11-29,32,1,ensemble,2025-12-06,32.0,20.0,5.94,12.0,20.0
2025-11-29,32,1,baseline,2025-12-06,32.0,11.0,11.223913043478262,21.0,20.0
2025-11-29,32,2,ensemble,2025-12-13,54.0,22.0,16.615217391304345,32.0,42.0
2025-11-29,32,2,baseline,2025-12-13,54.0,11.0,22.714782608695653,43.0,42.0
2025-11-29,32,3,ensemble,2025-12-20,128.0,28.0,71.49782608695652,100.0,116.0
2025-11-29,32,3,baseline,2025-12-20,128.0,11.0,71.70608695652174,117.0,116.0
2025-11-29,33,1,ensemble,2025-12-06,25.0,13.0,6.4943478260869565,12.0,13.0
2025-11-29,33,1,baseline,2025-12-06,25.0,10.0,8.648695652173913,15.0,13.0
2025-11-29,33,2,ensemble,2025-12-13,46.0,14.0,19.601739130434783,32.0,34.0
2025-11-29,33,2,baseline,2025-12-13,46.0,10.0,22.072608695652175,36.0,34.0
2025-11-29,33,3,ensemble,2025-12-20,95.0,17.0,56.123913043478254,78.0,83.0
2025-11-29,33,3,baseline,2025-12-20,95.0,10.0,62.848260869565216,85.0,83.0
2025-11-29,34,1,ensemble,2025-12-06,277.0,114.0,113.64956521739131,163.0,204.0
2025-11-29,34,1,baseline,2025-12-06,277.0,73.0,126.15260869565218,204.0,204.0
2025-11-29,34,2,ensemble,2025-12-13,588.0,119.0,385.40565217391304,469.0,515.0
2025-11-29,34,2,baseline,2025-12-13,588.0,73.0,367.5952173913043,515.0,515.0
2025-11-29,34,3,ensemble,2025-12-20,1082.0,154.0,800.4965217391306,928.0,1009.0
2025-11-29,34,3,baseline,2025-12-20,1082.0,73.0,836.8599999999998,1009.0,1009.0
2025-11-29,35,1,ensemble,2025-12-06,39.0,27.0,6.080869565217392,12.0,22.0
2025-11-29,35,1,baseline,2025-12-06,39.0,16.0,12.431304347826087,23.0,22.0
2025-11-29,35,2,ensemble,2025-12-13,69.0,35.0,18.14086956521739,34.0,52.0
2025-11-29,35,2,baseline,2025-12-13,69.0,16.0,29.29,53.0,52.0
2025-11-29,35,3,ensemble,2025-12-20,170.0,45.0,90.35304347826086,125.0,153.0
2025-11-29,35,3,baseline,2025-12-20,170.0,16.0,106.9191304347826,154.0,153.0
2025-11-29,36,1,ensemble,2025-12-06,1184.0,448.0,570.6108695652174,736.0,829.0
2025-11-29,36,1,baseline,2025-12-06,1184.0,284.0,720.4504347826087,900.0,829.0
2025-11-29,36,2,ensemble,2025-12-13,1935.0,545.0,1143.1439130434785,1390.0,1580.0
2025-11-29,36,2,baseline,2025-12-13,1935.0,284.0,1425.9930434782611,1651.0,1580.0
2025-11-29,36,3,ensemble,2025-12-20,3178.0,709.0,2123.771739130434,2469.0,2823.0
2025-11-29,36,3,baseline,2025-12-20,3178.0,284.0,2632.1308695652174,2894.0,2823.0
2025-11-29,37,1,ensemble,2025-12-06,308.0,164.0,85.23739130434782,144.0,191.0
2025-11-29,37,1,baseline,2025-12-06,308.0,97.0,130.86478260869563,211.0,191.0
2025-11-29,37,2,ensemble,2025-12-13,538.0,186.0,230.57217391304349,352.0,421.0
2025-11-29,37,2,baseline,2025-12-13,538.0,97.0,292.7517391304348,441.0,421.0
2025-11-29,37,3,ensemble,2025-12-20,1233.0,231.0,792.888695652174,1002.0,1116.0
2025-11-29,37,3,baseline,2025-12-20,1233.0,97.0,944.1560869565218,1136.0,1116.0
2025-11-29,38,1,ensemble,2025-12-06,9.0,4.0,2.7269565217391305,5.0,7.0
2025-11-29,38,1,baseline,2025-12-06,9.0,2.0,3.5786956521739124,7.0,7.0
2025-11-29,38,2,ensemble,2025-12-13,21.0,5.0,10.691304347826089,16.0,19.0
2025-11-29,38,2,baseline,2025-12-13,21.0,2.0,9.959130434782608,19.0,19.0
2025-11-29,38,3,ensemble,2025-12-20,54.0,6.0,38.25913043478261,48.0,52.0
2025-11-29,38,3,baseline,2025-12-20,54.0,2.0,36.4991304347826,52.0,52.0
2025-11-29,39,1,ensemble,2025-12-06,176.0,131.0,23.28260869565218,45.0,86.0
2025-11-29,39,1,baseline,2025-12-06,176.0,90.0,50.95043478260869,86.0,86.0
2025-11-29,39,2,ensemble,2025-12-13,329.0,171.0,86.69956521739131,158.0,239.0
2025-11-29,39,2,baseline,2025-12-13,329.0,90.0,131.0791304347826,239.0,239.0
2025-11-29,39,3,ensemble,2025-12-20,745.0,215.0,376.58608695652174,530.0,655.0
2025-11-29,39,3,baseline,2025-12-20,745.0,90.0,405.11565217391296,655.0,655.0
2025-11-29,40,1,ensemble,2025-12-06,25.0,16.0,4.42695652173913,9.0,10.0
2025-11-29,40,1,baseline,2025-12-06,25.0,10.0,10.134782608695653,15.0,10.0
2025-11-29,40,2,ensemble,2025-12-13,53.0,20.0,18.837391304347825,33.0,38.0
2025-11-29,40,2,baseline,2025-12-13,53.0,10.0,21.956521739130437,43.0,38.0
2025-11-29,40,3,ensemble,2025-12-20,87.0,26.0,37.51869565217392,61.0,72.0
2025-11-29,40,3,baseline,2025-12-20,87.0,10.0,36.82913043478261,77.0,72.0
2025-11-29,41,1,ensemble,2025-12-06,41.0,30.0,5.925652173913043,11.0,21.0
2025-11-29,41,1,baseline,2025-12-06,41.0,18.0,13.270869565217394,23.0,21.0
2025-11-29,41,2,ensemble,2025-12-13,40.0,40.0,5.32913043478261,0.0,20.0
2025-11-29,41,2,baseline,2025-12-13,40.0,18.0,13.088260869565218,22.0,20.0
2025-11-29,41,3,ensemble,2025-12-20,57.0,54.0,8.560869565217391,3.0,37.0
2025-11-29,41,3,baseline,2025-12-20,57.0,18.0,20.67782608695652,39.0,37.0
2025-11-29,42,1,ensemble,2025-12-06,513.0,310.0,124.25086956521739,203.0,292.0
2025-11-29,42,1,baseline,2025-12-06,513.0,220.0,180.37347826086958,293.0,292.0
2025-11-29,42,2,ensemble,2025-12-13,707.0,341.0,234.91130434782613,366.0,486.0
2025-11-29,42,2,baseline,2025-12-13,707.0,220.0,298.1195652173913,487.0,486.0
2025-11-29,42,3,ensemble,2025-12-20,1256.0,448.0,606.9413043478261,808.0,1035.0
2025-11-29,42,3,baseline,2025-12-20,1256.0,220.0,727.0582608695651,1036.0,1035.0
2025-11-29,44,1,ensemble,2025-12-06,38.0,9.0,21.208695652173912,29.0,27.0
2025-11-29,44,1,baseline,2025-12-06,38.0,6.0,21.318260869565215,32.0,27.0
2025-11-29,44,2,ensemble,2025-12-13,84.0,10.0,62.021739130434796,74.0,73.0
2025-11-29,44,2,baseline,2025-12-13,84.0,6.0,62.47347826086957,78.0,73.0
2025-11-29,44,3,ensemble,2025-12-20,141.0,11.0,112.66304347826085,130.0,130.0
2025-11-29,44,3,baseline,2025-12-20,141.0,6.0,116.84652173913045,135.0,130.0
2025-11-29,45,1,ensemble,2025-12-06,86.0,54.0,16.973913043478262,32.0,45.0
2025-11-29,45,1,baseline,2025-12-06,86.0,40.0,26.382608695652173,46.0,45.0
2025-11-29,45,2,ensemble,2025-12-13,123.0,62.0,35.4008695652174,61.0,82.0
2025-11-29,45,2,baseline,2025-12-13,123.0,40.0,46.22347826086957,83.0,82.0
2025-11-29,45,3,ensemble,2025-12-20,391.0,76.0,248.3426086956522,315.0,350.0
2025-11-29,45,3,baseline,2025-12-20,391.0,40.0,244.0691304347826,351.0,350.0
2025-11-29,46,1,ensemble,2025-12-06,5.0,5.0,1.2673913043478264,0.0,2.0
2025-11-29,46,1,baseline,2025-12-06,5.0,3.0,1.7626086956521745,2.0,2.0
2025-11-29,46,2,ensemble,2025-12-13,10.0,6.0,2.335217391304348,4.0,7.0
2025-11-29,46,2,baseline,2025-12-13,10.0,3.0,3.725652173913044,7.0,7.0
2025-11-29,46,3,ensemble,2025-12-20,26.0,7.0,10.58608695652174,19.0,23.0
2025-11-29,46,3,baseline,2025-12-20,26.0,3.0,11.497391304347824,23.0,23.0
2025-11-29,47,1,ensemble,2025-12-06,106.0,74.0,16.693043478260872,32.0,49.0
2025-11-29,47,1,baseline,2025-12-06,106.0,52.0,30.484782608695657,54.0,49.0
2025-11-29,47,2,ensemble,2025-12-13,166.0,76.0,52.006956521739134,90.0,109.0
2025-11-29,47,2,baseline,2025-12-13,166.0,52.0,62.65869565217392,114.0,109.0
2025-11-29,47,3,ensemble,2025-12-20,346.0,95.0,170.9213043478261,251.0,289.0
2025-11-29,47,3,baseline,2025-12-20,346.0,52.0,182.6982608695652,294.0,289.0
2025-11-29,48,1,ensemble,2025-12-06,690.0,585.0,63.99086956521739,105.0,248.0
2025-11-29,48,1,baseline,2025-12-06,690.0,412.0,160.6808695652174,278.0,248.0
2025-11-29,48,2,ensemble,2025-12-13,959.0,673.0,137.12217391304347,286.0,517.0
2025-11-29,48,2,baseline,2025-12-13,959.0,412.0,329.7817391304348,547.0,517.0
2025-11-29,48,3,ensemble,2025-12-20,1675.0,792.0,497.121304347826,883.0,1233.0
2025-11-29,48,3,baseline,2025-12-20,1675.0,412.0,888.3360869565215,1263.0,1233.0
2025-11-29,49,1,ensemble,2025-12-06,47.0,22.0,12.87130434782609,25.0,32.0
2025-11-29,49,1,baseline,2025-12-06,47.0,15.0,20.306521739130435,32.0,32.0
2025-11-29,49,2,ensemble,2025-12-13,64.0,26.0,22.13217391304348,38.0,49.0
2025-11-29,49,2,baseline,2025-12-13,64.0,15.0,31.208260869565212,49.0,49.0
2025-11-29,49,3,ensemble,2025-12-20,130.0,35.0,63.51347826086956,95.0,115.0
2025-11-29,49,3,baseline,2025-12-20,130.0,15.0,83.12,115.0,115.0
2025-11-29,50,1,ensemble,2025-12-06,5.0,2.0,1.4956521739130437,3.0,5.0
2025-11-29,50,1,baseline,2025-12-06,5.0,1.0,2.1595652173913042,4.0,5.0
2025-11-29,50,2,ensemble,2025-12-13,9.0,3.0,3.3160869565217395,6.0,9.0
2025-11-29,50,2,baseline,2025-12-13,9.0,0.0,4.369565217391305,9.0,9.0
2025-11-29,50,3,ensemble,2025-12-20,13.0,3.0,5.281739130434784,10.0,13.0
2025-11-29,50,3,baseline,2025-12-20,13.0,0.0,6.172173913043477,13.0,13.0
2025-11-29,51,1,ensemble,2025-12-06,167.0,86.0,47.156956521739126,81.0,105.0
2025-11-29,51,1,baseline,2025-12-06,167.0,61.0,62.15565217391304,106.0,105.0
2025-11-29,51,2,ensemble,2025-12-13,195.0,93.0,57.31782608695652,102.0,133.0
2025-11-29,51,2,baseline,2025-12-13,195.0,61.0,73.8491304347826,134.0,133.0
2025-11-29,51,3,ensemble,2025-12-20,357.0,122.0,142.0091304347826,235.0,295.0
2025-11-29,51,3,baseline,2025-12-20,357.0,61.0,184.87826086956517,296.0,295.0
2025-11-29,53,1,ensemble,2025-12-06,61.0,55.0,6.717391304347825,6.0,24.0
2025-11-29,53,1,baseline,2025-12-06,61.0,37.0,14.186521739130441,24.0,24.0
2025-11-29,53,2,ensemble,2025-12-13,59.0,69.0,9.735652173913044,10.0,22.0
2025-11-29,53,2,baseline,2025-12-13,59.0,37.0,14.57434782608696,22.0,22.0
2025-11-29,53,3,ensemble,2025-12-20,116.0,90.0,16.38478260869565,26.0,79.0
2025-11-29,53,3,baseline,2025-12-20,116.0,37.0,42.35565217391305,79.0,79.0
2025-11-29,54,1,ensemble,2025-12-06,19.0,3.0,10.898260869565217,16.0,17.0
2025-11-29,54,1,baseline,2025-12-06,19.0,0.0,9.57913043478261,19.0,17.0
2025-11-29,54,2,ensemble,2025-12-13,26.0,3.0,15.30130434782609,23.0,24.0
2025-11-29,54,2,baseline,2025-12-13,26.0,0.0,11.88,26.0,24.0
2025-11-29,54,3,ensemble,2025-12-20,65.0,6.0,48.660000000000004,59.0,63.0
2025-11-29,54,3,baseline,2025-12-20,65.0,0.0,30.528260869565216,65.0,63.0
2025-11-29,55,1,ensemble,2025-12-06,84.0,32.0,35.33913043478261,52.0,65.0
2025-11-29,55,1,baseline,2025-12-06,84.0,19.0,37.7904347826087,65.0,65.0
2025-11-29,55,2,ensemble,2025-12-13,161.0,38.0,93.42739130434782,123.0,142.0
2025-11-29,55,2,baseline,2025-12-13,161.0,19.0,83.78999999999999,142.0,142.0
2025-11-29,55,3,ensemble,2025-12-20,322.0,46.0,232.50826086956525,276.0,303.0
2025-11-29,55,3,baseline,2025-12-20,322.0,19.0,206.52347826086955,303.0,303.0
2025-11-29,56,1,ensemble,2025-12-06,10.0,5.0,2.7478260869565214,5.0,8.0
2025-11-29,56,1,baseline,2025-12-06,10.0,2.0,3.9856521739130435,8.0,8.0
2025-11-29,56,2,ensemble,2025-12-13,21.0,6.0,9.27,15.0,19.0
2025-11-29,56,2,baseline,2025-12-13,21.0,2.0,9.975652173913042,19.0,19.0
2025-11-29,56,3,ensemble,2025-12-20,29.0,7.0,14.096521739130434,22.0,27.0
2025-11-29,56,3,baseline,2025-12-20,29.0,2.0,14.030000000000003,27.0,27.0
2025-12-06,01,1,ensemble,2025-12-13,104.0,57.0,26.00521739130435,47.0,58.0
2025-12-06,01,1,baseline,2025-12-13,104.0,38.0,39.13260869565217,66.0,58.0
2025-12-06,01,2,ensemble,2025-12-20,275.0,74.0,155.79304347826087,201.0,229.0
2025-12-06,01,2,baseline,2025-12-20,275.0,38.0,165.34304347826088,237.0,229.0
2025-12-06,01,3,ensemble,2025-12-27,498.0,77.0,343.2034782608696,421.0,452.0
2025-12-06,01,3,baseline,2025-12-27,498.0,38.0,374.9034782608695,460.0,452.0
2025-12-06,02,1,ensemble,2025-12-13,13.0,3.0,6.461739130434783,10.0,5.0
2025-12-06,02,1,baseline,2025-12-13,13.0,1.0,6.903043478260871,12.0,5.0
2025-12-06,02,2,ensemble,2025-12-20,45.0,4.0,36.62913043478261,41.0,37.0
2025-12-06,02,2,baseline,2025-12-20,45.0,1.0,33.25217391304348,44.0,37.0
2025-12-06,02,3,ensemble,2025-12-27,86.0,4.0,75.47565217391305,82.0,78.0
2025-12-06,02,3,baseline,2025-12-27,86.0,1.0,72.31521739130434,85.0,78.0
2025-12-06,04,1,ensemble,2025-12-13,80.0,77.0,9.752173913043478,3.0,33.0
2025-12-06,04,1,baseline,2025-12-13,80.0,43.0,23.875652173913046,37.0,33.0
2025-12-06,04,2,ensemble,2025-12-20,132.0,111.0,17.317391304347826,21.0,85.0
2025-12-06,04,2,baseline,2025-12-20,132.0,43.0,47.03565217391304,89.0,85.0
2025-12-06,04,3,ensemble,2025-12-27,316.0,135.0,114.65086956521738,181.0,269.0
2025-12-06,04,3,baseline,2025-12-27,316.0,43.0,147.8930434782609,273.0,269.0
2025-12-06,05,1,ensemble,2025-12-13,87.0,103.0,12.140434782608697,16.0,9.0
2025-12-06,05,1,baseline,2025-12-13,87.0,77.0,9.424347826086958,10.0,9.0
2025-12-06,05,2,ensemble,2025-12-20,145.0,129.0,16.489565217391306,16.0,67.0
2025-12-06,05,2,baseline,2025-12-20,145.0,77.0,38.107391304347836,68.0,67.0
2025-12-06,05,3,ensemble,2025-12-27,297.0,150.0,81.81434782608696,147.0,219.0
2025-12-06,05,3,baseline,2025-12-27,297.0,77.0,150.8082608695652,220.0,219.0
2025-12-06,06,1,ensemble,2025-12-13,426.0,285.0,81.19130434782609,141.0,209.0
2025-12-06,06,1,baseline,2025-12-13,426.0,185.0,138.92652173913044,241.0,209.0
2025-12-06,06,2,ensemble,2025-12-20,719.0,364.0,230.93521739130432,355.0,502.0
2025-12-06,06,2,baseline,2025-12-20,719.0,185.0,297.4578260869565,534.0,502.0
2025-12-06,06,3,ensemble,2025-12-27,1247.0,430.0,560.2826086956521,817.0,1030.0
2025-12-06,06,3,baseline,2025-12-27,1247.0,185.0,658.6460869565218,1062.0,1030.0
2025-12-06,08,1,ensemble,2025-12-13,282.0,218.0,35.484782608695646,64.0,133.0
2025-12-06,08,1,baseline,2025-12-13,282.0,146.0,94.0395652173913,136.0,133.0
2025-12-06,08,2,ensemble,2025-12-20,517.0,248.0,162.58391304347825,269.0,368.0
2025-12-06,08,2,baseline,2025-12-20,517.0,146.0,302.09478260869565,371.0,368.0
2025-12-06,08,3,ensemble,2025-12-27,818.0,286.0,367.5065217391304,532.0,669.0
2025-12-06,08,3,baseline,2025-12-27,818.0,146.0,592.51,672.0,669.0
2025-12-06,09,1,ensemble,2025-12-13,206.0,116.0,50.69304347826087,90.0,132.0
2025-12-06,09,1,baseline,2025-12-13,206.0,74.0,93.66565217391305,132.0,132.0
2025-12-06,09,2,ensemble,2025-12-20,447.0,154.0,238.02739130434784,293.0,373.0
2025-12-06,09,2,baseline,2025-12-20,447.0,74.0,321.95,373.0,373.0
2025-12-06,09,3,ensemble,2025-12-27,652.0,169.0,405.5008695652174,483.0,578.0
2025-12-06,09,3,baseline,2025-12-27,652.0,74.0,518.5286956521738,578.0,578.0
2025-12-06,10,1,ensemble,2025-12-13,39.0,11.0,19.124782608695654,28.0,26.0
2025-12-06,10,1,baseline,2025-12-13,39.0,7.0,20.84826086956522,32.0,26.0
2025-12-06,10,2,ensemble,2025-12-20,99.0,14.0,69.61782608695651,85.0,86.0
2025-12-06,10,2,baseline,2025-12-20,99.0,7.0,68.2395652173913,92.0,86.0
2025-12-06,10,3,ensemble,2025-12-27,211.0,18.0,172.94000000000003,193.0,198.0
2025-12-06,10,3,baseline,2025-12-27,211.0,7.0,176.69478260869565,204.0,198.0
2025-12-06,11,1,ensemble,2025-12-13,33.0,16.0,8.51826086956522,17.0,19.0
2025-12-06,11,1,baseline,2025-12-13,33.0,10.0,14.265217391304347,23.0,19.0
2025-12-06,11,2,ensemble,2025-12-20,47.0,21.0,13.580869565217393,26.0,33.0
2025-12-06,11,2,baseline,2025-12-20,47.0,10.0,23.2908695652174,37.0,33.0
2025-12-06,11,3,ensemble,2025-12-27,98.0,20.0,48.32521739130435,78.0,84.0
2025-12-06,11,3,baseline,2025-12-27,98.0,10.0,63.008695652173905,88.0,84.0
2025-12-06,12,1,ensemble,2025-12-13,912.0,878.0,56.17217391304349,34.0,183.0
2025-12-06,12,1,baseline,2025-12-13,912.0,614.0,185.0904347826087,298.0,183.0
2025-12-06,12,2,ensemble,2025-12-20,1536.0,975.0,310.465652173913,561.0,807.0
2025-12-06,12,2,baseline,2025-12-20,1536.0,614.0,684.8317391304348,922.0,807.0
2025-12-06,12,3,ensemble,2025-12-27,2185.0,1118.0,620.7291304347826,1067.0,1456.0
2025-12-06,12,3,baseline,2025-12-27,2185.0,614.0,1298.4613043478262,1571.0,1456.0
2025-12-06,13,1,ensemble,2025-12-13,330.0,234.0,47.97608695652173,96.0,164.0
2025-12-06,13,1,baseline,2025-12-13,330.0,153.0,114.88913043478261,177.0,164.0
2025-12-06,13,2,ensemble,2025-12-20,675.0,318.0,244.18695652173915,357.0,509.0
2025-12-06,13,2,baseline,2025-12-20,675.0,153.0,392.7986956521739,522.0,509.0
2025-12-06,13,3,ensemble,2025-12-27,1400.0,372.0,846.0526086956523,1028.0,1234.0
2025-12-06,13,3,baseline,2025-12-27,1400.0,153.0,1098.2147826086955,1247.0,1234.0
2025-12-06,15,1,ensemble,2025-12-13,71.0,38.0,18.56869565217392,33.0,42.0
2025-12-06,15,1,baseline,2025-12-13,71.0,27.0,35.47652173913043,44.0,42.0
2025-12-06,15,2,ensemble,2025-12-20,83.0,43.0,22.624347826086954,40.0,54.0
2025-12-06,15,2,baseline,2025-12-20,83.0,27.0,45.200869565217396,56.0,54.0
2025-12-06,15,3,ensemble,2025-12-27,88.0,47.0,23.768260869565214,41.0,59.0
2025-12-06,15,3,baseline,2025-12-27,88.0,27.0,48.540869565217385,61.0,59.0
2025-12-06,16,1,ensemble,2025-12-13,35.0,71.0,18.64913043478261,36.0,6.0
2025-12-06,16,1,baseline,2025-12-13,35.0,45.0,6.810434782608695,10.0,6.0
2025-12-06,16,2,ensemble,2025-12-20,102.0,85.0,12.380869565217393,17.0,73.0
2025-12-06,16,2,baseline,2025-12-20,102.0,45.0,34.321304347826086,57.0,73.0
2025-12-06,16,3,ensemble,2025-12-27,152.0,99.0,27.54,53.0,123.0
2025-12-06,16,3,baseline,2025-12-27,152.0,45.0,69.50086956521739,107.0,123.0
2025-12-06,17,1,ensemble,2025-12-13,264.0,209.0,29.878695652173914,55.0,132.0
2025-12-06,17,1,baseline,2025-12-13,264.0,128.0,80.73652173913045,136.0,132.0
2025-12-06,17,2,ensemble,2025-12-20,611.0,284.0,202.8095652173913,327.0,479.0
2025-12-06,17,2,baseline,2025-12-20,611.0,128.0,329.5047826086957,483.0,479.0
2025-12-06,17,3,ensemble,2025-12-27,1491.0,333.0,941.0365217391304,1158.0,1359.0
2025-12-06,17,3,baseline,2025-12-27,1491.0,128.0,1173.8939130434783,1363.0,1359.0
2025-12-06,18,1,ensemble,2025-12-13,163.0,135.0,15.718260869565219,28.0,77.0
2025-12-06,18,1,baseline,2025-12-13,163.0,82.0,47.77826086956521,81.0,77.0
2025-12-06,18,2,ensemble,2025-12-20,351.0,172.0,108.14086956521739,179.0,265.0
2025-12-06,18,2,baseline,2025-12-20,351.0,82.0,166.52826086956523,269.0,265.0
2025-12-06,18,3,ensemble,2025-12-27,699.0,219.0,380.4939130434783,480.0,613.0
2025-12-06,18,3,baseline,2025-12-27,699.0,82.0,455.92347826086956,617.0,613.0
2025-12-06,19,1,ensemble,2025-12-13,30.0,28.0,3.8752173913043477,2.0,11.0
2025-12-06,19,1,baseline,2025-12-13,30.0,18.0,7.454782608695651,12.0,11.0
2025-12-06,19,2,ensemble,2025-12-20,90.0,38.0,30.856521739130436,52.0,71.0
2025-12-06,19,2,baseline,2025-12-20,90.0,18.0,41.36173913043478,72.0,71.0
2025-12-06,19,3,ensemble,2025-12-27,263.0,44.0,183.07173913043476,219.0,244.0
2025-12-06,19,3,baseline,2025-12-27,263.0,18.0,190.70086956521737,245.0,244.0
2025-12-06,20,1,ensemble,2025-12-13,30.0,20.0,5.397826086956522,10.0,17.0
2025-12-06,20,1,baseline,2025-12-13,30.0,12.0,10.050434782608697,18.0,17.0
2025-12-06,20,2,ensemble,2025-12-20,101.0,27.0,54.59478260869567,74.0,88.0
2025-12-06,20,2,baseline,2025-12-20,101.0,12.0,54.06304347826087,89.0,88.0
2025-12-06,20,3,ensemble,2025-12-27,269.0,33.0,208.16434782608698,236.0,256.0
2025-12-06,20,3,baseline,2025-12-27,269.0,12.0,202.00956521739127,257.0,256.0
2025-12-06,21,1,ensemble,2025-12-13,104.0,48.0,34.35347826086957,56.0,55.0
2025-12-06,21,1,baseline,2025-12-13,104.0,31.0,40.982608695652175,73.0,55.0
2025-12-06,21,2,ensemble,2025-12-20,231.0,64.0,124.64782608695653,167.0,182.0
2025-12-06,21,2,baseline,2025-12-20,231.0,31.0,120.9917391304348,200.0,182.0
2025-12-06,21,3,ensemble,2025-12-27,547.0,78.0,405.8639130434783,469.0,498.0
2025-12-06,21,3,baseline,2025-12-27,547.0,31.0,385.9926086956522,516.0,498.0
2025-12-06,22,1,ensemble,2025-12-13,248.0,163.0,45.18130434782608,85.0,132.0
2025-12-06,22,1,baseline,2025-12-13,248.0,116.0,88.1713043478261,132.0,132.0
2025-12-06,22,2,ensemble,2025-12-20,433.0,184.0,161.31956521739127,249.0,317.0
2025-12-06,22,2,baseline,2025-12-20,433.0,116.0,252.9391304347826,317.0,317.0
2025-12-06,22,3,ensemble,2025-12-27,688.0,208.0,364.4765217391304,480.0,572.0
2025-12-06,22,3,baseline,2025-12-27,688.0,116.0,498.2013043478261,572.0,572.0
2025-12-06,23,1,ensemble,2025-12-13,31.0,20.0,5.645652173913046,11.0,18.0
2025-12-06,23,1,baseline,2025-12-13,31.0,12.0,11.19782608695652,19.0,18.0
2025-12-06,23,2,ensemble,2025-12-20,82.0,25.0,37.92434782608695,57.0,69.0
2025-12-06,23,2,baseline,2025-12-20,82.0,12.0,46.71739130434783,70.0,69.0
2025-12-06,23,3,ensemble,2025-12-27,147.0,30.0,90.4682608695652,117.0,134.0
2025-12-06,23,3,baseline,2025-12-27,147.0,12.0,106.5073913043478,135.0,134.0
2025-12-06,24,1,ensemble,2025-12-13,242.0,158.0,45.92434782608696,84.0,141.0
2025-12-06,24,1,baseline,2025-12-13,242.0,97.0,97.94478260869563,145.0,141.0
2025-12-06,24,2,ensemble,2025-12-20,408.0,184.0,134.08260869565217,224.0,307.0
2025-12-06,24,2,baseline,2025-12-20,408.0,97.0,233.16130434782607,311.0,307.0
2025-12-06,24,3,ensemble,2025-12-27,660.0,201.0,321.0095652173913,459.0,559.0
2025-12-06,24,3,baseline,2025-12-27,660.0,97.0,473.4669565217391,563.0,559.0
2025-12-06,25,1,ensemble,2025-12-13,237.0,66.0,139.15391304347827,171.0,160.0
2025-12-06,25,1,baseline,2025-12-13,237.0,30.0,132.4,207.0,160.0
2025-12-06,25,2,ensemble,2025-12-20,491.0,79.0,353.4482608695652,412.0,414.0
2025-12-06,25,2,baseline,2025-12-20,491.0,30.0,338.1930434782609,461.0,414.0
2025-12-06,25,3,ensemble,2025-12-27,952.0,93.0,765.296956521739,859.0,875.0
2025-12-06,25,3,baseline,2025-12-27,952.0,30.0,778.8547826086957,922.0,875.0
2025-12-06,26,1,ensemble,2025-12-13,211.0,107.0,68.5491304347826,104.0,135.0
2025-12-06,26,1,baseline,2025-12-13,211.0,62.0,84.60782608695652,149.0,135.0
2025-12-06,26,2,ensemble,2025-12-20,470.0,141.0,255.98999999999998,329.0,394.0
2025-12-06,26,2,baseline,2025-12-20,470.0,62.0,259.38347826086954,408.0,394.0
2025-12-06,26,3,ensemble,2025-12-27,920.0,155.0,657.7156521739131,765.0,844.0
2025-12-06,26,3,baseline,2025-12-27,920.0,62.0,671.7269565217391,858.0,844.0
2025-12-06,27,1,ensemble,2025-12-13,257.0,108.0,105.0321739130435,149.0,183.0
2025-12-06,27,1,baseline,2025-12-13,257.0,66.0,142.07565217391303,191.0,183.0
2025-12-06,27,2,ensemble,2025-12-20,542.0,153.0,315.8204347826087,389.0,468.0
2025-12-06,27,2,baseline,2025-12-20,542.0,66.0,404.86086956521746,476.0,468.0
2025-12-06,27,3,ensemble,2025-12-27,944.0,186.0,650.1804347826087,758.0,870.0
2025-12-06,27,3,baseline,2025-12-27,944.0,66.0,793.9282608695652,878.0,870.0
2025-12-06,28,1,ensemble,2025-12-13,74.0,36.0,24.555217391304346,38.0,50.0
2025-12-06,28,1,baseline,2025-12-13,74.0,24.0,29.36347826086956,50.0,50.0
2025-12-06,28,2,ensemble,2025-12-20,147.0,46.0,77.49608695652174,101.0,123.0
2025-12-06,28,2,baseline,2025-12-20,147.0,24.0,81.2891304347826,123.0,123.0
2025-12-06,28,3,ensemble,2025-12-27,247.0,53.0,163.53826086956525,194.0,223.0
2025-12-06,28,3,baseline,2025-12-27,247.0,24.0,165.96565217391304,223.0,223.0
2025-12-06,29,1,ensemble,2025-12-13,118.0,64.0,29.602608695652176,54.0,61.0
2025-12-06,29,1,baseline,2025-12-13,118.0,41.0,44.03826086956522,77.0,61.0
2025-12-06,29,2,ensemble,2025-12-20,261.0,79.0,136.1769565217391,182.0,204.0
2025-12-06,29,2,baseline,2025-12-20,261.0,41.0,132.1782608695652,220.0,204.0
2025-12-06,29,3,ensemble,2025-12-27,809.0,100.0,640.6834782608695,709.0,752.0
2025-12-06,29,3,baseline,2025-12-27,809.0,41.0,620.5291304347827,768.0,752.0
2025-12-06,30,1,ensemble,2025-12-13,24.0,17.0,3.841739130434783,7.0,11.0
2025-12-06,30,1,baseline,2025-12-13,24.0,12.0,6.68304347826087,12.0,11.0
2025-12-06,30,2,ensemble,2025-12-20,40.0,21.0,9.566521739130433,19.0,27.0
2025-12-06,30,2,baseline,2025-12-20,40.0,12.0,14.82086956521739,28.0,27.0
2025-12-06,30,3,ensemble,2025-12-27,122.0,27.0,69.92913043478259,95.0,109.0
2025-12-06,30,3,baseline,2025-12-27,122.0,12.0,86.18999999999998,110.0,109.0
2025-12-06,31,1,ensemble,2025-12-13,28.0,17.0,5.794347826086957,11.0,15.0
2025-12-06,31,1,baseline,2025-12-13,28.0,12.0,8.93434782608696,16.0,15.0
2025-12-06,31,2,ensemble,2025-12-20,72.0,24.0,30.569565217391304,48.0,59.0
2025-12-06,31,2,baseline,2025-12-20,72.0,12.0,36.99130434782609,60.0,59.0
2025-12-06,31,3,ensemble,2025-12-27,167.0,30.0,112.15130434782607,137.0,154.0
2025-12-06,31,3,baseline,2025-12-27,167.0,12.0,121.61347826086957,155.0,154.0
2025-12-06,32,1,ensemble,2025-12-13,54.0,17.0,25.750869565217396,37.0,41.0
2025-12-06,32,1,baseline,2025-12-13,54.0,9.0,26.243913043478262,45.0,41.0
2025-12-06,32,2,ensemble,2025-12-20,128.0,22.0,91.29,106.0,115.0
2025-12-06,32,2,baseline,2025-12-20,128.0,9.0,77.90347826086956,119.0,115.0
2025-12-06,32,3,ensemble,2025-12-27,273.0,25.0,227.9065217391304,248.0,260.0
2025-12-06,32,3,baseline,2025-12-27,273.0,9.0,210.6526086956522,264.0,260.0
2025-12-06,33,1,ensemble,2025-12-13,46.0,15.0,20.71,31.0,35.0
2025-12-06,33,1,baseline,2025-12-13,46.0,8.0,25.468695652173917,38.0,35.0
2025-12-06,33,2,ensemble,2025-12-20,95.0,17.0,60.13565217391306,78.0,84.0
2025-12-06,33,2,baseline,2025-12-20,95.0,8.0,67.85130434782609,87.0,84.0
2025-12-06,33,3,ensemble,2025-12-27,196.0,20.0,153.4195652173913,176.0,185.0
2025-12-06,33,3,baseline,2025-12-27,196.0,8.0,165.9204347826087,188.0,185.0
2025-12-06,34,1,ensemble,2025-12-13,588.0,244.0,244.5747826086956,344.0,434.0
2025-12-06,34,1,baseline,2025-12-13,588.0,154.0,319.64,434.0,434.0
2025-12-06,34,2,ensemble,2025-12-20,1082.0,314.0,628.4130434782608,768.0,928.0
2025-12-06,34,2,baseline,2025-12-20,1082.0,154.0,782.9934782608696,928.0,928.0
2025-12-06,34,3,ensemble,2025-12-27,1466.0,379.0,890.3904347826086,1087.0,1312.0
2025-12-06,34,3,baseline,2025-12-27,1466.0,154.0,1143.5252173913045,1312.0,1312.0
2025-12-06,35,1,ensemble,2025-12-13,69.0,56.0,7.9708695652173915,13.0,30.0
2025-12-06,35,1,baseline,2025-12-13,69.0,36.0,19.28695652173913,33.0,30.0
2025-12-06,35,2,ensemble,2025-12-20,170.0,75.0,58.65695652173913,95.0,131.0
2025-12-06,35,2,baseline,2025-12-20,170.0,36.0,95.01391304347827,134.0,131.0
2025-12-06,35,3,ensemble,2025-12-27,386.0,84.0,252.66478260869565,302.0,347.0
2025-12-06,35,3,baseline,2025-12-27,386.0,36.0,303.5421739130435,350.0,347.0
2025-12-06,36,1,ensemble,2025-12-13,1935.0,806.0,861.1108695652175,1129.0,1234.0
2025-12-06,36,1,baseline,2025-12-13,1935.0,510.0,1245.9121739130435,1425.0,1234.0
2025-12-06,36,2,ensemble,2025-12-20,3178.0,987.0,1859.1830434782614,2191.0,2477.0
2025-12-06,36,2,baseline,2025-12-20,3178.0,510.0,2444.1139130434785,2668.0,2477.0
2025-12-06,36,3,ensemble,2025-12-27,3870.0,1140.0,2295.3439130434786,2730.0,3169.0
2025-12-06,36,3,baseline,2025-12-27,3870.0,510.0,3100.4839130434784,3360.0,3169.0
2025-12-06,37,1,ensemble,2025-12-13,538.0,238.0,205.31130434782608,300.0,375.0
2025-12-06,37,1,baseline,2025-12-13,538.0,150.0,270.1030434782609,388.0,375.0
2025-12-06,37,2,ensemble,2025-12-20,1233.0,284.0,792.6104347826085,949.0,1070.0
2025-12-06,37,2,baseline,2025-12-20,1233.0,150.0,921.6069565217389,1083.0,1070.0
2025-12-06,37,3,ensemble,2025-12-27,2526.0,323.0,1994.6486956521737,2203.0,2363.0
2025-12-06,37,3,baseline,2025-12-27,2526.0,150.0,2188.4091304347826,2376.0,2363.0
2025-12-06,38,1,ensemble,2025-12-13,21.0,13.0,4.42695652173913,8.0,11.0
2025-12-06,38,1,baseline,2025-12-13,21.0,9.0,6.630434782608695,12.0,11.0
2025-12-06,38,2,ensemble,2025-12-20,54.0,16.0,25.881304347826084,38.0,44.0
2025-12-06,38,2,baseline,2025-12-20,54.0,9.0,32.00521739130435,45.0,44.0
2025-12-06,38,3,ensemble,2025-12-27,102.0,19.0,62.34391304347827,83.0,92.0
2025-12-06,38,3,baseline,2025-12-27,102.0,9.0,78.27913043478262,93.0,92.0
2025-12-06,39,1,ensemble,2025-12-13,329.0,216.0,62.73434782608696,113.0,204.0
2025-12-06,39,1,baseline,2025-12-13,329.0,124.0,123.37304347826088,205.0,204.0
2025-12-06,39,2,ensemble,2025-12-20,745.0,290.0,325.9952173913044,455.0,620.0
2025-12-06,39,2,baseline,2025-12-20,745.0,124.0,405.2673913043478,621.0,620.0
2025-12-06,39,3,ensemble,2025-12-27,1610.0,335.0,1078.233043478261,1275.0,1485.0
2025-12-06,39,3,baseline,2025-12-27,1610.0,124.0,1206.1704347826087,1486.0,1485.0
2025-12-06,40,1,ensemble,2025-12-13,53.0,24.0,16.443478260869565,29.0,32.0
2025-12-06,40,1,baseline,2025-12-13,53.0,16.0,20.312608695652173,37.0,32.0
2025-12-06,40,2,ensemble,2025-12-20,87.0,32.0,32.298260869565226,55.0,66.0
2025-12-06,40,2,baseline,2025-12-20,87.0,16.0,36.59739130434783,71.0,66.0
2025-12-06,40,3,ensemble,2025-12-27,231.0,38.0,147.33260869565217,193.0,210.0
2025-12-06,40,3,baseline,2025-12-27,231.0,16.0,124.38521739130435,215.0,210.0
2025-12-06,41,1,ensemble,2025-12-13,40.0,25.0,7.4534782608695656,15.0,11.0
2025-12-06,41,1,baseline,2025-12-13,40.0,12.0,15.583913043478264,28.0,11.0
2025-12-06,41,2,ensemble,2025-12-20,57.0,31.0,12.959565217391301,26.0,28.0
2025-12-06,41,2,baseline,2025-12-20,57.0,12.0,23.96478260869566,45.0,28.0
2025-12-06,41,3,ensemble,2025-12-27,137.0,37.0,62.2386956521739,100.0,108.0
2025-12-06,41,3,baseline,2025-12-27,137.0,12.0,70.40739130434784,125.0,108.0
2025-12-06,42,1,ensemble,2025-12-13,707.0,517.0,101.47130434782605,190.0,358.0
2025-12-06,42,1,baseline,2025-12-13,707.0,345.0,232.6117391304348,362.0,358.0
2025-12-06,42,2,ensemble,2025-12-20,1256.0,631.0,405.4595652173913,625.0,907.0
2025-12-06,42,2,baseline,2025-12-20,1256.0,345.0,648.8660869565217,911.0,907.0
2025-12-06,42,3,ensemble,2025-12-27,2377.0,751.0,1227.717391304348,1626.0,2028.0
2025-12-06,42,3,baseline,2025-12-27,2377.0,345.0,1726.1552173913044,2032.0,2028.0
2025-12-06,44,1,ensemble,2025-12-13,84.0,18.0,53.883043478260866,66.0,65.0
2025-12-06,44,1,baseline,2025-12-13,84.0,13.0,58.795217391304355,71.0,65.0
2025-12-06,44,2,ensemble,2025-12-20,141.0,23.0,102.76173913043476,118.0,122.0
2025-12-06,44,2,baseline,2025-12-20,141.0,13.0,113.10478260869564,128.0,122.0
2025-12-06,44,3,ensemble,2025-12-27,197.0,25.0,149.99260869565217,172.0,178.0
2025-12-06,44,3,baseline,2025-12-27,197.0,13.0,166.40695652173915,184.0,178.0
2025-12-06,45,1,ensemble,2025-12-13,123.0,84.0,20.294782608695648,39.0,70.0
2025-12-06,45,1,baseline,2025-12-13,123.0,53.0,42.08565217391305,70.0,70.0
2025-12-06,45,2,ensemble,2025-12-20,391.0,105.0,212.2391304347826,286.0,338.0
2025-12-06,45,2,baseline,2025-12-20,391.0,53.0,248.72130434782605,338.0,338.0
2025-12-06,45,3,ensemble,2025-12-27,856.0,123.0,624.4691304347826,733.0,803.0
2025-12-06,45,3,baseline,2025-12-27,856.0,53.0,686.0378260869564,803.0,803.0
2025-12-06,46,1,ensemble,2025-12-13,10.0,3.0,4.129130434782609,7.0,9.0
2025-12-06,46,1,baseline,2025-12-13,10.0,1.0,4.481739130434783,9.0,9.0
2025-12-06,46,2,ensemble,2025-12-20,26.0,5.0,14.465652173913044,21.0,25.0
2025-12-06,46,2,baseline,2025-12-20,26.0,1.0,13.354347826086956,25.0,25.0
2025-12-06,46,3,ensemble,2025-12-27,60.0,7.0,43.75956521739131,53.0,59.0
2025-12-06,46,3,baseline,2025-12-27,60.0,1.0,38.81434782608695,59.0,59.0
2025-12-06,47,1,ensemble,2025-12-13,166.0,86.0,47.78695652173913,80.0,104.0
2025-12-06,47,1,baseline,2025-12-13,166.0,60.0,63.12130434782608,106.0,104.0
2025-12-06,47,2,ensemble,2025-12-20,346.0,108.0,173.30391304347825,238.0,284.0
2025-12-06,47,2,baseline,2025-12-20,346.0,60.0,188.31086956521742,286.0,284.0
2025-12-06,47,3,ensemble,2025-12-27,861.0,126.0,650.891304347826,735.0,799.0
2025-12-06,47,3,baseline,2025-12-27,861.0,60.0,670.9117391304349,801.0,799.0
2025-12-06,48,1,ensemble,2025-12-13,959.0,811.0,95.29347826086956,148.0,368.0
2025-12-06,48,1,baseline,2025-12-13,959.0,547.0,252.60086956521738,412.0,368.0
2025-12-06,48,2,ensemble,2025-12-20,1675.0,914.0,389.3265217391304,761.0,1084.0
2025-12-06,48,2,baseline,2025-12-20,1675.0,547.0,812.0978260869565,1128.0,1084.0
2025-12-06,48,3,ensemble,2025-12-27,2831.0,1071.0,1135.027391304348,1760.0,2240.0
2025-12-06,48,3,baseline,2025-12-27,2831.0,547.0,1887.6630434782608,2284.0,2240.0
2025-12-06,49,1,ensemble,2025-12-13,64.0,48.0,8.192608695652174,16.0,32.0
2025-12-06,49,1,baseline,2025-12-13,64.0,32.0,20.546521739130434,32.0,32.0
2025-12-06,49,2,ensemble,2025-12-20,130.0,57.0,43.630434782608695,73.0,98.0
2025-12-06,49,2,baseline,2025-12-20,130.0,32.0,72.46217391304347,98.0,98.0
2025-12-06,49,3,ensemble,2025-12-27,234.0,74.0,114.79304347826086,160.0,202.0
2025-12-06,49,3,baseline,2025-12-27,234.0,32.0,169.45782608695652,202.0,202.0
2025-12-06,50,1,ensemble,2025-12-13,9.0,2.0,4.684347826086957,7.0,9.0
2025-12-06,50,1,baseline,2025-12-13,9.0,1.0,4.512608695652174,8.0,9.0
2025-12-06,50,2,ensemble,2025-12-20,13.0,3.0,6.699999999999998,10.0,13.0
2025-12-06,50,2,baseline,2025-12-20,13.0,0.0,6.891304347826087,13.0,13.0
2025-12-06,50,3,ensemble,2025-12-27,43.0,3.0,32.953043478260874,40.0,43.0
2025-12-06,50,3,baseline,2025-12-27,43.0,0.0,29.215652173913046,43.0,43.0
2025-12-06,51,1,ensemble,2025-12-13,195.0,165.0,18.958260869565216,30.0,96.0
2025-12-06,51,1,baseline,2025-12-13,195.0,92.0,61.19521739130435,103.0,96.0
2025-12-06,51,2,ensemble,2025-12-20,357.0,218.0,75.43478260869564,139.0,258.0
2025-12-06,51,2,baseline,2025-12-20,357.0,92.0,171.73478260869567,265.0,258.0
2025-12-06,51,3,ensemble,2025-12-27,843.0,273.0,464.0956521739131,570.0,744.0
2025-12-06,51,3,baseline,2025-12-27,843.0,92.0,628.0434782608696,751.0,744.0
2025-12-06,53,1,ensemble,2025-12-13,59.0,60.0,6.454782608695653,1.0,23.0
2025-12-06,53,1,baseline,2025-12-13,59.0,32.0,15.39,27.0,23.0
2025-12-06,53,2,ensemble,2025-12-20,116.0,74.0,22.6895652173913,42.0,80.0
2025-12-06,53,2,baseline,2025-12-20,116.0,32.0,48.14260869565217,84.0,80.0
2025-12-06,53,3,ensemble,2025-12-27,164.0,81.0,40.57347826086956,83.0,128.0
2025-12-06,53,3,baseline,2025-12-27,164.0,32.0,74.97347826086956,132.0,128.0
2025-12-06,54,1,ensemble,2025-12-13,26.0,14.0,6.420434782608694,12.0,16.0
2025-12-06,54,1,baseline,2025-12-13,26.0,10.0,9.007391304347825,16.0,16.0
2025-12-06,54,2,ensemble,2025-12-20,65.0,20.0,27.72347826086956,45.0,55.0
2025-12-06,54,2,baseline,2025-12-20,65.0,10.0,28.463913043478264,55.0,55.0
2025-12-06,54,3,ensemble,2025-12-27,192.0,25.0,139.9804347826087,167.0,182.0
2025-12-06,54,3,baseline,2025-12-27,192.0,10.0,123.40391304347824,182.0,182.0
2025-12-06,55,1,ensemble,2025-12-13,161.0,83.0,46.272608695652174,78.0,110.0
2025-12-06,55,1,baseline,2025-12-13,161.0,51.0,70.19260869565218,110.0,110.0
2025-12-06,55,2,ensemble,2025-12-20,322.0,107.0,149.4208695652174,215.0,271.0
2025-12-06,55,2,baseline,2025-12-20,322.0,51.0,190.12434782608702,271.0,271.0
2025-12-06,55,3,ensemble,2025-12-27,757.0,145.0,521.4043478260869,612.0,706.0
2025-12-06,55,3,baseline,2025-12-27,757.0,51.0,611.0443478260869,706.0,706.0
2025-12-06,56,1,ensemble,2025-12-13,21.0,9.0,6.994782608695653,12.0,11.0
2025-12-06,56,1,baseline,2025-12-13,21.0,6.0,8.582608695652173,15.0,11.0
2025-12-06,56,2,ensemble,2025-12-20,29.0,12.0,10.542173913043479,17.0,19.0
2025-12-06,56,2,baseline,2025-12-20,29.0,6.0,12.861739130434783,23.0,19.0
2025-12-06,56,3,ensemble,2025-12-27,57.0,14.0,28.9704347826087,43.0,47.0
2025-12-06,56,3,baseline,2025-12-27,57.0,6.0,32.66260869565217,51.0,47.0
2025-12-13,01,1,ensemble,2025-12-20,275.0,102.0,121.47565217391305,173.0,208.0
2025-12-13,01,1,baseline,2025-12-20,275.0,62.0,155.90695652173915,213.0,208.0
2025-12-13,01,2,ensemble,2025-12-27,498.0,126.0,287.37521739130426,372.0,431.0
2025-12-13,01,2,baseline,2025-12-27,498.0,62.0,363.51608695652175,436.0,431.0
2025-12-13,01,3,ensemble,2026-01-03,501.0,142.0,247.51,359.0,434.0
2025-12-13,01,3,baseline,2026-01-03,501.0,62.0,355.3282608695652,439.0,434.0
2025-12-13,02,1,ensemble,2025-12-20,45.0,12.0,23.45695652173913,33.0,32.0
2025-12-13,02,1,baseline,2025-12-20,45.0,8.0,28.377391304347825,37.0,32.0
2025-12-13,02,2,ensemble,2025-12-27,86.0,12.0,58.93521739130435,74.0,73.0
2025-12-13,02,2,baseline,2025-12-27,86.0,8.0,67.61130434782608,78.0,73.0
2025-12-13,02,3,ensemble,2026-01-03,75.0,14.0,43.883478260869566,61.0,62.0
2025-12-13,02,3,baseline,2026-01-03,75.0,8.0,54.79608695652175,67.0,62.0
2025-12-13,04,1,ensemble,2025-12-20,132.0,74.0,29.883043478260866,58.0,91.0
2025-12-13,04,1,baseline,2025-12-20,132.0,40.0,51.584782608695654,92.0,91.0
2025-12-13,04,2,ensemble,2025-12-27,316.0,98.0,142.41130434782607,218.0,275.0
2025-12-13,04,2,baseline,2025-12-27,316.0,40.0,161.21565217391304,276.0,275.0
2025-12-13,04,3,ensemble,2026-01-03,362.0,114.0,145.10260869565215,248.0,321.0
2025-12-13,04,3,baseline,2026-01-03,362.0,40.0,181.81,322.0,321.0
2025-12-13,05,1,ensemble,2025-12-20,145.0,93.0,26.77608695652174,52.0,89.0
2025-12-13,05,1,baseline,2025-12-20,145.0,51.0,59.58869565217392,94.0,89.0
2025-12-13,05,2,ensemble,2025-12-27,297.0,121.0,114.90391304347825,176.0,241.0
2025-12-13,05,2,baseline,2025-12-27,297.0,51.0,183.94173913043477,246.0,241.0
2025-12-13,05,3,ensemble,2026-01-03,278.0,139.0,78.91913043478262,139.0,222.0
2025-12-13,05,3,baseline,2026-01-03,278.0,51.0,157.1552173913044,227.0,222.0
2025-12-13,06,1,ensemble,2025-12-20,719.0,363.0,223.135652173913,356.0,457.0
2025-12-13,06,1,baseline,2025-12-20,719.0,228.0,298.1943478260869,491.0,457.0
2025-12-13,06,2,ensemble,2025-12-27,1247.0,439.0,555.7834782608696,808.0,985.0
2025-12-13,06,2,baseline,2025-12-27,1247.0,228.0,666.3808695652175,1019.0,985.0
2025-12-13,06,3,ensemble,2026-01-03,1568.0,500.0,702.4347826086957,1068.0,1306.0
2025-12-13,06,3,baseline,2026-01-03,1568.0,228.0,906.554347826087,1340.0,1306.0
2025-12-13,08,1,ensemble,2025-12-20,517.0,332.0,109.03086956521742,185.0,295.0
2025-12-13,08,1,baseline,2025-12-20,517.0,213.0,248.49260869565217,304.0,295.0
2025-12-13,08,2,ensemble,2025-12-27,818.0,374.0,281.9413043478261,444.0,596.0
2025-12-13,08,2,baseline,2025-12-27,818.0,213.0,536.1434782608694,605.0,596.0
2025-12-13,08,3,ensemble,2026-01-03,830.0,390.0,284.1665217391304,440.0,608.0
2025-12-13,08,3,baseline,2026-01-03,830.0,213.0,537.5134782608696,617.0,608.0
2025-12-13,09,1,ensemble,2025-12-20,447.0,69.0,337.47478260869565,378.0,322.0
2025-12-13,09,1,baseline,2025-12-20,447.0,26.0,378.8030434782609,421.0,322.0
2025-12-13,09,2,ensemble,2025-12-27,652.0,89.0,499.65695652173923,563.0,527.0
2025-12-13,09,2,baseline,2025-12-27,652.0,26.0,573.5769565217392,626.0,527.0
2025-12-13,09,3,ensemble,2026-01-03,778.0,106.0,582.9843478260871,672.0,653.0
2025-12-13,09,3,baseline,2026-01-03,778.0,26.0,690.3404347826087,752.0,653.0
2025-12-13,10,1,ensemble,2025-12-20,99.0,12.0,74.00304347826086,87.0,82.0
2025-12-13,10,1,baseline,2025-12-20,99.0,6.0,74.0008695652174,93.0,82.0
2025-12-13,10,2,ensemble,2025-12-27,211.0,17.0,176.1652173913043,194.0,194.0
2025-12-13,10,2,baseline,2025-12-27,211.0,6.0,181.17130434782612,205.0,194.0
2025-12-13,10,3,ensemble,2026-01-03,209.0,21.0,165.69043478260872,188.0,192.0
2025-12-13,10,3,baseline,2026-01-03,209.0,6.0,175.60043478260872,203.0,192.0
2025-12-13,11,1,ensemble,2025-12-20,47.0,28.0,8.841739130434783,19.0,21.0
2025-12-13,11,1,baseline,2025-12-20,47.0,20.0,17.639999999999997,27.0,21.0
2025-12-13,11,2,ensemble,2025-12-27,98.0,32.0,39.046956521739126,66.0,72.0
2025-12-13,11,2,baseline,2025-12-27,98.0,20.0,58.31260869565217,78.0,72.0
2025-12-13,11,3,ensemble,2026-01-03,106.0,34.0,42.18521739130434,72.0,80.0
2025-12-13,11,3,baseline,2026-01-03,106.0,20.0,61.87913043478261,86.0,80.0
2025-12-13,12,1,ensemble,2025-12-20,1536.0,1144.0,232.53000000000006,392.0,655.0
2025-12-13,12,1,baseline,2025-12-20,1536.0,751.0,590.8830434782609,785.0,655.0
2025-12-13,12,2,ensemble,2025-12-27,2185.0,1254.0,609.2256521739131,931.0,1304.0
2025-12-13,12,2,baseline,2025-12-27,2185.0,751.0,1197.617391304348,1434.0,1304.0
2025-12-13,12,3,ensemble,2026-01-03,2604.0,1298.0,880.3134782608697,1306.0,1723.0
2025-12-13,12,3,baseline,2026-01-03,2604.0,751.0,1581.606956521739,1853.0,1723.0
2025-12-13,13,1,ensemble,2025-12-20,675.0,249.0,320.7013043478261,426.0,493.0
2025-12-13,13,1,baseline,2025-12-20,675.0,136.0,434.96782608695645,539.0,493.0
2025-12-13,13,2,ensemble,2025-12-27,1400.0,304.0,948.3173913043478,1096.0,1218.0
2025-12-13,13,2,baseline,2025-12-27,1400.0,136.0,1134.8534782608697,1264.0,1218.0
2025-12-13,13,3,ensemble,2026-01-03,1317.0,369.0,774.5265217391304,948.0,1135.0
2025-12-13,13,3,baseline,2026-01-03,1317.0,136.0,1032.6691304347828,1181.0,1135.0
2025-12-13,15,1,ensemble,2025-12-20,83.0,53.0,15.563478260869568,30.0,43.0
2025-12-13,15,1,baseline,2025-12-20,83.0,40.0,34.48,43.0,43.0
2025-12-13,15,2,ensemble,2025-12-27,88.0,58.0,15.509999999999998,30.0,48.0
2025-12-13,15,2,baseline,2025-12-27,88.0,40.0,37.33217391304347,48.0,48.0
2025-12-13,15,3,ensemble,2026-01-03,110.0,59.0,27.82608695652174,51.0,70.0
2025-12-13,15,3,baseline,2026-01-03,110.0,40.0,57.40652173913044,70.0,70.0
2025-12-13,16,1,ensemble,2025-12-20,102.0,61.0,23.07652173913044,41.0,57.0
2025-12-13,16,1,baseline,2025-12-20,102.0,36.0,43.939565217391305,66.0,57.0
2025-12-13,16,2,ensemble,2025-12-27,152.0,75.0,45.25,77.0,107.0
2025-12-13,16,2,baseline,2025-12-27,152.0,36.0,81.11782608695653,116.0,107.0
2025-12-13,16,3,ensemble,2026-01-03,235.0,79.0,103.93130434782609,156.0,190.0
2025-12-13,16,3,baseline,2026-01-03,235.0,36.0,157.03217391304344,199.0,190.0
2025-12-13,17,1,ensemble,2025-12-20,611.0,274.0,219.9104347826087,337.0,411.0
2025-12-13,17,1,baseline,2025-12-20,611.0,159.0,324.4595652173913,452.0,411.0
2025-12-13,17,2,ensemble,2025-12-27,1491.0,345.0,966.6330434782609,1146.0,1291.0
2025-12-13,17,2,baseline,2025-12-27,1491.0,159.0,1171.4708695652175,1332.0,1291.0
2025-12-13,17,3,ensemble,2026-01-03,1741.0,388.0,1111.4865217391305,1353.0,1541.0
2025-12-13,17,3,baseline,2026-01-03,1741.0,159.0,1394.1717391304346,1582.0,1541.0
2025-12-13,18,1,ensemble,2025-12-20,351.0,167.0,114.21695652173914,184.0,233.0
2025-12-13,18,1,baseline,2025-12-20,351.0,98.0,168.5791304347826,253.0,233.0
2025-12-13,18,2,ensemble,2025-12-27,699.0,205.0,359.11173913043467,494.0,581.0
2025-12-13,18,2,baseline,2025-12-27,699.0,98.0,464.49434782608694,601.0,581.0
2025-12-13,18,3,ensemble,2026-01-03,906.0,229.0,473.124347826087,677.0,788.0
2025-12-13,18,3,baseline,2026-01-03,906.0,98.0,649.0356521739129,808.0,788.0
2025-12-13,19,1,ensemble,2025-12-20,90.0,33.0,36.44304347826087,57.0,68.0
2025-12-13,19,1,baseline,2025-12-20,90.0,18.0,45.65695652173913,72.0,68.0
2025-12-13,19,2,ensemble,2025-12-27,263.0,42.0,183.9913043478261,221.0,241.0
2025-12-13,19,2,baseline,2025-12-27,263.0,18.0,198.24347826086958,245.0,241.0
2025-12-13,19,3,ensemble,2026-01-03,382.0,52.0,275.3286956521739,330.0,360.0
2025-12-13,19,3,baseline,2026-01-03,382.0,18.0,309.43347826086955,364.0,360.0
2025-12-13,20,1,ensemble,2025-12-20,101.0,34.0,44.659130434782604,67.0,79.0
2025-12-13,20,1,baseline,2025-12-20,101.0,21.0,52.24086956521738,80.0,79.0
2025-12-13,20,2,ensemble,2025-12-27,269.0,42.0,189.39260869565217,227.0,247.0
2025-12-13,20,2,baseline,2025-12-27,269.0,21.0,201.74260869565217,248.0,247.0
2025-12-13,20,3,ensemble,2026-01-03,353.0,55.0,250.33826086956518,298.0,331.0
2025-12-13,20,3,baseline,2026-01-03,353.0,21.0,278.40434782608696,332.0,331.0
2025-12-13,21,1,ensemble,2025-12-20,231.0,86.0,101.14739130434783,145.0,164.0
2025-12-13,21,1,baseline,2025-12-20,231.0,49.0,118.43695652173913,182.0,164.0
2025-12-13,21,2,ensemble,2025-12-27,547.0,108.0,365.05086956521734,439.0,480.0
2025-12-13,21,2,baseline,2025-12-27,547.0,49.0,388.6973913043478,498.0,480.0
2025-12-13,21,3,ensemble,2026-01-03,631.0,135.0,389.29739130434774,496.0,564.0
2025-12-13,21,3,baseline,2026-01-03,631.0,49.0,454.7004347826088,582.0,564.0
2025-12-13,22,1,ensemble,2025-12-20,433.0,243.0,116.16565217391305,190.0,253.0
2025-12-13,22,1,baseline,2025-12-20,433.0,176.0,205.20521739130433,257.0,253.0
2025-12-13,22,2,ensemble,2025-12-27,688.0,274.0,300.8465217391304,414.0,508.0
2025-12-13,22,2,baseline,2025-12-27,688.0,176.0,448.4265217391304,512.0,508.0
2025-12-13,22,3,ensemble,2026-01-03,662.0,293.0,247.6969565217392,369.0,482.0
2025-12-13,22,3,baseline,2026-01-03,662.0,176.0,412.6082608695652,486.0,482.0
2025-12-13,23,1,ensemble,2025-12-20,82.0,33.0,30.6095652173913,49.0,62.0
2025-12-13,23,1,baseline,2025-12-20,82.0,20.0,43.42217391304349,62.0,62.0
2025-12-13,23,2,ensemble,2025-12-27,147.0,38.0,75.29826086956521,109.0,127.0
2025-12-13,23,2,baseline,2025-12-27,147.0,20.0,103.16347826086955,127.0,127.0
2025-12-13,23,3,ensemble,2026-01-03,255.0,45.0,163.03565217391304,210.0,235.0
2025-12-13,23,3,baseline,2026-01-03,255.0,20.0,206.9839130434783,235.0,235.0
2025-12-13,24,1,ensemble,2025-12-20,408.0,212.0,117.39521739130436,196.0,268.0
2025-12-13,24,1,baseline,2025-12-20,408.0,129.0,216.06695652173917,279.0,268.0
2025-12-13,24,2,ensemble,2025-12-27,660.0,270.0,287.0004347826087,390.0,520.0
2025-12-13,24,2,baseline,2025-12-27,660.0,129.0,453.85652173913047,531.0,520.0
2025-12-13,24,3,ensemble,2026-01-03,824.0,311.0,380.3913043478262,513.0,684.0
2025-12-13,24,3,baseline,2026-01-03,824.0,129.0,605.8978260869566,695.0,684.0
2025-12-13,25,1,ensemble,2025-12-20,491.0,208.0,187.1830434782609,283.0,351.0
2025-12-13,25,1,baseline,2025-12-20,491.0,119.0,277.43086956521745,372.0,351.0
2025-12-13,25,2,ensemble,2025-12-27,952.0,260.0,538.9439130434783,692.0,812.0
2025-12-13,25,2,baseline,2025-12-27,952.0,119.0,716.4226086956521,833.0,812.0
2025-12-13,25,3,ensemble,2026-01-03,1281.0,306.0,770.411739130435,975.0,1141.0
2025-12-13,25,3,baseline,2026-01-03,1281.0,119.0,1026.0652173913045,1162.0,1141.0
2025-12-13,26,1,ensemble,2025-12-20,470.0,135.0,271.8469565217391,335.0,376.0
2025-12-13,26,1,baseline,2025-12-20,470.0,75.0,271.18,395.0,376.0
2025-12-13,26,2,ensemble,2025-12-27,920.0,181.0,641.6234782608695,739.0,826.0
2025-12-13,26,2,baseline,2025-12-27,920.0,75.0,688.7856521739129,845.0,826.0
2025-12-13,26,3,ensemble,2026-01-03,1263.0,191.0,903.4413043478262,1072.0,1169.0
2025-12-13,26,3,baseline,2026-01-03,1263.0,75.0,1004.4865217391302,1188.0,1169.0
2025-12-13,27,1,ensemble,2025-12-20,542.0,171.0,285.8147826086957,371.0,437.0
2025-12-13,27,1,baseline,2025-12-20,542.0,98.0,388.9169565217391,444.0,437.0
2025-12-13,27,2,ensemble,2025-12-27,944.0,217.0,612.3086956521738,727.0,839.0
2025-12-13,27,2,baseline,2025-12-27,944.0,98.0,775.3573913043479,846.0,839.0
2025-12-13,27,3,ensemble,2026-01-03,1063.0,226.0,663.7847826086957,837.0,958.0
2025-12-13,27,3,baseline,2026-01-03,1063.0,98.0,882.0200000000001,965.0,958.0
2025-12-13,28,1,ensemble,2025-12-20,147.0,49.0,76.99217391304349,98.0,105.0
2025-12-13,28,1,baseline,2025-12-20,147.0,31.0,81.37521739130435,116.0,105.0
2025-12-13,28,2,ensemble,2025-12-27,247.0,60.0,152.87130434782608,187.0,205.0
2025-12-13,28,2,baseline,2025-12-27,247.0,31.0,167.38434782608695,216.0,205.0
2025-12-13,28,3,ensemble,2026-01-03,230.0,71.0,116.86086956521739,159.0,188.0
2025-12-13,28,3,baseline,2026-01-03,230.0,31.0,143.65260869565216,199.0,188.0
2025-12-13,29,1,ensemble,2025-12-20,261.0,110.0,101.19130434782609,151.0,175.0
2025-12-13,29,1,baseline,2025-12-20,261.0,65.0,127.14608695652174,196.0,175.0
2025-12-13,29,2,ensemble,2025-12-27,809.0,143.0,571.1526086956521,666.0,723.0
2025-12-13,29,2,baseline,2025-12-27,809.0,65.0,620.0691304347826,744.0,723.0
2025-12-13,29,3,ensemble,2026-01-03,941.0,174.0,624.5056521739131,767.0,855.0
2025-12-13,29,3,baseline,2026-01-03,941.0,65.0,731.663043478261,876.0,855.0
2025-12-13,30,1,ensemble,2025-12-20,40.0,26.0,7.467826086956522,14.0,24.0
2025-12-13,30,1,baseline,2025-12-20,40.0,15.0,14.708695652173914,25.0,24.0
2025-12-13,30,2,ensemble,2025-12-27,122.0,31.0,65.03739130434782,91.0,106.0
2025-12-13,30,2,baseline,2025-12-27,122.0,15.0,86.70608695652174,107.0,106.0
2025-12-13,30,3,ensemble,2026-01-03,151.0,36.0,82.47043478260869,115.0,135.0
2025-12-13,30,3,baseline,2026-01-03,151.0,15.0,112.32173913043479,136.0,135.0
2025-12-13,31,1,ensemble,2025-12-20,72.0,23.0,33.144347826086964,49.0,57.0
2025-12-13,31,1,baseline,2025-12-20,72.0,12.0,40.58434782608696,60.0,57.0
2025-12-13,31,2,ensemble,2025-12-27,167.0,32.0,105.95956521739129,135.0,152.0
2025-12-13,31,2,baseline,2025-12-27,167.0,12.0,125.79347826086956,155.0,152.0
2025-12-13,31,3,ensemble,2026-01-03,202.0,35.0,124.3817391304348,167.0,187.0
2025-12-13,31,3,baseline,2026-01-03,202.0,12.0,156.53086956521742,190.0,187.0
2025-12-13,32,1,ensemble,2025-12-20,128.0,44.0,58.38260869565217,84.0,96.0
2025-12-13,32,1,baseline,2025-12-20,128.0,30.0,67.52086956521738,98.0,96.0
2025-12-13,32,2,ensemble,2025-12-27,273.0,58.0,175.67217391304348,215.0,241.0
2025-12-13,32,2,baseline,2025-12-27,273.0,30.0,198.34782608695656,243.0,241.0
2025-12-13,32,3,ensemble,2026-01-03,249.0,68.0,127.06826086956521,181.0,217.0
2025-12-13,32,3,baseline,2026-01-03,249.0,30.0,167.08913043478262,219.0,217.0
2025-12-13,33,1,ensemble,2025-12-20,95.0,36.0,37.83826086956522,59.0,70.0
2025-12-13,33,1,baseline,2025-12-20,95.0,23.0,56.88608695652172,72.0,70.0
2025-12-13,33,2,ensemble,2025-12-27,196.0,44.0,121.77826086956524,152.0,171.0
2025-12-13,33,2,baseline,2025-12-27,196.0,23.0,154.57391304347829,173.0,171.0
2025-12-13,33,3,ensemble,2026-01-03,290.0,49.0,204.87086956521742,241.0,265.0
2025-12-13,33,3,baseline,2026-01-03,290.0,23.0,245.80521739130432,267.0,265.0
2025-12-13,34,1,ensemble,2025-12-20,1082.0,470.0,426.74130434782614,612.0,805.0
2025-12-13,34,1,baseline,2025-12-20,1082.0,277.0,689.0826086956522,805.0,805.0
2025-12-13,34,2,ensemble,2025-12-27,1466.0,604.0,604.3634782608696,862.0,1189.0
2025-12-13,34,2,baseline,2025-12-27,1466.0,277.0,1045.4026086956524,1189.0,1189.0
2025-12-13,34,3,ensemble,2026-01-03,1724.0,689.0,696.2295652173915,1035.0,1447.0
2025-12-13,34,3,baseline,2026-01-03,1724.0,277.0,1280.9421739130435,1447.0,1447.0
2025-12-13,35,1,ensemble,2025-12-20,170.0,59.0,80.45913043478261,111.0,131.0
2025-12-13,35,1,baseline,2025-12-20,170.0,35.0,103.22086956521741,135.0,131.0
2025-12-13,35,2,ensemble,2025-12-27,386.0,71.0,265.11391304347825,315.0,347.0
2025-12-13,35,2,baseline,2025-12-27,386.0,35.0,311.1117391304348,351.0,347.0
2025-12-13,35,3,ensemble,2026-01-03,409.0,83.0,262.7282608695652,326.0,370.0
2025-12-13,35,3,baseline,2026-01-03,409.0,35.0,327.9347826086957,374.0,370.0
2025-12-13,36,1,ensemble,2025-12-20,3178.0,1682.0,1041.0147826086957,1496.0,1994.0
2025-12-13,36,1,baseline,2025-12-20,3178.0,1119.0,1873.9204347826083,2059.0,1994.0
2025-12-13,36,2,ensemble,2025-12-27,3870.0,1847.0,1329.8004347826088,2023.0,2686.0
2025-12-13,36,2,baseline,2025-12-27,3870.0,1119.0,2522.572173913043,2751.0,2686.0
2025-12-13,36,3,ensemble,2026-01-03,3800.0,1888.0,1147.6913043478262,1912.0,2616.0
2025-12-13,36,3,baseline,2026-01-03,3800.0,1119.0,2415.8952173913044,2681.0,2616.0
2025-12-13,37,1,ensemble,2025-12-20,1233.0,448.0,582.3413043478259,785.0,925.0
2025-12-13,37,1,baseline,2025-12-20,1233.0,296.0,807.1256521739131,937.0,925.0
2025-12-13,37,2,ensemble,2025-12-27,2526.0,553.0,1686.486956521739,1973.0,2218.0
2025-12-13,37,2,baseline,2025-12-27,2526.0,296.0,2071.118260869565,2230.0,2218.0
2025-12-13,37,3,ensemble,2026-01-03,2458.0,580.0,1508.8813043478262,1878.0,2150.0
2025-12-13,37,3,baseline,2026-01-03,2458.0,296.0,1978.194347826087,2162.0,2150.0
2025-12-13,38,1,ensemble,2025-12-20,54.0,14.0,29.639999999999997,40.0,45.0
2025-12-13,38,1,baseline,2025-12-20,54.0,8.0,35.56434782608695,46.0,45.0
2025-12-13,38,2,ensemble,2025-12-27,102.0,17.0,68.04304347826087,85.0,93.0
2025-12-13,38,2,baseline,2025-12-27,102.0,8.0,81.07826086956523,94.0,93.0
2025-12-13,38,3,ensemble,2026-01-03,159.0,21.0,116.3291304347826,138.0,150.0
2025-12-13,38,3,baseline,2026-01-03,159.0,8.0,136.12826086956522,151.0,150.0
2025-12-13,39,1,ensemble,2025-12-20,745.0,304.0,288.24347826086955,441.0,569.0
2025-12-13,39,1,baseline,2025-12-20,745.0,178.0,395.4034782608696,567.0,569.0
2025-12-13,39,2,ensemble,2025-12-27,1610.0,382.0,962.3230434782608,1228.0,1434.0
2025-12-13,39,2,baseline,2025-12-27,1610.0,178.0,1197.4034782608694,1432.0,1434.0
2025-12-13,39,3,ensemble,2026-01-03,1958.0,460.0,1115.5821739130436,1498.0,1782.0
2025-12-13,39,3,baseline,2026-01-03,1958.0,178.0,1505.2482608695652,1780.0,1782.0
2025-12-13,40,1,ensemble,2025-12-20,87.0,34.0,33.7808695652174,53.0,62.0
2025-12-13,40,1,baseline,2025-12-20,87.0,18.0,39.21565217391305,69.0,62.0
2025-12-13,40,2,ensemble,2025-12-27,231.0,44.0,146.98782608695655,187.0,206.0
2025-12-13,40,2,baseline,2025-12-27,231.0,18.0,132.3108695652174,213.0,206.0
2025-12-13,40,3,ensemble,2026-01-03,245.0,56.0,142.67391304347825,189.0,220.0
2025-12-13,40,3,baseline,2026-01-03,245.0,18.0,134.00956521739127,227.0,220.0
2025-12-13,41,1,ensemble,2025-12-20,57.0,61.0,7.642608695652174,4.0,16.0
2025-12-13,41,1,baseline,2025-12-20,57.0,35.0,13.515217391304349,22.0,16.0
2025-12-13,41,2,ensemble,2025-12-27,137.0,81.0,29.60304347826087,56.0,96.0
2025-12-13,41,2,baseline,2025-12-27,137.0,35.0,61.20304347826086,102.0,96.0
2025-12-13,41,3,ensemble,2026-01-03,198.0,98.0,54.964782608695664,100.0,157.0
2025-12-13,41,3,baseline,2026-01-03,198.0,35.0,99.43434782608695,163.0,157.0
2025-12-13,42,1,ensemble,2025-12-20,1256.0,812.0,228.3813043478261,444.0,743.0
2025-12-13,42,1,baseline,2025-12-20,1256.0,506.0,539.635652173913,750.0,743.0
2025-12-13,42,2,ensemble,2025-12-27,2377.0,972.0,968.561304347826,1405.0,1864.0
2025-12-13,42,2,baseline,2025-12-27,2377.0,506.0,1611.7995652173913,1871.0,1864.0
2025-12-13,42,3,ensemble,2026-01-03,3316.0,1116.0,1550.1299999999999,2200.0,2803.0
2025-12-13,42,3,baseline,2026-01-03,3316.0,506.0,2510.0021739130434,2810.0,2803.0
2025-12-13,44,1,ensemble,2025-12-20,141.0,38.0,82.34347826086955,103.0,103.0
2025-12-13,44,1,baseline,2025-12-20,141.0,27.0,101.96391304347824,114.0,103.0
2025-12-13,44,2,ensemble,2025-12-27,197.0,48.0,122.18434782608696,149.0,159.0
2025-12-13,44,2,baseline,2025-12-27,197.0,27.0,155.11565217391308,170.0,159.0
2025-12-13,44,3,ensemble,2026-01-03,285.0,52.0,195.70304347826092,233.0,247.0
2025-12-13,44,3,baseline,2026-01-03,285.0,27.0,240.99739130434784,258.0,247.0
2025-12-13,45,1,ensemble,2025-12-20,391.0,142.0,174.50260869565219,249.0,305.0
2025-12-13,45,1,baseline,2025-12-20,391.0,84.0,235.81086956521742,307.0,305.0
2025-12-13,45,2,ensemble,2025-12-27,856.0,173.0,559.6091304347825,683.0,770.0
2025-12-13,45,2,baseline,2025-12-27,856.0,84.0,674.2526086956523,772.0,770.0
2025-12-13,45,3,ensemble,2026-01-03,891.0,218.0,520.605652173913,673.0,805.0
2025-12-13,45,3,baseline,2026-01-03,891.0,84.0,692.2473913043477,807.0,805.0
2025-12-13,46,1,ensemble,2025-12-20,26.0,6.0,12.744347826086956,20.0,21.0
2025-12-13,46,1,baseline,2025-12-20,26.0,4.0,12.958260869565219,22.0,21.0
2025-12-13,46,2,ensemble,2025-12-27,60.0,8.0,39.55695652173913,52.0,55.0
2025-12-13,46,2,baseline,2025-12-27,60.0,4.0,39.10391304347826,56.0,55.0
2025-12-13,46,3,ensemble,2026-01-03,108.0,9.0,81.76347826086955,99.0,103.0
2025-12-13,46,3,baseline,2026-01-03,108.0,4.0,82.74521739130434,104.0,103.0
2025-12-13,47,1,ensemble,2025-12-20,346.0,153.0,125.75086956521739,193.0,240.0
2025-12-13,47,1,baseline,2025-12-20,346.0,101.0,169.6091304347826,245.0,240.0
2025-12-13,47,2,ensemble,2025-12-27,861.0,189.0,546.9569565217391,672.0,755.0
2025-12-13,47,2,baseline,2025-12-27,861.0,101.0,649.4308695652173,760.0,755.0
2025-12-13,47,3,ensemble,2026-01-03,863.0,223.0,469.7560869565218,640.0,757.0
2025-12-13,47,3,baseline,2026-01-03,863.0,101.0,634.1291304347826,762.0,757.0
2025-12-13,48,1,ensemble,2025-12-20,1675.0,1053.0,376.11565217391313,622.0,985.0
2025-12-13,48,1,baseline,2025-12-20,1675.0,646.0,773.8113043478261,1029.0,985.0
2025-12-13,48,2,ensemble,2025-12-27,2831.0,1225.0,1141.1056521739129,1606.0,2141.0
2025-12-13,48,2,baseline,2025-12-27,2831.0,646.0,1847.2056521739128,2185.0,2141.0
2025-12-13,48,3,ensemble,2026-01-03,2372.0,1279.0,588.0886956521739,1093.0,1682.0
2025-12-13,48,3,baseline,2026-01-03,2372.0,646.0,1331.7247826086957,1726.0,1682.0
2025-12-13,49,1,ensemble,2025-12-20,130.0,83.0,25.425652173913043,47.0,83.0
2025-12-13,49,1,baseline,2025-12-20,130.0,47.0,63.40217391304348,83.0,83.0
2025-12-13,49,2,ensemble,2025-12-27,234.0,107.0,87.73652173913044,127.0,187.0
2025-12-13,49,2,baseline,2025-12-27,234.0,47.0,159.09782608695653,187.0,187.0
2025-12-13,49,3,ensemble,2026-01-03,262.0,112.0,94.88217391304347,150.0,215.0
2025-12-13,49,3,baseline,2026-01-03,262.0,47.0,182.78826086956522,215.0,215.0
2025-12-13,50,1,ensemble,2025-12-20,13.0,5.0,4.818695652173913,8.0,8.0
2025-12-13,50,1,baseline,2025-12-20,13.0,3.0,5.773913043478259,10.0,8.0
2025-12-13,50,2,ensemble,2025-12-27,43.0,7.0,29.851739130434783,36.0,38.0
2025-12-13,50,2,baseline,2025-12-27,43.0,3.0,28.30913043478261,40.0,38.0
2025-12-13,50,3,ensemble,2026-01-03,58.0,8.0,41.2604347826087,50.0,53.0
2025-12-13,50,3,baseline,2026-01-03,58.0,3.0,40.98652173913043,55.0,53.0
2025-12-13,51,1,ensemble,2025-12-20,357.0,268.0,48.08217391304347,89.0,190.0
2025-12-13,51,1,baseline,2025-12-20,357.0,152.0,136.284347826087,205.0,190.0
2025-12-13,51,2,ensemble,2025-12-27,843.0,318.0,359.17999999999995,525.0,676.0
2025-12-13,51,2,baseline,2025-12-27,843.0,152.0,587.2239130434783,691.0,676.0
2025-12-13,51,3,ensemble,2026-01-03,1141.0,379.0,540.6782608695653,762.0,974.0
2025-12-13,51,3,baseline,2026-01-03,1141.0,152.0,869.1821739130436,989.0,974.0
2025-12-13,53,1,ensemble,2025-12-20,116.0,103.0,12.679130434782609,13.0,55.0
2025-12-13,53,1,baseline,2025-12-20,116.0,63.0,31.65304347826087,53.0,55.0
2025-12-13,53,2,ensemble,2025-12-27,164.0,134.0,21.785652173913043,30.0,103.0
2025-12-13,53,2,baseline,2025-12-27,164.0,63.0,60.17521739130436,101.0,103.0
2025-12-13,53,3,ensemble,2026-01-03,250.0,154.0,48.20608695652174,96.0,189.0
2025-12-13,53,3,baseline,2026-01-03,250.0,63.0,115.79478260869568,187.0,189.0
2025-12-13,54,1,ensemble,2025-12-20,65.0,19.0,30.40869565217391,46.0,46.0
2025-12-13,54,1,baseline,2025-12-20,65.0,10.0,31.592173913043478,55.0,46.0
2025-12-13,54,2,ensemble,2025-12-27,192.0,26.0,138.5182608695652,166.0,173.0
2025-12-13,54,2,baseline,2025-12-27,192.0,10.0,130.72478260869565,182.0,173.0
2025-12-13,54,3,ensemble,2026-01-03,229.0,30.0,163.26391304347825,199.0,210.0
2025-12-13,54,3,baseline,2026-01-03,229.0,10.0,158.9930434782609,219.0,210.0
2025-12-13,55,1,ensemble,2025-12-20,322.0,138.0,116.33869565217391,184.0,238.0
2025-12-13,55,1,baseline,2025-12-20,322.0,82.0,176.36391304347825,240.0,238.0
2025-12-13,55,2,ensemble,2025-12-27,757.0,170.0,460.25130434782614,587.0,673.0
2025-12-13,55,2,baseline,2025-12-27,757.0,82.0,594.6460869565218,675.0,673.0
2025-12-13,55,3,ensemble,2026-01-03,1059.0,221.0,664.8882608695651,838.0,975.0
2025-12-13,55,3,baseline,2026-01-03,1059.0,82.0,883.8434782608696,977.0,975.0
2025-12-13,56,1,ensemble,2025-12-20,29.0,14.0,8.152608695652173,15.0,19.0
2025-12-13,56,1,baseline,2025-12-20,29.0,9.0,12.103913043478265,20.0,19.0
2025-12-13,56,2,ensemble,2025-12-27,57.0,17.0,24.69782608695652,40.0,47.0
2025-12-13,56,2,baseline,2025-12-27,57.0,9.0,32.27086956521739,48.0,47.0
2025-12-13,56,3,ensemble,2026-01-03,58.0,19.0,22.998695652173918,39.0,48.0
2025-12-13,56,3,baseline,2026-01-03,58.0,9.0,31.20217391304348,49.0,48.0
2025-12-20,01,1,ensemble,2025-12-27,498.0,176.0,254.23695652173916,322.0,394.0
2025-12-20,01,1,baseline,2025-12-27,498.0,92.0,347.70130434782607,406.0,394.0
2025-12-20,01,2,ensemble,2026-01-03,501.0,195.0,201.44,306.0,397.0
2025-12-20,01,2,baseline,2026-01-03,501.0,92.0,337.6995652173913,409.0,397.0
2025-12-20,01,3,ensemble,2026-01-10,316.0,204.0,59.70608695652173,112.0,212.0
2025-12-20,01,3,baseline,2026-01-10,316.0,92.0,147.90217391304347,224.0,212.0
2025-12-20,02,1,ensemble,2025-12-27,86.0,16.0,57.20434782608695,70.0,73.0
2025-12-20,02,1,baseline,2025-12-27,86.0,11.0,66.53,75.0,73.0
2025-12-20,02,2,ensemble,2026-01-03,75.0,18.0,41.23826086956522,57.0,62.0
2025-12-20,02,2,baseline,2026-01-03,75.0,11.0,53.81391304347827,64.0,62.0
2025-12-20,02,3,ensemble,2026-01-10,46.0,18.0,16.15347826086957,28.0,33.0
2025-12-20,02,3,baseline,2026-01-10,46.0,11.0,23.485652173913046,35.0,33.0
2025-12-20,04,1,ensemble,2025-12-27,316.0,135.0,110.3904347826087,181.0,236.0
2025-12-20,04,1,baseline,2025-12-27,316.0,80.0,149.12652173913042,236.0,236.0
2025-12-20,04,2,ensemble,2026-01-03,362.0,158.0,115.66869565217394,204.0,282.0
2025-12-20,04,2,baseline,2026-01-03,362.0,80.0,169.27043478260867,282.0,282.0
2025-12-20,04,3,ensemble,2026-01-10,223.0,178.0,35.90347826086957,45.0,143.0
2025-12-20,04,3,baseline,2026-01-10,223.0,80.0,74.0491304347826,143.0,143.0
2025-12-20,05,1,ensemble,2025-12-27,297.0,129.0,112.26391304347825,168.0,210.0
2025-12-20,05,1,baseline,2025-12-27,297.0,73.0,173.9591304347826,224.0,210.0
2025-12-20,05,2,ensemble,2026-01-03,278.0,150.0,72.25217391304348,128.0,191.0
2025-12-20,05,2,baseline,2026-01-03,278.0,73.0,144.68608695652173,205.0,191.0
2025-12-20,05,3,ensemble,2026-01-10,163.0,165.0,21.901739130434784,2.0,76.0
2025-12-20,05,3,baseline,2026-01-10,163.0,73.0,50.13347826086955,90.0,76.0
2025-12-20,06,1,ensemble,2025-12-27,1247.0,694.0,311.6930434782609,553.0,821.0
2025-12-20,06,1,baseline,2025-12-27,1247.0,397.0,579.1047826086957,850.0,821.0
2025-12-20,06,2,ensemble,2026-01-03,1568.0,852.0,417.42739130434785,716.0,1142.0
2025-12-20,06,2,baseline,2026-01-03,1568.0,397.0,810.0939130434781,1171.0,1142.0
2025-12-20,06,3,ensemble,2026-01-10,1494.0,871.0,303.64130434782606,623.0,1068.0
2025-12-20,06,3,baseline,2026-01-10,1494.0,397.0,704.4291304347827,1097.0,1068.0
2025-12-20,08,1,ensemble,2025-12-27,818.0,436.0,257.81217391304347,382.0,536.0
2025-12-20,08,1,baseline,2025-12-27,818.0,279.0,483.2291304347826,539.0,536.0
2025-12-20,08,2,ensemble,2026-01-03,830.0,428.0,253.3113043478261,402.0,548.0
2025-12-20,08,2,baseline,2026-01-03,830.0,279.0,481.97434782608696,551.0,548.0
2025-12-20,08,3,ensemble,2026-01-10,475.0,397.0,54.10608695652174,78.0,193.0
2025-12-20,08,3,baseline,2026-01-10,475.0,279.0,130.6695652173913,196.0,193.0
2025-12-20,09,1,ensemble,2025-12-27,652.0,303.0,228.4786956521739,349.0,446.0
2025-12-20,09,1,baseline,2025-12-27,652.0,206.0,402.62,446.0,446.0
2025-12-20,09,2,ensemble,2026-01-03,778.0,319.0,293.0534782608696,459.0,572.0
2025-12-20,09,2,baseline,2026-01-03,778.0,206.0,517.958695652174,572.0,572.0
2025-12-20,09,3,ensemble,2026-01-10,478.0,323.0,77.4686956521739,155.0,272.0
2025-12-20,09,3,baseline,2026-01-10,478.0,206.0,209.76608695652178,272.0,272.0
2025-12-20,10,1,ensemble,2025-12-27,211.0,32.0,156.58173913043478,179.0,172.0
2025-12-20,10,1,baseline,2025-12-27,211.0,20.0,172.61521739130438,191.0,172.0
2025-12-20,10,2,ensemble,2026-01-03,209.0,42.0,139.77217391304347,167.0,170.0
2025-12-20,10,2,baseline,2026-01-03,209.0,20.0,165.91608695652172,189.0,170.0
2025-12-20,10,3,ensemble,2026-01-10,174.0,43.0,96.61130434782608,131.0,135.0
2025-12-20,10,3,baseline,2026-01-10,174.0,20.0,127.48739130434785,154.0,135.0
2025-12-20,11,1,ensemble,2025-12-27,98.0,41.0,34.13130434782609,57.0,65.0
2025-12-20,11,1,baseline,2025-12-27,98.0,26.0,56.35217391304349,72.0,65.0
2025-12-20,11,2,ensemble,2026-01-03,106.0,44.0,37.01608695652173,62.0,73.0
2025-12-20,11,2,baseline,2026-01-03,106.0,26.0,60.32695652173913,80.0,73.0
2025-12-20,11,3,ensemble,2026-01-10,83.0,42.0,22.35391304347826,41.0,50.0
2025-12-20,11,3,baseline,2026-01-10,83.0,26.0,38.09,57.0,50.0
2025-12-20,12,1,ensemble,2025-12-27,2185.0,1211.0,613.8126086956522,974.0,1273.0
2025-12-20,12,1,baseline,2025-12-27,2185.0,761.0,1230.0647826086956,1424.0,1273.0
2025-12-20,12,2,ensemble,2026-01-03,2604.0,1162.0,916.3669565217391,1442.0,1692.0
2025-12-20,12,2,baseline,2026-01-03,2604.0,761.0,1606.2895652173916,1843.0,1692.0
2025-12-20,12,3,ensemble,2026-01-10,2469.0,1171.0,788.0939130434781,1298.0,1557.0
2025-12-20,12,3,baseline,2026-01-10,2469.0,761.0,1436.074347826087,1708.0,1557.0
2025-12-20,13,1,ensemble,2025-12-27,1400.0,558.0,653.4543478260871,842.0,1070.0
2025-12-20,13,1,baseline,2025-12-27,1400.0,298.0,998.6352173913042,1102.0,1070.0
2025-12-20,13,2,ensemble,2026-01-03,1317.0,672.0,442.0460869565218,645.0,987.0
2025-12-20,13,2,baseline,2026-01-03,1317.0,298.0,890.9986956521738,1019.0,987.0
2025-12-20,13,3,ensemble,2026-01-10,707.0,689.0,73.39782608695651,18.0,377.0
2025-12-20,13,3,baseline,2026-01-10,707.0,298.0,274.10782608695644,409.0,377.0
2025-12-20,15,1,ensemble,2025-12-27,88.0,82.0,6.94695652173913,6.0,17.0
2025-12-20,15,1,baseline,2025-12-27,88.0,65.0,15.120869565217395,23.0,17.0
2025-12-20,15,2,ensemble,2026-01-03,110.0,87.0,13.765217391304347,23.0,39.0
2025-12-20,15,2,baseline,2026-01-03,110.0,65.0,34.03478260869564,45.0,39.0
2025-12-20,15,3,ensemble,2026-01-10,83.0,84.0,9.754782608695653,1.0,12.0
2025-12-20,15,3,baseline,2026-01-10,83.0,65.0,9.942173913043478,18.0,12.0
2025-12-20,16,1,ensemble,2025-12-27,152.0,50.0,70.17956521739131,102.0,117.0
2025-12-20,16,1,baseline,2025-12-27,152.0,24.0,98.3595652173913,128.0,117.0
2025-12-20,16,2,ensemble,2026-01-03,235.0,54.0,141.30782608695654,181.0,200.0
2025-12-20,16,2,baseline,2026-01-03,235.0,24.0,174.17695652173913,211.0,200.0
2025-12-20,16,3,ensemble,2026-01-10,157.0,54.0,63.202173913043474,103.0,122.0
2025-12-20,16,3,baseline,2026-01-10,157.0,24.0,91.87217391304348,133.0,122.0
2025-12-20,17,1,ensemble,2025-12-27,1491.0,300.0,1060.4052173913044,1191.0,1227.0
2025-12-20,17,1,baseline,2025-12-27,1491.0,160.0,1201.7204347826087,1331.0,1227.0
2025-12-20,17,2,ensemble,2026-01-03,1741.0,334.0,1176.8830434782608,1407.0,1477.0
2025-12-20,17,2,baseline,2026-01-03,1741.0,160.0,1420.9713043478262,1581.0,1477.0
2025-12-20,17,3,ensemble,2026-01-10,1193.0,371.0,524.4330434782609,822.0,929.0
2025-12-20,17,3,baseline,2026-01-10,1193.0,160.0,846.3039130434784,1033.0,929.0
2025-12-20,18,1,ensemble,2025-12-27,699.0,259.0,323.86304347826086,440.0,536.0
2025-12-20,18,1,baseline,2025-12-27,699.0,149.0,440.96347826086964,550.0,536.0
2025-12-20,18,2,ensemble,2026-01-03,906.0,304.0,429.0569565217391,602.0,743.0
2025-12-20,18,2,baseline,2026-01-03,906.0,149.0,622.6121739130434,757.0,743.0
2025-12-20,18,3,ensemble,2026-01-10,642.0,327.0,167.29695652173913,315.0,479.0
2025-12-20,18,3,baseline,2026-01-10,642.0,149.0,341.36608695652177,493.0,479.0
2025-12-20,19,1,ensemble,2025-12-27,263.0,50.0,174.15739130434784,213.0,233.0
2025-12-20,19,1,baseline,2025-12-27,263.0,29.0,196.94956521739135,234.0,233.0
2025-12-20,19,2,ensemble,2026-01-03,382.0,62.0,268.23782608695655,320.0,352.0
2025-12-20,19,2,baseline,2026-01-03,382.0,29.0,307.0039130434783,353.0,352.0
2025-12-20,19,3,ensemble,2026-01-10,280.0,72.0,148.4326086956522,208.0,250.0
2025-12-20,19,3,baseline,2026-01-10,280.0,29.0,197.76304347826084,251.0,250.0
2025-12-20,20,1,ensemble,2025-12-27,269.0,57.0,179.99565217391302,212.0,239.0
2025-12-20,20,1,baseline,2025-12-27,269.0,29.0,203.00000000000003,240.0,239.0
2025-12-20,20,2,ensemble,2026-01-03,353.0,64.0,245.50304347826085,289.0,323.0
2025-12-20,20,2,baseline,2026-01-03,353.0,29.0,278.33652173913043,324.0,323.0
2025-12-20,20,3,ensemble,2026-01-10,268.0,69.0,142.98608695652175,199.0,238.0
2025-12-20,20,3,baseline,2026-01-10,268.0,29.0,185.9,239.0,238.0
2025-12-20,21,1,ensemble,2025-12-27,547.0,134.0,341.65260869565225,413.0,443.0
2025-12-20,21,1,baseline,2025-12-27,547.0,73.0,385.95826086956515,474.0,443.0
2025-12-20,21,2,ensemble,2026-01-03,631.0,164.0,364.41347826086957,467.0,527.0
2025-12-20,21,2,baseline,2026-01-03,631.0,73.0,449.95260869565226,558.0,527.0
2025-12-20,21,3,ensemble,2026-01-10,438.0,174.0,162.3282608695652,264.0,334.0
2025-12-20,21,3,baseline,2026-01-10,438.0,73.0,245.1621739130435,365.0,334.0
2025-12-20,22,1,ensemble,2025-12-27,688.0,269.0,318.46260869565225,419.0,440.0
2025-12-20,22,1,baseline,2025-12-27,688.0,185.0,451.24086956521745,503.0,440.0
2025-12-20,22,2,ensemble,2026-01-03,662.0,279.0,251.58173913043478,383.0,414.0
2025-12-20,22,2,baseline,2026-01-03,662.0,185.0,413.5547826086957,477.0,414.0
2025-12-20,22,3,ensemble,2026-01-10,438.0,276.0,78.45608695652174,162.0,190.0
2025-12-20,22,3,baseline,2026-01-10,438.0,185.0,180.13652173913044,253.0,190.0
2025-12-20,23,1,ensemble,2025-12-27,147.0,54.0,63.59521739130434,93.0,116.0
2025-12-20,23,1,baseline,2025-12-27,147.0,31.0,96.55913043478259,116.0,116.0
2025-12-20,23,2,ensemble,2026-01-03,255.0,62.0,155.07608695652175,193.0,224.0
2025-12-20,23,2,baseline,2026-01-03,255.0,31.0,200.42739130434782,224.0,224.0
2025-12-20,23,3,ensemble,2026-01-10,172.0,61.0,67.80086956521741,111.0,141.0
2025-12-20,23,3,baseline,2026-01-10,172.0,31.0,113.74478260869564,141.0,141.0
2025-12-20,24,1,ensemble,2025-12-27,660.0,376.0,181.54695652173916,284.0,418.0
2025-12-20,24,1,baseline,2025-12-27,660.0,202.0,395.3004347826087,458.0,418.0
2025-12-20,24,2,ensemble,2026-01-03,824.0,432.0,250.99608695652176,392.0,582.0
2025-12-20,24,2,baseline,2026-01-03,824.0,202.0,545.3713043478261,622.0,582.0
2025-12-20,24,3,ensemble,2026-01-10,602.0,446.0,91.82434782608696,156.0,360.0
2025-12-20,24,3,baseline,2026-01-10,602.0,202.0,311.69000000000005,400.0,360.0
2025-12-20,25,1,ensemble,2025-12-27,952.0,367.0,453.0708695652174,585.0,715.0
2025-12-20,25,1,baseline,2025-12-27,952.0,180.0,677.7947826086956,772.0,715.0
2025-12-20,25,2,ensemble,2026-01-03,1281.0,432.0,638.6986956521739,849.0,1044.0
2025-12-20,25,2,baseline,2026-01-03,1281.0,180.0,984.9869565217392,1101.0,1044.0
2025-12-20,25,3,ensemble,2026-01-10,925.0,467.0,268.2152173913043,458.0,688.0
2025-12-20,25,3,baseline,2026-01-10,925.0,180.0,610.6717391304348,745.0,688.0
2025-12-20,26,1,ensemble,2025-12-27,920.0,326.0,471.18478260869557,594.0,709.0
2025-12-20,26,1,baseline,2025-12-27,920.0,174.0,622.7865217391304,746.0,709.0
2025-12-20,26,2,ensemble,2026-01-03,1263.0,371.0,720.6721739130435,892.0,1052.0
2025-12-20,26,2,baseline,2026-01-03,1263.0,174.0,937.4504347826087,1089.0,1052.0
2025-12-20,26,3,ensemble,2026-01-10,923.0,422.0,309.16565217391303,501.0,712.0
2025-12-20,26,3,baseline,2026-01-10,923.0,174.0,571.3630434782608,749.0,712.0
2025-12-20,27,1,ensemble,2025-12-27,944.0,443.0,354.0356521739131,501.0,687.0
2025-12-20,27,1,baseline,2025-12-27,944.0,241.0,647.2821739130434,703.0,687.0
2025-12-20,27,2,ensemble,2026-01-03,1063.0,458.0,403.1930434782609,605.0,806.0
2025-12-20,27,2,baseline,2026-01-03,1063.0,241.0,750.9186956521739,822.0,806.0
2025-12-20,27,3,ensemble,2026-01-10,705.0,443.0,129.73,262.0,448.0
2025-12-20,27,3,baseline,2026-01-10,705.0,241.0,380.7330434782608,464.0,448.0
2025-12-20,28,1,ensemble,2025-12-27,247.0,116.0,84.23304347826088,131.0,173.0
2025-12-20,28,1,baseline,2025-12-27,247.0,68.0,140.66086956521738,179.0,173.0
2025-12-20,28,2,ensemble,2026-01-03,230.0,142.0,50.64391304347826,88.0,156.0
2025-12-20,28,2,baseline,2026-01-03,230.0,68.0,117.26521739130432,162.0,156.0
2025-12-20,28,3,ensemble,2026-01-10,194.0,139.0,29.06739130434782,55.0,120.0
2025-12-20,28,3,baseline,2026-01-10,194.0,68.0,80.77565217391304,126.0,120.0
2025-12-20,29,1,ensemble,2025-12-27,809.0,168.0,561.8469565217391,641.0,691.0
2025-12-20,29,1,baseline,2025-12-27,809.0,86.0,624.8721739130434,723.0,691.0
2025-12-20,29,2,ensemble,2026-01-03,941.0,201.0,603.6769565217392,740.0,823.0
2025-12-20,29,2,baseline,2026-01-03,941.0,86.0,732.7308695652173,855.0,823.0
2025-12-20,29,3,ensemble,2026-01-10,522.0,219.0,174.09652173913045,303.0,404.0
2025-12-20,29,3,baseline,2026-01-10,522.0,86.0,298.44739130434783,436.0,404.0
2025-12-20,30,1,ensemble,2025-12-27,122.0,42.0,57.248695652173915,80.0,98.0
2025-12-20,30,1,baseline,2025-12-27,122.0,24.0,82.21000000000001,98.0,98.0
2025-12-20,30,2,ensemble,2026-01-03,151.0,49.0,73.05478260869566,102.0,127.0
2025-12-20,30,2,baseline,2026-01-03,151.0,24.0,107.30652173913046,127.0,127.0
2025-12-20,30,3,ensemble,2026-01-10,123.0,49.0,46.3308695652174,74.0,99.0
2025-12-20,30,3,baseline,2026-01-10,123.0,24.0,75.97521739130433,99.0,99.0
2025-12-20,31,1,ensemble,2025-12-27,167.0,50.0,85.51913043478261,117.0,139.0
2025-12-20,31,1,baseline,2025-12-27,167.0,28.0,116.50608695652171,139.0,139.0
2025-12-20,31,2,ensemble,2026-01-03,202.0,60.0,100.33260869565218,142.0,174.0
2025-12-20,31,2,baseline,2026-01-03,202.0,28.0,146.10347826086957,174.0,174.0
2025-12-20,31,3,ensemble,2026-01-10,165.0,62.0,62.388695652173915,103.0,137.0
2025-12-20,31,3,baseline,2026-01-10,165.0,28.0,104.21521739130436,137.0,137.0
2025-12-20,32,1,ensemble,2025-12-27,273.0,92.0,140.58521739130435,181.0,219.0
2025-12-20,32,1,baseline,2025-12-27,273.0,53.0,185.2682608695652,220.0,219.0
2025-12-20,32,2,ensemble,2026-01-03,249.0,97.0,98.30130434782608,152.0,195.0
2025-12-20,32,2,baseline,2026-01-03,249.0,53.0,152.3286956521739,196.0,195.0
2025-12-20,32,3,ensemble,2026-01-10,199.0,102.0,54.529999999999994,97.0,145.0
2025-12-20,32,3,baseline,2026-01-10,199.0,53.0,98.54869565217393,146.0,145.0
2025-12-20,33,1,ensemble,2025-12-27,196.0,65.0,105.69347826086958,131.0,150.0
2025-12-20,33,1,baseline,2025-12-27,196.0,38.0,143.0013043478261,158.0,150.0
2025-12-20,33,2,ensemble,2026-01-03,290.0,67.0,188.78521739130437,223.0,244.0
2025-12-20,33,2,baseline,2026-01-03,290.0,38.0,233.81869565217391,252.0,244.0
2025-12-20,33,3,ensemble,2026-01-10,224.0,68.0,111.33739130434782,156.0,178.0
2025-12-20,33,3,baseline,2026-01-10,224.0,38.0,165.03347826086957,186.0,178.0
2025-12-20,34,1,ensemble,2025-12-27,1466.0,958.0,262.81608695652176,508.0,878.0
2025-12-20,34,1,baseline,2025-12-27,1466.0,568.0,780.07,898.0,878.0
2025-12-20,34,2,ensemble,2026-01-03,1724.0,1060.0,367.62260869565216,664.0,1136.0
2025-12-20,34,2,baseline,2026-01-03,1724.0,568.0,1010.5782608695652,1156.0,1136.0
2025-12-20,34,3,ensemble,2026-01-10,1208.0,1023.0,132.37304347826085,185.0,620.0
2025-12-20,34,3,baseline,2026-01-10,1208.0,568.0,472.7821739130434,640.0,620.0
2025-12-20,35,1,ensemble,2025-12-27,386.0,107.0,236.68869565217392,279.0,317.0
2025-12-20,35,1,baseline,2025-12-27,386.0,63.0,291.6669565217391,323.0,317.0
2025-12-20,35,2,ensemble,2026-01-03,409.0,120.0,229.4673913043478,289.0,340.0
2025-12-20,35,2,baseline,2026-01-03,409.0,63.0,307.0039130434783,346.0,340.0
2025-12-20,35,3,ensemble,2026-01-10,247.0,114.0,73.89739130434783,133.0,178.0
2025-12-20,35,3,baseline,2026-01-10,247.0,63.0,138.83217391304348,184.0,178.0
2025-12-20,36,1,ensemble,2025-12-27,3870.0,2100.0,1121.7652173913045,1770.0,1935.0
2025-12-20,36,1,baseline,2025-12-27,3870.0,1399.0,2285.5478260869563,2471.0,1935.0
2025-12-20,36,2,ensemble,2026-01-03,3800.0,2104.0,1003.9352173913045,1696.0,1865.0
2025-12-20,36,2,baseline,2026-01-03,3800.0,1399.0,2170.544347826087,2401.0,1865.0
2025-12-20,36,3,ensemble,2026-01-10,2387.0,1930.0,275.9078260869565,457.0,452.0
2025-12-20,36,3,baseline,2026-01-10,2387.0,1399.0,721.2365217391304,988.0,452.0
2025-12-20,37,1,ensemble,2025-12-27,2526.0,907.0,1307.6395652173912,1619.0,1988.0
2025-12-20,37,1,baseline,2025-12-27,2526.0,514.0,1881.2282608695648,2012.0,1988.0
2025-12-20,37,2,ensemble,2026-01-03,2458.0,939.0,1072.674347826087,1519.0,1920.0
2025-12-20,37,2,baseline,2026-01-03,2458.0,514.0,1785.1091304347824,1944.0,1920.0
2025-12-20,37,3,ensemble,2026-01-10,1419.0,859.0,261.03173913043474,560.0,881.0
2025-12-20,37,3,baseline,2026-01-10,1419.0,514.0,720.7260869565216,905.0,881.0
2025-12-20,38,1,ensemble,2025-12-27,102.0,34.0,49.25913043478261,68.0,81.0
2025-12-20,38,1,baseline,2025-12-27,102.0,21.0,70.96695652173914,81.0,81.0
2025-12-20,38,2,ensemble,2026-01-03,159.0,37.0,95.03826086956524,122.0,138.0
2025-12-20,38,2,baseline,2026-01-03,159.0,21.0,125.77782608695654,138.0,138.0
2025-12-20,38,3,ensemble,2026-01-10,103.0,37.0,39.85739130434783,66.0,82.0
2025-12-20,38,3,baseline,2026-01-10,103.0,21.0,67.71565217391303,82.0,82.0
2025-12-20,39,1,ensemble,2025-12-27,1610.0,574.0,837.5617391304346,1036.0,1281.0
2025-12-20,39,1,baseline,2025-12-27,1610.0,293.0,1127.0430434782609,1317.0,1281.0
2025-12-20,39,2,ensemble,2026-01-03,1958.0,699.0,928.7204347826089,1259.0,1629.0
2025-12-20,39,2,baseline,2026-01-03,1958.0,293.0,1432.497391304348,1665.0,1629.0
2025-12-20,39,3,ensemble,2026-01-10,1377.0,762.0,339.7017391304348,615.0,1048.0
2025-12-20,39,3,baseline,2026-01-10,1377.0,293.0,815.0608695652173,1084.0,1048.0
2025-12-20,40,1,ensemble,2025-12-27,231.0,49.0,144.1595652173913,182.0,178.0
2025-12-20,40,1,baseline,2025-12-27,231.0,26.0,137.96869565217392,205.0,178.0
2025-12-20,40,2,ensemble,2026-01-03,245.0,62.0,132.02695652173912,183.0,192.0
2025-12-20,40,2,baseline,2026-01-03,245.0,26.0,137.7269565217391,219.0,192.0
2025-12-20,40,3,ensemble,2026-01-10,169.0,61.0,62.29956521739131,108.0,116.0
2025-12-20,40,3,baseline,2026-01-10,169.0,26.0,77.10478260869566,143.0,116.0
2025-12-20,41,1,ensemble,2025-12-27,137.0,48.0,58.38739130434782,89.0,97.0
2025-12-20,41,1,baseline,2025-12-27,137.0,19.0,78.8804347826087,118.0,97.0
2025-12-20,41,2,ensemble,2026-01-03,198.0,56.0,93.27782608695652,142.0,158.0
2025-12-20,41,2,baseline,2026-01-03,198.0,19.0,117.00130434782612,179.0,158.0
2025-12-20,41,3,ensemble,2026-01-10,170.0,63.0,61.93391304347825,107.0,130.0
2025-12-20,41,3,baseline,2026-01-10,170.0,19.0,89.37695652173912,151.0,130.0
2025-12-20,42,1,ensemble,2025-12-27,2377.0,1141.0,861.6982608695652,1236.0,1670.0
2025-12-20,42,1,baseline,2025-12-27,2377.0,696.0,1465.7265217391305,1681.0,1670.0
2025-12-20,42,2,ensemble,2026-01-03,3316.0,1138.0,1521.5426086956522,2178.0,2609.0
2025-12-20,42,2,baseline,2026-01-03,3316.0,696.0,2361.4347826086955,2620.0,2609.0
2025-12-20,42,3,ensemble,2026-01-10,2248.0,1219.0,554.5517391304347,1029.0,1541.0
2025-12-20,42,3,baseline,2026-01-10,2248.0,696.0,1251.1095652173913,1552.0,1541.0
2025-12-20,44,1,ensemble,2025-12-27,197.0,101.0,54.99739130434783,96.0,113.0
2025-12-20,44,1,baseline,2025-12-27,197.0,70.0,114.6017391304348,127.0,113.0
2025-12-20,44,2,ensemble,2026-01-03,285.0,109.0,122.40869565217392,176.0,201.0
2025-12-20,44,2,baseline,2026-01-03,285.0,70.0,199.62521739130435,215.0,201.0
2025-12-20,44,3,ensemble,2026-01-10,159.0,117.0,22.439130434782605,42.0,75.0
2025-12-20,44,3,baseline,2026-01-10,159.0,70.0,71.15652173913043,89.0,75.0
2025-12-20,45,1,ensemble,2025-12-27,856.0,208.0,565.274347826087,648.0,733.0
2025-12-20,45,1,baseline,2025-12-27,856.0,103.0,676.9521739130436,753.0,733.0
2025-12-20,45,2,ensemble,2026-01-03,891.0,248.0,503.4826086956522,643.0,768.0
2025-12-20,45,2,baseline,2026-01-03,891.0,103.0,690.9691304347825,788.0,768.0
2025-12-20,45,3,ensemble,2026-01-10,559.0,267.0,174.54739130434783,292.0,436.0
2025-12-20,45,3,baseline,2026-01-10,559.0,103.0,343.55304347826086,456.0,436.0
2025-12-20,46,1,ensemble,2025-12-27,60.0,8.0,42.95434782608696,52.0,50.0
2025-12-20,46,1,baseline,2025-12-27,60.0,4.0,41.393913043478264,56.0,50.0
2025-12-20,46,2,ensemble,2026-01-03,108.0,10.0,85.12086956521739,98.0,98.0
2025-12-20,46,2,baseline,2026-01-03,108.0,4.0,85.77347826086957,104.0,98.0
2025-12-20,46,3,ensemble,2026-01-10,64.0,12.0,37.38130434782609,52.0,54.0
2025-12-20,46,3,baseline,2026-01-10,64.0,4.0,39.87565217391304,60.0,54.0
2025-12-20,47,1,ensemble,2025-12-27,861.0,290.0,446.083043478261,571.0,695.0
2025-12-20,47,1,baseline,2025-12-27,861.0,164.0,606.0104347826087,697.0,695.0
2025-12-20,47,2,ensemble,2026-01-03,863.0,326.0,367.79391304347826,537.0,697.0
2025-12-20,47,2,baseline,2026-01-03,863.0,164.0,589.3639130434782,699.0,697.0
2025-12-20,47,3,ensemble,2026-01-10,519.0,345.0,97.27739130434782,174.0,353.0
2025-12-20,47,3,baseline,2026-01-10,519.0,164.0,237.28304347826088,355.0,353.0
2025-12-20,48,1,ensemble,2025-12-27,2831.0,1491.0,910.99,1340.0,1872.0
2025-12-20,48,1,baseline,2025-12-27,2831.0,903.0,1658.2826086956522,1928.0,1872.0
2025-12-20,48,2,ensemble,2026-01-03,2372.0,1682.0,374.0186956521739,690.0,1413.0
2025-12-20,48,2,baseline,2026-01-03,2372.0,903.0,1131.4765217391305,1469.0,1413.0
2025-12-20,48,3,ensemble,2026-01-10,1828.0,1741.0,198.19217391304352,87.0,869.0
2025-12-20,48,3,baseline,2026-01-10,1828.0,903.0,602.5226086956521,925.0,869.0
2025-12-20,49,1,ensemble,2025-12-27,234.0,124.0,70.3695652173913,110.0,170.0
2025-12-20,49,1,baseline,2025-12-27,234.0,64.0,147.84521739130435,170.0,170.0
2025-12-20,49,2,ensemble,2026-01-03,262.0,136.0,77.57391304347826,126.0,198.0
2025-12-20,49,2,baseline,2026-01-03,262.0,64.0,170.15391304347827,198.0,198.0
2025-12-20,49,3,ensemble,2026-01-10,160.0,126.0,18.79826086956522,34.0,96.0
2025-12-20,49,3,baseline,2026-01-10,160.0,64.0,67.65521739130435,96.0,96.0
2025-12-20,50,1,ensemble,2025-12-27,43.0,11.0,23.06695652173913,32.0,34.0
2025-12-20,50,1,baseline,2025-12-27,43.0,6.0,28.09304347826087,37.0,34.0
2025-12-20,50,2,ensemble,2026-01-03,58.0,13.0,33.96391304347826,45.0,49.0
2025-12-20,50,2,baseline,2026-01-03,58.0,6.0,40.16608695652174,52.0,49.0
2025-12-20,50,3,ensemble,2026-01-10,48.0,15.0,21.786956521739135,33.0,39.0
2025-12-20,50,3,baseline,2026-01-10,48.0,6.0,28.96,42.0,39.0
2025-12-20,51,1,ensemble,2025-12-27,843.0,333.0,389.8186956521739,510.0,648.0
2025-12-20,51,1,baseline,2025-12-27,843.0,180.0,579.5478260869564,663.0,648.0
2025-12-20,51,2,ensemble,2026-01-03,1141.0,370.0,609.8226086956522,771.0,946.0
2025-12-20,51,2,baseline,2026-01-03,1141.0,180.0,858.0943478260871,961.0,946.0
2025-12-20,51,3,ensemble,2026-01-10,862.0,397.0,310.94,465.0,667.0
2025-12-20,51,3,baseline,2026-01-10,862.0,180.0,563.3343478260871,682.0,667.0
2025-12-20,53,1,ensemble,2025-12-27,164.0,80.0,47.90391304347826,84.0,105.0
2025-12-20,53,1,baseline,2025-12-27,164.0,36.0,85.00478260869566,128.0,105.0
2025-12-20,53,2,ensemble,2026-01-03,250.0,93.0,97.63347826086957,157.0,191.0
2025-12-20,53,2,baseline,2026-01-03,250.0,36.0,143.28652173913045,214.0,191.0
2025-12-20,53,3,ensemble,2026-01-10,261.0,98.0,98.59304347826084,163.0,202.0
2025-12-20,53,3,baseline,2026-01-10,261.0,36.0,143.4786956521739,225.0,202.0
2025-12-20,54,1,ensemble,2025-12-27,192.0,52.0,110.62043478260871,140.0,166.0
2025-12-20,54,1,baseline,2025-12-27,192.0,26.0,125.67391304347828,166.0,166.0
2025-12-20,54,2,ensemble,2026-01-03,229.0,65.0,123.75869565217393,164.0,203.0
2025-12-20,54,2,baseline,2026-01-03,229.0,26.0,153.27347826086958,203.0,203.0
2025-12-20,54,3,ensemble,2026-01-10,203.0,63.0,86.67608695652174,140.0,177.0
2025-12-20,54,3,baseline,2026-01-10,203.0,26.0,120.80043478260873,177.0,177.0
2025-12-20,55,1,ensemble,2025-12-27,757.0,229.0,415.5908695652175,528.0,596.0
2025-12-20,55,1,baseline,2025-12-27,757.0,120.0,572.174347826087,637.0,596.0
2025-12-20,55,2,ensemble,2026-01-03,1059.0,277.0,651.7591304347826,782.0,898.0
2025-12-20,55,2,baseline,2026-01-03,1059.0,120.0,859.558695652174,939.0,898.0
2025-12-20,55,3,ensemble,2026-01-10,717.0,334.0,252.42130434782607,383.0,556.0
2025-12-20,55,3,baseline,2026-01-10,717.0,120.0,505.2052173913043,597.0,556.0
2025-12-20,56,1,ensemble,2025-12-27,57.0,28.0,17.41695652173913,29.0,36.0
2025-12-20,56,1,baseline,2025-12-27,57.0,17.0,27.971739130434777,40.0,36.0
2025-12-20,56,2,ensemble,2026-01-03,58.0,30.0,15.362608695652176,28.0,37.0
2025-12-20,56,2,baseline,2026-01-03,58.0,17.0,26.853043478260865,41.0,37.0
2025-12-20,56,3,ensemble,2026-01-10,56.0,28.0,15.20739130434783,28.0,35.0
2025-12-20,56,3,baseline,2026-01-10,56.0,17.0,23.784347826086965,39.0,35.0
2025-12-27,01,1,ensemble,2026-01-03,501.0,416.0,49.80782608695652,85.0,226.0
2025-12-27,01,1,baseline,2026-01-03,501.0,259.0,183.1469565217391,242.0,226.0
2025-12-27,01,2,ensemble,2026-01-10,316.0,433.0,64.54652173913044,117.0,41.0
2025-12-27,01,2,baseline,2026-01-10,316.0,259.0,33.61043478260869,57.0,41.0
2025-12-27,01,3,ensemble,2026-01-17,206.0,420.0,120.64782608695653,214.0,69.0
2025-12-27,01,3,baseline,2026-01-17,206.0,259.0,31.83391304347826,53.0,69.0
2025-12-27,02,1,ensemble,2026-01-03,75.0,53.0,10.933043478260869,22.0,30.0
2025-12-27,02,1,baseline,2026-01-03,75.0,38.0,28.497391304347822,37.0,30.0
2025-12-27,02,2,ensemble,2026-01-10,46.0,51.0,5.22913043478261,5.0,1.0
2025-12-27,02,2,baseline,2026-01-10,46.0,38.0,4.622608695652175,8.0,1.0
2025-12-27,02,3,ensemble,2026-01-17,38.0,50.0,7.038260869565218,12.0,7.0
2025-12-27,02,3,baseline,2026-01-17,38.0,38.0,2.8069565217391306,0.0,7.0
2025-12-27,04,1,ensemble,2026-01-03,362.0,213.0,83.83565217391303,149.0,230.0
2025-12-27,04,1,baseline,2026-01-03,362.0,133.0,145.96999999999997,229.0,230.0
2025-12-27,04,2,ensemble,2026-01-10,223.0,234.0,26.774782608695656,11.0,91.0
2025-12-27,04,2,baseline,2026-01-10,223.0,133.0,52.392173913043486,90.0,91.0
2025-12-27,04,3,ensemble,2026-01-17,145.0,253.0,65.40304347826087,108.0,13.0
2025-12-27,04,3,baseline,2026-01-17,145.0,133.0,32.1008695652174,12.0,13.0
2025-12-27,05,1,ensemble,2026-01-03,278.0,230.0,28.319565217391304,48.0,133.0
2025-12-27,05,1,baseline,2026-01-03,278.0,142.0,94.06695652173917,136.0,133.0
2025-12-27,05,2,ensemble,2026-01-10,163.0,253.0,49.82652173913044,90.0,18.0
2025-12-27,05,2,baseline,2026-01-10,163.0,142.0,15.768695652173916,21.0,18.0
2025-12-27,05,3,ensemble,2026-01-17,142.0,259.0,71.23826086956521,117.0,3.0
2025-12-27,05,3,baseline,2026-01-17,142.0,142.0,14.875217391304348,0.0,3.0
2025-12-27,06,1,ensemble,2026-01-03,1568.0,1112.0,260.7921739130434,456.0,849.0
2025-12-27,06,1,baseline,2026-01-03,1568.0,611.0,675.5873913043478,957.0,849.0
2025-12-27,06,2,ensemble,2026-01-10,1494.0,1185.0,180.28826086956522,309.0,775.0
2025-12-27,06,2,baseline,2026-01-10,1494.0,611.0,568.9478260869565,883.0,775.0
2025-12-27,06,3,ensemble,2026-01-17,1396.0,1296.0,177.8017391304348,100.0,677.0
2025-12-27,06,3,baseline,2026-01-17,1396.0,611.0,468.1934782608696,785.0,677.0
2025-12-27,08,1,ensemble,2026-01-03,830.0,658.0,95.60608695652174,172.0,313.0
2025-12-27,08,1,baseline,2026-01-03,830.0,511.0,259.79521739130433,319.0,313.0
2025-12-27,08,2,ensemble,2026-01-10,475.0,622.0,83.5508695652174,147.0,42.0
2025-12-27,08,2,baseline,2026-01-10,475.0,511.0,22.39,36.0,42.0
2025-12-27,08,3,ensemble,2026-01-17,270.0,580.0,180.4739130434783,310.0,247.0
2025-12-27,08,3,baseline,2026-01-17,270.0,511.0,164.99695652173912,241.0,247.0
2025-12-27,09,1,ensemble,2026-01-03,778.0,557.0,116.86391304347826,221.0,331.0
2025-12-27,09,1,baseline,2026-01-03,778.0,447.0,284.9565217391304,331.0,331.0
2025-12-27,09,2,ensemble,2026-01-10,478.0,504.0,44.98869565217392,26.0,31.0
2025-12-27,09,2,baseline,2026-01-10,478.0,447.0,18.920000000000005,31.0,31.0
2025-12-27,09,3,ensemble,2026-01-17,240.0,469.0,144.61608695652174,229.0,207.0
2025-12-27,09,3,baseline,2026-01-17,240.0,447.0,144.29695652173913,207.0,207.0
2025-12-27,10,1,ensemble,2026-01-03,209.0,143.0,34.638695652173915,66.0,110.0
2025-12-27,10,1,baseline,2026-01-03,209.0,99.0,91.07999999999998,110.0,110.0
2025-12-27,10,2,ensemble,2026-01-10,174.0,130.0,20.39695652173913,44.0,75.0
2025-12-27,10,2,baseline,2026-01-10,174.0,99.0,52.89913043478262,75.0,75.0
2025-12-27,10,3,ensemble,2026-01-17,134.0,128.0,14.139130434782611,6.0,35.0
2025-12-27,10,3,baseline,2026-01-17,134.0,99.0,20.838260869565215,35.0,35.0
2025-12-27,11,1,ensemble,2026-01-03,106.0,49.0,34.02130434782609,57.0,59.0
2025-12-27,11,1,baseline,2026-01-03,106.0,34.0,56.429130434782614,72.0,59.0
2025-12-27,11,2,ensemble,2026-01-10,83.0,50.0,18.510869565217394,33.0,36.0
2025-12-27,11,2,baseline,2026-01-10,83.0,34.0,33.43391304347826,49.0,36.0
2025-12-27,11,3,ensemble,2026-01-17,50.0,47.0,6.496956521739132,3.0,3.0
2025-12-27,11,3,baseline,2026-01-17,50.0,34.0,8.966521739130433,16.0,3.0
2025-12-27,12,1,ensemble,2026-01-03,2604.0,1954.0,348.7952173913044,650.0,1068.0
2025-12-27,12,1,baseline,2026-01-03,2604.0,1360.0,1047.1165217391303,1244.0,1068.0
2025-12-27,12,2,ensemble,2026-01-10,2469.0,1933.0,254.8169565217391,536.0,933.0
2025-12-27,12,2,baseline,2026-01-10,2469.0,1360.0,869.1286956521739,1109.0,933.0
2025-12-27,12,3,ensemble,2026-01-17,1788.0,1921.0,162.29304347826087,133.0,252.0
2025-12-27,12,3,baseline,2026-01-17,1788.0,1360.0,249.02782608695654,428.0,252.0
2025-12-27,13,1,ensemble,2026-01-03,1317.0,724.0,395.9113043478261,593.0,642.0
2025-12-27,13,1,baseline,2026-01-03,1317.0,393.0,821.0321739130435,924.0,642.0
2025-12-27,13,2,ensemble,2026-01-10,707.0,748.0,69.0904347826087,41.0,32.0
2025-12-27,13,2,baseline,2026-01-10,707.0,393.0,207.78521739130431,314.0,32.0
2025-12-27,13,3,ensemble,2026-01-17,349.0,761.0,233.63173913043485,412.0,326.0
2025-12-27,13,3,baseline,2026-01-17,349.0,393.0,35.966956521739135,44.0,326.0
2025-12-27,15,1,ensemble,2026-01-03,110.0,102.0,8.090434782608694,8.0,27.0
2025-12-27,15,1,baseline,2026-01-03,110.0,79.0,22.17130434782609,31.0,27.0
2025-12-27,15,2,ensemble,2026-01-10,83.0,91.0,9.213043478260872,8.0,0.0
2025-12-27,15,2,baseline,2026-01-10,83.0,79.0,3.198260869565217,4.0,0.0
2025-12-27,15,3,ensemble,2026-01-17,50.0,86.0,19.533043478260872,36.0,33.0
2025-12-27,15,3,baseline,2026-01-17,50.0,79.0,18.004347826086956,29.0,33.0
2025-12-27,16,1,ensemble,2026-01-03,235.0,131.0,62.056521739130446,104.0,133.0
2025-12-27,16,1,baseline,2026-01-03,235.0,84.0,121.8313043478261,151.0,133.0
2025-12-27,16,2,ensemble,2026-01-10,157.0,125.0,20.33478260869565,32.0,55.0
2025-12-27,16,2,baseline,2026-01-10,157.0,84.0,46.485652173913046,73.0,55.0
2025-12-27,16,3,ensemble,2026-01-17,120.0,117.0,15.494347826086956,3.0,18.0
2025-12-27,16,3,baseline,2026-01-17,120.0,84.0,20.343478260869563,36.0,18.0
2025-12-27,17,1,ensemble,2026-01-03,1741.0,975.0,459.30304347826086,766.0,1130.0
2025-12-27,17,1,baseline,2026-01-03,1741.0,557.0,1054.84,1184.0,1130.0
2025-12-27,17,2,ensemble,2026-01-10,1193.0,937.0,135.79304347826087,256.0,582.0
2025-12-27,17,2,baseline,2026-01-10,1193.0,557.0,476.88304347826084,636.0,582.0
2025-12-27,17,3,ensemble,2026-01-17,751.0,974.0,142.87217391304353,223.0,140.0
2025-12-27,17,3,baseline,2026-01-17,751.0,557.0,110.10260869565218,194.0,140.0
2025-12-27,18,1,ensemble,2026-01-03,906.0,533.0,201.29652173913047,373.0,555.0
2025-12-27,18,1,baseline,2026-01-03,906.0,311.0,486.99173913043484,595.0,555.0
2025-12-27,18,2,ensemble,2026-01-10,642.0,562.0,59.433913043478285,80.0,291.0
2025-12-27,18,2,baseline,2026-01-10,642.0,311.0,218.31565217391307,331.0,291.0
2025-12-27,18,3,ensemble,2026-01-17,383.0,593.0,112.21652173913044,210.0,32.0
2025-12-27,18,3,baseline,2026-01-17,383.0,311.0,47.408695652173925,72.0,32.0
2025-12-27,19,1,ensemble,2026-01-03,382.0,149.0,178.66782608695655,233.0,292.0
2025-12-27,19,1,baseline,2026-01-03,382.0,76.0,269.7291304347826,306.0,292.0
2025-12-27,19,2,ensemble,2026-01-10,280.0,150.0,69.25999999999999,130.0,190.0
2025-12-27,19,2,baseline,2026-01-10,280.0,76.0,159.73304347826087,204.0,190.0
2025-12-27,19,3,ensemble,2026-01-17,261.0,166.0,48.00043478260869,95.0,171.0
2025-12-27,19,3,baseline,2026-01-17,261.0,76.0,133.1195652173913,185.0,171.0
2025-12-27,20,1,ensemble,2026-01-03,353.0,156.0,122.89652173913043,197.0,252.0
2025-12-27,20,1,baseline,2026-01-03,353.0,92.0,224.48652173913047,261.0,252.0
2025-12-27,20,2,ensemble,2026-01-10,268.0,169.0,49.46130434782607,99.0,167.0
2025-12-27,20,2,baseline,2026-01-10,268.0,92.0,131.4804347826087,176.0,167.0
2025-12-27,20,3,ensemble,2026-01-17,189.0,177.0,21.522608695652174,12.0,88.0
2025-12-27,20,3,baseline,2026-01-17,189.0,92.0,58.996956521739136,97.0,88.0
2025-12-27,21,1,ensemble,2026-01-03,631.0,333.0,184.18478260869568,298.0,400.0
2025-12-27,21,1,baseline,2026-01-03,631.0,173.0,371.7060869565218,458.0,400.0
2025-12-27,21,2,ensemble,2026-01-10,438.0,327.0,59.45217391304348,111.0,207.0
2025-12-27,21,2,baseline,2026-01-10,438.0,173.0,175.3573913043478,265.0,207.0
2025-12-27,21,3,ensemble,2026-01-17,329.0,349.0,45.54869565217392,20.0,98.0
2025-12-27,21,3,baseline,2026-01-17,329.0,173.0,89.33695652173911,156.0,98.0
2025-12-27,22,1,ensemble,2026-01-03,662.0,553.0,60.34217391304348,109.0,229.0
2025-12-27,22,1,baseline,2026-01-03,662.0,424.0,183.7873913043478,238.0,229.0
2025-12-27,22,2,ensemble,2026-01-10,438.0,530.0,60.532608695652186,92.0,5.0
2025-12-27,22,2,baseline,2026-01-10,438.0,424.0,15.515652173913043,14.0,5.0
2025-12-27,22,3,ensemble,2026-01-17,296.0,526.0,119.66086956521738,230.0,137.0
2025-12-27,22,3,baseline,2026-01-17,296.0,424.0,74.78695652173914,128.0,137.0
2025-12-27,23,1,ensemble,2026-01-03,255.0,122.0,84.65086956521739,133.0,173.0
2025-12-27,23,1,baseline,2026-01-03,255.0,75.0,160.4095652173913,180.0,173.0
2025-12-27,23,2,ensemble,2026-01-10,172.0,123.0,24.90434782608696,49.0,90.0
2025-12-27,23,2,baseline,2026-01-10,172.0,75.0,73.42956521739131,97.0,90.0
2025-12-27,23,3,ensemble,2026-01-17,118.0,122.0,16.30695652173913,4.0,36.0
2025-12-27,23,3,baseline,2026-01-17,118.0,75.0,25.551304347826086,43.0,36.0
2025-12-27,24,1,ensemble,2026-01-03,824.0,608.0,113.51478260869565,216.0,416.0
2025-12-27,24,1,baseline,2026-01-03,824.0,380.0,379.5708695652174,444.0,416.0
2025-12-27,24,2,ensemble,2026-01-10,602.0,583.0,55.38173913043479,19.0,194.0
2025-12-27,24,2,baseline,2026-01-10,602.0,380.0,152.34521739130435,222.0,194.0
2025-12-27,24,3,ensemble,2026-01-17,294.0,584.0,161.6617391304348,290.0,114.0
2025-12-27,24,3,baseline,2026-01-17,294.0,380.0,48.31913043478261,86.0,114.0
2025-12-27,25,1,ensemble,2026-01-03,1281.0,771.0,290.88565217391306,510.0,790.0
2025-12-27,25,1,baseline,2026-01-03,1281.0,440.0,746.2752173913044,841.0,790.0
2025-12-27,25,2,ensemble,2026-01-10,925.0,773.0,88.28565217391305,152.0,434.0
2025-12-27,25,2,baseline,2026-01-10,925.0,440.0,368.5617391304348,485.0,434.0
2025-12-27,25,3,ensemble,2026-01-17,529.0,783.0,153.2091304347826,254.0,38.0
2025-12-27,25,3,baseline,2026-01-17,529.0,440.0,52.3091304347826,89.0,38.0
2025-12-27,26,1,ensemble,2026-01-03,1263.0,638.0,415.73391304347825,625.0,793.0
2025-12-27,26,1,baseline,2026-01-03,1263.0,378.0,763.0339130434783,885.0,793.0
2025-12-27,26,2,ensemble,2026-01-10,923.0,643.0,152.75608695652178,280.0,453.0
2025-12-27,26,2,baseline,2026-01-10,923.0,378.0,394.60956521739126,545.0,453.0
2025-12-27,26,3,ensemble,2026-01-17,532.0,662.0,88.17521739130437,130.0,62.0
2025-12-27,26,3,baseline,2026-01-17,532.0,378.0,86.08130434782609,154.0,62.0
2025-12-27,27,1,ensemble,2026-01-03,1063.0,797.0,143.91347826086957,266.0,521.0
2025-12-27,27,1,baseline,2026-01-03,1063.0,538.0,462.925652173913,525.0,521.0
2025-12-27,27,2,ensemble,2026-01-10,705.0,776.0,63.366956521739134,71.0,163.0
2025-12-27,27,2,baseline,2026-01-10,705.0,538.0,110.37608695652176,167.0,163.0
2025-12-27,27,3,ensemble,2026-01-17,415.0,734.0,172.50826086956522,319.0,127.0
2025-12-27,27,3,baseline,2026-01-17,415.0,538.0,73.69652173913045,123.0,127.0
2025-12-27,28,1,ensemble,2026-01-03,230.0,222.0,17.37,8.0,83.0
2025-12-27,28,1,baseline,2026-01-03,230.0,140.0,60.03782608695653,90.0,83.0
2025-12-27,28,2,ensemble,2026-01-10,194.0,216.0,23.853913043478265,22.0,47.0
2025-12-27,28,2,baseline,2026-01-10,194.0,140.0,31.237826086956524,54.0,47.0
2025-12-27,28,3,ensemble,2026-01-17,142.0,224.0,46.45043478260869,82.0,5.0
2025-12-27,28,3,baseline,2026-01-17,142.0,140.0,11.509999999999998,2.0,5.0
2025-12-27,29,1,ensemble,2026-01-03,941.0,263.0,531.7730434782608,678.0,680.0
2025-12-27,29,1,baseline,2026-01-03,941.0,146.0,697.8326086956522,795.0,680.0
2025-12-27,29,2,ensemble,2026-01-10,522.0,282.0,135.57260869565218,240.0,261.0
2025-12-27,29,2,baseline,2026-01-10,522.0,146.0,261.6365217391304,376.0,261.0
2025-12-27,29,3,ensemble,2026-01-17,523.0,328.0,100.68521739130438,195.0,262.0
2025-12-27,29,3,baseline,2026-01-17,523.0,146.0,249.49652173913043,377.0,262.0
2025-12-27,30,1,ensemble,2026-01-03,151.0,42.0,83.29130434782608,109.0,111.0
2025-12-27,30,1,baseline,2026-01-03,151.0,26.0,109.26391304347827,125.0,111.0
2025-12-27,30,2,ensemble,2026-01-10,123.0,44.0,50.96478260869566,79.0,83.0
2025-12-27,30,2,baseline,2026-01-10,123.0,26.0,77.38217391304349,97.0,83.0
2025-12-27,30,3,ensemble,2026-01-17,82.0,45.0,18.78217391304348,37.0,42.0
2025-12-27,30,3,baseline,2026-01-17,82.0,26.0,35.2804347826087,56.0,42.0
2025-12-27,31,1,ensemble,2026-01-03,202.0,108.0,48.24130434782607,94.0,130.0
2025-12-27,31,1,baseline,2026-01-03,202.0,67.0,112.72478260869563,135.0,130.0
2025-12-27,31,2,ensemble,2026-01-10,165.0,121.0,23.93478260869565,44.0,93.0
2025-12-27,31,2,baseline,2026-01-10,165.0,67.0,71.01434782608695,98.0,93.0
2025-12-27,31,3,ensemble,2026-01-17,125.0,130.0,18.203478260869563,5.0,53.0
2025-12-27,31,3,baseline,2026-01-17,125.0,67.0,35.11217391304348,58.0,53.0
2025-12-27,32,1,ensemble,2026-01-03,249.0,191.0,30.10130434782609,58.0,121.0
2025-12-27,32,1,baseline,2026-01-03,249.0,117.0,97.85739130434784,132.0,121.0
2025-12-27,32,2,ensemble,2026-01-10,199.0,181.0,22.362608695652174,18.0,71.0
2025-12-27,32,2,baseline,2026-01-10,199.0,117.0,51.40956521739131,82.0,71.0
2025-12-27,32,3,ensemble,2026-01-17,127.0,175.0,31.313478260869566,48.0,1.0
2025-12-27,32,3,baseline,2026-01-17,127.0,117.0,11.292608695652175,10.0,1.0
2025-12-27,33,1,ensemble,2026-01-03,290.0,121.0,116.1282608695652,169.0,195.0
2025-12-27,33,1,baseline,2026-01-03,290.0,84.0,190.6930434782609,206.0,195.0
2025-12-27,33,2,ensemble,2026-01-10,224.0,123.0,56.479565217391304,101.0,129.0
2025-12-27,33,2,baseline,2026-01-10,224.0,84.0,121.48608695652175,140.0,129.0
2025-12-27,33,3,ensemble,2026-01-17,154.0,125.0,18.59521739130435,29.0,59.0
2025-12-27,33,3,baseline,2026-01-17,154.0,84.0,49.059999999999995,70.0,59.0
2025-12-27,34,1,ensemble,2026-01-03,1724.0,1400.0,160.0408695652174,324.0,642.0
2025-12-27,34,1,baseline,2026-01-03,1724.0,1044.0,555.3191304347827,680.0,642.0
2025-12-27,34,2,ensemble,2026-01-10,1208.0,1411.0,141.11739130434785,203.0,126.0
2025-12-27,34,2,baseline,2026-01-10,1208.0,1044.0,94.37521739130433,164.0,126.0
2025-12-27,34,3,ensemble,2026-01-17,653.0,1314.0,395.675652173913,661.0,429.0
2025-12-27,34,3,baseline,2026-01-17,653.0,1044.0,245.3813043478261,391.0,429.0
2025-12-27,35,1,ensemble,2026-01-03,409.0,234.0,101.41260869565218,175.0,239.0
2025-12-27,35,1,baseline,2026-01-03,409.0,161.0,215.79217391304348,248.0,239.0
2025-12-27,35,2,ensemble,2026-01-10,247.0,244.0,23.340869565217393,3.0,77.0
2025-12-27,35,2,baseline,2026-01-10,247.0,161.0,54.349130434782616,86.0,77.0
2025-12-27,35,3,ensemble,2026-01-17,147.0,235.0,47.41173913043478,88.0,23.0
2025-12-27,35,3,baseline,2026-01-17,147.0,161.0,11.942173913043476,14.0,23.0
2025-12-27,36,1,ensemble,2026-01-03,3800.0,2954.0,456.9056521739132,846.0,622.0
2025-12-27,36,1,baseline,2026-01-03,3800.0,2385.0,1215.9052173913044,1415.0,622.0
2025-12-27,36,2,ensemble,2026-01-10,2387.0,2902.0,279.91565217391303,515.0,791.0
2025-12-27,36,2,baseline,2026-01-10,2387.0,2385.0,51.76260869565218,2.0,791.0
2025-12-27,36,3,ensemble,2026-01-17,1233.0,2504.0,699.065652173913,1271.0,1945.0
2025-12-27,36,3,baseline,2026-01-17,1233.0,2385.0,868.0478260869567,1152.0,1945.0
2025-12-27,37,1,ensemble,2026-01-03,2458.0,1415.0,619.6665217391305,1043.0,1225.0
2025-12-27,37,1,baseline,2026-01-03,2458.0,1045.0,1274.4273913043478,1413.0,1225.0
2025-12-27,37,2,ensemble,2026-01-10,1419.0,1358.0,120.98478260869565,61.0,186.0
2025-12-27,37,2,baseline,2026-01-10,1419.0,1045.0,239.89695652173918,374.0,186.0
2025-12-27,37,3,ensemble,2026-01-17,645.0,1359.0,379.5834782608696,714.0,588.0
2025-12-27,37,3,baseline,2026-01-17,645.0,1045.0,248.96304347826086,400.0,588.0
2025-12-27,38,1,ensemble,2026-01-03,159.0,83.0,46.61130434782608,76.0,105.0
2025-12-27,38,1,baseline,2026-01-03,159.0,55.0,93.57304347826089,104.0,105.0
2025-12-27,38,2,ensemble,2026-01-10,103.0,81.0,12.463478260869564,22.0,49.0
2025-12-27,38,2,baseline,2026-01-10,103.0,55.0,35.20521739130435,48.0,49.0
2025-12-27,38,3,ensemble,2026-01-17,94.0,83.0,10.259565217391305,11.0,40.0
2025-12-27,38,3,baseline,2026-01-17,94.0,55.0,25.29391304347826,39.0,40.0
2025-12-27,39,1,ensemble,2026-01-03,1958.0,1202.0,419.42956521739126,756.0,1213.0
2025-12-27,39,1,baseline,2026-01-03,1958.0,702.0,1066.8508695652174,1256.0,1213.0
2025-12-27,39,2,ensemble,2026-01-10,1377.0,1351.0,118.56826086956521,26.0,632.0
2025-12-27,39,2,baseline,2026-01-10,1377.0,702.0,458.6978260869566,675.0,632.0
2025-12-27,39,3,ensemble,2026-01-17,858.0,1331.0,273.4391304347826,473.0,113.0
2025-12-27,39,3,baseline,2026-01-17,858.0,702.0,96.52521739130432,156.0,113.0
2025-12-27,40,1,ensemble,2026-01-03,245.0,97.0,99.96434782608696,148.0,158.0
2025-12-27,40,1,baseline,2026-01-03,245.0,47.0,133.2582608695652,198.0,158.0
2025-12-27,40,2,ensemble,2026-01-10,169.0,120.0,26.59304347826087,49.0,82.0
2025-12-27,40,2,baseline,2026-01-10,169.0,47.0,70.5091304347826,122.0,82.0
2025-12-27,40,3,ensemble,2026-01-17,168.0,140.0,21.905217391304348,28.0,81.0
2025-12-27,40,3,baseline,2026-01-17,168.0,47.0,64.91086956521738,121.0,81.0
2025-12-27,41,1,ensemble,2026-01-03,198.0,62.0,102.57043478260869,136.0,141.0
2025-12-27,41,1,baseline,2026-01-03,198.0,33.0,115.37304347826084,165.0,141.0
2025-12-27,41,2,ensemble,2026-01-10,170.0,71.0,61.04478260869565,99.0,113.0
2025-12-27,41,2,baseline,2026-01-10,170.0,33.0,86.42652173913044,137.0,113.0
2025-12-27,41,3,ensemble,2026-01-17,203.0,78.0,73.64434782608696,125.0,146.0
2025-12-27,41,3,baseline,2026-01-17,203.0,33.0,104.6504347826087,170.0,146.0
2025-12-27,42,1,ensemble,2026-01-03,3316.0,1978.0,936.705652173913,1338.0,2060.0
2025-12-27,42,1,baseline,2026-01-03,3316.0,1241.0,1857.5821739130438,2075.0,2060.0
2025-12-27,42,2,ensemble,2026-01-10,2248.0,1835.0,230.7565217391304,413.0,992.0
2025-12-27,42,2,baseline,2026-01-10,2248.0,1241.0,744.1165217391305,1007.0,992.0
2025-12-27,42,3,ensemble,2026-01-17,1870.0,1788.0,179.98739130434782,82.0,614.0
2025-12-27,42,3,baseline,2026-01-17,1870.0,1241.0,388.7908695652174,629.0,614.0
2025-12-27,44,1,ensemble,2026-01-03,285.0,169.0,73.80695652173912,116.0,144.0
2025-12-27,44,1,baseline,2026-01-03,285.0,127.0,144.44521739130434,158.0,144.0
2025-12-27,44,2,ensemble,2026-01-10,159.0,162.0,13.955217391304345,3.0,18.0
2025-12-27,44,2,baseline,2026-01-10,159.0,127.0,20.030434782608697,32.0,18.0
2025-12-27,44,3,ensemble,2026-01-17,83.0,151.0,34.54347826086956,68.0,58.0
2025-12-27,44,3,baseline,2026-01-17,83.0,127.0,27.997391304347822,44.0,58.0
2025-12-27,45,1,ensemble,2026-01-03,891.0,623.0,144.60608695652175,268.0,500.0
2025-12-27,45,1,baseline,2026-01-03,891.0,379.0,434.5939130434783,512.0,500.0
2025-12-27,45,2,ensemble,2026-01-10,559.0,628.0,61.08739130434782,69.0,168.0
2025-12-27,45,2,baseline,2026-01-10,559.0,379.0,115.46130434782607,180.0,168.0
2025-12-27,45,3,ensemble,2026-01-17,300.0,681.0,208.0769565217391,381.0,91.0
2025-12-27,45,3,baseline,2026-01-17,300.0,379.0,46.38260869565217,79.0,91.0
2025-12-27,46,1,ensemble,2026-01-03,108.0,38.0,50.98391304347827,70.0,82.0
2025-12-27,46,1,baseline,2026-01-03,108.0,21.0,72.69043478260869,87.0,82.0
2025-12-27,46,2,ensemble,2026-01-10,64.0,42.0,12.966956521739128,22.0,38.0
2025-12-27,46,2,baseline,2026-01-10,64.0,21.0,28.515217391304343,43.0,38.0
2025-12-27,46,3,ensemble,2026-01-17,78.0,46.0,18.188695652173916,32.0,52.0
2025-12-27,46,3,baseline,2026-01-17,78.0,21.0,38.33695652173913,57.0,52.0
2025-12-27,47,1,ensemble,2026-01-03,863.0,519.0,181.16826086956524,344.0,517.0
2025-12-27,47,1,baseline,2026-01-03,863.0,340.0,432.1221739130435,523.0,517.0
2025-12-27,47,2,ensemble,2026-01-10,519.0,521.0,41.757391304347834,2.0,173.0
2025-12-27,47,2,baseline,2026-01-10,519.0,340.0,110.00826086956523,179.0,173.0
2025-12-27,47,3,ensemble,2026-01-17,315.0,532.0,125.81826086956522,217.0,31.0
2025-12-27,47,3,baseline,2026-01-17,315.0,340.0,28.372608695652175,25.0,31.0
2025-12-27,48,1,ensemble,2026-01-03,2372.0,2339.0,118.35217391304347,33.0,697.0
2025-12-27,48,1,baseline,2026-01-03,2372.0,1580.0,554.3317391304347,792.0,697.0
2025-12-27,48,2,ensemble,2026-01-10,1828.0,2402.0,325.2856521739131,574.0,153.0
2025-12-27,48,2,baseline,2026-01-10,1828.0,1580.0,141.68652173913043,248.0,153.0
2025-12-27,48,3,ensemble,2026-01-17,1208.0,2457.0,688.9460869565219,1249.0,467.0
2025-12-27,48,3,baseline,2026-01-17,1208.0,1580.0,206.83173913043484,372.0,467.0
2025-12-27,49,1,ensemble,2026-01-03,262.0,201.0,30.63826086956522,61.0,132.0
2025-12-27,49,1,baseline,2026-01-03,262.0,130.0,109.3195652173913,132.0,132.0
2025-12-27,49,2,ensemble,2026-01-10,160.0,201.0,25.945217391304347,41.0,30.0
2025-12-27,49,2,baseline,2026-01-10,160.0,130.0,17.836086956521736,30.0,30.0
2025-12-27,49,3,ensemble,2026-01-17,95.0,196.0,61.19347826086957,101.0,35.0
2025-12-27,49,3,baseline,2026-01-17,95.0,130.0,20.496086956521744,35.0,35.0
2025-12-27,50,1,ensemble,2026-01-03,58.0,18.0,30.25956521739131,40.0,45.0
2025-12-27,50,1,baseline,2026-01-03,58.0,10.0,38.84,48.0,45.0
2025-12-27,50,2,ensemble,2026-01-10,48.0,18.0,17.946521739130436,30.0,35.0
2025-12-27,50,2,baseline,2026-01-10,48.0,10.0,27.11304347826087,38.0,35.0
2025-12-27,50,3,ensemble,2026-01-17,34.0,19.0,7.718695652173914,15.0,21.0
2025-12-27,50,3,baseline,2026-01-17,34.0,10.0,14.641739130434782,24.0,21.0
2025-12-27,51,1,ensemble,2026-01-03,1141.0,535.0,434.83956521739134,606.0,784.0
2025-12-27,51,1,baseline,2026-01-03,1141.0,344.0,713.6295652173912,797.0,784.0
2025-12-27,51,2,ensemble,2026-01-10,862.0,571.0,165.4769565217391,291.0,505.0
2025-12-27,51,2,baseline,2026-01-10,862.0,344.0,414.7113043478262,518.0,505.0
2025-12-27,51,3,ensemble,2026-01-17,461.0,587.0,76.17869565217393,126.0,104.0
2025-12-27,51,3,baseline,2026-01-17,461.0,344.0,65.34478260869564,117.0,104.0
2025-12-27,53,1,ensemble,2026-01-03,250.0,182.0,37.936521739130434,68.0,134.0
2025-12-27,53,1,baseline,2026-01-03,250.0,115.0,91.31608695652176,135.0,134.0
2025-12-27,53,2,ensemble,2026-01-10,261.0,186.0,38.856521739130436,75.0,145.0
2025-12-27,53,2,baseline,2026-01-10,261.0,115.0,92.6426086956522,146.0,145.0
2025-12-27,53,3,ensemble,2026-01-17,206.0,196.0,29.65478260869565,10.0,90.0
2025-12-27,53,3,baseline,2026-01-17,206.0,115.0,51.66695652173914,91.0,90.0
2025-12-27,54,1,ensemble,2026-01-03,229.0,116.0,67.0508695652174,113.0,164.0
2025-12-27,54,1,baseline,2026-01-03,229.0,65.0,124.7295652173913,164.0,164.0
2025-12-27,54,2,ensemble,2026-01-10,203.0,129.0,38.34478260869565,74.0,138.0
2025-12-27,54,2,baseline,2026-01-10,203.0,65.0,93.31521739130434,138.0,138.0
2025-12-27,54,3,ensemble,2026-01-17,170.0,138.0,22.554347826086957,32.0,105.0
2025-12-27,54,3,baseline,2026-01-17,170.0,65.0,62.967826086956514,105.0,105.0
2025-12-27,55,1,ensemble,2026-01-03,1059.0,458.0,465.2308695652173,601.0,737.0
2025-12-27,55,1,baseline,2026-01-03,1059.0,258.0,736.1808695652173,801.0,737.0
2025-12-27,55,2,ensemble,2026-01-10,717.0,483.0,120.39217391304348,234.0,395.0
2025-12-27,55,2,baseline,2026-01-10,717.0,258.0,379.8847826086956,459.0,395.0
2025-12-27,55,3,ensemble,2026-01-17,450.0,510.0,56.67695652173913,60.0,128.0
2025-12-27,55,3,baseline,2026-01-17,450.0,258.0,119.84695652173914,192.0,128.0
2025-12-27,56,1,ensemble,2026-01-03,58.0,40.0,9.623043478260872,18.0,29.0
2025-12-27,56,1,baseline,2026-01-03,58.0,27.0,20.721739130434777,31.0,29.0
2025-12-27,56,2,ensemble,2026-01-10,56.0,41.0,8.03086956521739,15.0,27.0
2025-12-27,56,2,baseline,2026-01-10,56.0,27.0,17.76173913043478,29.0,27.0
2025-12-27,56,3,ensemble,2026-01-17,26.0,42.0,8.744782608695653,16.0,3.0
2025-12-27,56,3,baseline,2026-01-17,26.0,27.0,3.7582608695652184,1.0,3.0
2026-01-03,01,1,ensemble,2026-01-10,316.0,580.0,164.64434782608697,264.0,182.0
2026-01-03,01,1,baseline,2026-01-10,316.0,488.0,119.24304347826087,172.0,182.0
2026-01-03,01,2,ensemble,2026-01-17,206.0,541.0,234.3213043478261,335.0,292.0
2026-01-03,01,2,baseline,2026-01-17,206.0,488.0,207.1686956521739,282.0,292.0
2026-01-03,01,3,ensemble,2026-01-24,250.0,533.0,169.1708695652174,283.0,248.0
2026-01-03,01,3,baseline,2026-01-24,250.0,488.0,157.50739130434783,238.0,248.0
2026-01-03,02,1,ensemble,2026-01-10,46.0,77.0,18.553478260869564,31.0,40.0
2026-01-03,02,1,baseline,2026-01-10,46.0,68.0,14.516521739130434,22.0,40.0
2026-01-03,02,2,ensemble,2026-01-17,38.0,71.0,18.04826086956522,33.0,48.0
2026-01-03,02,2,baseline,2026-01-17,38.0,68.0,19.868695652173916,30.0,48.0
2026-01-03,02,3,ensemble,2026-01-24,26.0,65.0,23.436956521739127,39.0,60.0
2026-01-03,02,3,baseline,2026-01-24,26.0,68.0,29.596956521739138,42.0,60.0
2026-01-03,04,1,ensemble,2026-01-10,223.0,427.0,125.48869565217394,204.0,93.0
2026-01-03,04,1,baseline,2026-01-10,223.0,314.0,56.09521739130435,91.0,93.0
2026-01-03,04,2,ensemble,2026-01-17,145.0,470.0,206.46652173913043,325.0,171.0
2026-01-03,04,2,baseline,2026-01-17,145.0,314.0,97.70217391304347,169.0,171.0
2026-01-03,04,3,ensemble,2026-01-24,198.0,521.0,167.93391304347827,323.0,118.0
2026-01-03,04,3,baseline,2026-01-24,198.0,314.0,68.93739130434783,116.0,118.0
2026-01-03,05,1,ensemble,2026-01-10,163.0,356.0,119.58086956521736,193.0,134.0
2026-01-03,05,1,baseline,2026-01-10,163.0,257.0,60.1108695652174,94.0,134.0
2026-01-03,05,2,ensemble,2026-01-17,142.0,385.0,145.61304347826083,243.0,155.0
2026-01-03,05,2,baseline,2026-01-17,142.0,257.0,71.41608695652175,115.0,155.0
2026-01-03,05,3,ensemble,2026-01-24,167.0,396.0,128.9739130434783,229.0,130.0
2026-01-03,05,3,baseline,2026-01-24,167.0,257.0,50.73869565217392,90.0,130.0
2026-01-03,06,1,ensemble,2026-01-10,1494.0,1716.0,154.75260869565219,222.0,247.0
2026-01-03,06,1,baseline,2026-01-10,1494.0,1074.0,257.83130434782606,420.0,247.0
2026-01-03,06,2,ensemble,2026-01-17,1396.0,1815.0,271.77608695652174,419.0,149.0
2026-01-03,06,2,baseline,2026-01-17,1396.0,1074.0,186.34652173913045,322.0,149.0
2026-01-03,06,3,ensemble,2026-01-24,1624.0,1787.0,251.70391304347828,163.0,377.0
2026-01-03,06,3,baseline,2026-01-24,1624.0,1074.0,310.65130434782606,550.0,377.0
2026-01-03,08,1,ensemble,2026-01-10,475.0,778.0,169.5234782608696,303.0,343.0
2026-01-03,08,1,baseline,2026-01-10,475.0,759.0,219.38739130434777,284.0,343.0
2026-01-03,08,2,ensemble,2026-01-17,270.0,714.0,274.77956521739134,444.0,548.0
2026-01-03,08,2,baseline,2026-01-17,270.0,759.0,411.6817391304348,489.0,548.0
2026-01-03,08,3,ensemble,2026-01-24,183.0,657.0,302.4813043478261,474.0,635.0
2026-01-03,08,3,baseline,2026-01-24,183.0,759.0,486.9852173913043,576.0,635.0
2026-01-03,09,1,ensemble,2026-01-10,478.0,675.0,100.8595652173913,197.0,174.0
2026-01-03,09,1,baseline,2026-01-10,478.0,652.0,128.08260869565217,174.0,174.0
2026-01-03,09,2,ensemble,2026-01-17,240.0,604.0,221.04260869565223,364.0,412.0
2026-01-03,09,2,baseline,2026-01-17,240.0,652.0,350.3147826086956,412.0,412.0
2026-01-03,09,3,ensemble,2026-01-24,117.0,539.0,272.19652173913045,422.0,535.0
2026-01-03,09,3,baseline,2026-01-24,117.0,652.0,464.3695652173913,535.0,535.0
2026-01-03,10,1,ensemble,2026-01-10,174.0,229.0,30.498260869565225,55.0,37.0
2026-01-03,10,1,baseline,2026-01-10,174.0,211.0,24.756521739130434,37.0,37.0
2026-01-03,10,2,ensemble,2026-01-17,134.0,203.0,46.54217391304349,69.0,77.0
2026-01-03,10,2,baseline,2026-01-17,134.0,211.0,53.76565217391304,77.0,77.0
2026-01-03,10,3,ensemble,2026-01-24,101.0,214.0,56.36782608695653,113.0,110.0
2026-01-03,10,3,baseline,2026-01-24,101.0,211.0,80.75217391304348,110.0,110.0
2026-01-03,11,1,ensemble,2026-01-10,83.0,98.0,10.281304347826087,15.0,15.0
2026-01-03,11,1,baseline,2026-01-10,83.0,83.0,2.3895652173913047,0.0,15.0
2026-01-03,11,2,ensemble,2026-01-17,50.0,96.0,25.056086956521742,46.0,48.0
2026-01-03,11,2,baseline,2026-01-17,50.0,83.0,20.96913043478261,33.0,48.0
2026-01-03,11,3,ensemble,2026-01-24,33.0,91.0,33.28608695652174,58.0,65.0
2026-01-03,11,3,baseline,2026-01-24,33.0,83.0,32.470000000000006,50.0,65.0
2026-01-03,12,1,ensemble,2026-01-10,2469.0,2374.0,141.8008695652174,95.0,284.0
2026-01-03,12,1,baseline,2026-01-10,2469.0,1919.0,373.8330434782609,550.0,284.0
2026-01-03,12,2,ensemble,2026-01-17,1788.0,2363.0,325.84608695652173,575.0,397.0
2026-01-03,12,2,baseline,2026-01-17,1788.0,1919.0,81.77826086956523,131.0,397.0
2026-01-03,12,3,ensemble,2026-01-24,1533.0,2397.0,461.14521739130436,864.0,652.0
2026-01-03,12,3,baseline,2026-01-24,1533.0,1919.0,220.52260869565217,386.0,652.0
2026-01-03,13,1,ensemble,2026-01-10,707.0,1255.0,332.2482608695652,548.0,693.0
2026-01-03,13,1,baseline,2026-01-10,707.0,1048.0,239.1986956521739,341.0,693.0
2026-01-03,13,2,ensemble,2026-01-17,349.0,1227.0,587.7286956521741,878.0,1051.0
2026-01-03,13,2,baseline,2026-01-17,349.0,1048.0,563.0782608695654,699.0,1051.0
2026-01-03,13,3,ensemble,2026-01-24,342.0,1171.0,559.3347826086957,829.0,1058.0
2026-01-03,13,3,baseline,2026-01-24,342.0,1048.0,548.1556521739129,706.0,1058.0
2026-01-03,15,1,ensemble,2026-01-10,83.0,98.0,9.366956521739132,15.0,5.0
2026-01-03,15,1,baseline,2026-01-10,83.0,83.0,2.0530434782608697,0.0,5.0
2026-01-03,15,2,ensemble,2026-01-17,50.0,98.0,25.995652173913044,48.0,38.0
2026-01-03,15,2,baseline,2026-01-17,50.0,83.0,22.45826086956522,33.0,38.0
2026-01-03,15,3,ensemble,2026-01-24,45.0,88.0,23.60173913043479,43.0,43.0
2026-01-03,15,3,baseline,2026-01-24,45.0,83.0,25.543478260869566,38.0,43.0
2026-01-03,16,1,ensemble,2026-01-10,157.0,230.0,42.44739130434783,73.0,5.0
2026-01-03,16,1,baseline,2026-01-10,157.0,195.0,23.51565217391304,38.0,5.0
2026-01-03,16,2,ensemble,2026-01-17,120.0,225.0,62.59043478260869,105.0,32.0
2026-01-03,16,2,baseline,2026-01-17,120.0,195.0,47.72347826086957,75.0,32.0
2026-01-03,16,3,ensemble,2026-01-24,97.0,216.0,67.89652173913043,119.0,55.0
2026-01-03,16,3,baseline,2026-01-24,97.0,195.0,62.19695652173913,98.0,55.0
2026-01-03,17,1,ensemble,2026-01-10,1193.0,1797.0,336.8708695652174,604.0,298.0
2026-01-03,17,1,baseline,2026-01-10,1193.0,1366.0,107.43652173913043,173.0,298.0
2026-01-03,17,2,ensemble,2026-01-17,751.0,1776.0,671.2956521739131,1025.0,740.0
2026-01-03,17,2,baseline,2026-01-17,751.0,1366.0,443.80826086956523,615.0,740.0
2026-01-03,17,3,ensemble,2026-01-24,654.0,1768.0,702.7030434782608,1114.0,837.0
2026-01-03,17,3,baseline,2026-01-24,654.0,1366.0,509.764347826087,712.0,837.0
2026-01-03,18,1,ensemble,2026-01-10,642.0,854.0,103.59869565217389,212.0,57.0
2026-01-03,18,1,baseline,2026-01-10,642.0,603.0,28.041739130434784,39.0,57.0
2026-01-03,18,2,ensemble,2026-01-17,383.0,854.0,281.28130434782616,471.0,316.0
2026-01-03,18,2,baseline,2026-01-17,383.0,603.0,133.9626086956522,220.0,316.0
2026-01-03,18,3,ensemble,2026-01-24,316.0,833.0,323.66304347826093,517.0,383.0
2026-01-03,18,3,baseline,2026-01-24,316.0,603.0,173.53521739130437,287.0,383.0
2026-01-03,19,1,ensemble,2026-01-10,280.0,336.0,36.55391304347826,56.0,17.0
2026-01-03,19,1,baseline,2026-01-10,280.0,228.0,32.81,52.0,17.0
2026-01-03,19,2,ensemble,2026-01-17,261.0,346.0,50.415217391304346,85.0,2.0
2026-01-03,19,2,baseline,2026-01-17,261.0,228.0,20.034347826086954,33.0,2.0
2026-01-03,19,3,ensemble,2026-01-24,241.0,332.0,61.44608695652175,91.0,22.0
2026-01-03,19,3,baseline,2026-01-24,241.0,228.0,12.973913043478262,13.0,22.0
2026-01-03,20,1,ensemble,2026-01-10,268.0,344.0,47.113043478260856,76.0,1.0
2026-01-03,20,1,baseline,2026-01-10,268.0,261.0,6.978260869565218,7.0,1.0
2026-01-03,20,2,ensemble,2026-01-17,189.0,325.0,83.16565217391305,136.0,80.0
2026-01-03,20,2,baseline,2026-01-17,189.0,261.0,43.56608695652174,72.0,80.0
2026-01-03,20,3,ensemble,2026-01-24,213.0,332.0,63.619565217391305,119.0,56.0
2026-01-03,20,3,baseline,2026-01-24,213.0,261.0,27.52478260869565,48.0,56.0
2026-01-03,21,1,ensemble,2026-01-10,438.0,626.0,103.80826086956525,188.0,109.0
2026-01-03,21,1,baseline,2026-01-10,438.0,443.0,13.154782608695655,5.0,109.0
2026-01-03,21,2,ensemble,2026-01-17,329.0,606.0,161.46869565217392,277.0,218.0
2026-01-03,21,2,baseline,2026-01-17,329.0,443.0,66.48826086956522,114.0,218.0
2026-01-03,21,3,ensemble,2026-01-24,283.0,602.0,187.99695652173915,319.0,264.0
2026-01-03,21,3,baseline,2026-01-24,283.0,443.0,92.73130434782607,160.0,264.0
2026-01-03,22,1,ensemble,2026-01-10,438.0,495.0,41.563043478260866,57.0,250.0
2026-01-03,22,1,baseline,2026-01-10,438.0,421.0,13.143913043478264,17.0,250.0
2026-01-03,22,2,ensemble,2026-01-17,296.0,467.0,95.2017391304348,171.0,392.0
2026-01-03,22,2,baseline,2026-01-17,296.0,421.0,76.61521739130436,125.0,392.0
2026-01-03,22,3,ensemble,2026-01-24,334.0,457.0,67.75826086956523,123.0,354.0
2026-01-03,22,3,baseline,2026-01-24,334.0,421.0,48.49260869565217,87.0,354.0
2026-01-03,23,1,ensemble,2026-01-10,172.0,178.0,14.699130434782608,6.0,25.0
2026-01-03,23,1,baseline,2026-01-10,172.0,137.0,22.885217391304348,35.0,25.0
2026-01-03,23,2,ensemble,2026-01-17,118.0,173.0,33.28521739130435,55.0,29.0
2026-01-03,23,2,baseline,2026-01-17,118.0,137.0,11.357391304347827,19.0,29.0
2026-01-03,23,3,ensemble,2026-01-24,81.0,176.0,55.27434782608695,95.0,66.0
2026-01-03,23,3,baseline,2026-01-24,81.0,137.0,34.39347826086957,56.0,66.0
2026-01-03,24,1,ensemble,2026-01-10,602.0,692.0,58.85695652173912,90.0,58.0
2026-01-03,24,1,baseline,2026-01-10,602.0,553.0,29.305217391304343,49.0,58.0
2026-01-03,24,2,ensemble,2026-01-17,294.0,630.0,204.21217391304344,336.0,366.0
2026-01-03,24,2,baseline,2026-01-17,294.0,553.0,182.60130434782607,259.0,366.0
2026-01-03,24,3,ensemble,2026-01-24,169.0,622.0,278.934347826087,453.0,491.0
2026-01-03,24,3,baseline,2026-01-24,169.0,553.0,292.14130434782606,384.0,491.0
2026-01-03,25,1,ensemble,2026-01-10,925.0,1134.0,108.04652173913045,209.0,27.0
2026-01-03,25,1,baseline,2026-01-10,925.0,839.0,51.763478260869576,86.0,27.0
2026-01-03,25,2,ensemble,2026-01-17,529.0,1076.0,334.68913043478267,547.0,423.0
2026-01-03,25,2,baseline,2026-01-17,529.0,839.0,202.8734782608696,310.0,423.0
2026-01-03,25,3,ensemble,2026-01-24,254.0,1058.0,542.9965217391303,804.0,698.0
2026-01-03,25,3,baseline,2026-01-24,254.0,839.0,442.35173913043474,585.0,698.0
2026-01-03,26,1,ensemble,2026-01-10,923.0,1087.0,101.75347826086956,164.0,3.0
2026-01-03,26,1,baseline,2026-01-10,923.0,787.0,80.90521739130433,136.0,3.0
2026-01-03,26,2,ensemble,2026-01-17,532.0,1118.0,367.2317391304348,586.0,388.0
2026-01-03,26,2,baseline,2026-01-17,532.0,787.0,151.42434782608697,255.0,388.0
2026-01-03,26,3,ensemble,2026-01-24,412.0,1147.0,480.1126086956521,735.0,508.0
2026-01-03,26,3,baseline,2026-01-24,412.0,787.0,228.70478260869567,375.0,508.0
2026-01-03,27,1,ensemble,2026-01-10,705.0,946.0,136.91956521739132,241.0,239.0
2026-01-03,27,1,baseline,2026-01-10,705.0,865.0,111.7082608695652,160.0,239.0
2026-01-03,27,2,ensemble,2026-01-17,415.0,910.0,310.25000000000006,495.0,529.0
2026-01-03,27,2,baseline,2026-01-17,415.0,865.0,364.05304347826075,450.0,529.0
2026-01-03,27,3,ensemble,2026-01-24,329.0,791.0,300.81,462.0,615.0
2026-01-03,27,3,baseline,2026-01-24,329.0,865.0,436.9330434782609,536.0,615.0
2026-01-03,28,1,ensemble,2026-01-10,194.0,270.0,41.773043478260874,76.0,53.0
2026-01-03,28,1,baseline,2026-01-10,194.0,229.0,20.64,35.0,53.0
2026-01-03,28,2,ensemble,2026-01-17,142.0,272.0,77.08695652173915,130.0,105.0
2026-01-03,28,2,baseline,2026-01-17,142.0,229.0,53.81304347826088,87.0,105.0
2026-01-03,28,3,ensemble,2026-01-24,115.0,262.0,96.15956521739133,147.0,132.0
2026-01-03,28,3,baseline,2026-01-24,115.0,229.0,71.11869565217391,114.0,132.0
2026-01-03,29,1,ensemble,2026-01-10,522.0,783.0,162.75608695652173,261.0,287.0
2026-01-03,29,1,baseline,2026-01-10,522.0,589.0,42.135652173913044,67.0,287.0
2026-01-03,29,2,ensemble,2026-01-17,523.0,747.0,146.38826086956524,224.0,286.0
2026-01-03,29,2,baseline,2026-01-17,523.0,589.0,41.97565217391304,66.0,286.0
2026-01-03,29,3,ensemble,2026-01-24,454.0,807.0,214.05565217391307,353.0,355.0
2026-01-03,29,3,baseline,2026-01-24,454.0,589.0,78.02782608695652,135.0,355.0
2026-01-03,30,1,ensemble,2026-01-10,123.0,147.0,16.855217391304347,24.0,1.0
2026-01-03,30,1,baseline,2026-01-10,123.0,115.0,5.362173913043477,8.0,1.0
2026-01-03,30,2,ensemble,2026-01-17,82.0,144.0,37.706086956521744,62.0,40.0
2026-01-03,30,2,baseline,2026-01-17,82.0,115.0,19.2208695652174,33.0,40.0
2026-01-03,30,3,ensemble,2026-01-24,64.0,144.0,48.14739130434783,80.0,58.0
2026-01-03,30,3,baseline,2026-01-24,64.0,115.0,31.27391304347826,51.0,58.0
2026-01-03,31,1,ensemble,2026-01-10,165.0,178.0,15.56,13.0,2.0
2026-01-03,31,1,baseline,2026-01-10,165.0,131.0,21.056521739130435,34.0,2.0
2026-01-03,31,2,ensemble,2026-01-17,125.0,170.0,32.05782608695652,45.0,42.0
2026-01-03,31,2,baseline,2026-01-17,125.0,131.0,6.183478260869566,6.0,42.0
2026-01-03,31,3,ensemble,2026-01-24,145.0,181.0,26.38913043478261,36.0,22.0
2026-01-03,31,3,baseline,2026-01-24,145.0,131.0,9.656086956521738,14.0,22.0
2026-01-03,32,1,ensemble,2026-01-10,199.0,302.0,63.25782608695653,103.0,74.0
2026-01-03,32,1,baseline,2026-01-10,199.0,253.0,33.772608695652174,54.0,74.0
2026-01-03,32,2,ensemble,2026-01-17,127.0,300.0,111.6921739130435,173.0,146.0
2026-01-03,32,2,baseline,2026-01-17,127.0,253.0,85.0917391304348,126.0,146.0
2026-01-03,32,3,ensemble,2026-01-24,95.0,294.0,127.11043478260869,199.0,178.0
2026-01-03,32,3,baseline,2026-01-24,95.0,253.0,108.47826086956522,158.0,178.0
2026-01-03,33,1,ensemble,2026-01-10,224.0,230.0,16.468695652173913,6.0,28.0
2026-01-03,33,1,baseline,2026-01-10,224.0,196.0,17.95130434782609,28.0,28.0
2026-01-03,33,2,ensemble,2026-01-17,154.0,219.0,34.32086956521739,65.0,42.0
2026-01-03,33,2,baseline,2026-01-17,154.0,196.0,26.820869565217386,42.0,42.0
2026-01-03,33,3,ensemble,2026-01-24,118.0,209.0,46.47695652173913,91.0,78.0
2026-01-03,33,3,baseline,2026-01-24,118.0,196.0,54.96695652173914,78.0,78.0
2026-01-03,34,1,ensemble,2026-01-10,1208.0,1582.0,188.41782608695655,374.0,258.0
2026-01-03,34,1,baseline,2026-01-10,1208.0,1421.0,134.0395652173913,213.0,258.0
2026-01-03,34,2,ensemble,2026-01-17,653.0,1551.0,523.3865217391304,898.0,813.0
2026-01-03,34,2,baseline,2026-01-17,653.0,1421.0,610.4465217391304,768.0,813.0
2026-01-03,34,3,ensemble,2026-01-24,399.0,1422.0,627.4508695652173,1023.0,1067.0
2026-01-03,34,3,baseline,2026-01-24,399.0,1421.0,840.0578260869567,1022.0,1067.0
2026-01-03,35,1,ensemble,2026-01-10,247.0,397.0,85.7908695652174,150.0,139.0
2026-01-03,35,1,baseline,2026-01-10,247.0,344.0,66.75130434782609,97.0,139.0
2026-01-03,35,2,ensemble,2026-01-17,147.0,370.0,143.64347826086953,223.0,239.0
2026-01-03,35,2,baseline,2026-01-17,147.0,344.0,152.75434782608696,197.0,239.0
2026-01-03,35,3,ensemble,2026-01-24,138.0,333.0,120.94739130434782,195.0,248.0
2026-01-03,35,3,baseline,2026-01-24,138.0,344.0,154.95782608695654,206.0,248.0
2026-01-03,36,1,ensemble,2026-01-10,2387.0,3133.0,401.531304347826,746.0,1483.0
2026-01-03,36,1,baseline,2026-01-10,2387.0,3240.0,642.8786956521739,853.0,1483.0
2026-01-03,36,2,ensemble,2026-01-17,1233.0,2986.0,1021.5326086956524,1753.0,2637.0
2026-01-03,36,2,baseline,2026-01-17,1233.0,3240.0,1737.9343478260876,2007.0,2637.0
2026-01-03,36,3,ensemble,2026-01-24,692.0,2678.0,1287.3004347826088,1986.0,3178.0
2026-01-03,36,3,baseline,2026-01-24,692.0,3240.0,2239.315652173914,2548.0,3178.0
2026-01-03,37,1,ensemble,2026-01-10,1419.0,2340.0,578.7208695652173,921.0,1107.0
2026-01-03,37,1,baseline,2026-01-10,1419.0,2339.0,765.7495652173914,920.0,1107.0
2026-01-03,37,2,ensemble,2026-01-17,645.0,2224.0,1080.9808695652175,1579.0,1881.0
2026-01-03,37,2,baseline,2026-01-17,645.0,2339.0,1496.3165217391304,1694.0,1881.0
2026-01-03,37,3,ensemble,2026-01-24,526.0,1905.0,934.9604347826089,1379.0,2000.0
2026-01-03,37,3,baseline,2026-01-24,526.0,2339.0,1583.9173913043478,1813.0,2000.0
2026-01-03,38,1,ensemble,2026-01-10,103.0,100.0,9.089130434782609,3.0,1.0
2026-01-03,38,1,baseline,2026-01-10,103.0,83.0,12.298695652173915,20.0,1.0
2026-01-03,38,2,ensemble,2026-01-17,94.0,100.0,10.287826086956523,6.0,8.0
2026-01-03,38,2,baseline,2026-01-17,94.0,83.0,6.1860869565217405,11.0,8.0
2026-01-03,38,3,ensemble,2026-01-24,72.0,97.0,15.000434782608695,25.0,30.0
2026-01-03,38,3,baseline,2026-01-24,72.0,83.0,6.282608695652173,11.0,30.0
2026-01-03,39,1,ensemble,2026-01-10,1377.0,2039.0,331.0117391304348,662.0,233.0
2026-01-03,39,1,baseline,2026-01-10,1377.0,1455.0,54.13304347826088,78.0,233.0
2026-01-03,39,2,ensemble,2026-01-17,858.0,1928.0,680.554347826087,1070.0,752.0
2026-01-03,39,2,baseline,2026-01-17,858.0,1455.0,389.65782608695656,597.0,752.0
2026-01-03,39,3,ensemble,2026-01-24,724.0,1924.0,754.1652173913043,1200.0,886.0
2026-01-03,39,3,baseline,2026-01-24,724.0,1455.0,476.3465217391303,731.0,886.0
2026-01-03,40,1,ensemble,2026-01-10,169.0,257.0,48.36391304347826,88.0,62.0
2026-01-03,40,1,baseline,2026-01-10,169.0,136.0,20.9904347826087,33.0,62.0
2026-01-03,40,2,ensemble,2026-01-17,168.0,266.0,62.80782608695652,98.0,63.0
2026-01-03,40,2,baseline,2026-01-17,168.0,136.0,22.578695652173916,32.0,63.0
2026-01-03,40,3,ensemble,2026-01-24,166.0,292.0,78.2604347826087,126.0,65.0
2026-01-03,40,3,baseline,2026-01-24,166.0,136.0,24.76782608695652,30.0,65.0
2026-01-03,41,1,ensemble,2026-01-10,170.0,147.0,16.333913043478265,23.0,33.0
2026-01-03,41,1,baseline,2026-01-10,170.0,95.0,48.515217391304354,75.0,33.0
2026-01-03,41,2,ensemble,2026-01-17,203.0,170.0,24.789565217391306,33.0,66.0
2026-01-03,41,2,baseline,2026-01-17,203.0,95.0,66.68913043478261,108.0,66.0
2026-01-03,41,3,ensemble,2026-01-24,245.0,181.0,36.92739130434783,64.0,108.0
2026-01-03,41,3,baseline,2026-01-24,245.0,95.0,92.19217391304346,150.0,108.0
2026-01-03,42,1,ensemble,2026-01-10,2248.0,2951.0,381.10304347826093,703.0,129.0
2026-01-03,42,1,baseline,2026-01-10,2248.0,2371.0,77.99695652173914,123.0,129.0
2026-01-03,42,2,ensemble,2026-01-17,1870.0,2883.0,544.5360869565218,1013.0,507.0
2026-01-03,42,2,baseline,2026-01-17,1870.0,2371.0,308.7891304347826,501.0,507.0
2026-01-03,42,3,ensemble,2026-01-24,1233.0,2673.0,853.2808695652174,1440.0,1144.0
2026-01-03,42,3,baseline,2026-01-24,1233.0,2371.0,810.7447826086956,1138.0,1144.0
2026-01-03,44,1,ensemble,2026-01-10,159.0,199.0,20.55130434782609,40.0,38.0
2026-01-03,44,1,baseline,2026-01-10,159.0,183.0,15.31217391304348,24.0,38.0
2026-01-03,44,2,ensemble,2026-01-17,83.0,180.0,52.98347826086957,97.0,114.0
2026-01-03,44,2,baseline,2026-01-17,83.0,183.0,82.64826086956522,100.0,114.0
2026-01-03,44,3,ensemble,2026-01-24,61.0,162.0,57.71782608695652,101.0,136.0
2026-01-03,44,3,baseline,2026-01-24,61.0,183.0,102.08173913043481,122.0,136.0
2026-01-03,45,1,ensemble,2026-01-10,559.0,951.0,229.06,392.0,297.0
2026-01-03,45,1,baseline,2026-01-10,559.0,818.0,188.09739130434787,259.0,297.0
2026-01-03,45,2,ensemble,2026-01-17,300.0,918.0,413.131739130435,618.0,556.0
2026-01-03,45,2,baseline,2026-01-17,300.0,818.0,407.7326086956521,518.0,556.0
2026-01-03,45,3,ensemble,2026-01-24,241.0,872.0,421.2665217391305,631.0,615.0
2026-01-03,45,3,baseline,2026-01-24,241.0,818.0,449.106956521739,577.0,615.0
2026-01-03,46,1,ensemble,2026-01-10,64.0,76.0,9.62782608695652,12.0,4.0
2026-01-03,46,1,baseline,2026-01-10,64.0,55.0,5.324347826086957,9.0,4.0
2026-01-03,46,2,ensemble,2026-01-17,78.0,82.0,9.559565217391304,4.0,18.0
2026-01-03,46,2,baseline,2026-01-17,78.0,55.0,13.518695652173916,23.0,18.0
2026-01-03,46,3,ensemble,2026-01-24,67.0,91.0,14.099565217391305,24.0,7.0
2026-01-03,46,3,baseline,2026-01-24,67.0,55.0,7.132608695652175,12.0,7.0
2026-01-03,47,1,ensemble,2026-01-10,519.0,1015.0,310.52086956521737,496.0,342.0
2026-01-03,47,1,baseline,2026-01-10,519.0,858.0,246.59478260869562,339.0,342.0
2026-01-03,47,2,ensemble,2026-01-17,315.0,984.0,441.8260869565216,669.0,546.0
2026-01-03,47,2,baseline,2026-01-17,315.0,858.0,423.4704347826088,543.0,546.0
2026-01-03,47,3,ensemble,2026-01-24,312.0,928.0,390.17739130434774,616.0,549.0
2026-01-03,47,3,baseline,2026-01-24,312.0,858.0,408.6986956521739,546.0,549.0
2026-01-03,48,1,ensemble,2026-01-10,1828.0,2938.0,668.6265217391305,1110.0,1003.0
2026-01-03,48,1,baseline,2026-01-10,1828.0,2409.0,376.0460869565217,581.0,1003.0
2026-01-03,48,2,ensemble,2026-01-17,1208.0,2864.0,1153.7160869565216,1656.0,1623.0
2026-01-03,48,2,baseline,2026-01-17,1208.0,2409.0,868.4621739130438,1201.0,1623.0
2026-01-03,48,3,ensemble,2026-01-24,1379.0,2884.0,986.7373913043477,1505.0,1452.0
2026-01-03,48,3,baseline,2026-01-24,1379.0,2409.0,680.0404347826087,1030.0,1452.0
2026-01-03,49,1,ensemble,2026-01-10,160.0,272.0,68.00304347826086,112.0,74.0
2026-01-03,49,1,baseline,2026-01-10,160.0,231.0,51.37173913043478,71.0,74.0
2026-01-03,49,2,ensemble,2026-01-17,95.0,264.0,116.00086956521739,169.0,139.0
2026-01-03,49,2,baseline,2026-01-17,95.0,231.0,105.55695652173915,136.0,139.0
2026-01-03,49,3,ensemble,2026-01-24,77.0,258.0,112.11695652173913,181.0,157.0
2026-01-03,49,3,baseline,2026-01-24,77.0,231.0,119.3121739130435,154.0,157.0
2026-01-03,50,1,ensemble,2026-01-10,48.0,59.0,7.490000000000002,11.0,5.0
2026-01-03,50,1,baseline,2026-01-10,48.0,41.0,4.128695652173913,7.0,5.0
2026-01-03,50,2,ensemble,2026-01-17,34.0,61.0,14.923913043478263,27.0,9.0
2026-01-03,50,2,baseline,2026-01-17,34.0,41.0,4.170434782608695,7.0,9.0
2026-01-03,50,3,ensemble,2026-01-24,28.0,64.0,19.693478260869565,36.0,15.0
2026-01-03,50,3,baseline,2026-01-24,28.0,41.0,7.425217391304348,13.0,15.0
2026-01-03,51,1,ensemble,2026-01-10,862.0,1043.0,97.64260869565219,181.0,19.0
2026-01-03,51,1,baseline,2026-01-10,862.0,809.0,32.81,53.0,19.0
2026-01-03,51,2,ensemble,2026-01-17,461.0,1025.0,359.3934782608696,564.0,382.0
2026-01-03,51,2,baseline,2026-01-17,461.0,809.0,241.14521739130433,348.0,382.0
2026-01-03,51,3,ensemble,2026-01-24,449.0,992.0,332.65434782608696,543.0,394.0
2026-01-03,51,3,baseline,2026-01-24,449.0,809.0,239.6460869565217,360.0,394.0
2026-01-03,53,1,ensemble,2026-01-10,261.0,230.0,25.079130434782616,31.0,97.0
2026-01-03,53,1,baseline,2026-01-10,261.0,154.0,70.79956521739129,107.0,97.0
2026-01-03,53,2,ensemble,2026-01-17,206.0,237.0,32.58217391304348,31.0,42.0
2026-01-03,53,2,baseline,2026-01-17,206.0,154.0,30.60217391304348,52.0,42.0
2026-01-03,53,3,ensemble,2026-01-24,236.0,251.0,36.557826086956524,15.0,72.0
2026-01-03,53,3,baseline,2026-01-24,236.0,154.0,47.148695652173906,82.0,72.0
2026-01-03,54,1,ensemble,2026-01-10,203.0,261.0,37.23521739130435,58.0,11.0
2026-01-03,54,1,baseline,2026-01-10,203.0,186.0,11.681739130434783,17.0,11.0
2026-01-03,54,2,ensemble,2026-01-17,170.0,270.0,67.51347826086958,100.0,22.0
2026-01-03,54,2,baseline,2026-01-17,170.0,186.0,12.597391304347823,16.0,22.0
2026-01-03,54,3,ensemble,2026-01-24,186.0,274.0,62.23739130434783,88.0,6.0
2026-01-03,54,3,baseline,2026-01-24,186.0,186.0,12.002173913043482,0.0,6.0
2026-01-03,55,1,ensemble,2026-01-10,717.0,905.0,104.72521739130433,188.0,40.0
2026-01-03,55,1,baseline,2026-01-10,717.0,714.0,9.90608695652174,3.0,40.0
2026-01-03,55,2,ensemble,2026-01-17,450.0,921.0,266.43565217391307,471.0,307.0
2026-01-03,55,2,baseline,2026-01-17,450.0,714.0,181.9091304347826,264.0,307.0
2026-01-03,55,3,ensemble,2026-01-24,361.0,839.0,298.90869565217395,478.0,396.0
2026-01-03,55,3,baseline,2026-01-24,361.0,714.0,252.875652173913,353.0,396.0
2026-01-03,56,1,ensemble,2026-01-10,56.0,61.0,5.878260869565218,5.0,1.0
2026-01-03,56,1,baseline,2026-01-10,56.0,50.0,3.8895652173913042,6.0,1.0
2026-01-03,56,2,ensemble,2026-01-17,26.0,61.0,21.616521739130434,35.0,31.0
2026-01-03,56,2,baseline,2026-01-17,26.0,50.0,14.247826086956524,24.0,31.0
2026-01-03,56,3,ensemble,2026-01-24,18.0,58.0,25.54608695652174,40.0,39.0
2026-01-03,56,3,baseline,2026-01-24,18.0,50.0,18.985652173913042,32.0,39.0
2026-01-10,01,1,ensemble,2026-01-17,206.0,460.0,151.17391304347825,254.0,295.0
2026-01-10,01,1,baseline,2026-01-17,206.0,463.0,195.1686956521739,257.0,295.0
2026-01-10,01,2,ensemble,2026-01-24,250.0,449.0,110.85913043478261,199.0,251.0
2026-01-10,01,2,baseline,2026-01-24,250.0,463.0,143.9034782608696,213.0,251.0
2026-01-10,01,3,ensemble,2026-01-31,262.0,422.0,93.21739130434784,160.0,239.0
2026-01-10,01,3,baseline,2026-01-31,262.0,463.0,127.31304347826087,201.0,239.0
2026-01-10,02,1,ensemble,2026-01-17,38.0,52.0,9.216521739130433,14.0,37.0
2026-01-10,02,1,baseline,2026-01-17,38.0,55.0,10.694782608695652,17.0,37.0
2026-01-10,02,2,ensemble,2026-01-24,26.0,48.0,12.639130434782613,22.0,49.0
2026-01-10,02,2,baseline,2026-01-24,26.0,55.0,19.042608695652174,29.0,49.0
2026-01-10,02,3,ensemble,2026-01-31,28.0,44.0,8.583913043478262,16.0,47.0
2026-01-10,02,3,baseline,2026-01-31,28.0,55.0,16.52826086956522,27.0,47.0
2026-01-10,04,1,ensemble,2026-01-17,145.0,392.0,164.65043478260873,247.0,217.0
2026-01-10,04,1,baseline,2026-01-17,145.0,357.0,135.10043478260872,212.0,217.0
2026-01-10,04,2,ensemble,2026-01-24,198.0,390.0,125.58565217391303,192.0,164.0
2026-01-10,04,2,baseline,2026-01-24,198.0,357.0,92.33391304347825,159.0,164.0
2026-01-10,04,3,ensemble,2026-01-31,263.0,425.0,87.22434782608696,162.0,99.0
2026-01-10,04,3,baseline,2026-01-31,263.0,357.0,59.86434782608697,94.0,99.0
2026-01-10,05,1,ensemble,2026-01-17,142.0,286.0,82.40652173913044,144.0,136.0
2026-01-10,05,1,baseline,2026-01-17,142.0,235.0,59.3586956521739,93.0,136.0
2026-01-10,05,2,ensemble,2026-01-24,167.0,288.0,68.17782608695651,121.0,111.0
2026-01-10,05,2,baseline,2026-01-24,167.0,235.0,38.81782608695652,68.0,111.0
2026-01-10,05,3,ensemble,2026-01-31,209.0,280.0,43.44,71.0,69.0
2026-01-10,05,3,baseline,2026-01-31,209.0,235.0,19.79130434782609,26.0,69.0
2026-01-10,06,1,ensemble,2026-01-17,1396.0,1754.0,204.59000000000003,358.0,172.0
2026-01-10,06,1,baseline,2026-01-17,1396.0,1416.0,48.30043478260871,20.0,172.0
2026-01-10,06,2,ensemble,2026-01-24,1624.0,1766.0,190.99826086956523,142.0,56.0
2026-01-10,06,2,baseline,2026-01-24,1624.0,1416.0,130.89478260869564,208.0,56.0
2026-01-10,06,3,ensemble,2026-01-31,1649.0,1787.0,198.53521739130437,138.0,81.0
2026-01-10,06,3,baseline,2026-01-31,1649.0,1416.0,148.43826086956523,233.0,81.0
2026-01-10,08,1,ensemble,2026-01-17,270.0,691.0,280.5265217391304,421.0,560.0
2026-01-10,08,1,baseline,2026-01-17,270.0,791.0,455.2504347826087,521.0,560.0
2026-01-10,08,2,ensemble,2026-01-24,183.0,625.0,298.6082608695652,442.0,647.0
2026-01-10,08,2,baseline,2026-01-24,183.0,791.0,528.6934782608696,608.0,647.0
2026-01-10,08,3,ensemble,2026-01-31,149.0,541.0,270.5213043478261,392.0,681.0
2026-01-10,08,3,baseline,2026-01-31,149.0,791.0,550.4347826086956,642.0,681.0
2026-01-10,09,1,ensemble,2026-01-17,240.0,605.0,257.0630434782608,365.0,538.0
2026-01-10,09,1,baseline,2026-01-17,240.0,753.0,461.99652173913034,513.0,538.0
2026-01-10,09,2,ensemble,2026-01-24,117.0,513.0,280.87217391304347,396.0,661.0
2026-01-10,09,2,baseline,2026-01-24,117.0,753.0,573.6686956521739,636.0,661.0
2026-01-10,09,3,ensemble,2026-01-31,83.0,417.0,230.9095652173913,334.0,695.0
2026-01-10,09,3,baseline,2026-01-31,83.0,753.0,598.3052173913045,670.0,695.0
2026-01-10,10,1,ensemble,2026-01-17,134.0,152.0,14.62913043478261,18.0,75.0
2026-01-10,10,1,baseline,2026-01-17,134.0,173.0,25.961739130434786,39.0,75.0
2026-01-10,10,2,ensemble,2026-01-24,101.0,149.0,25.944347826086958,48.0,108.0
2026-01-10,10,2,baseline,2026-01-24,101.0,173.0,49.43869565217392,72.0,108.0
2026-01-10,10,3,ensemble,2026-01-31,74.0,141.0,34.883478260869566,67.0,135.0
2026-01-10,10,3,baseline,2026-01-31,74.0,173.0,70.1117391304348,99.0,135.0
2026-01-10,11,1,ensemble,2026-01-17,50.0,85.0,18.06478260869565,35.0,56.0
2026-01-10,11,1,baseline,2026-01-17,50.0,82.0,21.382608695652173,32.0,56.0
2026-01-10,11,2,ensemble,2026-01-24,33.0,80.0,27.0695652173913,47.0,73.0
2026-01-10,11,2,baseline,2026-01-24,33.0,82.0,33.26304347826087,49.0,73.0
2026-01-10,11,3,ensemble,2026-01-31,15.0,77.0,39.316086956521744,62.0,91.0
2026-01-10,11,3,baseline,2026-01-31,15.0,82.0,46.18565217391304,67.0,91.0
2026-01-10,12,1,ensemble,2026-01-17,1788.0,2447.0,351.0539130434783,659.0,816.0
2026-01-10,12,1,baseline,2026-01-17,1788.0,2329.0,363.9273913043479,541.0,816.0
2026-01-10,12,2,ensemble,2026-01-24,1533.0,2442.0,537.6521739130435,909.0,1071.0
2026-01-10,12,2,baseline,2026-01-24,1533.0,2329.0,552.9443478260869,796.0,1071.0
2026-01-10,12,3,ensemble,2026-01-31,1579.0,2320.0,386.2608695652174,741.0,1025.0
2026-01-10,12,3,baseline,2026-01-31,1579.0,2329.0,487.5908695652175,750.0,1025.0
2026-01-10,13,1,ensemble,2026-01-17,349.0,1111.0,561.021739130435,762.0,968.0
2026-01-10,13,1,baseline,2026-01-17,349.0,1202.0,732.185652173913,853.0,968.0
2026-01-10,13,2,ensemble,2026-01-24,342.0,1123.0,527.47,781.0,975.0
2026-01-10,13,2,baseline,2026-01-24,342.0,1202.0,711.5682608695652,860.0,975.0
2026-01-10,13,3,ensemble,2026-01-31,341.0,1055.0,446.5917391304348,714.0,976.0
2026-01-10,13,3,baseline,2026-01-31,341.0,1202.0,688.8521739130435,861.0,976.0
2026-01-10,15,1,ensemble,2026-01-17,50.0,104.0,33.539565217391306,54.0,60.0
2026-01-10,15,1,baseline,2026-01-17,50.0,104.0,44.94,54.0,60.0
2026-01-10,15,2,ensemble,2026-01-24,45.0,103.0,34.15652173913044,58.0,65.0
2026-01-10,15,2,baseline,2026-01-24,45.0,104.0,47.50782608695653,59.0,65.0
2026-01-10,15,3,ensemble,2026-01-31,26.0,96.0,42.93260869565218,70.0,84.0
2026-01-10,15,3,baseline,2026-01-31,26.0,104.0,64.67391304347827,78.0,84.0
2026-01-10,16,1,ensemble,2026-01-17,120.0,220.0,58.21652173913046,100.0,115.0
2026-01-10,16,1,baseline,2026-01-17,120.0,229.0,78.86739130434783,109.0,115.0
2026-01-10,16,2,ensemble,2026-01-24,97.0,205.0,61.63521739130433,108.0,138.0
2026-01-10,16,2,baseline,2026-01-24,97.0,229.0,94.68086956521738,132.0,138.0
2026-01-10,16,3,ensemble,2026-01-31,101.0,184.0,42.84565217391304,83.0,134.0
2026-01-10,16,3,baseline,2026-01-31,101.0,229.0,86.48260869565219,128.0,134.0
2026-01-10,17,1,ensemble,2026-01-17,751.0,1716.0,598.1400000000001,965.0,990.0
2026-01-10,17,1,baseline,2026-01-17,751.0,1613.0,718.6847826086956,862.0,990.0
2026-01-10,17,2,ensemble,2026-01-24,654.0,1702.0,680.4934782608697,1048.0,1087.0
2026-01-10,17,2,baseline,2026-01-24,654.0,1613.0,779.158695652174,959.0,1087.0
2026-01-10,17,3,ensemble,2026-01-31,554.0,1621.0,684.7013043478262,1067.0,1187.0
2026-01-10,17,3,baseline,2026-01-31,554.0,1613.0,850.4173913043479,1059.0,1187.0
2026-01-10,18,1,ensemble,2026-01-17,383.0,833.0,300.90826086956514,450.0,523.0
2026-01-10,18,1,baseline,2026-01-17,383.0,797.0,303.1082608695652,414.0,523.0
2026-01-10,18,2,ensemble,2026-01-24,316.0,848.0,331.79869565217393,532.0,590.0
2026-01-10,18,2,baseline,2026-01-24,316.0,797.0,345.0082608695652,481.0,590.0
2026-01-10,18,3,ensemble,2026-01-31,335.0,844.0,286.2465217391304,509.0,571.0
2026-01-10,18,3,baseline,2026-01-31,335.0,797.0,311.2713043478261,462.0,571.0
2026-01-10,19,1,ensemble,2026-01-17,261.0,371.0,58.47434782608697,110.0,121.0
2026-01-10,19,1,baseline,2026-01-17,261.0,331.0,44.7613043478261,70.0,121.0
2026-01-10,19,2,ensemble,2026-01-24,241.0,379.0,72.12608695652173,138.0,141.0
2026-01-10,19,2,baseline,2026-01-24,241.0,331.0,55.609565217391314,90.0,141.0
2026-01-10,19,3,ensemble,2026-01-31,223.0,365.0,77.07956521739129,142.0,159.0
2026-01-10,19,3,baseline,2026-01-31,223.0,331.0,65.8795652173913,108.0,159.0
2026-01-10,20,1,ensemble,2026-01-17,189.0,351.0,93.30260869565215,162.0,164.0
2026-01-10,20,1,baseline,2026-01-17,189.0,332.0,105.04565217391306,143.0,164.0
2026-01-10,20,2,ensemble,2026-01-24,213.0,335.0,69.3517391304348,122.0,140.0
2026-01-10,20,2,baseline,2026-01-24,213.0,332.0,78.31260869565217,119.0,140.0
2026-01-10,20,3,ensemble,2026-01-31,214.0,291.0,53.31608695652173,77.0,139.0
2026-01-10,20,3,baseline,2026-01-31,214.0,332.0,73.81565217391305,118.0,139.0
2026-01-10,21,1,ensemble,2026-01-17,329.0,469.0,83.19304347826088,140.0,302.0
2026-01-10,21,1,baseline,2026-01-17,329.0,480.0,97.5495652173913,151.0,302.0
2026-01-10,21,2,ensemble,2026-01-24,283.0,496.0,117.7586956521739,213.0,348.0
2026-01-10,21,2,baseline,2026-01-24,283.0,480.0,123.50521739130436,197.0,348.0
2026-01-10,21,3,ensemble,2026-01-31,289.0,458.0,92.89695652173916,169.0,342.0
2026-01-10,21,3,baseline,2026-01-31,289.0,480.0,112.7813043478261,191.0,342.0
2026-01-10,22,1,ensemble,2026-01-17,296.0,598.0,191.9317391304348,302.0,366.0
2026-01-10,22,1,baseline,2026-01-17,296.0,646.0,291.27478260869566,350.0,366.0
2026-01-10,22,2,ensemble,2026-01-24,334.0,566.0,127.92608695652177,232.0,328.0
2026-01-10,22,2,baseline,2026-01-24,334.0,646.0,240.0382608695652,312.0,328.0
2026-01-10,22,3,ensemble,2026-01-31,318.0,530.0,116.11739130434782,212.0,344.0
2026-01-10,22,3,baseline,2026-01-31,318.0,646.0,245.34652173913048,328.0,344.0
2026-01-10,23,1,ensemble,2026-01-17,118.0,242.0,79.21000000000001,124.0,137.0
2026-01-10,23,1,baseline,2026-01-17,118.0,232.0,92.35391304347826,114.0,137.0
2026-01-10,23,2,ensemble,2026-01-24,81.0,235.0,93.25173913043479,154.0,174.0
2026-01-10,23,2,baseline,2026-01-24,81.0,232.0,124.86434782608694,151.0,174.0
2026-01-10,23,3,ensemble,2026-01-31,69.0,211.0,88.48782608695652,142.0,186.0
2026-01-10,23,3,baseline,2026-01-31,69.0,232.0,132.67478260869566,163.0,186.0
2026-01-10,24,1,ensemble,2026-01-17,294.0,752.0,307.2865217391304,458.0,530.0
2026-01-10,24,1,baseline,2026-01-17,294.0,727.0,365.04217391304354,433.0,530.0
2026-01-10,24,2,ensemble,2026-01-24,169.0,742.0,411.47478260869565,573.0,655.0
2026-01-10,24,2,baseline,2026-01-24,169.0,727.0,475.43695652173903,558.0,655.0
2026-01-10,24,3,ensemble,2026-01-31,113.0,668.0,385.19695652173925,555.0,711.0
2026-01-10,24,3,baseline,2026-01-31,113.0,727.0,519.1299999999999,614.0,711.0
2026-01-10,25,1,ensemble,2026-01-17,529.0,1165.0,443.06347826086954,636.0,752.0
2026-01-10,25,1,baseline,2026-01-17,529.0,1092.0,460.6034782608697,563.0,752.0
2026-01-10,25,2,ensemble,2026-01-24,254.0,1113.0,618.6795652173913,859.0,1027.0
2026-01-10,25,2,baseline,2026-01-24,254.0,1092.0,710.924347826087,838.0,1027.0
2026-01-10,25,3,ensemble,2026-01-31,235.0,964.0,514.7291304347825,729.0,1046.0
2026-01-10,25,3,baseline,2026-01-31,235.0,1092.0,711.6947826086957,857.0,1046.0
2026-01-10,26,1,ensemble,2026-01-17,532.0,1291.0,530.828695652174,759.0,731.0
2026-01-10,26,1,baseline,2026-01-17,532.0,1138.0,478.30999999999995,606.0,731.0
2026-01-10,26,2,ensemble,2026-01-24,412.0,1288.0,637.5230434782608,876.0,851.0
2026-01-10,26,2,baseline,2026-01-24,412.0,1138.0,567.4865217391305,726.0,851.0
2026-01-10,26,3,ensemble,2026-01-31,331.0,1284.0,673.4434782608696,953.0,932.0
2026-01-10,26,3,baseline,2026-01-31,331.0,1138.0,622.1108695652174,807.0,932.0
2026-01-10,27,1,ensemble,2026-01-17,415.0,990.0,380.45043478260874,575.0,648.0
2026-01-10,27,1,baseline,2026-01-17,415.0,1063.0,575.7878260869566,648.0,648.0
2026-01-10,27,2,ensemble,2026-01-24,329.0,800.0,331.41782608695655,471.0,734.0
2026-01-10,27,2,baseline,2026-01-24,329.0,1063.0,643.5204347826087,734.0,734.0
2026-01-10,27,3,ensemble,2026-01-31,211.0,719.0,330.4669565217391,508.0,852.0
2026-01-10,27,3,baseline,2026-01-31,211.0,1063.0,748.5008695652174,852.0,852.0
2026-01-10,28,1,ensemble,2026-01-17,142.0,214.0,38.5308695652174,72.0,88.0
2026-01-10,28,1,baseline,2026-01-17,142.0,213.0,45.4104347826087,71.0,88.0
2026-01-10,28,2,ensemble,2026-01-24,115.0,211.0,56.85521739130436,96.0,115.0
2026-01-10,28,2,baseline,2026-01-24,115.0,213.0,61.92217391304349,98.0,115.0
2026-01-10,28,3,ensemble,2026-01-31,132.0,212.0,46.485652173913046,80.0,98.0
2026-01-10,28,3,baseline,2026-01-31,132.0,213.0,47.099565217391294,81.0,98.0
2026-01-10,29,1,ensemble,2026-01-17,523.0,753.0,121.06043478260871,230.0,418.0
2026-01-10,29,1,baseline,2026-01-17,523.0,692.0,109.18695652173913,169.0,418.0
2026-01-10,29,2,ensemble,2026-01-24,454.0,742.0,165.04086956521738,288.0,487.0
2026-01-10,29,2,baseline,2026-01-24,454.0,692.0,150.54608695652175,238.0,487.0
2026-01-10,29,3,ensemble,2026-01-31,437.0,781.0,185.27565217391304,344.0,504.0
2026-01-10,29,3,baseline,2026-01-31,437.0,692.0,155.05695652173912,255.0,504.0
2026-01-10,30,1,ensemble,2026-01-17,82.0,155.0,41.510869565217384,73.0,69.0
2026-01-10,30,1,baseline,2026-01-17,82.0,150.0,51.04434782608695,68.0,69.0
2026-01-10,30,2,ensemble,2026-01-24,64.0,135.0,45.6795652173913,71.0,87.0
2026-01-10,30,2,baseline,2026-01-24,64.0,150.0,65.01478260869565,86.0,87.0
2026-01-10,30,3,ensemble,2026-01-31,79.0,133.0,28.864782608695645,54.0,72.0
2026-01-10,30,3,baseline,2026-01-31,79.0,150.0,47.6904347826087,71.0,72.0
2026-01-10,31,1,ensemble,2026-01-17,125.0,211.0,46.48043478260868,86.0,77.0
2026-01-10,31,1,baseline,2026-01-17,125.0,190.0,44.98739130434783,65.0,77.0
2026-01-10,31,2,ensemble,2026-01-24,145.0,207.0,32.47782608695652,62.0,57.0
2026-01-10,31,2,baseline,2026-01-24,145.0,190.0,27.01608695652174,45.0,57.0
2026-01-10,31,3,ensemble,2026-01-31,129.0,195.0,37.41,66.0,73.0
2026-01-10,31,3,baseline,2026-01-31,129.0,190.0,37.03521739130434,61.0,73.0
2026-01-10,32,1,ensemble,2026-01-17,127.0,239.0,64.78391304347825,112.0,122.0
2026-01-10,32,1,baseline,2026-01-17,127.0,238.0,78.11,111.0,122.0
2026-01-10,32,2,ensemble,2026-01-24,95.0,232.0,82.0504347826087,137.0,154.0
2026-01-10,32,2,baseline,2026-01-24,95.0,238.0,99.86434782608696,143.0,154.0
2026-01-10,32,3,ensemble,2026-01-31,115.0,216.0,53.67173913043479,101.0,134.0
2026-01-10,32,3,baseline,2026-01-31,115.0,238.0,78.3804347826087,123.0,134.0
2026-01-10,33,1,ensemble,2026-01-17,154.0,203.0,28.359130434782614,49.0,136.0
2026-01-10,33,1,baseline,2026-01-17,154.0,212.0,41.8904347826087,58.0,136.0
2026-01-10,33,2,ensemble,2026-01-24,118.0,193.0,38.78652173913043,75.0,172.0
2026-01-10,33,2,baseline,2026-01-24,118.0,212.0,73.22739130434782,94.0,172.0
2026-01-10,33,3,ensemble,2026-01-31,49.0,157.0,68.25,108.0,241.0
2026-01-10,33,3,baseline,2026-01-31,49.0,212.0,138.8265217391304,163.0,241.0
2026-01-10,34,1,ensemble,2026-01-17,653.0,1698.0,634.4778260869567,1045.0,1071.0
2026-01-10,34,1,baseline,2026-01-17,653.0,1686.0,904.1769565217392,1033.0,1071.0
2026-01-10,34,2,ensemble,2026-01-24,399.0,1425.0,665.5400000000001,1026.0,1325.0
2026-01-10,34,2,baseline,2026-01-24,399.0,1686.0,1127.1030434782608,1287.0,1325.0
2026-01-10,34,3,ensemble,2026-01-31,298.0,1339.0,708.1308695652173,1041.0,1426.0
2026-01-10,34,3,baseline,2026-01-31,298.0,1686.0,1203.6873913043478,1388.0,1426.0
2026-01-10,35,1,ensemble,2026-01-17,147.0,329.0,120.09608695652172,182.0,262.0
2026-01-10,35,1,baseline,2026-01-17,147.0,361.0,177.93217391304347,214.0,262.0
2026-01-10,35,2,ensemble,2026-01-24,138.0,295.0,94.51173913043478,157.0,271.0
2026-01-10,35,2,baseline,2026-01-24,138.0,361.0,177.91478260869565,223.0,271.0
2026-01-10,35,3,ensemble,2026-01-31,105.0,260.0,93.27826086956522,155.0,304.0
2026-01-10,35,3,baseline,2026-01-31,105.0,361.0,203.88826086956524,256.0,304.0
2026-01-10,36,1,ensemble,2026-01-17,1233.0,2787.0,1041.4630434782607,1554.0,2567.0
2026-01-10,36,1,baseline,2026-01-17,1233.0,3468.0,2002.0265217391304,2235.0,2567.0
2026-01-10,36,2,ensemble,2026-01-24,692.0,2733.0,1261.9991304347825,2041.0,3108.0
2026-01-10,36,2,baseline,2026-01-24,692.0,3468.0,2489.6760869565223,2776.0,3108.0
2026-01-10,36,3,ensemble,2026-01-31,411.0,2436.0,1306.6808695652173,2025.0,3389.0
2026-01-10,36,3,baseline,2026-01-31,411.0,3468.0,2727.895652173913,3057.0,3389.0
2026-01-10,37,1,ensemble,2026-01-17,645.0,1887.0,798.5526086956521,1242.0,1813.0
2026-01-10,37,1,baseline,2026-01-17,645.0,2163.0,1362.2491304347827,1518.0,1813.0
2026-01-10,37,2,ensemble,2026-01-24,526.0,1447.0,634.9069565217392,921.0,1932.0
2026-01-10,37,2,baseline,2026-01-24,526.0,2163.0,1436.6647826086958,1637.0,1932.0
2026-01-10,37,3,ensemble,2026-01-31,440.0,1327.0,574.9591304347825,887.0,2018.0
2026-01-10,37,3,baseline,2026-01-31,440.0,2163.0,1490.3752173913042,1723.0,2018.0
2026-01-10,38,1,ensemble,2026-01-17,94.0,141.0,22.620434782608694,47.0,65.0
2026-01-10,38,1,baseline,2026-01-17,94.0,148.0,42.19,54.0,65.0
2026-01-10,38,2,ensemble,2026-01-24,72.0,119.0,24.622608695652175,47.0,87.0
2026-01-10,38,2,baseline,2026-01-24,72.0,148.0,61.41478260869566,76.0,87.0
2026-01-10,38,3,ensemble,2026-01-31,61.0,104.0,21.96,43.0,98.0
2026-01-10,38,3,baseline,2026-01-31,61.0,148.0,70.21434782608696,87.0,98.0
2026-01-10,39,1,ensemble,2026-01-17,858.0,2069.0,755.242608695652,1211.0,1100.0
2026-01-10,39,1,baseline,2026-01-17,858.0,1903.0,840.9804347826087,1045.0,1100.0
2026-01-10,39,2,ensemble,2026-01-24,724.0,2031.0,814.3234782608695,1307.0,1234.0
2026-01-10,39,2,baseline,2026-01-24,724.0,1903.0,932.1156521739131,1179.0,1234.0
2026-01-10,39,3,ensemble,2026-01-31,610.0,1963.0,855.2713043478261,1353.0,1348.0
2026-01-10,39,3,baseline,2026-01-31,610.0,1903.0,1004.2517391304348,1293.0,1348.0
2026-01-10,40,1,ensemble,2026-01-17,168.0,257.0,58.736521739130445,89.0,77.0
2026-01-10,40,1,baseline,2026-01-17,168.0,208.0,25.263478260869572,40.0,77.0
2026-01-10,40,2,ensemble,2026-01-24,166.0,312.0,83.92217391304348,146.0,79.0
2026-01-10,40,2,baseline,2026-01-24,166.0,208.0,27.509565217391316,42.0,79.0
2026-01-10,40,3,ensemble,2026-01-31,239.0,311.0,54.81217391304348,72.0,6.0
2026-01-10,40,3,baseline,2026-01-31,239.0,208.0,26.153913043478266,31.0,6.0
2026-01-10,41,1,ensemble,2026-01-17,203.0,186.0,17.87086956521739,17.0,5.0
2026-01-10,41,1,baseline,2026-01-17,203.0,161.0,26.362608695652174,42.0,5.0
2026-01-10,41,2,ensemble,2026-01-24,245.0,191.0,30.54608695652174,54.0,47.0
2026-01-10,41,2,baseline,2026-01-24,245.0,161.0,51.463913043478264,84.0,47.0
2026-01-10,41,3,ensemble,2026-01-31,432.0,195.0,134.52391304347825,237.0,234.0
2026-01-10,41,3,baseline,2026-01-31,432.0,161.0,191.7508695652174,271.0,234.0
2026-01-10,42,1,ensemble,2026-01-17,1870.0,3327.0,858.9426086956522,1457.0,1446.0
2026-01-10,42,1,baseline,2026-01-17,1870.0,3250.0,1140.2717391304345,1380.0,1446.0
2026-01-10,42,2,ensemble,2026-01-24,1233.0,3048.0,1100.0521739130434,1815.0,2083.0
2026-01-10,42,2,baseline,2026-01-24,1233.0,3250.0,1722.1573913043476,2017.0,2083.0
2026-01-10,42,3,ensemble,2026-01-31,1035.0,2779.0,1064.584347826087,1744.0,2281.0
2026-01-10,42,3,baseline,2026-01-31,1035.0,3250.0,1872.014347826087,2215.0,2281.0
2026-01-10,44,1,ensemble,2026-01-17,83.0,230.0,97.12739130434782,147.0,202.0
2026-01-10,44,1,baseline,2026-01-17,83.0,267.0,168.54521739130433,184.0,202.0
2026-01-10,44,2,ensemble,2026-01-24,61.0,187.0,75.77956521739132,126.0,224.0
2026-01-10,44,2,baseline,2026-01-24,61.0,267.0,186.97652173913048,206.0,224.0
2026-01-10,44,3,ensemble,2026-01-31,30.0,148.0,76.27,118.0,255.0
2026-01-10,44,3,baseline,2026-01-31,30.0,267.0,215.12956521739133,237.0,255.0
2026-01-10,45,1,ensemble,2026-01-17,300.0,801.0,352.3826086956522,501.0,591.0
2026-01-10,45,1,baseline,2026-01-17,300.0,866.0,478.29260869565223,566.0,591.0
2026-01-10,45,2,ensemble,2026-01-24,241.0,740.0,350.3834782608696,499.0,650.0
2026-01-10,45,2,baseline,2026-01-24,241.0,866.0,513.8069565217392,625.0,650.0
2026-01-10,45,3,ensemble,2026-01-31,260.0,712.0,277.6191304347826,452.0,631.0
2026-01-10,45,3,baseline,2026-01-31,260.0,866.0,476.7947826086956,606.0,631.0
2026-01-10,46,1,ensemble,2026-01-17,78.0,100.0,13.030000000000003,22.0,30.0
2026-01-10,46,1,baseline,2026-01-17,78.0,88.0,5.925217391304348,10.0,30.0
2026-01-10,46,2,ensemble,2026-01-24,67.0,102.0,18.939565217391305,35.0,41.0
2026-01-10,46,2,baseline,2026-01-24,67.0,88.0,12.146956521739133,21.0,41.0
2026-01-10,46,3,ensemble,2026-01-31,61.0,99.0,20.620434782608697,38.0,47.0
2026-01-10,46,3,baseline,2026-01-31,61.0,88.0,15.563043478260871,27.0,47.0
2026-01-10,47,1,ensemble,2026-01-17,315.0,796.0,303.78521739130434,481.0,548.0
2026-01-10,47,1,baseline,2026-01-17,315.0,845.0,433.5252173913044,530.0,548.0
2026-01-10,47,2,ensemble,2026-01-24,312.0,746.0,269.7791304347826,434.0,551.0
2026-01-10,47,2,baseline,2026-01-24,312.0,845.0,413.64391304347834,533.0,551.0
2026-01-10,47,3,ensemble,2026-01-31,373.0,740.0,195.54304347826087,367.0,490.0
2026-01-10,47,3,baseline,2026-01-31,373.0,845.0,336.9708695652174,472.0,490.0
2026-01-10,48,1,ensemble,2026-01-17,1208.0,2199.0,577.5982608695653,991.0,1164.0
2026-01-10,48,1,baseline,2026-01-17,1208.0,2137.0,662.5273913043478,929.0,1164.0
2026-01-10,48,2,ensemble,2026-01-24,1379.0,2115.0,398.7934782608696,736.0,993.0
2026-01-10,48,2,baseline,2026-01-24,1379.0,2137.0,483.0273913043478,758.0,993.0
2026-01-10,48,3,ensemble,2026-01-31,1324.0,2236.0,486.65608695652185,912.0,1048.0
2026-01-10,48,3,baseline,2026-01-31,1324.0,2137.0,503.7547826086955,813.0,1048.0
2026-01-10,49,1,ensemble,2026-01-17,95.0,256.0,106.76217391304344,161.0,167.0
2026-01-10,49,1,baseline,2026-01-17,95.0,260.0,140.36608695652177,165.0,167.0
2026-01-10,49,2,ensemble,2026-01-24,77.0,256.0,112.78130434782608,179.0,185.0
2026-01-10,49,2,baseline,2026-01-24,77.0,260.0,152.4886956521739,183.0,185.0
2026-01-10,49,3,ensemble,2026-01-31,66.0,229.0,106.86782608695653,163.0,196.0
2026-01-10,49,3,baseline,2026-01-31,66.0,260.0,159.13130434782607,194.0,196.0
2026-01-10,50,1,ensemble,2026-01-17,34.0,56.0,11.776521739130432,22.0,24.0
2026-01-10,50,1,baseline,2026-01-17,34.0,48.0,8.958260869565217,14.0,24.0
2026-01-10,50,2,ensemble,2026-01-24,28.0,56.0,16.057391304347824,28.0,30.0
2026-01-10,50,2,baseline,2026-01-24,28.0,48.0,12.495652173913046,20.0,30.0
2026-01-10,50,3,ensemble,2026-01-31,27.0,56.0,15.949565217391307,29.0,31.0
2026-01-10,50,3,baseline,2026-01-31,27.0,48.0,12.657391304347824,21.0,31.0
2026-01-10,51,1,ensemble,2026-01-17,461.0,1082.0,406.03260869565224,621.0,680.0
2026-01-10,51,1,baseline,2026-01-17,461.0,1077.0,522.2560869565218,616.0,680.0
2026-01-10,51,2,ensemble,2026-01-24,449.0,1029.0,376.9917391304348,580.0,692.0
2026-01-10,51,2,baseline,2026-01-24,449.0,1077.0,511.90565217391304,628.0,692.0
2026-01-10,51,3,ensemble,2026-01-31,381.0,1005.0,411.77260869565225,624.0,760.0
2026-01-10,51,3,baseline,2026-01-31,381.0,1077.0,561.7260869565217,696.0,760.0
2026-01-10,53,1,ensemble,2026-01-17,206.0,312.0,55.191739130434776,106.0,44.0
2026-01-10,53,1,baseline,2026-01-17,206.0,260.0,33.04130434782608,54.0,44.0
2026-01-10,53,2,ensemble,2026-01-24,236.0,312.0,43.92260869565217,76.0,14.0
2026-01-10,53,2,baseline,2026-01-24,236.0,260.0,18.120869565217394,24.0,14.0
2026-01-10,53,3,ensemble,2026-01-31,298.0,322.0,33.19260869565218,24.0,48.0
2026-01-10,53,3,baseline,2026-01-31,298.0,260.0,25.71782608695652,38.0,48.0
2026-01-10,54,1,ensemble,2026-01-17,170.0,145.0,18.628695652173914,25.0,59.0
2026-01-10,54,1,baseline,2026-01-17,170.0,114.0,34.329130434782606,56.0,59.0
2026-01-10,54,2,ensemble,2026-01-24,186.0,145.0,25.944782608695654,41.0,43.0
2026-01-10,54,2,baseline,2026-01-24,186.0,114.0,42.30608695652174,72.0,43.0
2026-01-10,54,3,ensemble,2026-01-31,218.0,140.0,37.92565217391304,78.0,11.0
2026-01-10,54,3,baseline,2026-01-31,218.0,114.0,61.94217391304347,104.0,11.0
2026-01-10,55,1,ensemble,2026-01-17,450.0,1120.0,428.835652173913,670.0,609.0
2026-01-10,55,1,baseline,2026-01-17,450.0,1047.0,522.1026086956521,597.0,609.0
2026-01-10,55,2,ensemble,2026-01-24,361.0,1035.0,427.6169565217391,674.0,698.0
2026-01-10,55,2,baseline,2026-01-24,361.0,1047.0,592.7330434782609,686.0,698.0
2026-01-10,55,3,ensemble,2026-01-31,267.0,921.0,393.7034782608696,654.0,792.0
2026-01-10,55,3,baseline,2026-01-31,267.0,1047.0,671.1221739130434,780.0,792.0
2026-01-10,56,1,ensemble,2026-01-17,26.0,56.0,17.32,30.0,32.0
2026-01-10,56,1,baseline,2026-01-17,26.0,51.0,16.081739130434784,25.0,32.0
2026-01-10,56,2,ensemble,2026-01-24,18.0,55.0,22.99521739130435,37.0,40.0
2026-01-10,56,2,baseline,2026-01-24,18.0,51.0,20.772608695652174,33.0,40.0
2026-01-10,56,3,ensemble,2026-01-31,10.0,55.0,28.647826086956517,45.0,48.0
2026-01-10,56,3,baseline,2026-01-31,10.0,51.0,25.710434782608694,41.0,48.0
2026-01-17,01,1,ensemble,2026-01-24,250.0,296.0,31.772608695652174,46.0,66.0
2026-01-17,01,1,baseline,2026-01-24,250.0,304.0,32.796521739130434,54.0,66.0
2026-01-17,01,2,ensemble,2026-01-31,262.0,275.0,29.09739130434783,13.0,54.0
2026-01-17,01,2,baseline,2026-01-31,262.0,304.0,26.555652173913046,42.0,54.0
2026-01-17,01,3,ensemble,2026-02-07,355.0,255.0,50.54217391304347,100.0,39.0
2026-01-17,01,3,baseline,2026-02-07,355.0,304.0,31.7595652173913,51.0,39.0
2026-01-17,02,1,ensemble,2026-01-24,26.0,34.0,5.414782608695653,8.0,20.0
2026-01-17,02,1,baseline,2026-01-24,26.0,37.0,6.438260869565218,11.0,20.0
2026-01-17,02,2,ensemble,2026-01-31,28.0,32.0,4.865217391304348,4.0,18.0
2026-01-17,02,2,baseline,2026-01-31,28.0,37.0,5.090434782608695,9.0,18.0
2026-01-17,02,3,ensemble,2026-02-07,16.0,32.0,8.532608695652174,16.0,30.0
2026-01-17,02,3,baseline,2026-02-07,16.0,37.0,12.117391304347828,21.0,30.0
2026-01-17,04,1,ensemble,2026-01-24,198.0,229.0,29.19,31.0,25.0
2026-01-17,04,1,baseline,2026-01-24,198.0,219.0,22.178260869565225,21.0,25.0
2026-01-17,04,2,ensemble,2026-01-31,263.0,227.0,34.144347826086964,36.0,40.0
2026-01-17,04,2,baseline,2026-01-31,263.0,219.0,35.96217391304348,44.0,40.0
2026-01-17,04,3,ensemble,2026-02-07,346.0,238.0,57.88695652173914,108.0,123.0
2026-01-17,04,3,baseline,2026-02-07,346.0,219.0,72.4495652173913,127.0,123.0
2026-01-17,05,1,ensemble,2026-01-24,167.0,160.0,15.791739130434784,7.0,4.0
2026-01-17,05,1,baseline,2026-01-24,167.0,149.0,12.962173913043477,18.0,4.0
2026-01-17,05,2,ensemble,2026-01-31,209.0,160.0,27.49086956521739,49.0,46.0
2026-01-17,05,2,baseline,2026-01-31,209.0,149.0,33.62869565217392,60.0,46.0
2026-01-17,05,3,ensemble,2026-02-07,213.0,150.0,33.581739130434784,63.0,50.0
2026-01-17,05,3,baseline,2026-02-07,213.0,149.0,35.24478260869565,64.0,50.0
2026-01-17,06,1,ensemble,2026-01-24,1624.0,1467.0,126.62956521739133,157.0,130.0
2026-01-17,06,1,baseline,2026-01-24,1624.0,1346.0,168.3078260869565,278.0,130.0
2026-01-17,06,2,ensemble,2026-01-31,1649.0,1479.0,158.11347826086958,170.0,155.0
2026-01-17,06,2,baseline,2026-01-31,1649.0,1346.0,176.23608695652172,303.0,155.0
2026-01-17,06,3,ensemble,2026-02-07,2074.0,1374.0,370.9713043478261,700.0,580.0
2026-01-17,06,3,baseline,2026-02-07,2074.0,1346.0,428.1421739130435,728.0,580.0
2026-01-17,08,1,ensemble,2026-01-24,183.0,344.0,91.14826086956523,161.0,292.0
2026-01-17,08,1,baseline,2026-01-24,183.0,434.0,185.4413043478261,251.0,292.0
2026-01-17,08,2,ensemble,2026-01-31,149.0,305.0,91.59043478260867,156.0,326.0
2026-01-17,08,2,baseline,2026-01-31,149.0,434.0,202.7965217391304,285.0,326.0
2026-01-17,08,3,ensemble,2026-02-07,112.0,287.0,93.71913043478263,175.0,363.0
2026-01-17,08,3,baseline,2026-02-07,112.0,434.0,226.22565217391306,322.0,363.0
2026-01-17,09,1,ensemble,2026-01-24,117.0,330.0,131.90521739130435,213.0,361.0
2026-01-17,09,1,baseline,2026-01-24,117.0,476.0,302.84956521739133,359.0,361.0
2026-01-17,09,2,ensemble,2026-01-31,83.0,290.0,130.81130434782608,207.0,395.0
2026-01-17,09,2,baseline,2026-01-31,83.0,476.0,323.79739130434785,393.0,395.0
2026-01-17,09,3,ensemble,2026-02-07,55.0,262.0,125.31304347826084,207.0,423.0
2026-01-17,09,3,baseline,2026-02-07,55.0,476.0,341.53043478260867,421.0,423.0
2026-01-17,10,1,ensemble,2026-01-24,101.0,127.0,15.455652173913045,26.0,73.0
2026-01-17,10,1,baseline,2026-01-24,101.0,153.0,35.674782608695644,52.0,73.0
2026-01-17,10,2,ensemble,2026-01-31,74.0,131.0,26.194782608695647,57.0,100.0
2026-01-17,10,2,baseline,2026-01-31,74.0,153.0,55.046086956521734,79.0,100.0
2026-01-17,10,3,ensemble,2026-02-07,51.0,107.0,31.20391304347826,56.0,123.0
2026-01-17,10,3,baseline,2026-02-07,51.0,153.0,72.54173913043478,102.0,123.0
2026-01-17,11,1,ensemble,2026-01-24,33.0,57.0,13.44,24.0,50.0
2026-01-17,11,1,baseline,2026-01-24,33.0,61.0,18.16521739130435,28.0,50.0
2026-01-17,11,2,ensemble,2026-01-31,15.0,55.0,25.60217391304348,40.0,68.0
2026-01-17,11,2,baseline,2026-01-31,15.0,61.0,30.468695652173913,46.0,68.0
2026-01-17,11,3,ensemble,2026-02-07,10.0,55.0,25.790869565217395,45.0,73.0
2026-01-17,11,3,baseline,2026-02-07,10.0,61.0,32.921739130434794,51.0,73.0
2026-01-17,12,1,ensemble,2026-01-24,1533.0,2150.0,319.2208695652174,617.0,936.0
2026-01-17,12,1,baseline,2026-01-24,1533.0,2195.0,460.96391304347844,662.0,936.0
2026-01-17,12,2,ensemble,2026-01-31,1579.0,2166.0,297.15782608695656,587.0,890.0
2026-01-17,12,2,baseline,2026-01-31,1579.0,2195.0,395.26217391304357,616.0,890.0
2026-01-17,12,3,ensemble,2026-02-07,1928.0,1921.0,163.1130434782609,7.0,541.0
2026-01-17,12,3,baseline,2026-02-07,1928.0,2195.0,148.97086956521738,267.0,541.0
2026-01-17,13,1,ensemble,2026-01-24,342.0,605.0,136.44652173913045,263.0,365.0
2026-01-17,13,1,baseline,2026-01-24,342.0,676.0,230.74869565217392,334.0,365.0
2026-01-17,13,2,ensemble,2026-01-31,341.0,595.0,124.3026086956522,254.0,366.0
2026-01-17,13,2,baseline,2026-01-31,341.0,676.0,219.1356521739131,335.0,366.0
2026-01-17,13,3,ensemble,2026-02-07,363.0,557.0,94.73782608695652,194.0,344.0
2026-01-17,13,3,baseline,2026-02-07,363.0,676.0,191.8321739130435,313.0,344.0
2026-01-17,15,1,ensemble,2026-01-24,45.0,71.0,14.422608695652174,26.0,38.0
2026-01-17,15,1,baseline,2026-01-24,45.0,77.0,22.71478260869565,32.0,38.0
2026-01-17,15,2,ensemble,2026-01-31,26.0,69.0,24.598260869565213,43.0,57.0
2026-01-17,15,2,baseline,2026-01-31,26.0,77.0,38.90695652173913,51.0,57.0
2026-01-17,15,3,ensemble,2026-02-07,32.0,66.0,18.034782608695654,34.0,51.0
2026-01-17,15,3,baseline,2026-02-07,32.0,77.0,31.444347826086958,45.0,51.0
2026-01-17,16,1,ensemble,2026-01-24,97.0,126.0,17.54782608695652,29.0,60.0
2026-01-17,16,1,baseline,2026-01-24,97.0,151.0,34.581304347826084,54.0,60.0
2026-01-17,16,2,ensemble,2026-01-31,101.0,124.0,16.542608695652174,23.0,56.0
2026-01-17,16,2,baseline,2026-01-31,101.0,151.0,29.696956521739136,50.0,56.0
2026-01-17,16,3,ensemble,2026-02-07,107.0,122.0,14.85217391304348,15.0,50.0
2026-01-17,16,3,baseline,2026-02-07,107.0,151.0,25.15826086956522,44.0,50.0
2026-01-17,17,1,ensemble,2026-01-24,654.0,1048.0,209.34739130434787,394.0,539.0
2026-01-17,17,1,baseline,2026-01-24,654.0,1131.0,339.56260869565216,477.0,539.0
2026-01-17,17,2,ensemble,2026-01-31,554.0,1023.0,252.90130434782606,469.0,639.0
2026-01-17,17,2,baseline,2026-01-31,554.0,1131.0,400.7391304347826,577.0,639.0
2026-01-17,17,3,ensemble,2026-02-07,532.0,933.0,225.51869565217393,401.0,661.0
2026-01-17,17,3,baseline,2026-02-07,532.0,1131.0,399.84217391304344,599.0,661.0
2026-01-17,18,1,ensemble,2026-01-24,316.0,617.0,163.38652173913042,301.0,326.0
2026-01-17,18,1,baseline,2026-01-24,316.0,601.0,190.5682608695652,285.0,326.0
2026-01-17,18,2,ensemble,2026-01-31,335.0,600.0,147.67086956521737,265.0,307.0
2026-01-17,18,2,baseline,2026-01-31,335.0,601.0,164.6973913043478,266.0,307.0
2026-01-17,18,3,ensemble,2026-02-07,350.0,551.0,126.62913043478262,201.0,292.0
2026-01-17,18,3,baseline,2026-02-07,350.0,601.0,146.53347826086957,251.0,292.0
2026-01-17,19,1,ensemble,2026-01-24,241.0,260.0,27.997391304347822,19.0,39.0
2026-01-17,19,1,baseline,2026-01-24,241.0,265.0,15.491304347826086,24.0,39.0
2026-01-17,19,2,ensemble,2026-01-31,223.0,253.0,32.098695652173916,30.0,57.0
2026-01-17,19,2,baseline,2026-01-31,223.0,265.0,25.15826086956522,42.0,57.0
2026-01-17,19,3,ensemble,2026-02-07,231.0,235.0,28.42434782608696,4.0,49.0
2026-01-17,19,3,baseline,2026-02-07,231.0,265.0,21.28304347826087,34.0,49.0
2026-01-17,20,1,ensemble,2026-01-24,213.0,205.0,22.788695652173917,8.0,55.0
2026-01-17,20,1,baseline,2026-01-24,213.0,203.0,8.477826086956524,10.0,55.0
2026-01-17,20,2,ensemble,2026-01-31,214.0,203.0,22.9304347826087,11.0,54.0
2026-01-17,20,2,baseline,2026-01-31,214.0,203.0,11.010000000000002,11.0,54.0
2026-01-17,20,3,ensemble,2026-02-07,220.0,199.0,25.13478260869566,21.0,48.0
2026-01-17,20,3,baseline,2026-02-07,220.0,203.0,14.827391304347827,17.0,48.0
2026-01-17,21,1,ensemble,2026-01-24,283.0,374.0,49.70869565217391,91.0,155.0
2026-01-17,21,1,baseline,2026-01-24,283.0,365.0,49.61478260869565,82.0,155.0
2026-01-17,21,2,ensemble,2026-01-31,289.0,383.0,51.17478260869566,94.0,149.0
2026-01-17,21,2,baseline,2026-01-31,289.0,365.0,45.65304347826087,76.0,149.0
2026-01-17,21,3,ensemble,2026-02-07,260.0,357.0,56.087391304347825,97.0,178.0
2026-01-17,21,3,baseline,2026-02-07,260.0,365.0,60.450869565217396,105.0,178.0
2026-01-17,22,1,ensemble,2026-01-24,334.0,362.0,29.143478260869568,28.0,104.0
2026-01-17,22,1,baseline,2026-01-24,334.0,413.0,47.809130434782624,79.0,104.0
2026-01-17,22,2,ensemble,2026-01-31,318.0,316.0,32.17130434782609,2.0,120.0
2026-01-17,22,2,baseline,2026-01-31,318.0,413.0,55.01913043478261,95.0,120.0
2026-01-17,22,3,ensemble,2026-02-07,326.0,290.0,36.313913043478266,36.0,112.0
2026-01-17,22,3,baseline,2026-02-07,326.0,413.0,48.46956521739132,87.0,112.0
2026-01-17,23,1,ensemble,2026-01-24,81.0,143.0,35.40347826086956,62.0,91.0
2026-01-17,23,1,baseline,2026-01-24,81.0,159.0,56.221304347826084,78.0,91.0
2026-01-17,23,2,ensemble,2026-01-31,69.0,135.0,35.10739130434783,66.0,103.0
2026-01-17,23,2,baseline,2026-01-31,69.0,159.0,63.234782608695646,90.0,103.0
2026-01-17,23,3,ensemble,2026-02-07,68.0,125.0,29.870869565217394,57.0,104.0
2026-01-17,23,3,baseline,2026-02-07,68.0,159.0,60.896956521739135,91.0,104.0
2026-01-17,24,1,ensemble,2026-01-24,169.0,460.0,188.12782608695653,291.0,433.0
2026-01-17,24,1,baseline,2026-01-24,169.0,526.0,286.3934782608696,357.0,433.0
2026-01-17,24,2,ensemble,2026-01-31,113.0,428.0,210.6417391304348,315.0,489.0
2026-01-17,24,2,baseline,2026-01-31,113.0,526.0,327.4043478260869,413.0,489.0
2026-01-17,24,3,ensemble,2026-02-07,90.0,380.0,196.51739130434785,290.0,512.0
2026-01-17,24,3,baseline,2026-02-07,90.0,526.0,337.76652173913044,436.0,512.0
2026-01-17,25,1,ensemble,2026-01-24,254.0,711.0,297.40391304347827,457.0,671.0
2026-01-17,25,1,baseline,2026-01-24,254.0,805.0,441.90608695652173,551.0,671.0
2026-01-17,25,2,ensemble,2026-01-31,235.0,654.0,267.2317391304348,419.0,690.0
2026-01-17,25,2,baseline,2026-01-31,235.0,805.0,435.6273913043479,570.0,690.0
2026-01-17,25,3,ensemble,2026-02-07,117.0,579.0,305.6504347826087,462.0,808.0
2026-01-17,25,3,baseline,2026-02-07,117.0,805.0,532.4091304347825,688.0,808.0
2026-01-17,26,1,ensemble,2026-01-24,412.0,807.0,222.07434782608703,395.0,511.0
2026-01-17,26,1,baseline,2026-01-24,412.0,819.0,279.77478260869566,407.0,511.0
2026-01-17,26,2,ensemble,2026-01-31,331.0,824.0,275.46565217391304,493.0,592.0
2026-01-17,26,2,baseline,2026-01-31,331.0,819.0,331.9121739130435,488.0,592.0
2026-01-17,26,3,ensemble,2026-02-07,302.0,750.0,259.9013043478261,448.0,621.0
2026-01-17,26,3,baseline,2026-02-07,302.0,819.0,339.31304347826097,517.0,621.0
2026-01-17,27,1,ensemble,2026-01-24,329.0,470.0,77.44565217391305,141.0,376.0
2026-01-17,27,1,baseline,2026-01-24,329.0,666.0,260.72826086956525,337.0,376.0
2026-01-17,27,2,ensemble,2026-01-31,211.0,389.0,103.12478260869565,178.0,494.0
2026-01-17,27,2,baseline,2026-01-31,211.0,666.0,356.45217391304345,455.0,494.0
2026-01-17,27,3,ensemble,2026-02-07,183.0,317.0,78.8104347826087,134.0,522.0
2026-01-17,27,3,baseline,2026-02-07,183.0,666.0,368.8669565217391,483.0,522.0
2026-01-17,28,1,ensemble,2026-01-24,115.0,179.0,33.85739130434783,64.0,79.0
2026-01-17,28,1,baseline,2026-01-24,115.0,169.0,32.94695652173913,54.0,79.0
2026-01-17,28,2,ensemble,2026-01-31,132.0,170.0,24.52608695652174,38.0,62.0
2026-01-17,28,2,baseline,2026-01-31,132.0,169.0,21.20826086956522,37.0,62.0
2026-01-17,28,3,ensemble,2026-02-07,200.0,164.0,24.56478260869565,36.0,6.0
2026-01-17,28,3,baseline,2026-02-07,200.0,169.0,18.962173913043475,31.0,6.0
2026-01-17,29,1,ensemble,2026-01-24,454.0,555.0,64.39304347826088,101.0,68.0
2026-01-17,29,1,baseline,2026-01-24,454.0,508.0,34.74826086956522,54.0,68.0
2026-01-17,29,2,ensemble,2026-01-31,437.0,556.0,73.61478260869566,119.0,85.0
2026-01-17,29,2,baseline,2026-01-31,437.0,508.0,44.677391304347836,71.0,85.0
2026-01-17,29,3,ensemble,2026-02-07,505.0,543.0,63.41608695652176,38.0,17.0
2026-01-17,29,3,baseline,2026-02-07,505.0,508.0,30.176956521739132,3.0,17.0
2026-01-17,30,1,ensemble,2026-01-24,64.0,104.0,22.75521739130435,40.0,59.0
2026-01-17,30,1,baseline,2026-01-24,64.0,112.0,32.24739130434782,48.0,59.0
2026-01-17,30,2,ensemble,2026-01-31,79.0,109.0,16.41521739130435,30.0,44.0
2026-01-17,30,2,baseline,2026-01-31,79.0,112.0,18.97217391304348,33.0,44.0
2026-01-17,30,3,ensemble,2026-02-07,84.0,97.0,12.831304347826086,13.0,39.0
2026-01-17,30,3,baseline,2026-02-07,84.0,112.0,15.347826086956522,28.0,39.0
2026-01-17,31,1,ensemble,2026-01-24,145.0,137.0,14.726956521739131,8.0,20.0
2026-01-17,31,1,baseline,2026-01-24,145.0,140.0,4.767391304347826,5.0,20.0
2026-01-17,31,2,ensemble,2026-01-31,129.0,137.0,17.113478260869563,8.0,36.0
2026-01-17,31,2,baseline,2026-01-31,129.0,140.0,8.039130434782608,11.0,36.0
2026-01-17,31,3,ensemble,2026-02-07,143.0,125.0,17.946956521739132,18.0,22.0
2026-01-17,31,3,baseline,2026-02-07,143.0,140.0,7.55391304347826,3.0,22.0
2026-01-17,32,1,ensemble,2026-01-24,95.0,116.0,16.176086956521743,21.0,104.0
2026-01-17,32,1,baseline,2026-01-24,95.0,132.0,22.39695652173913,37.0,104.0
2026-01-17,32,2,ensemble,2026-01-31,115.0,107.0,14.749130434782607,8.0,84.0
2026-01-17,32,2,baseline,2026-01-31,115.0,132.0,12.254782608695653,17.0,84.0
2026-01-17,32,3,ensemble,2026-02-07,104.0,107.0,15.604782608695654,3.0,95.0
2026-01-17,32,3,baseline,2026-02-07,104.0,132.0,17.778695652173916,28.0,95.0
2026-01-17,33,1,ensemble,2026-01-24,118.0,160.0,21.216521739130435,42.0,106.0
2026-01-17,33,1,baseline,2026-01-24,118.0,202.0,66.17217391304348,84.0,106.0
2026-01-17,33,2,ensemble,2026-01-31,49.0,135.0,51.798695652173926,86.0,175.0
2026-01-17,33,2,baseline,2026-01-31,49.0,202.0,131.06521739130432,153.0,175.0
2026-01-17,33,3,ensemble,2026-02-07,61.0,114.0,32.326521739130435,53.0,163.0
2026-01-17,33,3,baseline,2026-02-07,61.0,202.0,115.40347826086958,141.0,163.0
2026-01-17,34,1,ensemble,2026-01-24,399.0,894.0,309.17695652173916,495.0,809.0
2026-01-17,34,1,baseline,2026-01-24,399.0,1166.0,629.8047826086956,767.0,809.0
2026-01-17,34,2,ensemble,2026-01-31,298.0,808.0,326.78000000000003,510.0,910.0
2026-01-17,34,2,baseline,2026-01-31,298.0,1166.0,700.9017391304347,868.0,910.0
2026-01-17,34,3,ensemble,2026-02-07,202.0,819.0,372.3778260869565,617.0,1006.0
2026-01-17,34,3,baseline,2026-02-07,202.0,1166.0,770.6526086956521,964.0,1006.0
2026-01-17,35,1,ensemble,2026-01-24,138.0,170.0,20.43304347826087,32.0,109.0
2026-01-17,35,1,baseline,2026-01-24,138.0,218.0,52.53434782608696,80.0,109.0
2026-01-17,35,2,ensemble,2026-01-31,105.0,156.0,30.34608695652174,51.0,142.0
2026-01-17,35,2,baseline,2026-01-31,105.0,218.0,74.34521739130435,113.0,142.0
2026-01-17,35,3,ensemble,2026-02-07,166.0,148.0,18.914347826086956,18.0,81.0
2026-01-17,35,3,baseline,2026-02-07,166.0,218.0,29.540434782608692,52.0,81.0
2026-01-17,36,1,ensemble,2026-01-24,692.0,1421.0,428.40521739130435,729.0,1695.0
2026-01-17,36,1,baseline,2026-01-24,692.0,2051.0,1102.503043478261,1359.0,1695.0
2026-01-17,36,2,ensemble,2026-01-31,411.0,1346.0,501.6891304347826,935.0,1976.0
2026-01-17,36,2,baseline,2026-01-31,411.0,2051.0,1319.4747826086955,1640.0,1976.0
2026-01-17,36,3,ensemble,2026-02-07,297.0,1249.0,536.8352173913042,952.0,2090.0
2026-01-17,36,3,baseline,2026-02-07,297.0,2051.0,1384.9760869565218,1754.0,2090.0
2026-01-17,37,1,ensemble,2026-01-24,526.0,965.0,248.2534782608695,439.0,893.0
2026-01-17,37,1,baseline,2026-01-24,526.0,1284.0,588.676956521739,758.0,893.0
2026-01-17,37,2,ensemble,2026-01-31,440.0,900.0,246.28652173913045,460.0,979.0
2026-01-17,37,2,baseline,2026-01-31,440.0,1284.0,630.8073913043478,844.0,979.0
2026-01-17,37,3,ensemble,2026-02-07,386.0,819.0,241.58608695652168,433.0,1033.0
2026-01-17,37,3,baseline,2026-02-07,386.0,1284.0,649.0578260869565,898.0,1033.0
2026-01-17,38,1,ensemble,2026-01-24,72.0,84.0,8.583913043478262,12.0,31.0
2026-01-17,38,1,baseline,2026-01-24,72.0,101.0,18.82695652173913,29.0,31.0
2026-01-17,38,2,ensemble,2026-01-31,61.0,74.0,10.561739130434782,13.0,42.0
2026-01-17,38,2,baseline,2026-01-31,61.0,101.0,26.21391304347826,40.0,42.0
2026-01-17,38,3,ensemble,2026-02-07,42.0,65.0,13.702173913043483,23.0,61.0
2026-01-17,38,3,baseline,2026-02-07,42.0,101.0,41.041739130434784,59.0,61.0
2026-01-17,39,1,ensemble,2026-01-24,724.0,1235.0,272.99260869565217,511.0,653.0
2026-01-17,39,1,baseline,2026-01-24,724.0,1350.0,434.5252173913044,626.0,653.0
2026-01-17,39,2,ensemble,2026-01-31,610.0,1183.0,325.23434782608695,573.0,767.0
2026-01-17,39,2,baseline,2026-01-31,610.0,1350.0,501.52608695652185,740.0,767.0
2026-01-17,39,3,ensemble,2026-02-07,514.0,1064.0,316.245652173913,550.0,863.0
2026-01-17,39,3,baseline,2026-02-07,514.0,1350.0,556.7013043478262,836.0,863.0
2026-01-17,40,1,ensemble,2026-01-24,166.0,140.0,19.626521739130435,26.0,3.0
2026-01-17,40,1,baseline,2026-01-24,166.0,103.0,37.471739130434784,63.0,3.0
2026-01-17,40,2,ensemble,2026-01-31,239.0,152.0,39.127826086956524,87.0,70.0
2026-01-17,40,2,baseline,2026-01-31,239.0,103.0,80.31869565217391,136.0,70.0
2026-01-17,40,3,ensemble,2026-02-07,263.0,163.0,47.087391304347825,100.0,94.0
2026-01-17,40,3,baseline,2026-02-07,263.0,103.0,91.89565217391304,160.0,94.0
2026-01-17,41,1,ensemble,2026-01-24,245.0,140.0,60.69826086956522,105.0,75.0
2026-01-17,41,1,baseline,2026-01-24,245.0,118.0,86.56782608695653,127.0,75.0
2026-01-17,41,2,ensemble,2026-01-31,432.0,148.0,217.25695652173917,284.0,262.0
2026-01-17,41,2,baseline,2026-01-31,432.0,118.0,244.07347826086954,314.0,262.0
2026-01-17,41,3,ensemble,2026-02-07,573.0,136.0,347.1482608695652,437.0,403.0
2026-01-17,41,3,baseline,2026-02-07,573.0,118.0,373.8934782608696,455.0,403.0
2026-01-17,42,1,ensemble,2026-01-24,1233.0,1485.0,174.074347826087,252.0,1015.0
2026-01-17,42,1,baseline,2026-01-24,1233.0,1704.0,308.6517391304348,471.0,1015.0
2026-01-17,42,2,ensemble,2026-01-31,1035.0,1477.0,239.45086956521737,442.0,1213.0
2026-01-17,42,2,baseline,2026-01-31,1035.0,1704.0,426.20217391304345,669.0,1213.0
2026-01-17,42,3,ensemble,2026-02-07,841.0,1376.0,288.8726086956522,535.0,1407.0
2026-01-17,42,3,baseline,2026-02-07,841.0,1704.0,548.5613043478262,863.0,1407.0
2026-01-17,44,1,ensemble,2026-01-24,61.0,111.0,27.81739130434783,50.0,98.0
2026-01-17,44,1,baseline,2026-01-24,61.0,145.0,66.66260869565217,84.0,98.0
2026-01-17,44,2,ensemble,2026-01-31,30.0,100.0,41.711739130434786,70.0,129.0
2026-01-17,44,2,baseline,2026-01-31,30.0,145.0,93.30434782608695,115.0,129.0
2026-01-17,44,3,ensemble,2026-02-07,24.0,95.0,41.42782608695652,71.0,135.0
2026-01-17,44,3,baseline,2026-02-07,24.0,145.0,95.4530434782609,121.0,135.0
2026-01-17,45,1,ensemble,2026-01-24,241.0,478.0,120.1730434782609,237.0,318.0
2026-01-17,45,1,baseline,2026-01-24,241.0,537.0,216.82521739130436,296.0,318.0
2026-01-17,45,2,ensemble,2026-01-31,260.0,447.0,96.88391304347827,187.0,299.0
2026-01-17,45,2,baseline,2026-01-31,260.0,537.0,188.07608695652175,277.0,299.0
2026-01-17,45,3,ensemble,2026-02-07,255.0,422.0,83.22521739130435,167.0,304.0
2026-01-17,45,3,baseline,2026-02-07,255.0,537.0,182.40826086956528,282.0,304.0
2026-01-17,46,1,ensemble,2026-01-24,67.0,57.0,8.180000000000001,10.0,3.0
2026-01-17,46,1,baseline,2026-01-24,67.0,55.0,7.143478260869564,12.0,3.0
2026-01-17,46,2,ensemble,2026-01-31,61.0,55.0,8.768260869565218,6.0,3.0
2026-01-17,46,2,baseline,2026-01-31,61.0,55.0,4.732173913043479,6.0,3.0
2026-01-17,46,3,ensemble,2026-02-07,57.0,54.0,8.34217391304348,3.0,7.0
2026-01-17,46,3,baseline,2026-02-07,57.0,55.0,4.744782608695653,2.0,7.0
2026-01-17,47,1,ensemble,2026-01-24,312.0,473.0,80.26608695652176,161.0,207.0
2026-01-17,47,1,baseline,2026-01-24,312.0,517.0,136.37521739130435,205.0,207.0
2026-01-17,47,2,ensemble,2026-01-31,373.0,466.0,56.20434782608695,93.0,146.0
2026-01-17,47,2,baseline,2026-01-31,373.0,517.0,85.77,144.0,146.0
2026-01-17,47,3,ensemble,2026-02-07,318.0,421.0,64.2591304347826,103.0,201.0
2026-01-17,47,3,baseline,2026-02-07,318.0,517.0,117.07956521739128,199.0,201.0
2026-01-17,48,1,ensemble,2026-01-24,1379.0,1478.0,125.19,99.0,449.0
2026-01-17,48,1,baseline,2026-01-24,1379.0,1521.0,89.7221739130435,142.0,449.0
2026-01-17,48,2,ensemble,2026-01-31,1324.0,1477.0,161.0191304347826,153.0,504.0
2026-01-17,48,2,baseline,2026-01-31,1324.0,1521.0,120.99521739130434,197.0,504.0
2026-01-17,48,3,ensemble,2026-02-07,1395.0,1378.0,148.37826086956525,17.0,433.0
2026-01-17,48,3,baseline,2026-02-07,1395.0,1521.0,109.01217391304348,126.0,433.0
2026-01-17,49,1,ensemble,2026-01-24,77.0,134.0,32.256521739130434,57.0,83.0
2026-01-17,49,1,baseline,2026-01-24,77.0,155.0,56.279999999999994,78.0,83.0
2026-01-17,49,2,ensemble,2026-01-31,66.0,125.0,34.721304347826084,59.0,94.0
2026-01-17,49,2,baseline,2026-01-31,66.0,155.0,61.88260869565218,89.0,94.0
2026-01-17,49,3,ensemble,2026-02-07,91.0,117.0,18.0304347826087,26.0,69.0
2026-01-17,49,3,baseline,2026-02-07,91.0,155.0,40.302173913043475,64.0,69.0
2026-01-17,50,1,ensemble,2026-01-24,28.0,42.0,7.7791304347826085,14.0,20.0
2026-01-17,50,1,baseline,2026-01-24,28.0,40.0,7.314782608695652,12.0,20.0
2026-01-17,50,2,ensemble,2026-01-31,27.0,43.0,9.21391304347826,16.0,21.0
2026-01-17,50,2,baseline,2026-01-31,27.0,40.0,7.635652173913043,13.0,21.0
2026-01-17,50,3,ensemble,2026-02-07,32.0,39.0,6.611304347826087,7.0,16.0
2026-01-17,50,3,baseline,2026-02-07,32.0,40.0,4.766521739130434,8.0,16.0
2026-01-17,51,1,ensemble,2026-01-24,449.0,766.0,171.36826086956523,317.0,413.0
2026-01-17,51,1,baseline,2026-01-24,449.0,832.0,285.175652173913,383.0,413.0
2026-01-17,51,2,ensemble,2026-01-31,381.0,717.0,183.8973913043478,336.0,481.0
2026-01-17,51,2,baseline,2026-01-31,381.0,832.0,329.95,451.0,481.0
2026-01-17,51,3,ensemble,2026-02-07,279.0,662.0,222.09000000000003,383.0,583.0
2026-01-17,51,3,baseline,2026-02-07,279.0,832.0,414.10608695652166,553.0,583.0
2026-01-17,53,1,ensemble,2026-01-24,236.0,273.0,26.09086956521739,37.0,25.0
2026-01-17,53,1,baseline,2026-01-24,236.0,259.0,15.391739130434782,23.0,25.0
2026-01-17,53,2,ensemble,2026-01-31,298.0,275.0,26.546521739130437,23.0,37.0
2026-01-17,53,2,baseline,2026-01-31,298.0,259.0,24.469130434782606,39.0,37.0
2026-01-17,53,3,ensemble,2026-02-07,334.0,286.0,35.49695652173913,48.0,73.0
2026-01-17,53,3,baseline,2026-02-07,334.0,259.0,43.67478260869565,75.0,73.0
2026-01-17,54,1,ensemble,2026-01-24,186.0,195.0,15.322608695652173,9.0,17.0
2026-01-17,54,1,baseline,2026-01-24,186.0,199.0,9.838260869565218,13.0,17.0
2026-01-17,54,2,ensemble,2026-01-31,218.0,191.0,21.11217391304348,27.0,15.0
2026-01-17,54,2,baseline,2026-01-31,218.0,199.0,13.782173913043481,19.0,15.0
2026-01-17,54,3,ensemble,2026-02-07,154.0,182.0,24.5304347826087,28.0,49.0
2026-01-17,54,3,baseline,2026-02-07,154.0,199.0,25.69913043478261,45.0,49.0
2026-01-17,55,1,ensemble,2026-01-24,361.0,591.0,125.56695652173912,230.0,356.0
2026-01-17,55,1,baseline,2026-01-24,361.0,716.0,273.3747826086956,355.0,356.0
2026-01-17,55,2,ensemble,2026-01-31,267.0,502.0,141.95652173913047,235.0,450.0
2026-01-17,55,2,baseline,2026-01-31,267.0,716.0,348.9304347826087,449.0,450.0
2026-01-17,55,3,ensemble,2026-02-07,279.0,412.0,83.6317391304348,133.0,438.0
2026-01-17,55,3,baseline,2026-02-07,279.0,716.0,320.8508695652174,437.0,438.0
2026-01-17,56,1,ensemble,2026-01-24,18.0,52.0,20.385652173913044,34.0,38.0
2026-01-17,56,1,baseline,2026-01-24,18.0,48.0,19.79,30.0,38.0
2026-01-17,56,2,ensemble,2026-01-31,10.0,50.0,26.15913043478261,40.0,46.0
2026-01-17,56,2,baseline,2026-01-31,10.0,48.0,24.596086956521734,38.0,46.0
2026-01-17,56,3,ensemble,2026-02-07,21.0,49.0,14.972173913043479,28.0,35.0
2026-01-17,56,3,baseline,2026-02-07,21.0,48.0,15.499130434782607,27.0,35.0
2026-01-24,01,1,ensemble,2026-01-31,262.0,160.0,54.07826086956523,102.0,56.0
2026-01-24,01,1,baseline,2026-01-31,262.0,191.0,43.67695652173912,71.0,56.0
2026-01-24,01,2,ensemble,2026-02-07,355.0,143.0,130.56565217391304,212.0,149.0
2026-01-24,01,2,baseline,2026-02-07,355.0,191.0,103.36173913043476,164.0,149.0
2026-01-24,01,3,ensemble,2026-02-14,437.0,122.0,202.11869565217398,315.0,231.0
2026-01-24,01,3,baseline,2026-02-14,437.0,191.0,161.47304347826088,246.0,231.0
2026-01-24,02,1,ensemble,2026-01-31,28.0,28.0,3.576521739130435,0.0,10.0
2026-01-24,02,1,baseline,2026-01-31,28.0,30.0,2.0991304347826087,2.0,10.0
2026-01-24,02,2,ensemble,2026-02-07,16.0,24.0,4.9186956521739145,8.0,22.0
2026-01-24,02,2,baseline,2026-02-07,16.0,30.0,8.014347826086956,14.0,22.0
2026-01-24,02,3,ensemble,2026-02-14,15.0,22.0,5.025652173913044,7.0,23.0
2026-01-24,02,3,baseline,2026-02-14,15.0,30.0,8.33695652173913,15.0,23.0
2026-01-24,04,1,ensemble,2026-01-31,263.0,140.0,71.47391304347825,123.0,118.0
2026-01-24,04,1,baseline,2026-01-31,263.0,133.0,76.05391304347827,130.0,118.0
2026-01-24,04,2,ensemble,2026-02-07,346.0,132.0,132.56130434782608,214.0,201.0
2026-01-24,04,2,baseline,2026-02-07,346.0,133.0,122.31869565217389,213.0,201.0
2026-01-24,04,3,ensemble,2026-02-14,415.0,130.0,172.94260869565218,285.0,270.0
2026-01-24,04,3,baseline,2026-02-14,415.0,133.0,160.41130434782607,282.0,270.0
2026-01-24,05,1,ensemble,2026-01-31,209.0,82.0,84.41304347826086,127.0,67.0
2026-01-24,05,1,baseline,2026-01-31,209.0,83.0,83.86130434782608,126.0,67.0
2026-01-24,05,2,ensemble,2026-02-07,213.0,77.0,85.75695652173913,136.0,71.0
2026-01-24,05,2,baseline,2026-02-07,213.0,83.0,81.09173913043477,130.0,71.0
2026-01-24,05,3,ensemble,2026-02-14,274.0,76.0,138.4073913043478,198.0,132.0
2026-01-24,05,3,baseline,2026-02-14,274.0,83.0,124.33043478260869,191.0,132.0
2026-01-24,06,1,ensemble,2026-01-31,1649.0,1201.0,227.02347826086955,448.0,253.0
2026-01-24,06,1,baseline,2026-01-31,1649.0,1250.0,243.66652173913045,399.0,253.0
2026-01-24,06,2,ensemble,2026-02-07,2074.0,1156.0,518.978695652174,918.0,678.0
2026-01-24,06,2,baseline,2026-02-07,2074.0,1250.0,522.7360869565217,824.0,678.0
2026-01-24,06,3,ensemble,2026-02-14,2151.0,1072.0,606.9339130434782,1079.0,755.0
2026-01-24,06,3,baseline,2026-02-14,2151.0,1250.0,556.4195652173913,901.0,755.0
2026-01-24,08,1,ensemble,2026-01-31,149.0,177.0,23.027391304347827,28.0,121.0
2026-01-24,08,1,baseline,2026-01-31,149.0,265.0,75.3013043478261,116.0,121.0
2026-01-24,08,2,ensemble,2026-02-07,112.0,142.0,25.66347826086957,30.0,158.0
2026-01-24,08,2,baseline,2026-02-07,112.0,265.0,97.61739130434783,153.0,158.0
2026-01-24,08,3,ensemble,2026-02-14,128.0,119.0,22.86826086956522,9.0,142.0
2026-01-24,08,3,baseline,2026-02-14,128.0,265.0,81.29565217391306,137.0,142.0
2026-01-24,09,1,ensemble,2026-01-31,83.0,139.0,30.6195652173913,56.0,157.0
2026-01-24,09,1,baseline,2026-01-31,83.0,233.0,103.4813043478261,150.0,157.0
2026-01-24,09,2,ensemble,2026-02-07,55.0,117.0,35.30913043478262,62.0,185.0
2026-01-24,09,2,baseline,2026-02-07,55.0,233.0,118.31086956521742,178.0,185.0
2026-01-24,09,3,ensemble,2026-02-14,32.0,99.0,37.179130434782614,67.0,208.0
2026-01-24,09,3,baseline,2026-02-14,32.0,233.0,129.89304347826086,201.0,208.0
2026-01-24,10,1,ensemble,2026-01-31,74.0,97.0,13.63478260869565,23.0,60.0
2026-01-24,10,1,baseline,2026-01-31,74.0,134.0,42.220434782608706,60.0,60.0
2026-01-24,10,2,ensemble,2026-02-07,51.0,86.0,19.713043478260868,35.0,83.0
2026-01-24,10,2,baseline,2026-02-07,51.0,134.0,58.559130434782624,83.0,83.0
2026-01-24,10,3,ensemble,2026-02-14,48.0,74.0,16.887391304347826,26.0,86.0
2026-01-24,10,3,baseline,2026-02-14,48.0,134.0,58.26695652173913,86.0,86.0
2026-01-24,11,1,ensemble,2026-01-31,15.0,32.0,9.456521739130435,17.0,35.0
2026-01-24,11,1,baseline,2026-01-31,15.0,36.0,12.84782608695652,21.0,35.0
2026-01-24,11,2,ensemble,2026-02-07,10.0,30.0,11.363478260869567,20.0,40.0
2026-01-24,11,2,baseline,2026-02-07,10.0,36.0,15.344782608695654,26.0,40.0
2026-01-24,11,3,ensemble,2026-02-14,9.0,27.0,9.645652173913044,18.0,41.0
2026-01-24,11,3,baseline,2026-02-14,9.0,36.0,15.533478260869567,27.0,41.0
2026-01-24,12,1,ensemble,2026-01-31,1579.0,1253.0,162.79521739130433,326.0,209.0
2026-01-24,12,1,baseline,2026-01-31,1579.0,1507.0,53.77086956521739,72.0,209.0
2026-01-24,12,2,ensemble,2026-02-07,1928.0,1161.0,440.88739130434783,767.0,140.0
2026-01-24,12,2,baseline,2026-02-07,1928.0,1507.0,250.9295652173913,421.0,140.0
2026-01-24,12,3,ensemble,2026-02-14,2484.0,1090.0,882.9369565217391,1394.0,696.0
2026-01-24,12,3,baseline,2026-02-14,2484.0,1507.0,672.935652173913,977.0,696.0
2026-01-24,13,1,ensemble,2026-01-31,341.0,223.0,57.5291304347826,118.0,8.0
2026-01-24,13,1,baseline,2026-01-31,341.0,267.0,45.95086956521739,74.0,8.0
2026-01-24,13,2,ensemble,2026-02-07,363.0,192.0,83.7604347826087,171.0,14.0
2026-01-24,13,2,baseline,2026-02-07,363.0,267.0,57.545217391304355,96.0,14.0
2026-01-24,13,3,ensemble,2026-02-14,443.0,170.0,151.69956521739132,273.0,94.0
2026-01-24,13,3,baseline,2026-02-14,443.0,267.0,99.85521739130436,176.0,94.0
2026-01-24,15,1,ensemble,2026-01-31,26.0,46.0,10.836086956521742,20.0,24.0
2026-01-24,15,1,baseline,2026-01-31,26.0,50.0,15.539565217391305,24.0,24.0
2026-01-24,15,2,ensemble,2026-02-07,32.0,43.0,6.666086956521739,11.0,18.0
2026-01-24,15,2,baseline,2026-02-07,32.0,50.0,10.208695652173912,18.0,18.0
2026-01-24,15,3,ensemble,2026-02-14,23.0,41.0,9.726521739130437,18.0,27.0
2026-01-24,15,3,baseline,2026-02-14,23.0,50.0,16.057391304347824,27.0,27.0
2026-01-24,16,1,ensemble,2026-01-31,101.0,89.0,9.249130434782609,12.0,19.0
2026-01-24,16,1,baseline,2026-01-31,101.0,102.0,5.087826086956522,1.0,19.0
2026-01-24,16,2,ensemble,2026-02-07,107.0,85.0,12.798260869565217,22.0,13.0
2026-01-24,16,2,baseline,2026-02-07,107.0,102.0,7.760434782608695,5.0,13.0
2026-01-24,16,3,ensemble,2026-02-14,116.0,82.0,18.686086956521738,34.0,4.0
2026-01-24,16,3,baseline,2026-02-14,116.0,102.0,11.551304347826088,14.0,4.0
2026-01-24,17,1,ensemble,2026-01-31,554.0,584.0,57.59608695652174,30.0,197.0
2026-01-24,17,1,baseline,2026-01-31,554.0,695.0,86.05695652173915,141.0,197.0
2026-01-24,17,2,ensemble,2026-02-07,532.0,550.0,65.03260869565219,18.0,219.0
2026-01-24,17,2,baseline,2026-02-07,532.0,695.0,95.9904347826087,163.0,219.0
2026-01-24,17,3,ensemble,2026-02-14,557.0,443.0,79.77782608695652,114.0,194.0
2026-01-24,17,3,baseline,2026-02-14,557.0,695.0,83.7408695652174,138.0,194.0
2026-01-24,18,1,ensemble,2026-01-31,335.0,286.0,35.830869565217405,49.0,48.0
2026-01-24,18,1,baseline,2026-01-31,335.0,312.0,22.25565217391305,23.0,48.0
2026-01-24,18,2,ensemble,2026-02-07,350.0,251.0,49.97304347826088,99.0,33.0
2026-01-24,18,2,baseline,2026-02-07,350.0,312.0,33.49173913043479,38.0,33.0
2026-01-24,18,3,ensemble,2026-02-14,276.0,231.0,40.79565217391305,45.0,107.0
2026-01-24,18,3,baseline,2026-02-14,276.0,312.0,39.092173913043474,36.0,107.0
2026-01-24,19,1,ensemble,2026-01-31,223.0,207.0,21.998695652173918,16.0,38.0
2026-01-24,19,1,baseline,2026-01-31,223.0,234.0,8.914782608695653,11.0,38.0
2026-01-24,19,2,ensemble,2026-02-07,231.0,189.0,28.508695652173916,42.0,30.0
2026-01-24,19,2,baseline,2026-02-07,231.0,234.0,9.35826086956522,3.0,30.0
2026-01-24,19,3,ensemble,2026-02-14,222.0,173.0,32.11130434782608,49.0,39.0
2026-01-24,19,3,baseline,2026-02-14,222.0,234.0,13.679130434782609,12.0,39.0
2026-01-24,20,1,ensemble,2026-01-31,214.0,163.0,27.667826086956516,51.0,25.0
2026-01-24,20,1,baseline,2026-01-31,214.0,178.0,21.80217391304348,36.0,25.0
2026-01-24,20,2,ensemble,2026-02-07,220.0,146.0,36.822608695652164,74.0,31.0
2026-01-24,20,2,baseline,2026-02-07,220.0,178.0,24.691739130434787,42.0,31.0
2026-01-24,20,3,ensemble,2026-02-14,218.0,137.0,40.660869565217396,81.0,29.0
2026-01-24,20,3,baseline,2026-02-14,218.0,178.0,23.65826086956522,40.0,29.0
2026-01-24,21,1,ensemble,2026-01-31,289.0,260.0,28.299130434782615,29.0,40.0
2026-01-24,21,1,baseline,2026-01-31,289.0,299.0,15.057391304347828,10.0,40.0
2026-01-24,21,2,ensemble,2026-02-07,260.0,240.0,31.208695652173912,20.0,69.0
2026-01-24,21,2,baseline,2026-02-07,260.0,299.0,29.25565217391305,39.0,69.0
2026-01-24,21,3,ensemble,2026-02-14,223.0,228.0,36.889130434782615,5.0,106.0
2026-01-24,21,3,baseline,2026-02-14,223.0,299.0,46.22347826086956,76.0,106.0
2026-01-24,22,1,ensemble,2026-01-31,318.0,237.0,44.10391304347826,81.0,22.0
2026-01-24,22,1,baseline,2026-01-31,318.0,283.0,21.813478260869562,35.0,22.0
2026-01-24,22,2,ensemble,2026-02-07,326.0,198.0,66.25999999999999,128.0,30.0
2026-01-24,22,2,baseline,2026-02-07,326.0,283.0,26.569565217391304,43.0,30.0
2026-01-24,22,3,ensemble,2026-02-14,425.0,181.0,143.68478260869566,244.0,129.0
2026-01-24,22,3,baseline,2026-02-14,425.0,283.0,82.5495652173913,142.0,129.0
2026-01-24,23,1,ensemble,2026-01-31,69.0,91.0,12.200000000000001,22.0,49.0
2026-01-24,23,1,baseline,2026-01-31,69.0,108.0,25.253913043478263,39.0,49.0
2026-01-24,23,2,ensemble,2026-02-07,68.0,77.0,11.089565217391305,9.0,50.0
2026-01-24,23,2,baseline,2026-02-07,68.0,108.0,24.223478260869566,40.0,50.0
2026-01-24,23,3,ensemble,2026-02-14,47.0,68.0,15.10652173913044,21.0,71.0
2026-01-24,23,3,baseline,2026-02-14,47.0,108.0,36.853478260869565,61.0,71.0
2026-01-24,24,1,ensemble,2026-01-31,113.0,201.0,48.66739130434783,88.0,181.0
2026-01-24,24,1,baseline,2026-01-31,113.0,251.0,89.72217391304348,138.0,181.0
2026-01-24,24,2,ensemble,2026-02-07,90.0,185.0,48.083913043478276,95.0,204.0
2026-01-24,24,2,baseline,2026-02-07,90.0,251.0,99.59608695652176,161.0,204.0
2026-01-24,24,3,ensemble,2026-02-14,83.0,147.0,38.57913043478261,64.0,211.0
2026-01-24,24,3,baseline,2026-02-14,83.0,251.0,99.1986956521739,168.0,211.0
2026-01-24,25,1,ensemble,2026-01-31,235.0,315.0,46.21913043478262,80.0,294.0
2026-01-24,25,1,baseline,2026-01-31,235.0,425.0,121.08086956521741,190.0,294.0
2026-01-24,25,2,ensemble,2026-02-07,117.0,283.0,91.00782608695651,166.0,412.0
2026-01-24,25,2,baseline,2026-02-07,117.0,425.0,195.68521739130432,308.0,412.0
2026-01-24,25,3,ensemble,2026-02-14,83.0,244.0,97.3008695652174,161.0,446.0
2026-01-24,25,3,baseline,2026-02-14,83.0,425.0,211.54956521739132,342.0,446.0
2026-01-24,26,1,ensemble,2026-01-31,331.0,409.0,49.083043478260876,78.0,201.0
2026-01-24,26,1,baseline,2026-01-31,331.0,447.0,69.29478260869566,116.0,201.0
2026-01-24,26,2,ensemble,2026-02-07,302.0,360.0,52.25043478260869,58.0,230.0
2026-01-24,26,2,baseline,2026-02-07,302.0,447.0,83.17347826086957,145.0,230.0
2026-01-24,26,3,ensemble,2026-02-14,281.0,362.0,58.466521739130435,81.0,251.0
2026-01-24,26,3,baseline,2026-02-14,281.0,447.0,93.84869565217393,166.0,251.0
2026-01-24,27,1,ensemble,2026-01-31,211.0,237.0,28.928260869565218,26.0,204.0
2026-01-24,27,1,baseline,2026-01-31,211.0,385.0,119.76521739130435,174.0,204.0
2026-01-24,27,2,ensemble,2026-02-07,183.0,189.0,30.56652173913044,6.0,232.0
2026-01-24,27,2,baseline,2026-02-07,183.0,385.0,133.76695652173913,202.0,232.0
2026-01-24,27,3,ensemble,2026-02-14,200.0,152.0,39.07695652173914,48.0,215.0
2026-01-24,27,3,baseline,2026-02-14,200.0,385.0,115.29739130434785,185.0,215.0
2026-01-24,28,1,ensemble,2026-01-31,132.0,119.0,11.91782608695652,13.0,10.0
2026-01-24,28,1,baseline,2026-01-31,132.0,128.0,6.922173913043479,4.0,10.0
2026-01-24,28,2,ensemble,2026-02-07,200.0,115.0,46.69782608695653,85.0,58.0
2026-01-24,28,2,baseline,2026-02-07,200.0,128.0,42.58913043478261,72.0,58.0
2026-01-24,28,3,ensemble,2026-02-14,243.0,111.0,80.16217391304349,132.0,101.0
2026-01-24,28,3,baseline,2026-02-14,243.0,128.0,71.3821739130435,115.0,101.0
2026-01-24,29,1,ensemble,2026-01-31,437.0,249.0,110.70260869565219,188.0,86.0
2026-01-24,29,1,baseline,2026-01-31,437.0,256.0,115.39826086956523,181.0,86.0
2026-01-24,29,2,ensemble,2026-02-07,505.0,256.0,152.98130434782607,249.0,18.0
2026-01-24,29,2,baseline,2026-02-07,505.0,256.0,154.7113043478261,249.0,18.0
2026-01-24,29,3,ensemble,2026-02-14,580.0,249.0,211.5613043478261,331.0,57.0
2026-01-24,29,3,baseline,2026-02-14,580.0,256.0,201.59565217391304,324.0,57.0
2026-01-24,30,1,ensemble,2026-01-31,79.0,65.0,9.120000000000001,14.0,3.0
2026-01-24,30,1,baseline,2026-01-31,79.0,74.0,4.259130434782609,5.0,3.0
2026-01-24,30,2,ensemble,2026-02-07,84.0,61.0,12.463478260869566,23.0,2.0
2026-01-24,30,2,baseline,2026-02-07,84.0,74.0,6.946956521739132,10.0,2.0
2026-01-24,30,3,ensemble,2026-02-14,92.0,57.0,18.155652173913044,35.0,10.0
2026-01-24,30,3,baseline,2026-02-14,92.0,74.0,10.527826086956523,18.0,10.0
2026-01-24,31,1,ensemble,2026-01-31,129.0,87.0,23.565652173913044,42.0,4.0
2026-01-24,31,1,baseline,2026-01-31,129.0,89.0,24.954782608695645,40.0,4.0
2026-01-24,31,2,ensemble,2026-02-07,143.0,84.0,33.03782608695653,59.0,18.0
2026-01-24,31,2,baseline,2026-02-07,143.0,89.0,33.036521739130436,54.0,18.0
2026-01-24,31,3,ensemble,2026-02-14,152.0,78.0,41.56086956521739,74.0,27.0
2026-01-24,31,3,baseline,2026-02-14,152.0,89.0,37.78521739130435,63.0,27.0
2026-01-24,32,1,ensemble,2026-01-31,115.0,104.0,10.543043478260872,11.0,12.0
2026-01-24,32,1,baseline,2026-01-31,115.0,122.0,7.072173913043478,7.0,12.0
2026-01-24,32,2,ensemble,2026-02-07,104.0,98.0,11.800434782608697,6.0,23.0
2026-01-24,32,2,baseline,2026-02-07,104.0,122.0,12.63782608695652,18.0,23.0
2026-01-24,32,3,ensemble,2026-02-14,120.0,86.0,18.93608695652174,34.0,7.0
2026-01-24,32,3,baseline,2026-02-14,120.0,122.0,11.444347826086958,2.0,7.0
2026-01-24,33,1,ensemble,2026-01-31,49.0,107.0,30.669565217391302,58.0,105.0
2026-01-24,33,1,baseline,2026-01-31,49.0,153.0,83.64782608695653,104.0,105.0
2026-01-24,33,2,ensemble,2026-02-07,61.0,94.0,16.642608695652175,33.0,93.0
2026-01-24,33,2,baseline,2026-02-07,61.0,153.0,67.47695652173911,92.0,93.0
2026-01-24,33,3,ensemble,2026-02-14,60.0,72.0,12.75826086956522,12.0,94.0
2026-01-24,33,3,baseline,2026-02-14,60.0,153.0,65.12913043478261,93.0,94.0
2026-01-24,34,1,ensemble,2026-01-31,298.0,433.0,76.4404347826087,135.0,355.0
2026-01-24,34,1,baseline,2026-01-31,298.0,644.0,229.2330434782609,346.0,355.0
2026-01-24,34,2,ensemble,2026-02-07,202.0,373.0,95.3404347826087,171.0,451.0
2026-01-24,34,2,baseline,2026-02-07,202.0,644.0,288.0391304347827,442.0,451.0
2026-01-24,34,3,ensemble,2026-02-14,193.0,320.0,79.14652173913043,127.0,460.0
2026-01-24,34,3,baseline,2026-02-14,193.0,644.0,281.3421739130435,451.0,460.0
2026-01-24,35,1,ensemble,2026-01-31,105.0,115.0,11.84913043478261,10.0,42.0
2026-01-24,35,1,baseline,2026-01-31,105.0,140.0,21.151304347826088,35.0,42.0
2026-01-24,35,2,ensemble,2026-02-07,166.0,100.0,33.888695652173915,66.0,19.0
2026-01-24,35,2,baseline,2026-02-07,166.0,140.0,15.963043478260875,26.0,19.0
2026-01-24,35,3,ensemble,2026-02-14,78.0,94.0,16.13869565217391,16.0,69.0
2026-01-24,35,3,baseline,2026-02-14,78.0,140.0,35.14652173913044,62.0,69.0
2026-01-24,36,1,ensemble,2026-01-31,411.0,518.0,81.01,107.0,822.0
2026-01-24,36,1,baseline,2026-01-31,411.0,944.0,348.9430434782609,533.0,822.0
2026-01-24,36,2,ensemble,2026-02-07,297.0,457.0,110.20260869565219,160.0,936.0
2026-01-24,36,2,baseline,2026-02-07,297.0,944.0,412.22173913043486,647.0,936.0
2026-01-24,36,3,ensemble,2026-02-14,269.0,394.0,98.93565217391306,125.0,964.0
2026-01-24,36,3,baseline,2026-02-14,269.0,944.0,413.21913043478264,675.0,964.0
2026-01-24,37,1,ensemble,2026-01-31,440.0,354.0,59.72043478260871,86.0,205.0
2026-01-24,37,1,baseline,2026-01-31,440.0,583.0,88.31478260869567,143.0,205.0
2026-01-24,37,2,ensemble,2026-02-07,386.0,330.0,55.73739130434782,56.0,259.0
2026-01-24,37,2,baseline,2026-02-07,386.0,583.0,116.97347826086956,197.0,259.0
2026-01-24,37,3,ensemble,2026-02-14,272.0,270.0,52.61434782608695,2.0,373.0
2026-01-24,37,3,baseline,2026-02-14,272.0,583.0,181.39652173913043,311.0,373.0
2026-01-24,38,1,ensemble,2026-01-31,61.0,82.0,11.128695652173914,21.0,33.0
2026-01-24,38,1,baseline,2026-01-31,61.0,111.0,37.19478260869565,50.0,33.0
2026-01-24,38,2,ensemble,2026-02-07,42.0,72.0,15.87913043478261,30.0,52.0
2026-01-24,38,2,baseline,2026-02-07,42.0,111.0,53.1991304347826,69.0,52.0
2026-01-24,38,3,ensemble,2026-02-14,30.0,58.0,15.51521739130435,28.0,64.0
2026-01-24,38,3,baseline,2026-02-14,30.0,111.0,62.75304347826088,81.0,64.0
2026-01-24,39,1,ensemble,2026-01-31,610.0,613.0,62.40304347826087,3.0,248.0
2026-01-24,39,1,baseline,2026-01-31,610.0,776.0,104.55913043478262,166.0,248.0
2026-01-24,39,2,ensemble,2026-02-07,514.0,475.0,71.78782608695653,39.0,344.0
2026-01-24,39,2,baseline,2026-02-07,514.0,776.0,155.05173913043475,262.0,344.0
2026-01-24,39,3,ensemble,2026-02-14,528.0,465.0,84.35304347826087,63.0,330.0
2026-01-24,39,3,baseline,2026-02-14,528.0,776.0,144.64000000000001,248.0,330.0
2026-01-24,40,1,ensemble,2026-01-31,239.0,118.0,72.97826086956522,121.0,71.0
2026-01-24,40,1,baseline,2026-01-31,239.0,104.0,87.06000000000002,135.0,71.0
2026-01-24,40,2,ensemble,2026-02-07,263.0,113.0,89.09608695652172,150.0,95.0
2026-01-24,40,2,baseline,2026-02-07,263.0,104.0,96.2391304347826,159.0,95.0
2026-01-24,40,3,ensemble,2026-02-14,345.0,109.0,150.22173913043483,236.0,177.0
2026-01-24,40,3,baseline,2026-02-14,345.0,104.0,149.47304347826088,241.0,177.0
2026-01-24,41,1,ensemble,2026-01-31,432.0,172.0,203.37,260.0,229.0
2026-01-24,41,1,baseline,2026-01-31,432.0,156.0,218.05086956521743,276.0,229.0
2026-01-24,41,2,ensemble,2026-02-07,573.0,159.0,337.6386956521739,414.0,370.0
2026-01-24,41,2,baseline,2026-02-07,573.0,156.0,347.4895652173913,417.0,370.0
2026-01-24,41,3,ensemble,2026-02-14,400.0,150.0,163.6417391304348,250.0,197.0
2026-01-24,41,3,baseline,2026-02-14,400.0,156.0,166.7513043478261,244.0,197.0
2026-01-24,42,1,ensemble,2026-01-31,1035.0,1334.0,189.39913043478262,299.0,835.0
2026-01-24,42,1,baseline,2026-01-31,1035.0,1795.0,527.4869565217391,760.0,835.0
2026-01-24,42,2,ensemble,2026-02-07,841.0,1221.0,221.6586956521739,380.0,1029.0
2026-01-24,42,2,baseline,2026-02-07,841.0,1795.0,650.6513043478261,954.0,1029.0
2026-01-24,42,3,ensemble,2026-02-14,785.0,1082.0,213.9317391304348,297.0,1085.0
2026-01-24,42,3,baseline,2026-02-14,785.0,1795.0,667.2652173913044,1010.0,1085.0
2026-01-24,44,1,ensemble,2026-01-31,30.0,51.0,10.681739130434782,21.0,53.0
2026-01-24,44,1,baseline,2026-01-31,30.0,71.0,27.640869565217397,41.0,53.0
2026-01-24,44,2,ensemble,2026-02-07,24.0,45.0,10.813043478260871,21.0,59.0
2026-01-24,44,2,baseline,2026-02-07,24.0,71.0,30.420869565217384,47.0,59.0
2026-01-24,44,3,ensemble,2026-02-14,14.0,41.0,13.018260869565218,27.0,69.0
2026-01-24,44,3,baseline,2026-02-14,14.0,71.0,36.446956521739125,57.0,69.0
2026-01-24,45,1,ensemble,2026-01-31,260.0,157.0,54.03260869565217,103.0,40.0
2026-01-24,45,1,baseline,2026-01-31,260.0,207.0,33.052608695652175,53.0,40.0
2026-01-24,45,2,ensemble,2026-02-07,255.0,129.0,62.33217391304349,126.0,45.0
2026-01-24,45,2,baseline,2026-02-07,255.0,207.0,31.385217391304355,48.0,45.0
2026-01-24,45,3,ensemble,2026-02-14,234.0,114.0,61.24304347826089,120.0,66.0
2026-01-24,45,3,baseline,2026-02-14,234.0,207.0,26.838260869565215,27.0,66.0
2026-01-24,46,1,ensemble,2026-01-31,61.0,37.0,13.987391304347822,24.0,17.0
2026-01-24,46,1,baseline,2026-01-31,61.0,32.0,18.559565217391306,29.0,17.0
2026-01-24,46,2,ensemble,2026-02-07,57.0,35.0,12.001739130434784,22.0,21.0
2026-01-24,46,2,baseline,2026-02-07,57.0,32.0,14.44826086956522,25.0,21.0
2026-01-24,46,3,ensemble,2026-02-14,47.0,31.0,8.946956521739128,16.0,31.0
2026-01-24,46,3,baseline,2026-02-14,47.0,32.0,8.482608695652173,15.0,31.0
2026-01-24,47,1,ensemble,2026-01-31,373.0,260.0,61.79391304347827,113.0,58.0
2026-01-24,47,1,baseline,2026-01-31,373.0,305.0,41.27260869565218,68.0,58.0
2026-01-24,47,2,ensemble,2026-02-07,318.0,211.0,50.593043478260874,107.0,3.0
2026-01-24,47,2,baseline,2026-02-07,318.0,305.0,23.29869565217391,13.0,3.0
2026-01-24,47,3,ensemble,2026-02-14,323.0,189.0,62.08695652173913,134.0,8.0
2026-01-24,47,3,baseline,2026-02-14,323.0,305.0,30.04260869565218,18.0,8.0
2026-01-24,48,1,ensemble,2026-01-31,1324.0,947.0,196.99608695652174,377.0,116.0
2026-01-24,48,1,baseline,2026-01-31,1324.0,1102.0,129.85086956521738,222.0,116.0
2026-01-24,48,2,ensemble,2026-02-07,1395.0,862.0,263.63391304347823,533.0,187.0
2026-01-24,48,2,baseline,2026-02-07,1395.0,1102.0,165.1504347826087,293.0,187.0
2026-01-24,48,3,ensemble,2026-02-14,1350.0,787.0,280.2691304347826,563.0,142.0
2026-01-24,48,3,baseline,2026-02-14,1350.0,1102.0,149.01391304347825,248.0,142.0
2026-01-24,49,1,ensemble,2026-01-31,66.0,73.0,8.565217391304348,7.0,29.0
2026-01-24,49,1,baseline,2026-01-31,66.0,92.0,15.885217391304348,26.0,29.0
2026-01-24,49,2,ensemble,2026-02-07,91.0,66.0,14.01391304347826,25.0,4.0
2026-01-24,49,2,baseline,2026-02-07,91.0,92.0,5.3765217391304345,1.0,4.0
2026-01-24,49,3,ensemble,2026-02-14,74.0,60.0,11.770434782608698,14.0,21.0
2026-01-24,49,3,baseline,2026-02-14,74.0,92.0,11.335652173913045,18.0,21.0
2026-01-24,50,1,ensemble,2026-01-31,27.0,29.0,3.127826086956522,2.0,7.0
2026-01-24,50,1,baseline,2026-01-31,27.0,30.0,2.1465217391304354,3.0,7.0
2026-01-24,50,2,ensemble,2026-02-07,32.0,30.0,3.4565217391304355,2.0,2.0
2026-01-24,50,2,baseline,2026-02-07,32.0,30.0,2.3695652173913047,2.0,2.0
2026-01-24,50,3,ensemble,2026-02-14,25.0,28.0,3.8960869565217395,3.0,9.0
2026-01-24,50,3,baseline,2026-02-14,25.0,30.0,3.6621739130434783,5.0,9.0
2026-01-24,51,1,ensemble,2026-01-31,381.0,377.0,35.08826086956522,4.0,80.0
2026-01-24,51,1,baseline,2026-01-31,381.0,440.0,36.91956521739131,59.0,80.0
2026-01-24,51,2,ensemble,2026-02-07,279.0,357.0,48.99826086956522,78.0,182.0
2026-01-24,51,2,baseline,2026-02-07,279.0,440.0,93.83304347826086,161.0,182.0
2026-01-24,51,3,ensemble,2026-02-14,215.0,290.0,50.11608695652174,75.0,246.0
2026-01-24,51,3,baseline,2026-02-14,215.0,440.0,130.83478260869563,225.0,246.0
2026-01-24,53,1,ensemble,2026-01-31,298.0,176.0,67.7708695652174,122.0,92.0
2026-01-24,53,1,baseline,2026-01-31,298.0,174.0,82.44173913043478,124.0,92.0
2026-01-24,53,2,ensemble,2026-02-07,334.0,170.0,100.77391304347827,164.0,128.0
2026-01-24,53,2,baseline,2026-02-07,334.0,174.0,102.90478260869565,160.0,128.0
2026-01-24,53,3,ensemble,2026-02-14,275.0,167.0,58.27782608695652,108.0,69.0
2026-01-24,53,3,baseline,2026-02-14,275.0,174.0,58.092173913043474,101.0,69.0
2026-01-24,54,1,ensemble,2026-01-31,218.0,104.0,71.47521739130435,114.0,48.0
2026-01-24,54,1,baseline,2026-01-31,218.0,106.0,76.07869565217392,112.0,48.0
2026-01-24,54,2,ensemble,2026-02-07,154.0,101.0,29.312173913043488,53.0,16.0
2026-01-24,54,2,baseline,2026-02-07,154.0,106.0,27.343478260869563,48.0,16.0
2026-01-24,54,3,ensemble,2026-02-14,123.0,90.0,18.77130434782609,33.0,47.0
2026-01-24,54,3,baseline,2026-02-14,123.0,106.0,14.811739130434784,17.0,47.0
2026-01-24,55,1,ensemble,2026-01-31,267.0,291.0,34.5704347826087,24.0,183.0
2026-01-24,55,1,baseline,2026-01-31,267.0,419.0,99.40869565217392,152.0,183.0
2026-01-24,55,2,ensemble,2026-02-07,279.0,239.0,42.57913043478261,40.0,171.0
2026-01-24,55,2,baseline,2026-02-07,279.0,419.0,84.78043478260871,140.0,171.0
2026-01-24,55,3,ensemble,2026-02-14,259.0,217.0,45.67652173913044,42.0,191.0
2026-01-24,55,3,baseline,2026-02-14,259.0,419.0,93.45739130434782,160.0,191.0
2026-01-24,56,1,ensemble,2026-01-31,10.0,27.0,9.47608695652174,17.0,16.0
2026-01-24,56,1,baseline,2026-01-31,10.0,26.0,9.668695652173914,16.0,16.0
2026-01-24,56,2,ensemble,2026-02-07,21.0,25.0,3.6482608695652172,4.0,5.0
2026-01-24,56,2,baseline,2026-02-07,21.0,26.0,3.953913043478262,5.0,5.0
2026-01-24,56,3,ensemble,2026-02-14,29.0,25.0,4.245652173913044,4.0,3.0
2026-01-24,56,3,baseline,2026-02-14,29.0,26.0,4.153913043478261,3.0,3.0
2026-01-31,01,1,ensemble,2026-02-07,355.0,25.0,292.87913043478255,330.0,105.0
2026-01-31,01,1,baseline,2026-02-07,355.0,8.0,276.66478260869565,347.0,105.0
2026-01-31,01,2,ensemble,2026-02-14,437.0,23.0,370.9030434782608,414.0,187.0
2026-01-31,01,2,baseline,2026-02-14,437.0,8.0,343.14304347826084,429.0,187.0
2026-01-31,01,3,ensemble,2026-02-21,333.0,24.0,264.5739130434783,309.0,83.0
2026-01-31,01,3,baseline,2026-02-21,333.0,8.0,223.90999999999997,325.0,83.0
2026-01-31,02,1,ensemble,2026-02-07,16.0,14.0,2.2343478260869563,2.0,10.0
2026-01-31,02,1,baseline,2026-02-07,16.0,16.0,1.857391304347826,0.0,10.0
2026-01-31,02,2,ensemble,2026-02-14,15.0,13.0,2.473913043478261,2.0,11.0
2026-01-31,02,2,baseline,2026-02-14,15.0,16.0,2.4334782608695655,1.0,11.0
2026-01-31,02,3,ensemble,2026-02-21,8.0,11.0,2.8130434782608695,3.0,18.0
2026-01-31,02,3,baseline,2026-02-21,8.0,16.0,4.656086956521739,8.0,18.0
2026-01-31,04,1,ensemble,2026-02-07,346.0,162.0,114.21217391304349,184.0,148.0
2026-01-31,04,1,baseline,2026-02-07,346.0,161.0,112.99869565217392,185.0,148.0
2026-01-31,04,2,ensemble,2026-02-14,415.0,155.0,168.49043478260867,260.0,217.0
2026-01-31,04,2,baseline,2026-02-14,415.0,161.0,151.84260869565216,254.0,217.0
2026-01-31,04,3,ensemble,2026-02-21,354.0,145.0,122.0330434782609,209.0,156.0
2026-01-31,04,3,baseline,2026-02-21,354.0,161.0,105.21695652173914,193.0,156.0
2026-01-31,05,1,ensemble,2026-02-07,213.0,117.0,57.67608695652173,96.0,46.0
2026-01-31,05,1,baseline,2026-02-07,213.0,119.0,59.462173913043486,94.0,46.0
2026-01-31,05,2,ensemble,2026-02-14,274.0,108.0,113.07217391304346,166.0,107.0
2026-01-31,05,2,baseline,2026-02-14,274.0,119.0,101.04434782608696,155.0,107.0
2026-01-31,05,3,ensemble,2026-02-21,173.0,96.0,38.13782608695652,77.0,6.0
2026-01-31,05,3,baseline,2026-02-21,173.0,119.0,30.004347826086967,54.0,6.0
2026-01-31,06,1,ensemble,2026-02-07,2074.0,1225.0,500.87347826086955,849.0,450.0
2026-01-31,06,1,baseline,2026-02-07,2074.0,1324.0,499.8104347826087,750.0,450.0
2026-01-31,06,2,ensemble,2026-02-14,2151.0,1140.0,582.7552173913043,1011.0,527.0
2026-01-31,06,2,baseline,2026-02-14,2151.0,1324.0,526.6534782608696,827.0,527.0
2026-01-31,06,3,ensemble,2026-02-21,1566.0,1108.0,234.884347826087,458.0,58.0
2026-01-31,06,3,baseline,2026-02-21,1566.0,1324.0,151.56652173913042,242.0,58.0
2026-01-31,08,1,ensemble,2026-02-07,112.0,101.0,12.494347826086956,11.0,71.0
2026-01-31,08,1,baseline,2026-02-07,112.0,136.0,16.530434782608694,24.0,71.0
2026-01-31,08,2,ensemble,2026-02-14,128.0,81.0,25.077391304347824,47.0,55.0
2026-01-31,08,2,baseline,2026-02-14,128.0,136.0,15.480434782608699,8.0,55.0
2026-01-31,08,3,ensemble,2026-02-21,119.0,65.0,28.299565217391308,54.0,64.0
2026-01-31,08,3,baseline,2026-02-21,119.0,136.0,20.456521739130437,17.0,64.0
2026-01-31,09,1,ensemble,2026-02-07,55.0,63.0,10.799999999999999,8.0,62.0
2026-01-31,09,1,baseline,2026-02-07,55.0,117.0,37.50999999999999,62.0,62.0
2026-01-31,09,2,ensemble,2026-02-14,32.0,56.0,14.050434782608693,24.0,85.0
2026-01-31,09,2,baseline,2026-02-14,32.0,117.0,49.56,85.0,85.0
2026-01-31,09,3,ensemble,2026-02-21,33.0,47.0,13.651304347826086,14.0,84.0
2026-01-31,09,3,baseline,2026-02-21,33.0,117.0,46.92478260869565,84.0,84.0
2026-01-31,10,1,ensemble,2026-02-07,51.0,72.0,11.863478260869567,21.0,50.0
2026-01-31,10,1,baseline,2026-02-07,51.0,101.0,33.86608695652174,50.0,50.0
2026-01-31,10,2,ensemble,2026-02-14,48.0,61.0,9.874782608695652,13.0,53.0
2026-01-31,10,2,baseline,2026-02-14,48.0,101.0,34.17304347826087,53.0,53.0
2026-01-31,10,3,ensemble,2026-02-21,49.0,49.0,8.066086956521739,0.0,52.0
2026-01-31,10,3,baseline,2026-02-21,49.0,101.0,31.676086956521736,52.0,52.0
2026-01-31,11,1,ensemble,2026-02-07,10.0,19.0,4.569565217391306,9.0,23.0
2026-01-31,11,1,baseline,2026-02-07,10.0,25.0,8.792608695652175,15.0,23.0
2026-01-31,11,2,ensemble,2026-02-14,9.0,16.0,4.323913043478262,7.0,24.0
2026-01-31,11,2,baseline,2026-02-14,9.0,25.0,9.12913043478261,16.0,24.0
2026-01-31,11,3,ensemble,2026-02-21,7.0,13.0,3.8713043478260865,6.0,26.0
2026-01-31,11,3,baseline,2026-02-21,7.0,25.0,10.000434782608696,18.0,26.0
2026-01-31,12,1,ensemble,2026-02-07,1928.0,863.0,855.2978260869567,1065.0,395.0
2026-01-31,12,1,baseline,2026-02-07,1928.0,972.0,731.078695652174,956.0,395.0
2026-01-31,12,2,ensemble,2026-02-14,2484.0,736.0,1462.603043478261,1748.0,951.0
2026-01-31,12,2,baseline,2026-02-14,2484.0,972.0,1237.9939130434782,1512.0,951.0
2026-01-31,12,3,ensemble,2026-02-21,2027.0,634.0,1056.1726086956521,1393.0,494.0
2026-01-31,12,3,baseline,2026-02-21,2027.0,972.0,739.523043478261,1055.0,494.0
2026-01-31,13,1,ensemble,2026-02-07,363.0,195.0,95.11043478260872,168.0,21.0
2026-01-31,13,1,baseline,2026-02-07,363.0,241.0,74.37391304347825,122.0,21.0
2026-01-31,13,2,ensemble,2026-02-14,443.0,161.0,177.57086956521735,282.0,101.0
2026-01-31,13,2,baseline,2026-02-14,443.0,241.0,120.16782608695648,202.0,101.0
2026-01-31,13,3,ensemble,2026-02-21,384.0,126.0,139.1926086956522,258.0,42.0
2026-01-31,13,3,baseline,2026-02-21,384.0,241.0,80.55913043478262,143.0,42.0
2026-01-31,15,1,ensemble,2026-02-07,32.0,32.0,3.353913043478261,0.0,13.0
2026-01-31,15,1,baseline,2026-02-07,32.0,38.0,3.56695652173913,6.0,13.0
2026-01-31,15,2,ensemble,2026-02-14,23.0,29.0,4.682608695652173,6.0,22.0
2026-01-31,15,2,baseline,2026-02-14,23.0,38.0,8.193913043478261,15.0,22.0
2026-01-31,15,3,ensemble,2026-02-21,20.0,25.0,4.894347826086957,5.0,25.0
2026-01-31,15,3,baseline,2026-02-21,20.0,38.0,9.827391304347827,18.0,25.0
2026-01-31,16,1,ensemble,2026-02-07,107.0,69.0,21.635217391304348,38.0,10.0
2026-01-31,16,1,baseline,2026-02-07,107.0,77.0,17.752173913043478,30.0,10.0
2026-01-31,16,2,ensemble,2026-02-14,116.0,63.0,30.698260869565214,53.0,19.0
2026-01-31,16,2,baseline,2026-02-14,116.0,77.0,22.339130434782607,39.0,19.0
2026-01-31,16,3,ensemble,2026-02-21,119.0,59.0,34.37652173913043,60.0,22.0
2026-01-31,16,3,baseline,2026-02-21,119.0,77.0,23.419999999999995,42.0,22.0
2026-01-31,17,1,ensemble,2026-02-07,532.0,459.0,51.6904347826087,73.0,122.0
2026-01-31,17,1,baseline,2026-02-07,532.0,594.0,42.86434782608696,62.0,122.0
2026-01-31,17,2,ensemble,2026-02-14,557.0,413.0,75.64130434782608,144.0,97.0
2026-01-31,17,2,baseline,2026-02-14,557.0,594.0,41.2304347826087,37.0,97.0
2026-01-31,17,3,ensemble,2026-02-21,579.0,371.0,104.26,208.0,75.0
2026-01-31,17,3,baseline,2026-02-21,579.0,594.0,46.92565217391305,15.0,75.0
2026-01-31,18,1,ensemble,2026-02-07,350.0,173.0,103.21304347826086,177.0,34.0
2026-01-31,18,1,baseline,2026-02-07,350.0,214.0,82.93565217391306,136.0,34.0
2026-01-31,18,2,ensemble,2026-02-14,276.0,138.0,65.3795652173913,138.0,40.0
2026-01-31,18,2,baseline,2026-02-14,276.0,214.0,41.68608695652174,62.0,40.0
2026-01-31,18,3,ensemble,2026-02-21,359.0,119.0,129.31652173913045,240.0,43.0
2026-01-31,18,3,baseline,2026-02-21,359.0,214.0,80.68260869565218,145.0,43.0
2026-01-31,19,1,ensemble,2026-02-07,231.0,181.0,27.50434782608695,50.0,10.0
2026-01-31,19,1,baseline,2026-02-07,231.0,211.0,13.120434782608697,20.0,10.0
2026-01-31,19,2,ensemble,2026-02-14,222.0,153.0,35.91260869565218,69.0,19.0
2026-01-31,19,2,baseline,2026-02-14,222.0,211.0,11.202608695652176,11.0,19.0
2026-01-31,19,3,ensemble,2026-02-21,199.0,138.0,33.74521739130435,61.0,42.0
2026-01-31,19,3,baseline,2026-02-21,199.0,211.0,13.701304347826092,12.0,42.0
2026-01-31,20,1,ensemble,2026-02-07,220.0,152.0,33.360869565217385,68.0,7.0
2026-01-31,20,1,baseline,2026-02-07,220.0,165.0,34.023478260869574,55.0,7.0
2026-01-31,20,2,ensemble,2026-02-14,218.0,134.0,42.12478260869566,84.0,5.0
2026-01-31,20,2,baseline,2026-02-14,218.0,165.0,30.726086956521748,53.0,5.0
2026-01-31,20,3,ensemble,2026-02-21,190.0,122.0,33.764782608695654,68.0,23.0
2026-01-31,20,3,baseline,2026-02-21,190.0,165.0,17.39391304347826,25.0,23.0
2026-01-31,21,1,ensemble,2026-02-07,260.0,193.0,35.2108695652174,67.0,23.0
2026-01-31,21,1,baseline,2026-02-07,260.0,226.0,23.66347826086957,34.0,23.0
2026-01-31,21,2,ensemble,2026-02-14,223.0,171.0,30.44739130434783,52.0,60.0
2026-01-31,21,2,baseline,2026-02-14,223.0,226.0,20.28739130434783,3.0,60.0
2026-01-31,21,3,ensemble,2026-02-21,243.0,152.0,44.331739130434784,91.0,40.0
2026-01-31,21,3,baseline,2026-02-21,243.0,226.0,27.523478260869563,17.0,40.0
2026-01-31,22,1,ensemble,2026-02-07,326.0,243.0,43.00826086956522,83.0,8.0
2026-01-31,22,1,baseline,2026-02-07,326.0,293.0,20.806521739130435,33.0,8.0
2026-01-31,22,2,ensemble,2026-02-14,425.0,220.0,121.99434782608694,205.0,91.0
2026-01-31,22,2,baseline,2026-02-14,425.0,293.0,79.88173913043478,132.0,91.0
2026-01-31,22,3,ensemble,2026-02-21,342.0,200.0,79.71217391304349,142.0,8.0
2026-01-31,22,3,baseline,2026-02-21,342.0,293.0,30.624347826086954,49.0,8.0
2026-01-31,23,1,ensemble,2026-02-07,68.0,45.0,11.626521739130435,23.0,13.0
2026-01-31,23,1,baseline,2026-02-07,68.0,62.0,4.827391304347827,6.0,13.0
2026-01-31,23,2,ensemble,2026-02-14,47.0,42.0,6.9052173913043475,5.0,34.0
2026-01-31,23,2,baseline,2026-02-14,47.0,62.0,9.544347826086955,15.0,34.0
2026-01-31,23,3,ensemble,2026-02-21,59.0,40.0,10.859130434782609,19.0,22.0
2026-01-31,23,3,baseline,2026-02-21,59.0,62.0,6.890869565217393,3.0,22.0
2026-01-31,24,1,ensemble,2026-02-07,90.0,105.0,12.81304347826087,15.0,79.0
2026-01-31,24,1,baseline,2026-02-07,90.0,143.0,31.393913043478268,53.0,79.0
2026-01-31,24,2,ensemble,2026-02-14,83.0,86.0,13.298695652173913,3.0,86.0
2026-01-31,24,2,baseline,2026-02-14,83.0,143.0,34.96826086956521,60.0,86.0
2026-01-31,24,3,ensemble,2026-02-21,72.0,70.0,15.130000000000003,2.0,97.0
2026-01-31,24,3,baseline,2026-02-21,72.0,143.0,40.49826086956522,71.0,97.0
2026-01-31,25,1,ensemble,2026-02-07,117.0,155.0,26.980869565217393,38.0,137.0
2026-01-31,25,1,baseline,2026-02-07,117.0,240.0,73.37652173913042,123.0,137.0
2026-01-31,25,2,ensemble,2026-02-14,83.0,110.0,32.68565217391305,27.0,171.0
2026-01-31,25,2,baseline,2026-02-14,83.0,240.0,90.12869565217392,157.0,171.0
2026-01-31,25,3,ensemble,2026-02-21,87.0,92.0,28.923913043478265,5.0,167.0
2026-01-31,25,3,baseline,2026-02-21,87.0,240.0,85.38130434782609,153.0,167.0
2026-01-31,26,1,ensemble,2026-02-07,302.0,277.0,29.33652173913044,25.0,110.0
2026-01-31,26,1,baseline,2026-02-07,302.0,336.0,30.983913043478257,34.0,110.0
2026-01-31,26,2,ensemble,2026-02-14,281.0,262.0,36.71130434782608,19.0,131.0
2026-01-31,26,2,baseline,2026-02-14,281.0,336.0,45.21478260869566,55.0,131.0
2026-01-31,26,3,ensemble,2026-02-21,340.0,233.0,61.455652173913045,107.0,72.0
2026-01-31,26,3,baseline,2026-02-21,340.0,336.0,44.09869565217391,4.0,72.0
2026-01-31,27,1,ensemble,2026-02-07,183.0,209.0,24.88434782608696,26.0,146.0
2026-01-31,27,1,baseline,2026-02-07,183.0,341.0,107.01652173913044,158.0,146.0
2026-01-31,27,2,ensemble,2026-02-14,200.0,166.0,28.41217391304348,34.0,129.0
2026-01-31,27,2,baseline,2026-02-14,200.0,341.0,88.42999999999999,141.0,129.0
2026-01-31,27,3,ensemble,2026-02-21,196.0,130.0,37.34521739130435,66.0,133.0
2026-01-31,27,3,baseline,2026-02-21,196.0,341.0,86.92260869565217,145.0,133.0
2026-01-31,28,1,ensemble,2026-02-07,200.0,86.0,78.25173913043479,114.0,85.0
2026-01-31,28,1,baseline,2026-02-07,200.0,96.0,70.73913043478261,104.0,85.0
2026-01-31,28,2,ensemble,2026-02-14,243.0,80.0,120.08391304347825,163.0,128.0
2026-01-31,28,2,baseline,2026-02-14,243.0,96.0,102.35304347826086,147.0,128.0
2026-01-31,28,3,ensemble,2026-02-21,227.0,75.0,102.6617391304348,152.0,112.0
2026-01-31,28,3,baseline,2026-02-21,227.0,96.0,84.01304347826087,131.0,112.0
2026-01-31,29,1,ensemble,2026-02-07,505.0,303.0,106.93521739130433,202.0,51.0
2026-01-31,29,1,baseline,2026-02-07,505.0,331.0,110.61260869565218,174.0,51.0
2026-01-31,29,2,ensemble,2026-02-14,580.0,285.0,173.71782608695653,295.0,126.0
2026-01-31,29,2,baseline,2026-02-14,580.0,331.0,155.95434782608697,249.0,126.0
2026-01-31,29,3,ensemble,2026-02-21,441.0,284.0,83.24695652173911,157.0,13.0
2026-01-31,29,3,baseline,2026-02-21,441.0,331.0,63.926956521739136,110.0,13.0
2026-01-31,30,1,ensemble,2026-02-07,84.0,41.0,26.15086956521739,43.0,20.0
2026-01-31,30,1,baseline,2026-02-07,84.0,48.0,22.31913043478261,36.0,20.0
2026-01-31,30,2,ensemble,2026-02-14,92.0,37.0,32.50217391304348,55.0,28.0
2026-01-31,30,2,baseline,2026-02-14,92.0,48.0,26.678695652173914,44.0,28.0
2026-01-31,30,3,ensemble,2026-02-21,53.0,33.0,10.078260869565216,20.0,11.0
2026-01-31,30,3,baseline,2026-02-21,53.0,48.0,6.344347826086956,5.0,11.0
2026-01-31,31,1,ensemble,2026-02-07,143.0,112.0,16.8595652173913,31.0,2.0
2026-01-31,31,1,baseline,2026-02-07,143.0,129.0,8.703913043478261,14.0,2.0
2026-01-31,31,2,ensemble,2026-02-14,152.0,102.0,26.094782608695645,50.0,7.0
2026-01-31,31,2,baseline,2026-02-14,152.0,129.0,13.353478260869565,23.0,7.0
2026-01-31,31,3,ensemble,2026-02-21,141.0,90.0,25.748695652173918,51.0,4.0
2026-01-31,31,3,baseline,2026-02-21,141.0,129.0,9.447826086956523,12.0,4.0
2026-01-31,32,1,ensemble,2026-02-07,104.0,43.0,36.980000000000004,61.0,9.0
2026-01-31,32,1,baseline,2026-02-07,104.0,49.0,33.34434782608695,55.0,9.0
2026-01-31,32,2,ensemble,2026-02-14,120.0,37.0,50.73,83.0,25.0
2026-01-31,32,2,baseline,2026-02-14,120.0,49.0,41.17478260869565,71.0,25.0
2026-01-31,32,3,ensemble,2026-02-21,90.0,32.0,31.3104347826087,58.0,5.0
2026-01-31,32,3,baseline,2026-02-21,90.0,49.0,22.39652173913043,41.0,5.0
2026-01-31,33,1,ensemble,2026-02-07,61.0,52.0,6.952608695652174,9.0,57.0
2026-01-31,33,1,baseline,2026-02-07,61.0,78.0,10.409565217391306,17.0,57.0
2026-01-31,33,2,ensemble,2026-02-14,60.0,42.0,10.076956521739131,18.0,58.0
2026-01-31,33,2,baseline,2026-02-14,60.0,78.0,10.682608695652176,18.0,58.0
2026-01-31,33,3,ensemble,2026-02-21,55.0,36.0,10.835652173913044,19.0,63.0
2026-01-31,33,3,baseline,2026-02-21,55.0,78.0,13.415652173913049,23.0,63.0
2026-01-31,34,1,ensemble,2026-02-07,202.0,245.0,34.46608695652174,43.0,197.0
2026-01-31,34,1,baseline,2026-02-07,202.0,397.0,119.35565217391306,195.0,197.0
2026-01-31,34,2,ensemble,2026-02-14,193.0,206.0,39.51782608695652,13.0,206.0
2026-01-31,34,2,baseline,2026-02-14,193.0,397.0,116.9082608695652,204.0,206.0
2026-01-31,34,3,ensemble,2026-02-21,231.0,161.0,45.08739130434783,70.0,168.0
2026-01-31,34,3,baseline,2026-02-21,231.0,397.0,93.95913043478261,166.0,168.0
2026-01-31,35,1,ensemble,2026-02-07,166.0,102.0,36.31478260869566,64.0,28.0
2026-01-31,35,1,baseline,2026-02-07,166.0,129.0,22.37086956521739,37.0,28.0
2026-01-31,35,2,ensemble,2026-02-14,78.0,90.0,12.451304347826087,12.0,60.0
2026-01-31,35,2,baseline,2026-02-14,78.0,129.0,29.464782608695653,51.0,60.0
2026-01-31,35,3,ensemble,2026-02-21,94.0,80.0,13.754347826086958,14.0,44.0
2026-01-31,35,3,baseline,2026-02-21,94.0,129.0,20.773913043478263,35.0,44.0
2026-01-31,36,1,ensemble,2026-02-07,297.0,312.0,40.55695652173913,15.0,395.0
2026-01-31,36,1,baseline,2026-02-07,297.0,543.0,144.74434782608697,246.0,395.0
2026-01-31,36,2,ensemble,2026-02-14,269.0,237.0,51.62913043478262,32.0,423.0
2026-01-31,36,2,baseline,2026-02-14,269.0,543.0,155.24260869565217,274.0,423.0
2026-01-31,36,3,ensemble,2026-02-21,326.0,197.0,74.43608695652173,129.0,366.0
2026-01-31,36,3,baseline,2026-02-21,326.0,543.0,128.55391304347827,217.0,366.0
2026-01-31,37,1,ensemble,2026-02-07,386.0,296.0,56.74,90.0,140.0
2026-01-31,37,1,baseline,2026-02-07,386.0,473.0,55.43130434782609,87.0,140.0
2026-01-31,37,2,ensemble,2026-02-14,272.0,262.0,48.65478260869566,10.0,254.0
2026-01-31,37,2,baseline,2026-02-14,272.0,473.0,118.12695652173913,201.0,254.0
2026-01-31,37,3,ensemble,2026-02-21,307.0,219.0,63.15565217391305,88.0,219.0
2026-01-31,37,3,baseline,2026-02-21,307.0,473.0,97.9704347826087,166.0,219.0
2026-01-31,38,1,ensemble,2026-02-07,42.0,78.0,21.897391304347824,36.0,30.0
2026-01-31,38,1,baseline,2026-02-07,42.0,115.0,59.82521739130434,73.0,30.0
2026-01-31,38,2,ensemble,2026-02-14,30.0,68.0,22.29782608695652,38.0,42.0
2026-01-31,38,2,baseline,2026-02-14,30.0,115.0,69.1991304347826,85.0,42.0
2026-01-31,38,3,ensemble,2026-02-21,22.0,58.0,20.39391304347826,36.0,50.0
2026-01-31,38,3,baseline,2026-02-21,22.0,115.0,74.83130434782608,93.0,50.0
2026-01-31,39,1,ensemble,2026-02-07,514.0,447.0,59.385217391304366,67.0,210.0
2026-01-31,39,1,baseline,2026-02-07,514.0,619.0,69.41652173913045,105.0,210.0
2026-01-31,39,2,ensemble,2026-02-14,528.0,399.0,78.19304347826088,129.0,196.0
2026-01-31,39,2,baseline,2026-02-14,528.0,619.0,69.02782608695652,91.0,196.0
2026-01-31,39,3,ensemble,2026-02-21,663.0,344.0,162.94000000000003,319.0,61.0
2026-01-31,39,3,baseline,2026-02-21,663.0,619.0,66.17217391304348,44.0,61.0
2026-01-31,40,1,ensemble,2026-02-07,263.0,129.0,78.6895652173913,134.0,97.0
2026-01-31,40,1,baseline,2026-02-07,263.0,128.0,87.68086956521738,135.0,97.0
2026-01-31,40,2,ensemble,2026-02-14,345.0,121.0,150.76695652173913,224.0,179.0
2026-01-31,40,2,baseline,2026-02-14,345.0,128.0,140.11652173913043,217.0,179.0
2026-01-31,40,3,ensemble,2026-02-21,254.0,114.0,76.48826086956521,140.0,88.0
2026-01-31,40,3,baseline,2026-02-21,254.0,128.0,70.98695652173912,126.0,88.0
2026-01-31,41,1,ensemble,2026-02-07,573.0,135.0,386.64565217391305,438.0,328.0
2026-01-31,41,1,baseline,2026-02-07,573.0,136.0,378.71608695652174,437.0,328.0
2026-01-31,41,2,ensemble,2026-02-14,400.0,125.0,199.57739130434783,275.0,155.0
2026-01-31,41,2,baseline,2026-02-14,400.0,136.0,194.06565217391307,264.0,155.0
2026-01-31,41,3,ensemble,2026-02-21,309.0,117.0,121.72913043478259,192.0,64.0
2026-01-31,41,3,baseline,2026-02-21,309.0,136.0,109.52739130434782,173.0,64.0
2026-01-31,42,1,ensemble,2026-02-07,841.0,819.0,80.03391304347826,22.0,392.0
2026-01-31,42,1,baseline,2026-02-07,841.0,1178.0,210.1004347826087,337.0,392.0
2026-01-31,42,2,ensemble,2026-02-14,785.0,659.0,99.15434782608696,126.0,448.0
2026-01-31,42,2,baseline,2026-02-14,785.0,1178.0,232.47000000000003,393.0,448.0
2026-01-31,42,3,ensemble,2026-02-21,774.0,556.0,126.23000000000003,218.0,459.0
2026-01-31,42,3,baseline,2026-02-21,774.0,1178.0,230.7421739130435,404.0,459.0
2026-01-31,44,1,ensemble,2026-02-07,24.0,36.0,6.764347826086956,12.0,37.0
2026-01-31,44,1,baseline,2026-02-07,24.0,50.0,16.398695652173913,26.0,37.0
2026-01-31,44,2,ensemble,2026-02-14,14.0,29.0,8.592173913043482,15.0,47.0
2026-01-31,44,2,baseline,2026-02-14,14.0,50.0,22.249130434782607,36.0,47.0
2026-01-31,44,3,ensemble,2026-02-21,21.0,26.0,5.8673913043478265,5.0,40.0
2026-01-31,44,3,baseline,2026-02-21,21.0,50.0,16.519565217391303,29.0,40.0
2026-01-31,45,1,ensemble,2026-02-07,255.0,166.0,44.81999999999999,89.0,14.0
2026-01-31,45,1,baseline,2026-02-07,255.0,224.0,21.15217391304348,31.0,14.0
2026-01-31,45,2,ensemble,2026-02-14,234.0,148.0,44.27695652173913,86.0,7.0
2026-01-31,45,2,baseline,2026-02-14,234.0,224.0,18.418260869565216,10.0,7.0
2026-01-31,45,3,ensemble,2026-02-21,258.0,127.0,66.0608695652174,131.0,17.0
2026-01-31,45,3,baseline,2026-02-21,258.0,224.0,29.05652173913043,34.0,17.0
2026-01-31,46,1,ensemble,2026-02-07,57.0,33.0,13.449130434782608,24.0,10.0
2026-01-31,46,1,baseline,2026-02-07,57.0,35.0,13.401304347826086,22.0,10.0
2026-01-31,46,2,ensemble,2026-02-14,47.0,30.0,8.850869565217394,17.0,20.0
2026-01-31,46,2,baseline,2026-02-14,47.0,35.0,7.003043478260871,12.0,20.0
2026-01-31,46,3,ensemble,2026-02-21,55.0,27.0,14.944782608695652,28.0,12.0
2026-01-31,46,3,baseline,2026-02-21,55.0,35.0,10.976521739130437,20.0,12.0
2026-01-31,47,1,ensemble,2026-02-07,318.0,205.0,58.39304347826087,113.0,6.0
2026-01-31,47,1,baseline,2026-02-07,318.0,242.0,45.39304347826088,76.0,6.0
2026-01-31,47,2,ensemble,2026-02-14,323.0,173.0,72.96217391304349,150.0,11.0
2026-01-31,47,2,baseline,2026-02-14,323.0,242.0,47.76260869565216,81.0,11.0
2026-01-31,47,3,ensemble,2026-02-21,321.0,158.0,82.67173913043477,163.0,9.0
2026-01-31,47,3,baseline,2026-02-21,321.0,242.0,47.85826086956523,79.0,9.0
2026-01-31,48,1,ensemble,2026-02-07,1395.0,928.0,237.11999999999998,467.0,16.0
2026-01-31,48,1,baseline,2026-02-07,1395.0,1041.0,209.13652173913042,354.0,16.0
2026-01-31,48,2,ensemble,2026-02-14,1350.0,811.0,259.454347826087,539.0,29.0
2026-01-31,48,2,baseline,2026-02-14,1350.0,1041.0,174.11565217391302,309.0,29.0
2026-01-31,48,3,ensemble,2026-02-21,1039.0,748.0,154.0691304347826,291.0,340.0
2026-01-31,48,3,baseline,2026-02-21,1039.0,1041.0,92.39565217391306,2.0,340.0
2026-01-31,49,1,ensemble,2026-02-07,91.0,26.0,45.5208695652174,65.0,14.0
2026-01-31,49,1,baseline,2026-02-07,91.0,21.0,48.040000000000006,70.0,14.0
2026-01-31,49,2,ensemble,2026-02-14,74.0,23.0,30.88391304347826,51.0,3.0
2026-01-31,49,2,baseline,2026-02-14,74.0,21.0,32.1691304347826,53.0,3.0
2026-01-31,49,3,ensemble,2026-02-21,65.0,19.0,28.24478260869565,46.0,12.0
2026-01-31,49,3,baseline,2026-02-21,65.0,21.0,24.304782608695653,44.0,12.0
2026-01-31,50,1,ensemble,2026-02-07,32.0,23.0,5.378260869565219,9.0,4.0
2026-01-31,50,1,baseline,2026-02-07,32.0,22.0,5.99391304347826,10.0,4.0
2026-01-31,50,2,ensemble,2026-02-14,25.0,19.0,3.854347826086957,6.0,3.0
2026-01-31,50,2,baseline,2026-02-14,25.0,22.0,2.562608695652174,3.0,3.0
2026-01-31,50,3,ensemble,2026-02-21,22.0,17.0,3.445652173913044,5.0,6.0
2026-01-31,50,3,baseline,2026-02-21,22.0,22.0,2.748695652173913,0.0,6.0
2026-01-31,51,1,ensemble,2026-02-07,279.0,315.0,30.91347826086957,36.0,170.0
2026-01-31,51,1,baseline,2026-02-07,279.0,380.0,60.587391304347825,101.0,170.0
2026-01-31,51,2,ensemble,2026-02-14,215.0,262.0,39.99391304347826,47.0,234.0
2026-01-31,51,2,baseline,2026-02-14,215.0,380.0,96.35782608695652,165.0,234.0
2026-01-31,51,3,ensemble,2026-02-21,284.0,237.0,41.76347826086957,47.0,165.0
2026-01-31,51,3,baseline,2026-02-21,284.0,380.0,56.835652173913054,96.0,165.0
2026-01-31,53,1,ensemble,2026-02-07,334.0,248.0,45.82782608695652,86.0,98.0
2026-01-31,53,1,baseline,2026-02-07,334.0,241.0,59.96434782608696,93.0,98.0
2026-01-31,53,2,ensemble,2026-02-14,275.0,238.0,27.99782608695652,37.0,39.0
2026-01-31,53,2,baseline,2026-02-14,275.0,241.0,21.90434782608696,34.0,39.0
2026-01-31,53,3,ensemble,2026-02-21,230.0,211.0,25.779130434782612,19.0,6.0
2026-01-31,53,3,baseline,2026-02-21,230.0,241.0,18.115652173913045,11.0,6.0
2026-01-31,54,1,ensemble,2026-02-07,154.0,137.0,14.556956521739133,17.0,32.0
2026-01-31,54,1,baseline,2026-02-07,154.0,156.0,6.750434782608696,2.0,32.0
2026-01-31,54,2,ensemble,2026-02-14,123.0,122.0,14.945652173913041,1.0,63.0
2026-01-31,54,2,baseline,2026-02-14,123.0,156.0,19.74739130434783,33.0,63.0
2026-01-31,54,3,ensemble,2026-02-21,147.0,111.0,21.25913043478261,36.0,39.0
2026-01-31,54,3,baseline,2026-02-21,147.0,156.0,13.433478260869567,9.0,39.0
2026-01-31,55,1,ensemble,2026-02-07,279.0,217.0,34.23652173913043,62.0,82.0
2026-01-31,55,1,baseline,2026-02-07,279.0,330.0,32.444782608695654,51.0,82.0
2026-01-31,55,2,ensemble,2026-02-14,259.0,181.0,43.355652173913036,78.0,102.0
2026-01-31,55,2,baseline,2026-02-14,259.0,330.0,42.98347826086957,71.0,102.0
2026-01-31,55,3,ensemble,2026-02-21,253.0,160.0,49.259565217391305,93.0,108.0
2026-01-31,55,3,baseline,2026-02-21,253.0,330.0,46.796086956521734,77.0,108.0
2026-01-31,56,1,ensemble,2026-02-07,21.0,13.0,4.133478260869565,8.0,3.0
2026-01-31,56,1,baseline,2026-02-07,21.0,14.0,4.171304347826087,7.0,3.0
2026-01-31,56,2,ensemble,2026-02-14,29.0,11.0,9.931739130434782,18.0,11.0
2026-01-31,56,2,baseline,2026-02-14,29.0,14.0,8.162173913043477,15.0,11.0
2026-01-31,56,3,ensemble,2026-02-21,13.0,9.0,2.6621739130434783,4.0,5.0
2026-01-31,56,3,baseline,2026-02-21,13.0,14.0,3.608695652173913,1.0,5.0
2026-02-07,01,1,ensemble,2026-02-14,437.0,218.0,141.88826086956522,219.0,175.0
2026-02-07,01,1,baseline,2026-02-14,437.0,259.0,122.58347826086958,178.0,175.0
2026-02-07,01,2,ensemble,2026-02-21,333.0,199.0,67.92782608695653,134.0,71.0
2026-02-07,01,2,baseline,2026-02-21,333.0,259.0,43.34695652173913,74.0,71.0
2026-02-07,01,3,ensemble,2026-02-28,180.0,176.0,23.246086956521744,4.0,82.0
2026-02-07,01,3,baseline,2026-02-28,180.0,259.0,44.861304347826085,79.0,82.0
2026-02-07,02,1,ensemble,2026-02-14,15.0,22.0,3.733913043478261,7.0,13.0
2026-02-07,02,1,baseline,2026-02-14,15.0,26.0,6.3878260869565215,11.0,13.0
2026-02-07,02,2,ensemble,2026-02-21,8.0,19.0,6.412608695652175,11.0,20.0
2026-02-07,02,2,baseline,2026-02-21,8.0,26.0,10.620434782608696,18.0,20.0
2026-02-07,02,3,ensemble,2026-02-28,5.0,18.0,7.16608695652174,13.0,23.0
2026-02-07,02,3,baseline,2026-02-28,5.0,26.0,12.099565217391303,21.0,23.0
2026-02-07,04,1,ensemble,2026-02-14,415.0,258.0,88.91521739130435,157.0,152.0
2026-02-07,04,1,baseline,2026-02-14,415.0,260.0,94.13565217391306,155.0,152.0
2026-02-07,04,2,ensemble,2026-02-21,354.0,242.0,57.44434782608696,112.0,91.0
2026-02-07,04,2,baseline,2026-02-21,354.0,260.0,56.34000000000001,94.0,91.0
2026-02-07,04,3,ensemble,2026-02-28,284.0,225.0,38.237826086956524,59.0,21.0
2026-02-07,04,3,baseline,2026-02-28,284.0,260.0,38.25391304347827,24.0,21.0
2026-02-07,05,1,ensemble,2026-02-14,274.0,186.0,47.97652173913042,88.0,65.0
2026-02-07,05,1,baseline,2026-02-14,274.0,199.0,45.79260869565218,75.0,65.0
2026-02-07,05,2,ensemble,2026-02-21,173.0,168.0,17.167826086956524,5.0,36.0
2026-02-07,05,2,baseline,2026-02-21,173.0,199.0,17.96434782608696,26.0,36.0
2026-02-07,05,3,ensemble,2026-02-28,125.0,150.0,20.452608695652177,25.0,84.0
2026-02-07,05,3,baseline,2026-02-28,125.0,199.0,41.07434782608696,74.0,84.0
2026-02-07,06,1,ensemble,2026-02-14,2151.0,1358.0,481.6939130434784,793.0,502.0
2026-02-07,06,1,baseline,2026-02-14,2151.0,1488.0,432.94826086956533,663.0,502.0
2026-02-07,06,2,ensemble,2026-02-21,1566.0,1216.0,189.00043478260875,350.0,83.0
2026-02-07,06,2,baseline,2026-02-21,1566.0,1488.0,83.13260869565217,78.0,83.0
2026-02-07,06,3,ensemble,2026-02-28,1314.0,1091.0,142.8408695652174,223.0,335.0
2026-02-07,06,3,baseline,2026-02-28,1314.0,1488.0,126.02999999999999,174.0,335.0
2026-02-07,08,1,ensemble,2026-02-14,128.0,109.0,15.05478260869565,19.0,21.0
2026-02-07,08,1,baseline,2026-02-14,128.0,148.0,15.054782608695655,20.0,21.0
2026-02-07,08,2,ensemble,2026-02-21,119.0,93.0,18.32130434782609,26.0,30.0
2026-02-07,08,2,baseline,2026-02-21,119.0,148.0,20.586521739130436,29.0,30.0
2026-02-07,08,3,ensemble,2026-02-28,118.0,76.0,22.657826086956522,42.0,31.0
2026-02-07,08,3,baseline,2026-02-28,118.0,148.0,23.5704347826087,30.0,31.0
2026-02-07,09,1,ensemble,2026-02-14,32.0,49.0,10.228695652173913,17.0,51.0
2026-02-07,09,1,baseline,2026-02-14,32.0,81.0,28.864347826086966,49.0,51.0
2026-02-07,09,2,ensemble,2026-02-21,33.0,41.0,9.383478260869564,8.0,50.0
2026-02-07,09,2,baseline,2026-02-21,33.0,81.0,27.426086956521743,48.0,50.0
2026-02-07,09,3,ensemble,2026-02-28,39.0,34.0,8.797391304347824,5.0,44.0
2026-02-07,09,3,baseline,2026-02-28,39.0,81.0,25.34478260869565,42.0,44.0
2026-02-07,10,1,ensemble,2026-02-14,48.0,55.0,7.051304347826089,7.0,26.0
2026-02-07,10,1,baseline,2026-02-14,48.0,74.0,16.41478260869565,26.0,26.0
2026-02-07,10,2,ensemble,2026-02-21,49.0,50.0,7.023043478260871,1.0,25.0
2026-02-07,10,2,baseline,2026-02-21,49.0,74.0,14.827391304347826,25.0,25.0
2026-02-07,10,3,ensemble,2026-02-28,40.0,37.0,7.372173913043478,3.0,34.0
2026-02-07,10,3,baseline,2026-02-28,40.0,74.0,19.60565217391304,34.0,34.0
2026-02-07,11,1,ensemble,2026-02-14,9.0,10.0,1.8604347826086955,1.0,6.0
2026-02-07,11,1,baseline,2026-02-14,9.0,12.0,2.8,3.0,6.0
2026-02-07,11,2,ensemble,2026-02-21,7.0,8.0,2.236521739130435,1.0,8.0
2026-02-07,11,2,baseline,2026-02-21,7.0,12.0,4.005217391304348,5.0,8.0
2026-02-07,11,3,ensemble,2026-02-28,5.0,7.0,2.660434782608696,2.0,10.0
2026-02-07,11,3,baseline,2026-02-28,5.0,12.0,5.028260869565218,7.0,10.0
2026-02-07,12,1,ensemble,2026-02-14,2484.0,1261.0,851.6147826086958,1223.0,905.0
2026-02-07,12,1,baseline,2026-02-14,2484.0,1480.0,786.4178260869566,1004.0,905.0
2026-02-07,12,2,ensemble,2026-02-21,2027.0,1124.0,516.7117391304348,903.0,448.0
2026-02-07,12,2,baseline,2026-02-21,2027.0,1480.0,341.74869565217386,547.0,448.0
2026-02-07,12,3,ensemble,2026-02-28,1304.0,976.0,169.28826086956525,328.0,275.0
2026-02-07,12,3,baseline,2026-02-28,1304.0,1480.0,108.51478260869565,176.0,275.0
2026-02-07,13,1,ensemble,2026-02-14,443.0,242.0,117.18652173913041,201.0,102.0
2026-02-07,13,1,baseline,2026-02-14,443.0,301.0,88.18695652173913,142.0,102.0
2026-02-07,13,2,ensemble,2026-02-21,384.0,204.0,88.42260869565217,180.0,43.0
2026-02-07,13,2,baseline,2026-02-21,384.0,301.0,51.46782608695653,83.0,43.0
2026-02-07,13,3,ensemble,2026-02-28,249.0,186.0,39.619565217391305,63.0,92.0
2026-02-07,13,3,baseline,2026-02-28,249.0,301.0,42.751304347826085,52.0,92.0
2026-02-07,15,1,ensemble,2026-02-14,23.0,21.0,2.86695652173913,2.0,3.0
2026-02-07,15,1,baseline,2026-02-14,23.0,24.0,2.306521739130435,1.0,3.0
2026-02-07,15,2,ensemble,2026-02-21,20.0,18.0,2.9878260869565216,2.0,6.0
2026-02-07,15,2,baseline,2026-02-21,20.0,24.0,3.4165217391304354,4.0,6.0
2026-02-07,15,3,ensemble,2026-02-28,9.0,15.0,4.399565217391306,6.0,17.0
2026-02-07,15,3,baseline,2026-02-28,9.0,24.0,8.084782608695651,15.0,17.0
2026-02-07,16,1,ensemble,2026-02-14,116.0,76.0,21.64652173913043,40.0,15.0
2026-02-07,16,1,baseline,2026-02-14,116.0,85.0,18.574347826086957,31.0,15.0
2026-02-07,16,2,ensemble,2026-02-21,119.0,69.0,25.915217391304346,50.0,18.0
2026-02-07,16,2,baseline,2026-02-21,119.0,85.0,19.625217391304353,34.0,18.0
2026-02-07,16,3,ensemble,2026-02-28,106.0,65.0,21.570869565217393,41.0,5.0
2026-02-07,16,3,baseline,2026-02-28,106.0,85.0,13.685652173913047,21.0,5.0
2026-02-07,17,1,ensemble,2026-02-14,557.0,427.0,69.26608695652173,130.0,3.0
2026-02-07,17,1,baseline,2026-02-14,557.0,514.0,34.56521739130436,43.0,3.0
2026-02-07,17,2,ensemble,2026-02-21,579.0,364.0,106.2008695652174,215.0,25.0
2026-02-07,17,2,baseline,2026-02-21,579.0,514.0,49.87130434782608,65.0,25.0
2026-02-07,17,3,ensemble,2026-02-28,355.0,304.0,54.80826086956522,51.0,199.0
2026-02-07,17,3,baseline,2026-02-28,355.0,514.0,93.00869565217393,159.0,199.0
2026-02-07,18,1,ensemble,2026-02-14,276.0,259.0,26.293043478260866,17.0,59.0
2026-02-07,18,1,baseline,2026-02-14,276.0,307.0,25.534347826086954,31.0,59.0
2026-02-07,18,2,ensemble,2026-02-21,359.0,241.0,60.455217391304366,118.0,24.0
2026-02-07,18,2,baseline,2026-02-21,359.0,307.0,38.71782608695653,52.0,24.0
2026-02-07,18,3,ensemble,2026-02-28,292.0,222.0,43.560869565217395,70.0,43.0
2026-02-07,18,3,baseline,2026-02-28,292.0,307.0,35.357391304347814,15.0,43.0
2026-02-07,19,1,ensemble,2026-02-14,222.0,173.0,26.24,49.0,1.0
2026-02-07,19,1,baseline,2026-02-14,222.0,215.0,7.36695652173913,7.0,1.0
2026-02-07,19,2,ensemble,2026-02-21,199.0,152.0,26.746521739130436,47.0,24.0
2026-02-07,19,2,baseline,2026-02-21,199.0,215.0,12.643478260869566,16.0,24.0
2026-02-07,19,3,ensemble,2026-02-28,119.0,137.0,18.01130434782609,18.0,104.0
2026-02-07,19,3,baseline,2026-02-28,119.0,215.0,56.31391304347826,96.0,104.0
2026-02-07,20,1,ensemble,2026-02-14,218.0,170.0,25.246521739130433,48.0,4.0
2026-02-07,20,1,baseline,2026-02-14,218.0,195.0,14.390434782608697,23.0,4.0
2026-02-07,20,2,ensemble,2026-02-21,190.0,152.0,23.340434782608693,38.0,24.0
2026-02-07,20,2,baseline,2026-02-21,190.0,195.0,9.700434782608696,5.0,24.0
2026-02-07,20,3,ensemble,2026-02-28,130.0,130.0,16.425652173913043,0.0,84.0
2026-02-07,20,3,baseline,2026-02-28,130.0,195.0,36.88652173913044,65.0,84.0
2026-02-07,21,1,ensemble,2026-02-14,223.0,211.0,20.003478260869564,12.0,66.0
2026-02-07,21,1,baseline,2026-02-14,223.0,246.0,19.16304347826087,23.0,66.0
2026-02-07,21,2,ensemble,2026-02-21,243.0,204.0,27.56391304347825,39.0,46.0
2026-02-07,21,2,baseline,2026-02-21,243.0,246.0,20.26956521739131,3.0,46.0
2026-02-07,21,3,ensemble,2026-02-28,195.0,182.0,25.93826086956522,13.0,94.0
2026-02-07,21,3,baseline,2026-02-28,195.0,246.0,36.19652173913043,51.0,94.0
2026-02-07,22,1,ensemble,2026-02-14,425.0,222.0,139.29521739130433,203.0,107.0
2026-02-07,22,1,baseline,2026-02-14,425.0,260.0,111.62304347826084,165.0,107.0
2026-02-07,22,2,ensemble,2026-02-21,342.0,195.0,85.51391304347825,147.0,24.0
2026-02-07,22,2,baseline,2026-02-21,342.0,260.0,46.57478260869566,82.0,24.0
2026-02-07,22,3,ensemble,2026-02-28,215.0,168.0,27.86304347826087,47.0,103.0
2026-02-07,22,3,baseline,2026-02-28,215.0,260.0,29.02434782608696,45.0,103.0
2026-02-07,23,1,ensemble,2026-02-14,47.0,50.0,5.597391304347826,3.0,22.0
2026-02-07,23,1,baseline,2026-02-14,47.0,62.0,9.285217391304348,15.0,22.0
2026-02-07,23,2,ensemble,2026-02-21,59.0,44.0,8.626956521739132,15.0,10.0
2026-02-07,23,2,baseline,2026-02-21,59.0,62.0,5.310869565217391,3.0,10.0
2026-02-07,23,3,ensemble,2026-02-28,43.0,35.0,7.17217391304348,8.0,26.0
2026-02-07,23,3,baseline,2026-02-28,43.0,62.0,11.613913043478261,19.0,26.0
2026-02-07,24,1,ensemble,2026-02-14,83.0,79.0,11.565652173913046,4.0,30.0
2026-02-07,24,1,baseline,2026-02-14,83.0,106.0,16.90521739130435,23.0,30.0
2026-02-07,24,2,ensemble,2026-02-21,72.0,67.0,12.852173913043476,5.0,41.0
2026-02-07,24,2,baseline,2026-02-21,72.0,106.0,23.291739130434788,34.0,41.0
2026-02-07,24,3,ensemble,2026-02-28,40.0,51.0,13.763043478260867,11.0,73.0
2026-02-07,24,3,baseline,2026-02-28,40.0,106.0,37.35217391304347,66.0,73.0
2026-02-07,25,1,ensemble,2026-02-14,83.0,161.0,42.632173913043474,78.0,152.0
2026-02-07,25,1,baseline,2026-02-14,83.0,206.0,73.31652173913044,123.0,152.0
2026-02-07,25,2,ensemble,2026-02-21,87.0,139.0,31.907826086956526,52.0,148.0
2026-02-07,25,2,baseline,2026-02-21,87.0,206.0,67.58347826086958,119.0,148.0
2026-02-07,25,3,ensemble,2026-02-28,81.0,113.0,28.490000000000006,32.0,154.0
2026-02-07,25,3,baseline,2026-02-28,81.0,206.0,69.99478260869566,125.0,154.0
2026-02-07,26,1,ensemble,2026-02-14,281.0,241.0,30.730434782608704,40.0,50.0
2026-02-07,26,1,baseline,2026-02-14,281.0,283.0,22.657391304347833,2.0,50.0
2026-02-07,26,2,ensemble,2026-02-21,340.0,222.0,61.30391304347826,118.0,9.0
2026-02-07,26,2,baseline,2026-02-21,340.0,283.0,45.027826086956516,57.0,9.0
2026-02-07,26,3,ensemble,2026-02-28,290.0,200.0,51.88521739130435,90.0,41.0
2026-02-07,26,3,baseline,2026-02-28,290.0,283.0,43.12130434782609,7.0,41.0
2026-02-07,27,1,ensemble,2026-02-14,200.0,137.0,32.73173913043478,63.0,11.0
2026-02-07,27,1,baseline,2026-02-14,200.0,209.0,11.358695652173916,9.0,11.0
2026-02-07,27,2,ensemble,2026-02-21,196.0,104.0,45.996956521739136,92.0,15.0
2026-02-07,27,2,baseline,2026-02-21,196.0,209.0,16.886521739130437,13.0,15.0
2026-02-07,27,3,ensemble,2026-02-28,136.0,74.0,29.647826086956524,62.0,75.0
2026-02-07,27,3,baseline,2026-02-28,136.0,209.0,43.106086956521736,73.0,75.0
2026-02-07,28,1,ensemble,2026-02-14,243.0,97.0,107.6073913043478,146.0,111.0
2026-02-07,28,1,baseline,2026-02-14,243.0,107.0,99.77,136.0,111.0
2026-02-07,28,2,ensemble,2026-02-21,227.0,83.0,93.34260869565216,144.0,95.0
2026-02-07,28,2,baseline,2026-02-21,227.0,107.0,79.47130434782609,120.0,95.0
2026-02-07,28,3,ensemble,2026-02-28,151.0,79.0,37.27652173913043,72.0,19.0
2026-02-07,28,3,baseline,2026-02-28,151.0,107.0,24.55217391304348,44.0,19.0
2026-02-07,29,1,ensemble,2026-02-14,580.0,314.0,158.47782608695653,266.0,143.0
2026-02-07,29,1,baseline,2026-02-14,580.0,360.0,145.40608695652173,220.0,143.0
2026-02-07,29,2,ensemble,2026-02-21,441.0,284.0,80.44695652173914,157.0,4.0
2026-02-07,29,2,baseline,2026-02-21,441.0,360.0,49.64652173913043,81.0,4.0
2026-02-07,29,3,ensemble,2026-02-28,305.0,251.0,41.0595652173913,54.0,132.0
2026-02-07,29,3,baseline,2026-02-28,305.0,360.0,41.544347826086955,55.0,132.0
2026-02-07,30,1,ensemble,2026-02-14,92.0,52.0,22.502608695652178,40.0,13.0
2026-02-07,30,1,baseline,2026-02-14,92.0,60.0,19.63391304347826,32.0,13.0
2026-02-07,30,2,ensemble,2026-02-21,53.0,44.0,7.22,9.0,26.0
2026-02-07,30,2,baseline,2026-02-21,53.0,60.0,5.944782608695653,7.0,26.0
2026-02-07,30,3,ensemble,2026-02-28,47.0,41.0,6.213043478260871,6.0,32.0
2026-02-07,30,3,baseline,2026-02-28,47.0,60.0,8.477826086956524,13.0,32.0
2026-02-07,31,1,ensemble,2026-02-14,152.0,113.0,21.58217391304348,39.0,23.0
2026-02-07,31,1,baseline,2026-02-14,152.0,126.0,15.590434782608698,26.0,23.0
2026-02-07,31,2,ensemble,2026-02-21,141.0,98.0,22.563913043478262,43.0,12.0
2026-02-07,31,2,baseline,2026-02-21,141.0,126.0,9.589565217391305,15.0,12.0
2026-02-07,31,3,ensemble,2026-02-28,84.0,89.0,12.022608695652172,5.0,45.0
2026-02-07,31,3,baseline,2026-02-28,84.0,126.0,23.600869565217387,42.0,45.0
2026-02-07,32,1,ensemble,2026-02-14,120.0,95.0,13.245652173913046,25.0,5.0
2026-02-07,32,1,baseline,2026-02-14,120.0,111.0,7.693913043478261,9.0,5.0
2026-02-07,32,2,ensemble,2026-02-21,90.0,89.0,10.188695652173916,1.0,25.0
2026-02-07,32,2,baseline,2026-02-21,90.0,111.0,13.76304347826087,21.0,25.0
2026-02-07,32,3,ensemble,2026-02-28,68.0,81.0,11.929130434782609,13.0,47.0
2026-02-07,32,3,baseline,2026-02-28,68.0,111.0,24.32260869565217,43.0,47.0
2026-02-07,33,1,ensemble,2026-02-14,60.0,26.0,19.059130434782613,34.0,11.0
2026-02-07,33,1,baseline,2026-02-14,60.0,38.0,13.330000000000002,22.0,11.0
2026-02-07,33,2,ensemble,2026-02-21,55.0,22.0,18.607391304347825,33.0,6.0
2026-02-07,33,2,baseline,2026-02-21,55.0,38.0,9.922608695652176,17.0,6.0
2026-02-07,33,3,ensemble,2026-02-28,32.0,18.0,7.502173913043476,14.0,17.0
2026-02-07,33,3,baseline,2026-02-28,32.0,38.0,6.459565217391304,6.0,17.0
2026-02-07,34,1,ensemble,2026-02-14,193.0,212.0,27.36130434782609,19.0,105.0
2026-02-07,34,1,baseline,2026-02-14,193.0,298.0,63.19782608695652,105.0,105.0
2026-02-07,34,2,ensemble,2026-02-21,231.0,178.0,34.28,53.0,67.0
2026-02-07,34,2,baseline,2026-02-21,231.0,298.0,48.006956521739134,67.0,67.0
2026-02-07,34,3,ensemble,2026-02-28,220.0,151.0,40.40478260869565,69.0,78.0
2026-02-07,34,3,baseline,2026-02-28,220.0,298.0,57.0808695652174,78.0,78.0
2026-02-07,35,1,ensemble,2026-02-14,78.0,74.0,9.402608695652173,4.0,27.0
2026-02-07,35,1,baseline,2026-02-14,78.0,95.0,11.053913043478262,17.0,27.0
2026-02-07,35,2,ensemble,2026-02-21,94.0,67.0,14.872608695652175,27.0,11.0
2026-02-07,35,2,baseline,2026-02-21,94.0,95.0,8.933478260869567,1.0,11.0
2026-02-07,35,3,ensemble,2026-02-28,94.0,60.0,18.43086956521739,34.0,11.0
2026-02-07,35,3,baseline,2026-02-28,94.0,95.0,11.444782608695652,1.0,11.0
2026-02-07,36,1,ensemble,2026-02-14,269.0,238.0,36.818695652173915,31.0,142.0
2026-02-07,36,1,baseline,2026-02-14,269.0,367.0,66.97956521739131,98.0,142.0
2026-02-07,36,2,ensemble,2026-02-21,326.0,180.0,70.74391304347827,146.0,85.0
2026-02-07,36,2,baseline,2026-02-21,326.0,367.0,62.073478260869585,41.0,85.0
2026-02-07,36,3,ensemble,2026-02-28,314.0,169.0,77.6104347826087,145.0,97.0
2026-02-07,36,3,baseline,2026-02-28,314.0,367.0,77.89478260869566,53.0,97.0
2026-02-07,37,1,ensemble,2026-02-14,272.0,277.0,40.70608695652175,5.0,168.0
2026-02-07,37,1,baseline,2026-02-14,272.0,412.0,85.12521739130435,140.0,168.0
2026-02-07,37,2,ensemble,2026-02-21,307.0,240.0,48.60434782608696,67.0,133.0
2026-02-07,37,2,baseline,2026-02-21,307.0,412.0,66.16,105.0,133.0
2026-02-07,37,3,ensemble,2026-02-28,240.0,207.0,48.74521739130435,33.0,200.0
2026-02-07,37,3,baseline,2026-02-28,240.0,412.0,100.38478260869567,172.0,200.0
2026-02-07,38,1,ensemble,2026-02-14,30.0,43.0,7.511739130434783,13.0,31.0
2026-02-07,38,1,baseline,2026-02-14,30.0,60.0,19.540000000000003,30.0,31.0
2026-02-07,38,2,ensemble,2026-02-21,22.0,39.0,8.933478260869565,17.0,39.0
2026-02-07,38,2,baseline,2026-02-21,22.0,60.0,24.566086956521733,38.0,39.0
2026-02-07,38,3,ensemble,2026-02-28,18.0,34.0,8.358695652173912,16.0,43.0
2026-02-07,38,3,baseline,2026-02-28,18.0,60.0,26.399130434782613,42.0,43.0
2026-02-07,39,1,ensemble,2026-02-14,528.0,462.0,52.93304347826088,66.0,82.0
2026-02-07,39,1,baseline,2026-02-14,528.0,590.0,48.39565217391306,62.0,82.0
2026-02-07,39,2,ensemble,2026-02-21,663.0,396.0,130.78913043478263,267.0,53.0
2026-02-07,39,2,baseline,2026-02-21,663.0,590.0,61.44521739130436,73.0,53.0
2026-02-07,39,3,ensemble,2026-02-28,522.0,342.0,95.20782608695653,180.0,88.0
2026-02-07,39,3,baseline,2026-02-28,522.0,590.0,70.62869565217393,68.0,88.0
2026-02-07,40,1,ensemble,2026-02-14,345.0,147.0,136.63434782608698,198.0,106.0
2026-02-07,40,1,baseline,2026-02-14,345.0,152.0,130.76956521739132,193.0,106.0
2026-02-07,40,2,ensemble,2026-02-21,254.0,133.0,67.5917391304348,121.0,15.0
2026-02-07,40,2,baseline,2026-02-21,254.0,152.0,59.46260869565217,102.0,15.0
2026-02-07,40,3,ensemble,2026-02-28,183.0,120.0,31.641304347826082,63.0,56.0
2026-02-07,40,3,baseline,2026-02-28,183.0,152.0,25.316956521739133,31.0,56.0
2026-02-07,41,1,ensemble,2026-02-14,400.0,281.0,67.08913043478263,119.0,32.0
2026-02-07,41,1,baseline,2026-02-14,400.0,281.0,81.04478260869566,119.0,32.0
2026-02-07,41,2,ensemble,2026-02-21,309.0,270.0,27.203913043478263,39.0,123.0
2026-02-07,41,2,baseline,2026-02-21,309.0,281.0,18.823478260869564,28.0,123.0
2026-02-07,41,3,ensemble,2026-02-28,197.0,237.0,29.21782608695652,40.0,235.0
2026-02-07,41,3,baseline,2026-02-28,197.0,281.0,48.99043478260869,84.0,235.0
2026-02-07,42,1,ensemble,2026-02-14,785.0,757.0,79.10478260869564,28.0,250.0
2026-02-07,42,1,baseline,2026-02-14,785.0,1013.0,138.86173913043476,228.0,250.0
2026-02-07,42,2,ensemble,2026-02-21,774.0,668.0,99.35869565217394,106.0,261.0
2026-02-07,42,2,baseline,2026-02-21,774.0,1013.0,142.32913043478263,239.0,261.0
2026-02-07,42,3,ensemble,2026-02-28,806.0,569.0,130.67000000000002,237.0,229.0
2026-02-07,42,3,baseline,2026-02-28,806.0,1013.0,131.08956521739134,207.0,229.0
2026-02-07,44,1,ensemble,2026-02-14,14.0,25.0,5.691739130434784,11.0,16.0
2026-02-07,44,1,baseline,2026-02-14,14.0,30.0,9.562173913043479,16.0,16.0
2026-02-07,44,2,ensemble,2026-02-21,21.0,21.0,4.023478260869565,0.0,9.0
2026-02-07,44,2,baseline,2026-02-21,21.0,30.0,5.9669565217391325,9.0,9.0
2026-02-07,44,3,ensemble,2026-02-28,23.0,15.0,4.617826086956522,8.0,7.0
2026-02-07,44,3,baseline,2026-02-28,23.0,30.0,5.971304347826087,7.0,7.0
2026-02-07,45,1,ensemble,2026-02-14,234.0,189.0,27.05391304347827,45.0,26.0
2026-02-07,45,1,baseline,2026-02-14,234.0,244.0,12.824347826086958,10.0,26.0
2026-02-07,45,2,ensemble,2026-02-21,258.0,165.0,46.02347826086955,93.0,2.0
2026-02-07,45,2,baseline,2026-02-21,258.0,244.0,19.301739130434783,14.0,2.0
2026-02-07,45,3,ensemble,2026-02-28,184.0,142.0,28.11782608695653,42.0,76.0
2026-02-07,45,3,baseline,2026-02-28,184.0,244.0,38.832173913043476,60.0,76.0
2026-02-07,46,1,ensemble,2026-02-14,47.0,48.0,4.831739130434784,1.0,14.0
2026-02-07,46,1,baseline,2026-02-14,47.0,59.0,7.009130434782611,12.0,14.0
2026-02-07,46,2,ensemble,2026-02-21,55.0,42.0,7.5856521739130445,13.0,6.0
2026-02-07,46,2,baseline,2026-02-21,55.0,59.0,4.125217391304349,4.0,6.0
2026-02-07,46,3,ensemble,2026-02-28,49.0,37.0,7.440869565217392,12.0,12.0
2026-02-07,46,3,baseline,2026-02-28,49.0,59.0,6.530434782608695,10.0,12.0
2026-02-07,47,1,ensemble,2026-02-14,323.0,298.0,27.462173913043483,25.0,50.0
2026-02-07,47,1,baseline,2026-02-14,323.0,367.0,28.633043478260873,44.0,50.0
2026-02-07,47,2,ensemble,2026-02-21,321.0,260.0,35.985652173913046,61.0,52.0
2026-02-07,47,2,baseline,2026-02-21,321.0,367.0,32.7304347826087,46.0,52.0
2026-02-07,47,3,ensemble,2026-02-28,248.0,237.0,31.342173913043485,11.0,125.0
2026-02-07,47,3,baseline,2026-02-28,248.0,367.0,68.40086956521738,119.0,125.0
2026-02-07,48,1,ensemble,2026-02-14,1350.0,976.0,196.91521739130437,374.0,26.0
2026-02-07,48,1,baseline,2026-02-14,1350.0,1158.0,113.37521739130435,192.0,26.0
2026-02-07,48,2,ensemble,2026-02-21,1039.0,898.0,112.5513043478261,141.0,285.0
2026-02-07,48,2,baseline,2026-02-21,1039.0,1158.0,93.25130434782609,119.0,285.0
2026-02-07,48,3,ensemble,2026-02-28,783.0,815.0,106.73434782608697,32.0,541.0
2026-02-07,48,3,baseline,2026-02-28,783.0,1158.0,207.48739130434782,375.0,541.0
2026-02-07,49,1,ensemble,2026-02-14,74.0,53.0,11.280869565217392,21.0,8.0
2026-02-07,49,1,baseline,2026-02-14,74.0,66.0,5.669130434782608,8.0,8.0
2026-02-07,49,2,ensemble,2026-02-21,65.0,46.0,10.266956521739132,19.0,1.0
2026-02-07,49,2,baseline,2026-02-21,65.0,66.0,5.247391304347826,1.0,1.0
2026-02-07,49,3,ensemble,2026-02-28,43.0,37.0,7.706086956521739,6.0,23.0
2026-02-07,49,3,baseline,2026-02-28,43.0,66.0,13.299999999999999,23.0,23.0
2026-02-07,50,1,ensemble,2026-02-14,25.0,20.0,3.07,5.0,2.0
2026-02-07,50,1,baseline,2026-02-14,25.0,24.0,1.5913043478260873,1.0,2.0
2026-02-07,50,2,ensemble,2026-02-21,22.0,20.0,3.110869565217391,2.0,5.0
2026-02-07,50,2,baseline,2026-02-21,22.0,24.0,2.3382608695652176,2.0,5.0
2026-02-07,50,3,ensemble,2026-02-28,14.0,17.0,3.2030434782608697,3.0,13.0
2026-02-07,50,3,baseline,2026-02-28,14.0,24.0,5.589565217391304,10.0,13.0
2026-02-07,51,1,ensemble,2026-02-14,215.0,303.0,46.61565217391305,88.0,166.0
2026-02-07,51,1,baseline,2026-02-14,215.0,376.0,99.6991304347826,161.0,166.0
2026-02-07,51,2,ensemble,2026-02-21,284.0,258.0,33.35173913043478,26.0,97.0
2026-02-07,51,2,baseline,2026-02-21,284.0,376.0,54.123913043478254,92.0,97.0
2026-02-07,51,3,ensemble,2026-02-28,209.0,230.0,36.58695652173913,21.0,172.0
2026-02-07,51,3,baseline,2026-02-28,209.0,376.0,93.93304347826087,167.0,172.0
2026-02-07,53,1,ensemble,2026-02-14,275.0,289.0,21.820869565217397,14.0,23.0
2026-02-07,53,1,baseline,2026-02-14,275.0,292.0,12.975217391304346,17.0,23.0
2026-02-07,53,2,ensemble,2026-02-21,230.0,269.0,28.61391304347826,39.0,68.0
2026-02-07,53,2,baseline,2026-02-21,230.0,292.0,36.59347826086957,62.0,68.0
2026-02-07,53,3,ensemble,2026-02-28,190.0,250.0,35.5104347826087,60.0,108.0
2026-02-07,53,3,baseline,2026-02-28,190.0,292.0,59.46826086956523,102.0,108.0
2026-02-07,54,1,ensemble,2026-02-14,123.0,184.0,32.69826086956522,61.0,95.0
2026-02-07,54,1,baseline,2026-02-14,123.0,215.0,60.71347826086956,92.0,95.0
2026-02-07,54,2,ensemble,2026-02-21,147.0,169.0,20.48347826086957,22.0,71.0
2026-02-07,54,2,baseline,2026-02-21,147.0,215.0,39.92347826086957,68.0,71.0
2026-02-07,54,3,ensemble,2026-02-28,133.0,157.0,21.257391304347827,24.0,85.0
2026-02-07,54,3,baseline,2026-02-28,133.0,215.0,47.26347826086956,82.0,85.0
2026-02-07,55,1,ensemble,2026-02-14,259.0,165.0,46.13739130434782,94.0,8.0
2026-02-07,55,1,baseline,2026-02-14,259.0,245.0,14.67608695652174,14.0,8.0
2026-02-07,55,2,ensemble,2026-02-21,253.0,141.0,52.46695652173913,112.0,14.0
2026-02-07,55,2,baseline,2026-02-21,253.0,245.0,18.52652173913044,8.0,14.0
2026-02-07,55,3,ensemble,2026-02-28,207.0,119.0,41.771739130434796,88.0,60.0
2026-02-07,55,3,baseline,2026-02-28,207.0,245.0,30.71695652173913,38.0,60.0
2026-02-07,56,1,ensemble,2026-02-14,29.0,9.0,13.203043478260868,20.0,19.0
2026-02-07,56,1,baseline,2026-02-14,29.0,9.0,11.908260869565222,20.0,19.0
2026-02-07,56,2,ensemble,2026-02-21,13.0,8.0,2.8343478260869563,5.0,3.0
2026-02-07,56,2,baseline,2026-02-21,13.0,9.0,3.114347826086957,4.0,3.0
2026-02-07,56,3,ensemble,2026-02-28,15.0,6.0,4.510869565217392,9.0,5.0
2026-02-07,56,3,baseline,2026-02-28,15.0,9.0,4.006521739130436,6.0,5.0
2026-02-14,01,1,ensemble,2026-02-21,333.0,319.0,26.315217391304348,14.0,22.0
2026-02-14,01,1,baseline,2026-02-21,333.0,349.0,13.350869565217394,16.0,22.0
2026-02-14,01,2,ensemble,2026-02-28,180.0,297.0,59.65521739130436,117.0,175.0
2026-02-14,01,2,baseline,2026-02-28,180.0,349.0,107.2382608695652,169.0,175.0
2026-02-14,01,3,ensemble,2026-03-07,145.0,270.0,65.88826086956523,125.0,210.0
2026-02-14,01,3,baseline,2026-03-07,145.0,349.0,128.02652173913043,204.0,210.0
2026-02-14,02,1,ensemble,2026-02-21,8.0,10.0,1.8652173913043482,2.0,8.0
2026-02-14,02,1,baseline,2026-02-21,8.0,9.0,1.7969565217391306,1.0,8.0
2026-02-14,02,2,ensemble,2026-02-28,5.0,8.0,2.165217391304348,3.0,11.0
2026-02-14,02,2,baseline,2026-02-28,5.0,9.0,2.8739130434782614,4.0,11.0
2026-02-14,02,3,ensemble,2026-03-07,16.0,7.0,4.317826086956522,9.0,0.0
2026-02-14,02,3,baseline,2026-03-07,16.0,9.0,3.9456521739130435,7.0,0.0
2026-02-14,04,1,ensemble,2026-02-21,354.0,327.0,28.036521739130432,27.0,8.0
2026-02-14,04,1,baseline,2026-02-21,354.0,326.0,25.02173913043479,28.0,8.0
2026-02-14,04,2,ensemble,2026-02-28,284.0,307.0,33.7695652173913,23.0,62.0
2026-02-14,04,2,baseline,2026-02-28,284.0,326.0,36.136086956521744,42.0,62.0
2026-02-14,04,3,ensemble,2026-03-07,237.0,285.0,38.7304347826087,48.0,109.0
2026-02-14,04,3,baseline,2026-03-07,237.0,326.0,57.297826086956526,89.0,109.0
2026-02-14,05,1,ensemble,2026-02-21,173.0,141.0,18.373043478260872,32.0,40.0
2026-02-14,05,1,baseline,2026-02-21,173.0,166.0,9.726956521739131,7.0,40.0
2026-02-14,05,2,ensemble,2026-02-28,125.0,128.0,13.091739130434783,3.0,88.0
2026-02-14,05,2,baseline,2026-02-28,125.0,166.0,23.920434782608698,41.0,88.0
2026-02-14,05,3,ensemble,2026-03-07,107.0,114.0,14.508260869565222,7.0,106.0
2026-02-14,05,3,baseline,2026-03-07,107.0,166.0,32.94652173913043,59.0,106.0
2026-02-14,06,1,ensemble,2026-02-21,1566.0,1725.0,120.6108695652174,159.0,508.0
2026-02-14,06,1,baseline,2026-02-21,1566.0,1827.0,158.0108695652174,261.0,508.0
2026-02-14,06,2,ensemble,2026-02-28,1314.0,1558.0,152.54434782608698,244.0,760.0
2026-02-14,06,2,baseline,2026-02-28,1314.0,1827.0,300.8752173913044,513.0,760.0
2026-02-14,06,3,ensemble,2026-03-07,974.0,1448.0,252.80043478260868,474.0,1100.0
2026-02-14,06,3,baseline,2026-03-07,974.0,1827.0,521.7460869565217,853.0,1100.0
2026-02-14,08,1,ensemble,2026-02-21,119.0,84.0,17.52608695652174,35.0,7.0
2026-02-14,08,1,baseline,2026-02-21,119.0,110.0,11.187391304347827,9.0,7.0
2026-02-14,08,2,ensemble,2026-02-28,118.0,70.0,24.099999999999998,48.0,6.0
2026-02-14,08,2,baseline,2026-02-28,118.0,110.0,15.033478260869565,8.0,6.0
2026-02-14,08,3,ensemble,2026-03-07,99.0,60.0,19.82,39.0,13.0
2026-02-14,08,3,baseline,2026-03-07,99.0,110.0,19.026956521739134,11.0,13.0
2026-02-14,09,1,ensemble,2026-02-21,33.0,41.0,7.183478260869565,8.0,22.0
2026-02-14,09,1,baseline,2026-02-21,33.0,55.0,14.14391304347826,22.0,22.0
2026-02-14,09,2,ensemble,2026-02-28,39.0,31.0,8.287826086956525,8.0,16.0
2026-02-14,09,2,baseline,2026-02-28,39.0,55.0,13.934782608695654,16.0,16.0
2026-02-14,09,3,ensemble,2026-03-07,36.0,28.0,8.771739130434783,8.0,19.0
2026-02-14,09,3,baseline,2026-03-07,36.0,55.0,16.866956521739134,19.0,19.0
2026-02-14,10,1,ensemble,2026-02-21,49.0,29.0,10.487391304347828,20.0,2.0
2026-02-14,10,1,baseline,2026-02-21,49.0,44.0,4.03,5.0,2.0
2026-02-14,10,2,ensemble,2026-02-28,40.0,22.0,8.830869565217391,18.0,11.0
2026-02-14,10,2,baseline,2026-02-28,40.0,44.0,4.85695652173913,4.0,11.0
2026-02-14,10,3,ensemble,2026-03-07,31.0,18.0,7.075652173913045,13.0,20.0
2026-02-14,10,3,baseline,2026-03-07,31.0,44.0,8.601739130434783,13.0,20.0
2026-02-14,11,1,ensemble,2026-02-21,7.0,5.0,1.6104347826086962,2.0,3.0
2026-02-14,11,1,baseline,2026-02-21,7.0,5.0,2.1252173913043477,2.0,3.0
2026-02-14,11,2,ensemble,2026-02-28,5.0,4.0,1.5330434782608695,1.0,5.0
2026-02-14,11,2,baseline,2026-02-28,5.0,5.0,2.776521739130435,0.0,5.0
2026-02-14,11,3,ensemble,2026-03-07,12.0,4.0,4.3234782608695665,8.0,2.0
2026-02-14,11,3,baseline,2026-03-07,12.0,5.0,4.2895652173913055,7.0,2.0
2026-02-14,12,1,ensemble,2026-02-21,2027.0,1474.0,316.9386956521739,553.0,99.0
2026-02-14,12,1,baseline,2026-02-21,2027.0,1594.0,278.4795652173913,433.0,99.0
2026-02-14,12,2,ensemble,2026-02-28,1304.0,1344.0,108.3508695652174,40.0,624.0
2026-02-14,12,2,baseline,2026-02-28,1304.0,1594.0,165.12869565217392,290.0,624.0
2026-02-14,12,3,ensemble,2026-03-07,1042.0,1233.0,138.26347826086956,191.0,886.0
2026-02-14,12,3,baseline,2026-03-07,1042.0,1594.0,328.43173913043483,552.0,886.0
2026-02-14,13,1,ensemble,2026-02-21,384.0,311.0,42.11391304347826,73.0,21.0
2026-02-14,13,1,baseline,2026-02-21,384.0,347.0,27.30130434782609,37.0,21.0
2026-02-14,13,2,ensemble,2026-02-28,249.0,289.0,36.76,40.0,114.0
2026-02-14,13,2,baseline,2026-02-28,249.0,347.0,59.01913043478261,98.0,114.0
2026-02-14,13,3,ensemble,2026-03-07,226.0,243.0,35.87826086956522,17.0,137.0
2026-02-14,13,3,baseline,2026-03-07,226.0,347.0,71.5204347826087,121.0,137.0
2026-02-14,15,1,ensemble,2026-02-21,20.0,22.0,2.8313043478260873,2.0,12.0
2026-02-14,15,1,baseline,2026-02-21,20.0,23.0,2.6273913043478263,3.0,12.0
2026-02-14,15,2,ensemble,2026-02-28,9.0,19.0,5.46304347826087,10.0,23.0
2026-02-14,15,2,baseline,2026-02-28,9.0,23.0,7.573478260869564,14.0,23.0
2026-02-14,15,3,ensemble,2026-03-07,18.0,17.0,3.315652173913043,1.0,14.0
2026-02-14,15,3,baseline,2026-03-07,18.0,23.0,4.0426086956521745,5.0,14.0
2026-02-14,16,1,ensemble,2026-02-21,119.0,93.0,14.775652173913045,26.0,12.0
2026-02-14,16,1,baseline,2026-02-21,119.0,103.0,10.060434782608697,16.0,12.0
2026-02-14,16,2,ensemble,2026-02-28,106.0,80.0,14.524782608695654,26.0,1.0
2026-02-14,16,2,baseline,2026-02-28,106.0,103.0,7.508260869565219,3.0,1.0
2026-02-14,16,3,ensemble,2026-03-07,68.0,72.0,9.610000000000001,4.0,39.0
2026-02-14,16,3,baseline,2026-03-07,68.0,103.0,20.019130434782607,35.0,39.0
2026-02-14,17,1,ensemble,2026-02-21,579.0,417.0,87.11304347826086,162.0,47.0
2026-02-14,17,1,baseline,2026-02-21,579.0,493.0,54.09782608695652,86.0,47.0
2026-02-14,17,2,ensemble,2026-02-28,355.0,367.0,41.64521739130434,12.0,177.0
2026-02-14,17,2,baseline,2026-02-28,355.0,493.0,81.89347826086956,138.0,177.0
2026-02-14,17,3,ensemble,2026-03-07,381.0,326.0,46.23,55.0,151.0
2026-02-14,17,3,baseline,2026-03-07,381.0,493.0,72.68086956521739,112.0,151.0
2026-02-14,18,1,ensemble,2026-02-21,359.0,302.0,34.61391304347826,57.0,9.0
2026-02-14,18,1,baseline,2026-02-21,359.0,339.0,21.27695652173913,20.0,9.0
2026-02-14,18,2,ensemble,2026-02-28,292.0,277.0,30.760434782608694,15.0,58.0
2026-02-14,18,2,baseline,2026-02-28,292.0,339.0,36.76130434782608,47.0,58.0
2026-02-14,18,3,ensemble,2026-03-07,288.0,241.0,38.09782608695652,47.0,62.0
2026-02-14,18,3,baseline,2026-03-07,288.0,339.0,43.01434782608696,51.0,62.0
2026-02-14,19,1,ensemble,2026-02-21,199.0,161.0,20.800434782608693,38.0,32.0
2026-02-14,19,1,baseline,2026-02-21,199.0,197.0,6.205217391304349,2.0,32.0
2026-02-14,19,2,ensemble,2026-02-28,119.0,139.0,15.777826086956521,20.0,112.0
2026-02-14,19,2,baseline,2026-02-28,119.0,197.0,46.96478260869566,78.0,112.0
2026-02-14,19,3,ensemble,2026-03-07,77.0,114.0,22.13478260869565,37.0,154.0
2026-02-14,19,3,baseline,2026-03-07,77.0,197.0,74.08173913043478,120.0,154.0
2026-02-14,20,1,ensemble,2026-02-21,190.0,166.0,16.90434782608696,24.0,30.0
2026-02-14,20,1,baseline,2026-02-21,190.0,191.0,6.035217391304349,1.0,30.0
2026-02-14,20,2,ensemble,2026-02-28,130.0,142.0,15.508695652173914,12.0,90.0
2026-02-14,20,2,baseline,2026-02-28,130.0,191.0,35.77304347826087,61.0,90.0
2026-02-14,20,3,ensemble,2026-03-07,102.0,122.0,17.191739130434783,20.0,118.0
2026-02-14,20,3,baseline,2026-03-07,102.0,191.0,51.97217391304348,89.0,118.0
2026-02-14,21,1,ensemble,2026-02-21,243.0,189.0,28.369565217391308,54.0,17.0
2026-02-14,21,1,baseline,2026-02-21,243.0,224.0,17.54217391304348,19.0,17.0
2026-02-14,21,2,ensemble,2026-02-28,195.0,169.0,22.848695652173916,26.0,65.0
2026-02-14,21,2,baseline,2026-02-28,195.0,224.0,25.163913043478264,29.0,65.0
2026-02-14,21,3,ensemble,2026-03-07,241.0,144.0,47.28173913043479,97.0,19.0
2026-02-14,21,3,baseline,2026-03-07,241.0,224.0,27.24000000000001,17.0,19.0
2026-02-14,22,1,ensemble,2026-02-21,342.0,230.0,56.09652173913044,112.0,16.0
2026-02-14,22,1,baseline,2026-02-21,342.0,277.0,38.34173913043479,65.0,16.0
2026-02-14,22,2,ensemble,2026-02-28,215.0,208.0,19.245652173913044,7.0,111.0
2026-02-14,22,2,baseline,2026-02-28,215.0,277.0,35.45434782608696,62.0,111.0
2026-02-14,22,3,ensemble,2026-03-07,186.0,190.0,21.476521739130437,4.0,140.0
2026-02-14,22,3,baseline,2026-03-07,186.0,277.0,50.694782608695654,91.0,140.0
2026-02-14,23,1,ensemble,2026-02-21,59.0,47.0,7.1982608695652175,12.0,9.0
2026-02-14,23,1,baseline,2026-02-21,59.0,58.0,3.44304347826087,1.0,9.0
2026-02-14,23,2,ensemble,2026-02-28,43.0,39.0,5.892173913043479,4.0,25.0
2026-02-14,23,2,baseline,2026-02-28,43.0,58.0,9.448695652173916,15.0,25.0
2026-02-14,23,3,ensemble,2026-03-07,35.0,31.0,6.119130434782609,4.0,33.0
2026-02-14,23,3,baseline,2026-03-07,35.0,58.0,13.56304347826087,23.0,33.0
2026-02-14,24,1,ensemble,2026-02-21,72.0,59.0,9.76608695652174,13.0,18.0
2026-02-14,24,1,baseline,2026-02-21,72.0,79.0,11.352608695652178,7.0,18.0
2026-02-14,24,2,ensemble,2026-02-28,40.0,44.0,9.85913043478261,4.0,50.0
2026-02-14,24,2,baseline,2026-02-28,40.0,79.0,24.607826086956518,39.0,50.0
2026-02-14,24,3,ensemble,2026-03-07,52.0,41.0,11.065652173913044,11.0,38.0
2026-02-14,24,3,baseline,2026-03-07,52.0,79.0,23.00086956521739,27.0,38.0
2026-02-14,25,1,ensemble,2026-02-21,87.0,87.0,11.489999999999998,0.0,30.0
2026-02-14,25,1,baseline,2026-02-21,87.0,108.0,20.22086956521739,21.0,30.0
2026-02-14,25,2,ensemble,2026-02-28,81.0,71.0,13.675652173913045,10.0,36.0
2026-02-14,25,2,baseline,2026-02-28,81.0,108.0,27.140869565217397,27.0,36.0
2026-02-14,25,3,ensemble,2026-03-07,81.0,57.0,16.967391304347824,24.0,36.0
2026-02-14,25,3,baseline,2026-03-07,81.0,108.0,32.35608695652174,27.0,36.0
2026-02-14,26,1,ensemble,2026-02-21,340.0,229.0,55.90260869565218,111.0,38.0
2026-02-14,26,1,baseline,2026-02-21,340.0,265.0,46.873043478260875,75.0,38.0
2026-02-14,26,2,ensemble,2026-02-28,290.0,204.0,45.76695652173913,86.0,12.0
2026-02-14,26,2,baseline,2026-02-28,290.0,265.0,36.496956521739136,25.0,12.0
2026-02-14,26,3,ensemble,2026-03-07,247.0,183.0,39.4608695652174,64.0,55.0
2026-02-14,26,3,baseline,2026-03-07,247.0,265.0,43.82391304347827,18.0,55.0
2026-02-14,27,1,ensemble,2026-02-21,196.0,130.0,33.39826086956522,66.0,13.0
2026-02-14,27,1,baseline,2026-02-21,196.0,175.0,15.588695652173914,21.0,13.0
2026-02-14,27,2,ensemble,2026-02-28,136.0,110.0,21.310434782608695,26.0,47.0
2026-02-14,27,2,baseline,2026-02-28,136.0,175.0,25.830000000000002,39.0,47.0
2026-02-14,27,3,ensemble,2026-03-07,157.0,92.0,33.259565217391305,65.0,26.0
2026-02-14,27,3,baseline,2026-03-07,157.0,175.0,21.719130434782613,18.0,26.0
2026-02-14,28,1,ensemble,2026-02-21,227.0,171.0,28.90913043478261,56.0,27.0
2026-02-14,28,1,baseline,2026-02-21,227.0,191.0,21.047391304347826,36.0,27.0
2026-02-14,28,2,ensemble,2026-02-28,151.0,162.0,14.945652173913043,11.0,49.0
2026-02-14,28,2,baseline,2026-02-28,151.0,191.0,22.807391304347835,40.0,49.0
2026-02-14,28,3,ensemble,2026-03-07,135.0,153.0,18.651739130434784,18.0,65.0
2026-02-14,28,3,baseline,2026-03-07,135.0,191.0,31.21,56.0,65.0
2026-02-14,29,1,ensemble,2026-02-21,441.0,260.0,97.07347826086955,181.0,64.0
2026-02-14,29,1,baseline,2026-02-21,441.0,298.0,89.29260869565218,143.0,64.0
2026-02-14,29,2,ensemble,2026-02-28,305.0,241.0,38.6304347826087,64.0,200.0
2026-02-14,29,2,baseline,2026-02-28,305.0,298.0,23.471304347826088,7.0,200.0
2026-02-14,29,3,ensemble,2026-03-07,250.0,196.0,35.845652173913045,54.0,255.0
2026-02-14,29,3,baseline,2026-03-07,250.0,298.0,38.86826086956521,48.0,255.0
2026-02-14,30,1,ensemble,2026-02-21,53.0,52.0,5.697826086956521,1.0,31.0
2026-02-14,30,1,baseline,2026-02-21,53.0,61.0,5.3817391304347835,8.0,31.0
2026-02-14,30,2,ensemble,2026-02-28,47.0,47.0,5.880434782608697,0.0,37.0
2026-02-14,30,2,baseline,2026-02-28,47.0,61.0,8.401304347826088,14.0,37.0
2026-02-14,30,3,ensemble,2026-03-07,38.0,41.0,6.1286956521739135,3.0,46.0
2026-02-14,30,3,baseline,2026-03-07,38.0,61.0,12.687391304347827,23.0,46.0
2026-02-14,31,1,ensemble,2026-02-21,141.0,124.0,12.220434782608695,17.0,2.0
2026-02-14,31,1,baseline,2026-02-21,141.0,135.0,5.10608695652174,6.0,2.0
2026-02-14,31,2,ensemble,2026-02-28,84.0,103.0,13.755652173913045,19.0,59.0
2026-02-14,31,2,baseline,2026-02-28,84.0,135.0,30.99304347826087,51.0,59.0
2026-02-14,31,3,ensemble,2026-03-07,59.0,90.0,17.13782608695652,31.0,84.0
2026-02-14,31,3,baseline,2026-03-07,59.0,135.0,47.82304347826087,76.0,84.0
2026-02-14,32,1,ensemble,2026-02-21,90.0,77.0,8.929130434782609,13.0,14.0
2026-02-14,32,1,baseline,2026-02-21,90.0,85.0,6.5804347826086955,5.0,14.0
2026-02-14,32,2,ensemble,2026-02-28,68.0,68.0,7.983478260869564,0.0,36.0
2026-02-14,32,2,baseline,2026-02-28,68.0,85.0,12.053913043478264,17.0,36.0
2026-02-14,32,3,ensemble,2026-03-07,60.0,61.0,8.476521739130435,1.0,44.0
2026-02-14,32,3,baseline,2026-03-07,60.0,85.0,16.15478260869565,25.0,44.0
2026-02-14,33,1,ensemble,2026-02-21,55.0,34.0,9.482608695652173,21.0,6.0
2026-02-14,33,1,baseline,2026-02-21,55.0,48.0,4.952608695652174,7.0,6.0
2026-02-14,33,2,ensemble,2026-02-28,32.0,28.0,5.568260869565217,4.0,29.0
2026-02-14,33,2,baseline,2026-02-28,32.0,48.0,9.63,16.0,29.0
2026-02-14,33,3,ensemble,2026-03-07,35.0,26.0,6.797826086956523,9.0,26.0
2026-02-14,33,3,baseline,2026-03-07,35.0,48.0,8.748695652173915,13.0,26.0
2026-02-14,34,1,ensemble,2026-02-21,231.0,145.0,41.52826086956522,86.0,29.0
2026-02-14,34,1,baseline,2026-02-21,231.0,206.0,26.36347826086956,25.0,29.0
2026-02-14,34,2,ensemble,2026-02-28,220.0,120.0,48.04652173913044,100.0,18.0
2026-02-14,34,2,baseline,2026-02-28,220.0,206.0,33.06869565217392,14.0,18.0
2026-02-14,34,3,ensemble,2026-03-07,173.0,86.0,39.189565217391305,87.0,29.0
2026-02-14,34,3,baseline,2026-03-07,173.0,206.0,43.85391304347826,33.0,29.0
2026-02-14,35,1,ensemble,2026-02-21,94.0,133.0,20.51391304347826,39.0,72.0
2026-02-14,35,1,baseline,2026-02-21,94.0,152.0,35.85347826086957,58.0,72.0
2026-02-14,35,2,ensemble,2026-02-28,94.0,114.0,15.918695652173913,20.0,72.0
2026-02-14,35,2,baseline,2026-02-28,94.0,152.0,33.62304347826087,58.0,72.0
2026-02-14,35,3,ensemble,2026-03-07,68.0,101.0,20.743913043478262,33.0,98.0
2026-02-14,35,3,baseline,2026-03-07,68.0,152.0,48.930000000000014,84.0,98.0
2026-02-14,36,1,ensemble,2026-02-21,326.0,170.0,84.49130434782609,156.0,29.0
2026-02-14,36,1,baseline,2026-02-21,326.0,227.0,64.07565217391306,99.0,29.0
2026-02-14,36,2,ensemble,2026-02-28,314.0,130.0,90.11608695652174,184.0,17.0
2026-02-14,36,2,baseline,2026-02-28,314.0,227.0,67.58521739130434,87.0,17.0
2026-02-14,36,3,ensemble,2026-03-07,259.0,97.0,75.69739130434782,162.0,38.0
2026-02-14,36,3,baseline,2026-03-07,259.0,227.0,68.50478260869566,32.0,38.0
2026-02-14,37,1,ensemble,2026-02-21,307.0,255.0,38.52043478260871,52.0,79.0
2026-02-14,37,1,baseline,2026-02-21,307.0,367.0,41.90913043478261,60.0,79.0
2026-02-14,37,2,ensemble,2026-02-28,240.0,214.0,40.55521739130435,26.0,146.0
2026-02-14,37,2,baseline,2026-02-28,240.0,367.0,76.51347826086955,127.0,146.0
2026-02-14,37,3,ensemble,2026-03-07,205.0,188.0,40.25521739130435,17.0,181.0
2026-02-14,37,3,baseline,2026-03-07,205.0,367.0,95.33260869565218,162.0,181.0
2026-02-14,38,1,ensemble,2026-02-21,22.0,30.0,4.47608695652174,8.0,20.0
2026-02-14,38,1,baseline,2026-02-21,22.0,41.0,11.23608695652174,19.0,20.0
2026-02-14,38,2,ensemble,2026-02-28,18.0,23.0,4.027391304347827,5.0,24.0
2026-02-14,38,2,baseline,2026-02-28,18.0,41.0,13.342608695652178,23.0,24.0
2026-02-14,38,3,ensemble,2026-03-07,27.0,20.0,4.583478260869566,7.0,15.0
2026-02-14,38,3,baseline,2026-03-07,27.0,41.0,7.834782608695653,14.0,15.0
2026-02-14,39,1,ensemble,2026-02-21,663.0,406.0,144.81260869565216,257.0,149.0
2026-02-14,39,1,baseline,2026-02-21,663.0,511.0,94.71043478260869,152.0,149.0
2026-02-14,39,2,ensemble,2026-02-28,522.0,335.0,93.5295652173913,187.0,8.0
2026-02-14,39,2,baseline,2026-02-28,522.0,511.0,45.71826086956523,11.0,8.0
2026-02-14,39,3,ensemble,2026-03-07,459.0,278.0,91.71913043478263,181.0,55.0
2026-02-14,39,3,baseline,2026-03-07,459.0,511.0,66.0108695652174,52.0,55.0
2026-02-14,40,1,ensemble,2026-02-21,254.0,151.0,60.833043478260876,103.0,9.0
2026-02-14,40,1,baseline,2026-02-21,254.0,160.0,57.65826086956521,94.0,9.0
2026-02-14,40,2,ensemble,2026-02-28,183.0,127.0,28.567391304347826,56.0,80.0
2026-02-14,40,2,baseline,2026-02-28,183.0,160.0,20.133478260869566,23.0,80.0
2026-02-14,40,3,ensemble,2026-03-07,156.0,108.0,24.610434782608696,48.0,107.0
2026-02-14,40,3,baseline,2026-03-07,156.0,160.0,21.133043478260873,4.0,107.0
2026-02-14,41,1,ensemble,2026-02-21,309.0,360.0,32.79565217391305,51.0,264.0
2026-02-14,41,1,baseline,2026-02-21,309.0,393.0,54.89869565217391,84.0,264.0
2026-02-14,41,2,ensemble,2026-02-28,197.0,313.0,66.87043478260868,116.0,376.0
2026-02-14,41,2,baseline,2026-02-28,197.0,393.0,133.56478260869565,196.0,376.0
2026-02-14,41,3,ensemble,2026-03-07,147.0,286.0,84.90782608695653,139.0,426.0
2026-02-14,41,3,baseline,2026-03-07,147.0,393.0,168.5491304347826,246.0,426.0
2026-02-14,42,1,ensemble,2026-02-21,774.0,561.0,100.77173913043478,213.0,67.0
2026-02-14,42,1,baseline,2026-02-21,774.0,738.0,45.17304347826088,36.0,67.0
2026-02-14,42,2,ensemble,2026-02-28,806.0,459.0,167.68130434782606,347.0,35.0
2026-02-14,42,2,baseline,2026-02-28,806.0,738.0,70.4895652173913,68.0,35.0
2026-02-14,42,3,ensemble,2026-03-07,854.0,406.0,236.8821739130435,448.0,13.0
2026-02-14,42,3,baseline,2026-03-07,854.0,738.0,97.37304347826088,116.0,13.0
2026-02-14,44,1,ensemble,2026-02-21,21.0,18.0,3.411304347826088,3.0,3.0
2026-02-14,44,1,baseline,2026-02-21,21.0,24.0,3.0221739130434786,3.0,3.0
2026-02-14,44,2,ensemble,2026-02-28,23.0,15.0,4.449565217391305,8.0,1.0
2026-02-14,44,2,baseline,2026-02-28,23.0,24.0,3.7226086956521747,1.0,1.0
2026-02-14,44,3,ensemble,2026-03-07,17.0,12.0,4.282173913043478,5.0,7.0
2026-02-14,44,3,baseline,2026-03-07,17.0,24.0,5.804347826086956,7.0,7.0
2026-02-14,45,1,ensemble,2026-02-21,258.0,147.0,65.90739130434783,111.0,3.0
2026-02-14,45,1,baseline,2026-02-21,258.0,179.0,48.546086956521734,79.0,3.0
2026-02-14,45,2,ensemble,2026-02-28,184.0,125.0,29.927826086956518,59.0,71.0
2026-02-14,45,2,baseline,2026-02-28,184.0,179.0,17.446956521739132,5.0,71.0
2026-02-14,45,3,ensemble,2026-03-07,96.0,113.0,20.811739130434784,17.0,159.0
2026-02-14,45,3,baseline,2026-03-07,96.0,179.0,48.920869565217394,83.0,159.0
2026-02-14,46,1,ensemble,2026-02-21,55.0,40.0,7.901304347826087,15.0,2.0
2026-02-14,46,1,baseline,2026-02-21,55.0,51.0,3.3404347826086966,4.0,2.0
2026-02-14,46,2,ensemble,2026-02-28,49.0,34.0,7.539130434782609,15.0,8.0
2026-02-14,46,2,baseline,2026-02-28,49.0,51.0,3.755217391304348,2.0,8.0
2026-02-14,46,3,ensemble,2026-03-07,40.0,31.0,5.84391304347826,9.0,17.0
2026-02-14,46,3,baseline,2026-03-07,40.0,51.0,6.9104347826086965,11.0,17.0
2026-02-14,47,1,ensemble,2026-02-21,321.0,235.0,43.527826086956516,86.0,3.0
2026-02-14,47,1,baseline,2026-02-21,321.0,290.0,22.64782608695652,31.0,3.0
2026-02-14,47,2,ensemble,2026-02-28,248.0,201.0,29.41913043478261,47.0,70.0
2026-02-14,47,2,baseline,2026-02-28,248.0,290.0,30.750869565217396,42.0,70.0
2026-02-14,47,3,ensemble,2026-03-07,199.0,178.0,25.94956521739131,21.0,119.0
2026-02-14,47,3,baseline,2026-03-07,199.0,290.0,53.91260869565218,91.0,119.0
2026-02-14,48,1,ensemble,2026-02-21,1039.0,1089.0,83.56304347826087,50.0,356.0
2026-02-14,48,1,baseline,2026-02-21,1039.0,1283.0,142.19391304347826,244.0,356.0
2026-02-14,48,2,ensemble,2026-02-28,783.0,944.0,120.37739130434782,161.0,612.0
2026-02-14,48,2,baseline,2026-02-28,783.0,1283.0,291.25782608695647,500.0,612.0
2026-02-14,48,3,ensemble,2026-03-07,728.0,840.0,106.06478260869567,112.0,667.0
2026-02-14,48,3,baseline,2026-03-07,728.0,1283.0,316.27565217391304,555.0,667.0
2026-02-14,49,1,ensemble,2026-02-21,65.0,74.0,7.962608695652174,9.0,26.0
2026-02-14,49,1,baseline,2026-02-21,65.0,91.0,15.826956521739136,26.0,26.0
2026-02-14,49,2,ensemble,2026-02-28,43.0,64.0,12.182173913043481,21.0,48.0
2026-02-14,49,2,baseline,2026-02-28,43.0,91.0,29.79217391304348,48.0,48.0
2026-02-14,49,3,ensemble,2026-03-07,19.0,57.0,22.959999999999997,38.0,72.0
2026-02-14,49,3,baseline,2026-03-07,19.0,91.0,45.70217391304348,72.0,72.0
2026-02-14,50,1,ensemble,2026-02-21,22.0,24.0,2.6069565217391304,2.0,10.0
2026-02-14,50,1,baseline,2026-02-21,22.0,27.0,2.991739130434783,5.0,10.0
2026-02-14,50,2,ensemble,2026-02-28,14.0,21.0,3.900434782608696,7.0,18.0
2026-02-14,50,2,baseline,2026-02-28,14.0,27.0,7.525652173913044,13.0,18.0
2026-02-14,50,3,ensemble,2026-03-07,15.0,20.0,3.4591304347826095,5.0,17.0
2026-02-14,50,3,baseline,2026-03-07,15.0,27.0,6.69,12.0,17.0
2026-02-14,51,1,ensemble,2026-02-21,284.0,201.0,43.59695652173912,83.0,5.0
2026-02-14,51,1,baseline,2026-02-21,284.0,250.0,25.050434782608693,34.0,5.0
2026-02-14,51,2,ensemble,2026-02-28,209.0,168.0,27.643913043478264,41.0,70.0
2026-02-14,51,2,baseline,2026-02-28,209.0,250.0,31.90565217391304,41.0,70.0
2026-02-14,51,3,ensemble,2026-03-07,187.0,136.0,31.49521739130435,51.0,92.0
2026-02-14,51,3,baseline,2026-03-07,187.0,250.0,43.04347826086958,63.0,92.0
2026-02-14,53,1,ensemble,2026-02-21,230.0,337.0,63.00173913043478,107.0,104.0
2026-02-14,53,1,baseline,2026-02-21,230.0,375.0,97.86521739130436,145.0,104.0
2026-02-14,53,2,ensemble,2026-02-28,190.0,306.0,67.87173913043478,116.0,144.0
2026-02-14,53,2,baseline,2026-02-28,190.0,375.0,121.90608695652176,185.0,144.0
2026-02-14,53,3,ensemble,2026-03-07,158.0,283.0,71.05652173913045,125.0,176.0
2026-02-14,53,3,baseline,2026-03-07,158.0,375.0,140.97956521739127,217.0,176.0
2026-02-14,54,1,ensemble,2026-02-21,147.0,120.0,16.41695652173913,27.0,7.0
2026-02-14,54,1,baseline,2026-02-21,147.0,147.0,6.73608695652174,0.0,7.0
2026-02-14,54,2,ensemble,2026-02-28,133.0,104.0,17.38304347826087,29.0,21.0
2026-02-14,54,2,baseline,2026-02-28,133.0,147.0,12.293478260869565,14.0,21.0
2026-02-14,54,3,ensemble,2026-03-07,102.0,82.0,15.175217391304347,20.0,52.0
2026-02-14,54,3,baseline,2026-03-07,102.0,147.0,25.55608695652174,45.0,52.0
2026-02-14,55,1,ensemble,2026-02-21,253.0,221.0,26.013913043478254,32.0,26.0
2026-02-14,55,1,baseline,2026-02-21,253.0,263.0,13.485652173913044,10.0,26.0
2026-02-14,55,2,ensemble,2026-02-28,207.0,186.0,27.74217391304348,21.0,72.0
2026-02-14,55,2,baseline,2026-02-28,207.0,263.0,35.308260869565224,56.0,72.0
2026-02-14,55,3,ensemble,2026-03-07,166.0,179.0,28.709565217391308,13.0,113.0
2026-02-14,55,3,baseline,2026-03-07,166.0,263.0,56.00173913043478,97.0,113.0
2026-02-14,56,1,ensemble,2026-02-21,13.0,17.0,2.7056521739130437,4.0,8.0
2026-02-14,56,1,baseline,2026-02-21,13.0,19.0,3.786521739130435,6.0,8.0
2026-02-14,56,2,ensemble,2026-02-28,15.0,16.0,2.4321739130434783,1.0,6.0
2026-02-14,56,2,baseline,2026-02-28,15.0,19.0,3.5643478260869568,4.0,6.0
2026-02-14,56,3,ensemble,2026-03-07,10.0,15.0,3.4526086956521738,5.0,11.0
2026-02-14,56,3,baseline,2026-03-07,10.0,19.0,5.630434782608697,9.0,11.0
2026-02-21,01,1,ensemble,2026-02-28,180.0,51.0,78.33086956521738,129.0,257.0
2026-02-21,01,1,baseline,2026-02-28,180.0,6.0,112.80260869565218,174.0,257.0
2026-02-21,01,2,ensemble,2026-03-07,145.0,39.0,59.84695652173912,106.0,292.0
2026-02-21,01,2,baseline,2026-03-07,145.0,6.0,77.13869565217392,139.0,292.0
2026-02-21,01,3,ensemble,2026-03-14,105.0,43.0,32.4,62.0,332.0
2026-02-21,01,3,baseline,2026-03-14,105.0,6.0,47.10434782608696,99.0,332.0
2026-02-21,02,1,ensemble,2026-02-28,5.0,6.0,1.3382608695652176,1.0,10.0
2026-02-21,02,1,baseline,2026-02-28,5.0,7.0,1.8039130434782609,2.0,10.0
2026-02-21,02,2,ensemble,2026-03-07,16.0,6.0,5.818695652173912,10.0,1.0
2026-02-21,02,2,baseline,2026-03-07,16.0,7.0,4.600434782608696,9.0,1.0
2026-02-21,02,3,ensemble,2026-03-14,13.0,5.0,4.082173913043477,8.0,2.0
2026-02-21,02,3,baseline,2026-03-14,13.0,7.0,3.5395652173913037,6.0,2.0
2026-02-21,04,1,ensemble,2026-02-28,284.0,391.0,58.04173913043479,107.0,131.0
2026-02-21,04,1,baseline,2026-02-28,284.0,413.0,77.6413043478261,129.0,131.0
2026-02-21,04,2,ensemble,2026-03-07,237.0,356.0,66.86826086956522,119.0,178.0
2026-02-21,04,2,baseline,2026-03-07,237.0,413.0,102.29695652173913,176.0,178.0
2026-02-21,04,3,ensemble,2026-03-14,196.0,323.0,70.48521739130435,127.0,219.0
2026-02-21,04,3,baseline,2026-03-14,196.0,413.0,123.75956521739131,217.0,219.0
2026-02-21,05,1,ensemble,2026-02-28,125.0,162.0,20.648260869565217,37.0,149.0
2026-02-21,05,1,baseline,2026-02-28,125.0,179.0,31.4404347826087,54.0,149.0
2026-02-21,05,2,ensemble,2026-03-07,107.0,149.0,24.396086956521735,42.0,167.0
2026-02-21,05,2,baseline,2026-03-07,107.0,179.0,41.15782608695652,72.0,167.0
2026-02-21,05,3,ensemble,2026-03-14,78.0,144.0,34.64695652173914,66.0,196.0
2026-02-21,05,3,baseline,2026-03-14,78.0,179.0,57.953913043478266,101.0,196.0
2026-02-21,06,1,ensemble,2026-02-28,1314.0,1463.0,108.95869565217392,149.0,837.0
2026-02-21,06,1,baseline,2026-02-28,1314.0,1614.0,180.08869565217393,300.0,837.0
2026-02-21,06,2,ensemble,2026-03-07,974.0,1351.0,200.26043478260868,377.0,1177.0
2026-02-21,06,2,baseline,2026-03-07,974.0,1614.0,384.9760869565218,640.0,1177.0
2026-02-21,06,3,ensemble,2026-03-14,671.0,1278.0,317.9895652173914,607.0,1480.0
2026-02-21,06,3,baseline,2026-03-14,671.0,1614.0,585.4347826086957,943.0,1480.0
2026-02-21,08,1,ensemble,2026-02-28,118.0,102.0,12.92217391304348,16.0,10.0
2026-02-21,08,1,baseline,2026-02-28,118.0,124.0,10.629565217391304,6.0,10.0
2026-02-21,08,2,ensemble,2026-03-07,99.0,95.0,13.259565217391305,4.0,29.0
2026-02-21,08,2,baseline,2026-03-07,99.0,124.0,19.081304347826084,25.0,29.0
2026-02-21,08,3,ensemble,2026-03-14,110.0,79.0,17.779565217391305,31.0,18.0
2026-02-21,08,3,baseline,2026-03-14,110.0,124.0,19.530869565217394,14.0,18.0
2026-02-21,09,1,ensemble,2026-02-28,39.0,23.0,7.7291304347826095,16.0,7.0
2026-02-21,09,1,baseline,2026-02-28,39.0,32.0,8.155652173913044,7.0,7.0
2026-02-21,09,2,ensemble,2026-03-07,36.0,21.0,8.19826086956522,15.0,4.0
2026-02-21,09,2,baseline,2026-03-07,36.0,32.0,10.578695652173916,4.0,4.0
2026-02-21,09,3,ensemble,2026-03-14,36.0,21.0,8.993913043478262,15.0,4.0
2026-02-21,09,3,baseline,2026-03-14,36.0,32.0,13.170000000000002,4.0,4.0
2026-02-21,10,1,ensemble,2026-02-28,40.0,20.0,10.694782608695652,20.0,8.0
2026-02-21,10,1,baseline,2026-02-28,40.0,27.0,7.81304347826087,13.0,8.0
2026-02-21,10,2,ensemble,2026-03-07,31.0,15.0,8.199565217391305,16.0,17.0
2026-02-21,10,2,baseline,2026-03-07,31.0,27.0,4.596521739130435,4.0,17.0
2026-02-21,10,3,ensemble,2026-03-14,38.0,12.0,14.084782608695654,26.0,10.0
2026-02-21,10,3,baseline,2026-03-14,38.0,27.0,7.410434782608696,11.0,10.0
2026-02-21,11,1,ensemble,2026-02-28,5.0,4.0,1.3078260869565217,1.0,4.0
2026-02-21,11,1,baseline,2026-02-28,5.0,5.0,1.9082608695652175,0.0,4.0
2026-02-21,11,2,ensemble,2026-03-07,12.0,4.0,3.8513043478260873,8.0,3.0
2026-02-21,11,2,baseline,2026-03-07,12.0,5.0,4.03304347826087,7.0,3.0
2026-02-21,11,3,ensemble,2026-03-14,8.0,3.0,2.573478260869565,5.0,1.0
2026-02-21,11,3,baseline,2026-03-14,8.0,5.0,3.500434782608696,3.0,1.0
2026-02-21,12,1,ensemble,2026-02-28,1304.0,1961.0,371.4247826086957,657.0,1180.0
2026-02-21,12,1,baseline,2026-02-28,1304.0,2135.0,612.7373913043477,831.0,1180.0
2026-02-21,12,2,ensemble,2026-03-07,1042.0,1784.0,411.4195652173914,742.0,1442.0
2026-02-21,12,2,baseline,2026-03-07,1042.0,2135.0,829.0491304347828,1093.0,1442.0
2026-02-21,12,3,ensemble,2026-03-14,741.0,1502.0,456.7965217391304,761.0,1743.0
2026-02-21,12,3,baseline,2026-03-14,741.0,2135.0,1086.8495652173913,1394.0,1743.0
2026-02-21,13,1,ensemble,2026-02-28,249.0,363.0,62.142608695652164,114.0,194.0
2026-02-21,13,1,baseline,2026-02-28,249.0,421.0,109.5195652173913,172.0,194.0
2026-02-21,13,2,ensemble,2026-03-07,226.0,337.0,60.204782608695666,111.0,217.0
2026-02-21,13,2,baseline,2026-03-07,226.0,421.0,117.8726086956522,195.0,217.0
2026-02-21,13,3,ensemble,2026-03-14,152.0,306.0,85.15217391304348,154.0,291.0
2026-02-21,13,3,baseline,2026-03-14,152.0,421.0,160.71347826086958,269.0,291.0
2026-02-21,15,1,ensemble,2026-02-28,9.0,19.0,5.674347826086956,10.0,14.0
2026-02-21,15,1,baseline,2026-02-28,9.0,21.0,6.6808695652173915,12.0,14.0
2026-02-21,15,2,ensemble,2026-03-07,18.0,18.0,2.746086956521739,0.0,5.0
2026-02-21,15,2,baseline,2026-03-07,18.0,21.0,3.1769565217391316,3.0,5.0
2026-02-21,15,3,ensemble,2026-03-14,19.0,16.0,3.032608695652174,3.0,4.0
2026-02-21,15,3,baseline,2026-03-14,19.0,21.0,3.56695652173913,2.0,4.0
2026-02-21,16,1,ensemble,2026-02-28,106.0,85.0,11.330000000000002,21.0,10.0
2026-02-21,16,1,baseline,2026-02-28,106.0,97.0,6.954347826086958,9.0,10.0
2026-02-21,16,2,ensemble,2026-03-07,68.0,80.0,9.624782608695652,12.0,48.0
2026-02-21,16,2,baseline,2026-03-07,68.0,97.0,16.86391304347826,29.0,48.0
2026-02-21,16,3,ensemble,2026-03-14,75.0,64.0,8.85217391304348,11.0,41.0
2026-02-21,16,3,baseline,2026-03-14,75.0,97.0,14.041739130434781,22.0,41.0
2026-02-21,17,1,ensemble,2026-02-28,355.0,465.0,60.56869565217392,110.0,202.0
2026-02-21,17,1,baseline,2026-02-28,355.0,529.0,106.93869565217392,174.0,202.0
2026-02-21,17,2,ensemble,2026-03-07,381.0,410.0,42.74304347826087,29.0,176.0
2026-02-21,17,2,baseline,2026-03-07,381.0,529.0,87.02347826086958,148.0,176.0
2026-02-21,17,3,ensemble,2026-03-14,240.0,360.0,69.14869565217393,120.0,317.0
2026-02-21,17,3,baseline,2026-03-14,240.0,529.0,164.81347826086957,289.0,317.0
2026-02-21,18,1,ensemble,2026-02-28,292.0,227.0,34.364347826086956,65.0,16.0
2026-02-21,18,1,baseline,2026-02-28,292.0,262.0,24.553043478260864,30.0,16.0
2026-02-21,18,2,ensemble,2026-03-07,288.0,196.0,43.869565217391305,92.0,12.0
2026-02-21,18,2,baseline,2026-03-07,288.0,262.0,29.345652173913045,26.0,12.0
2026-02-21,18,3,ensemble,2026-03-14,246.0,169.0,40.13608695652174,77.0,30.0
2026-02-21,18,3,baseline,2026-03-14,246.0,262.0,34.497391304347836,16.0,30.0
2026-02-21,19,1,ensemble,2026-02-28,119.0,161.0,22.020869565217396,42.0,103.0
2026-02-21,19,1,baseline,2026-02-28,119.0,204.0,55.68695652173913,85.0,103.0
2026-02-21,19,2,ensemble,2026-03-07,77.0,138.0,34.95434782608696,61.0,145.0
2026-02-21,19,2,baseline,2026-03-07,77.0,204.0,83.59,127.0,145.0
2026-02-21,19,3,ensemble,2026-03-14,112.0,115.0,13.127391304347826,3.0,110.0
2026-02-21,19,3,baseline,2026-03-14,112.0,204.0,53.79391304347826,92.0,110.0
2026-02-21,20,1,ensemble,2026-02-28,130.0,152.0,14.334782608695654,22.0,88.0
2026-02-21,20,1,baseline,2026-02-28,130.0,183.0,32.67652173913043,53.0,88.0
2026-02-21,20,2,ensemble,2026-03-07,102.0,127.0,17.505217391304345,25.0,116.0
2026-02-21,20,2,baseline,2026-03-07,102.0,183.0,48.86913043478261,81.0,116.0
2026-02-21,20,3,ensemble,2026-03-14,62.0,107.0,25.630434782608695,45.0,156.0
2026-02-21,20,3,baseline,2026-03-14,62.0,183.0,75.29739130434784,121.0,156.0
2026-02-21,21,1,ensemble,2026-02-28,195.0,159.0,21.97478260869565,36.0,28.0
2026-02-21,21,1,baseline,2026-02-28,195.0,187.0,14.14521739130435,8.0,28.0
2026-02-21,21,2,ensemble,2026-03-07,241.0,140.0,51.405217391304355,101.0,18.0
2026-02-21,21,2,baseline,2026-03-07,241.0,187.0,33.8195652173913,54.0,18.0
2026-02-21,21,3,ensemble,2026-03-14,221.0,123.0,49.92260869565217,98.0,2.0
2026-02-21,21,3,baseline,2026-03-14,221.0,187.0,30.108260869565218,34.0,2.0
2026-02-21,22,1,ensemble,2026-02-28,215.0,240.0,19.19434782608696,25.0,210.0
2026-02-21,22,1,baseline,2026-02-28,215.0,279.0,37.81260869565217,64.0,210.0
2026-02-21,22,2,ensemble,2026-03-07,186.0,222.0,26.383478260869573,36.0,239.0
2026-02-21,22,2,baseline,2026-03-07,186.0,279.0,53.38086956521739,93.0,239.0
2026-02-21,22,3,ensemble,2026-03-14,139.0,202.0,35.73173913043478,63.0,286.0
2026-02-21,22,3,baseline,2026-03-14,139.0,279.0,81.36782608695653,140.0,286.0
2026-02-21,23,1,ensemble,2026-02-28,43.0,33.0,5.93304347826087,10.0,4.0
2026-02-21,23,1,baseline,2026-02-28,43.0,41.0,3.4673913043478253,2.0,4.0
2026-02-21,23,2,ensemble,2026-03-07,35.0,26.0,5.789999999999999,9.0,12.0
2026-02-21,23,2,baseline,2026-03-07,35.0,41.0,5.865652173913043,6.0,12.0
2026-02-21,23,3,ensemble,2026-03-14,30.0,20.0,5.812608695652175,10.0,17.0
2026-02-21,23,3,baseline,2026-03-14,30.0,41.0,8.436521739130436,11.0,17.0
2026-02-21,24,1,ensemble,2026-02-28,40.0,60.0,12.539565217391308,20.0,43.0
2026-02-21,24,1,baseline,2026-02-28,40.0,75.0,21.497826086956525,35.0,43.0
2026-02-21,24,2,ensemble,2026-03-07,52.0,50.0,9.927391304347827,2.0,31.0
2026-02-21,24,2,baseline,2026-03-07,52.0,75.0,18.964347826086957,23.0,31.0
2026-02-21,24,3,ensemble,2026-03-14,54.0,45.0,11.043043478260872,9.0,29.0
2026-02-21,24,3,baseline,2026-03-14,54.0,75.0,21.43565217391304,21.0,29.0
2026-02-21,25,1,ensemble,2026-02-28,81.0,62.0,12.504347826086958,19.0,2.0
2026-02-21,25,1,baseline,2026-02-28,81.0,75.0,15.17608695652174,6.0,2.0
2026-02-21,25,2,ensemble,2026-03-07,81.0,48.0,17.30695652173913,33.0,2.0
2026-02-21,25,2,baseline,2026-03-07,81.0,75.0,21.807826086956524,6.0,2.0
2026-02-21,25,3,ensemble,2026-03-14,57.0,44.0,13.166086956521742,13.0,26.0
2026-02-21,25,3,baseline,2026-03-14,57.0,75.0,28.66347826086957,18.0,26.0
2026-02-21,26,1,ensemble,2026-02-28,290.0,225.0,35.82260869565217,65.0,9.0
2026-02-21,26,1,baseline,2026-02-28,290.0,246.0,33.65869565217391,44.0,9.0
2026-02-21,26,2,ensemble,2026-03-07,247.0,201.0,32.57304347826087,46.0,34.0
2026-02-21,26,2,baseline,2026-03-07,247.0,246.0,33.02347826086957,1.0,34.0
2026-02-21,26,3,ensemble,2026-03-14,217.0,176.0,32.23173913043479,41.0,64.0
2026-02-21,26,3,baseline,2026-03-14,217.0,246.0,44.60260869565217,29.0,64.0
2026-02-21,27,1,ensemble,2026-02-28,136.0,154.0,18.740000000000002,18.0,64.0
2026-02-21,27,1,baseline,2026-02-28,136.0,197.0,37.730000000000004,61.0,64.0
2026-02-21,27,2,ensemble,2026-03-07,157.0,132.0,21.105652173913043,25.0,43.0
2026-02-21,27,2,baseline,2026-03-07,157.0,197.0,26.409999999999997,40.0,43.0
2026-02-21,27,3,ensemble,2026-03-14,130.0,120.0,19.031304347826087,10.0,70.0
2026-02-21,27,3,baseline,2026-03-14,130.0,197.0,40.10782608695653,67.0,70.0
2026-02-21,28,1,ensemble,2026-02-28,151.0,190.0,21.324347826086957,39.0,92.0
2026-02-21,28,1,baseline,2026-02-28,151.0,210.0,35.993478260869566,59.0,92.0
2026-02-21,28,2,ensemble,2026-03-07,135.0,169.0,22.34130434782609,34.0,108.0
2026-02-21,28,2,baseline,2026-03-07,135.0,210.0,44.28869565217392,75.0,108.0
2026-02-21,28,3,ensemble,2026-03-14,100.0,150.0,28.425652173913047,50.0,143.0
2026-02-21,28,3,baseline,2026-03-14,100.0,210.0,67.2108695652174,110.0,143.0
2026-02-21,29,1,ensemble,2026-02-28,305.0,318.0,26.95739130434782,13.0,275.0
2026-02-21,29,1,baseline,2026-02-28,305.0,377.0,45.089999999999996,72.0,275.0
2026-02-21,29,2,ensemble,2026-03-07,250.0,289.0,33.63826086956522,39.0,330.0
2026-02-21,29,2,baseline,2026-03-07,250.0,377.0,75.10086956521741,127.0,330.0
2026-02-21,29,3,ensemble,2026-03-14,221.0,255.0,31.699565217391307,34.0,359.0
2026-02-21,29,3,baseline,2026-03-14,221.0,377.0,89.37608695652175,156.0,359.0
2026-02-21,30,1,ensemble,2026-02-28,47.0,54.0,6.130869565217391,7.0,45.0
2026-02-21,30,1,baseline,2026-02-28,47.0,66.0,11.11608695652174,19.0,45.0
2026-02-21,30,2,ensemble,2026-03-07,38.0,48.0,7.182608695652173,10.0,54.0
2026-02-21,30,2,baseline,2026-03-07,38.0,66.0,15.850000000000005,28.0,54.0
2026-02-21,30,3,ensemble,2026-03-14,51.0,41.0,7.3591304347826085,10.0,41.0
2026-02-21,30,3,baseline,2026-03-14,51.0,66.0,9.378695652173914,15.0,41.0
2026-02-21,31,1,ensemble,2026-02-28,84.0,120.0,21.720869565217395,36.0,68.0
2026-02-21,31,1,baseline,2026-02-28,84.0,145.0,41.30826086956521,61.0,68.0
2026-02-21,31,2,ensemble,2026-03-07,59.0,107.0,26.69130434782609,48.0,93.0
2026-02-21,31,2,baseline,2026-03-07,59.0,145.0,58.72130434782609,86.0,93.0
2026-02-21,31,3,ensemble,2026-03-14,54.0,92.0,20.778695652173912,38.0,98.0
2026-02-21,31,3,baseline,2026-03-14,54.0,145.0,60.04347826086956,91.0,98.0
2026-02-21,32,1,ensemble,2026-02-28,68.0,103.0,18.126521739130432,35.0,52.0
2026-02-21,32,1,baseline,2026-02-28,68.0,117.0,29.960434782608694,49.0,52.0
2026-02-21,32,2,ensemble,2026-03-07,60.0,94.0,19.036521739130436,34.0,60.0
2026-02-21,32,2,baseline,2026-03-07,60.0,117.0,33.213478260869564,57.0,60.0
2026-02-21,32,3,ensemble,2026-03-14,51.0,86.0,19.240869565217398,35.0,69.0
2026-02-21,32,3,baseline,2026-03-14,51.0,117.0,37.38913043478261,66.0,69.0
2026-02-21,33,1,ensemble,2026-02-28,32.0,32.0,4.25304347826087,0.0,28.0
2026-02-21,33,1,baseline,2026-02-28,32.0,42.0,6.312608695652176,10.0,28.0
2026-02-21,33,2,ensemble,2026-03-07,35.0,29.0,5.162608695652175,6.0,25.0
2026-02-21,33,2,baseline,2026-03-07,35.0,42.0,5.734782608695652,7.0,25.0
2026-02-21,33,3,ensemble,2026-03-14,21.0,25.0,4.658695652173913,4.0,39.0
2026-02-21,33,3,baseline,2026-03-14,21.0,42.0,12.015217391304347,21.0,39.0
2026-02-21,34,1,ensemble,2026-02-28,220.0,138.0,36.77,82.0,27.0
2026-02-21,34,1,baseline,2026-02-28,220.0,185.0,29.065652173913048,35.0,27.0
2026-02-21,34,2,ensemble,2026-03-07,173.0,119.0,29.31000000000001,54.0,20.0
2026-02-21,34,2,baseline,2026-03-07,173.0,185.0,32.111739130434785,12.0,20.0
2026-02-21,34,3,ensemble,2026-03-14,171.0,106.0,34.85130434782609,65.0,22.0
2026-02-21,34,3,baseline,2026-03-14,171.0,185.0,40.47086956521739,14.0,22.0
2026-02-21,35,1,ensemble,2026-02-28,94.0,140.0,23.199999999999996,46.0,16.0
2026-02-21,35,1,baseline,2026-02-28,94.0,163.0,43.90260869565218,69.0,16.0
2026-02-21,35,2,ensemble,2026-03-07,68.0,125.0,30.61782608695653,57.0,10.0
2026-02-21,35,2,baseline,2026-03-07,68.0,163.0,59.79956521739131,95.0,10.0
2026-02-21,35,3,ensemble,2026-03-14,61.0,104.0,24.244347826086962,43.0,17.0
2026-02-21,35,3,baseline,2026-03-14,61.0,163.0,62.00000000000001,102.0,17.0
2026-02-21,36,1,ensemble,2026-02-28,314.0,165.0,78.65652173913043,149.0,45.0
2026-02-21,36,1,baseline,2026-02-28,314.0,195.0,70.46521739130436,119.0,45.0
2026-02-21,36,2,ensemble,2026-03-07,259.0,127.0,62.080000000000005,132.0,10.0
2026-02-21,36,2,baseline,2026-03-07,259.0,195.0,60.67869565217392,64.0,10.0
2026-02-21,36,3,ensemble,2026-03-14,270.0,119.0,71.24,151.0,1.0
2026-02-21,36,3,baseline,2026-03-14,270.0,195.0,72.42217391304348,75.0,1.0
2026-02-21,37,1,ensemble,2026-02-28,240.0,191.0,29.58608695652175,49.0,32.0
2026-02-21,37,1,baseline,2026-02-28,240.0,264.0,27.078260869565216,24.0,32.0
2026-02-21,37,2,ensemble,2026-03-07,205.0,160.0,29.039565217391303,45.0,67.0
2026-02-21,37,2,baseline,2026-03-07,205.0,264.0,46.4195652173913,59.0,67.0
2026-02-21,37,3,ensemble,2026-03-14,144.0,135.0,26.440000000000005,9.0,128.0
2026-02-21,37,3,baseline,2026-03-14,144.0,264.0,73.99739130434784,120.0,128.0
2026-02-21,38,1,ensemble,2026-02-28,18.0,23.0,3.3095652173913046,5.0,12.0
2026-02-21,38,1,baseline,2026-02-28,18.0,30.0,6.800434782608695,12.0,12.0
2026-02-21,38,2,ensemble,2026-03-07,27.0,18.0,5.292173913043479,9.0,3.0
2026-02-21,38,2,baseline,2026-03-07,27.0,30.0,3.654782608695652,3.0,3.0
2026-02-21,38,3,ensemble,2026-03-14,22.0,16.0,4.29,6.0,8.0
2026-02-21,38,3,baseline,2026-03-14,22.0,30.0,5.531739130434783,8.0,8.0
2026-02-21,39,1,ensemble,2026-02-28,522.0,366.0,80.09086956521737,156.0,6.0
2026-02-21,39,1,baseline,2026-02-28,522.0,460.0,47.38869565217391,62.0,6.0
2026-02-21,39,2,ensemble,2026-03-07,459.0,311.0,76.25391304347825,148.0,69.0
2026-02-21,39,2,baseline,2026-03-07,459.0,460.0,44.7604347826087,1.0,69.0
2026-02-21,39,3,ensemble,2026-03-14,417.0,278.0,65.17434782608696,139.0,111.0
2026-02-21,39,3,baseline,2026-03-14,417.0,460.0,63.43043478260869,43.0,111.0
2026-02-21,40,1,ensemble,2026-02-28,183.0,200.0,19.05304347826087,17.0,162.0
2026-02-21,40,1,baseline,2026-02-28,183.0,222.0,24.474347826086955,39.0,162.0
2026-02-21,40,2,ensemble,2026-03-07,156.0,175.0,19.81304347826087,19.0,189.0
2026-02-21,40,2,baseline,2026-03-07,156.0,222.0,39.01826086956522,66.0,189.0
2026-02-21,40,3,ensemble,2026-03-14,117.0,160.0,27.43347826086957,43.0,228.0
2026-02-21,40,3,baseline,2026-03-14,117.0,222.0,60.28478260869565,105.0,228.0
2026-02-21,41,1,ensemble,2026-02-28,197.0,245.0,30.772608695652178,48.0,203.0
2026-02-21,41,1,baseline,2026-02-28,197.0,321.0,83.23173913043479,124.0,203.0
2026-02-21,41,2,ensemble,2026-03-07,147.0,214.0,36.9808695652174,67.0,253.0
2026-02-21,41,2,baseline,2026-03-07,147.0,321.0,113.94521739130434,174.0,253.0
2026-02-21,41,3,ensemble,2026-03-14,102.0,175.0,43.32739130434783,73.0,298.0
2026-02-21,41,3,baseline,2026-03-14,102.0,321.0,141.6413043478261,219.0,298.0
2026-02-21,42,1,ensemble,2026-02-28,806.0,672.0,82.52826086956522,134.0,21.0
2026-02-21,42,1,baseline,2026-02-28,806.0,772.0,44.25130434782609,34.0,21.0
2026-02-21,42,2,ensemble,2026-03-07,854.0,583.0,146.22347826086957,271.0,69.0
2026-02-21,42,2,baseline,2026-03-07,854.0,772.0,74.50826086956523,82.0,69.0
2026-02-21,42,3,ensemble,2026-03-14,892.0,499.0,207.06347826086957,393.0,107.0
2026-02-21,42,3,baseline,2026-03-14,892.0,772.0,97.97826086956522,120.0,107.0
2026-02-21,44,1,ensemble,2026-02-28,23.0,10.0,7.186521739130434,13.0,9.0
2026-02-21,44,1,baseline,2026-02-28,23.0,14.0,5.313478260869566,9.0,9.0
2026-02-21,44,2,ensemble,2026-03-07,17.0,7.0,4.724782608695652,10.0,3.0
2026-02-21,44,2,baseline,2026-03-07,17.0,14.0,3.61304347826087,3.0,3.0
2026-02-21,44,3,ensemble,2026-03-14,14.0,7.0,3.850000000000001,7.0,0.0
2026-02-21,44,3,baseline,2026-03-14,14.0,14.0,4.300869565217392,0.0,0.0
2026-02-21,45,1,ensemble,2026-02-28,184.0,188.0,19.067391304347826,4.0,50.0
2026-02-21,45,1,baseline,2026-02-28,184.0,231.0,29.384782608695648,47.0,50.0
2026-02-21,45,2,ensemble,2026-03-07,96.0,164.0,38.18869565217391,68.0,138.0
2026-02-21,45,2,baseline,2026-03-07,96.0,231.0,82.6213043478261,135.0,138.0
2026-02-21,45,3,ensemble,2026-03-14,72.0,139.0,39.99826086956522,67.0,162.0
2026-02-21,45,3,baseline,2026-03-14,72.0,231.0,93.46999999999998,159.0,162.0
2026-02-21,46,1,ensemble,2026-02-28,49.0,32.0,9.437826086956521,17.0,2.0
2026-02-21,46,1,baseline,2026-02-28,49.0,38.0,6.392173913043478,11.0,2.0
2026-02-21,46,2,ensemble,2026-03-07,40.0,27.0,6.366521739130435,13.0,7.0
2026-02-21,46,2,baseline,2026-03-07,40.0,38.0,3.7678260869565228,2.0,7.0
2026-02-21,46,3,ensemble,2026-03-14,21.0,24.0,3.788260869565218,3.0,26.0
2026-02-21,46,3,baseline,2026-03-14,21.0,38.0,9.465217391304348,17.0,26.0
2026-02-21,47,1,ensemble,2026-02-28,248.0,267.0,23.562608695652177,19.0,75.0
2026-02-21,47,1,baseline,2026-02-28,248.0,323.0,45.15652173913044,75.0,75.0
2026-02-21,47,2,ensemble,2026-03-07,199.0,233.0,27.676086956521743,34.0,124.0
2026-02-21,47,2,baseline,2026-03-07,199.0,323.0,72.19304347826088,124.0,124.0
2026-02-21,47,3,ensemble,2026-03-14,176.0,204.0,26.200869565217392,28.0,147.0
2026-02-21,47,3,baseline,2026-03-14,176.0,323.0,83.84304347826087,147.0,147.0
2026-02-21,48,1,ensemble,2026-02-28,783.0,995.0,110.3269565217391,212.0,567.0
2026-02-21,48,1,baseline,2026-02-28,783.0,1173.0,233.02086956521742,390.0,567.0
2026-02-21,48,2,ensemble,2026-03-07,728.0,901.0,100.36565217391306,173.0,622.0
2026-02-21,48,2,baseline,2026-03-07,728.0,1173.0,255.1904347826087,445.0,622.0
2026-02-21,48,3,ensemble,2026-03-14,441.0,774.0,181.47913043478263,333.0,909.0
2026-02-21,48,3,baseline,2026-03-14,441.0,1173.0,440.4508695652174,732.0,909.0
2026-02-21,49,1,ensemble,2026-02-28,43.0,63.0,10.315652173913046,20.0,31.0
2026-02-21,49,1,baseline,2026-02-28,43.0,72.0,17.848695652173916,29.0,31.0
2026-02-21,49,2,ensemble,2026-03-07,19.0,54.0,20.604347826086958,35.0,55.0
2026-02-21,49,2,baseline,2026-03-07,19.0,72.0,33.49086956521739,53.0,55.0
2026-02-21,49,3,ensemble,2026-03-14,19.0,47.0,16.09304347826087,28.0,55.0
2026-02-21,49,3,baseline,2026-03-14,19.0,72.0,31.788260869565217,53.0,55.0
2026-02-21,50,1,ensemble,2026-02-28,14.0,15.0,1.8495652173913044,1.0,11.0
2026-02-21,50,1,baseline,2026-02-28,14.0,16.0,1.7843478260869567,2.0,11.0
2026-02-21,50,2,ensemble,2026-03-07,15.0,12.0,2.3660869565217393,3.0,10.0
2026-02-21,50,2,baseline,2026-03-07,15.0,16.0,2.126956521739131,1.0,10.0
2026-02-21,50,3,ensemble,2026-03-14,12.0,11.0,2.0234782608695654,1.0,13.0
2026-02-21,50,3,baseline,2026-03-14,12.0,16.0,3.221739130434783,4.0,13.0
2026-02-21,51,1,ensemble,2026-02-28,209.0,166.0,23.822173913043482,43.0,6.0
2026-02-21,51,1,baseline,2026-02-28,209.0,210.0,16.279565217391305,1.0,6.0
2026-02-21,51,2,ensemble,2026-03-07,187.0,140.0,26.93086956521739,47.0,28.0
2026-02-21,51,2,baseline,2026-03-07,187.0,210.0,26.40086956521739,23.0,28.0
2026-02-21,51,3,ensemble,2026-03-14,122.0,122.0,19.497391304347826,0.0,93.0
2026-02-21,51,3,baseline,2026-03-14,122.0,210.0,51.96521739130435,88.0,93.0
2026-02-21,53,1,ensemble,2026-02-28,190.0,233.0,23.608695652173918,43.0,85.0
2026-02-21,53,1,baseline,2026-02-28,190.0,268.0,48.442608695652176,78.0,85.0
2026-02-21,53,2,ensemble,2026-03-07,158.0,212.0,29.98391304347825,54.0,117.0
2026-02-21,53,2,baseline,2026-03-07,158.0,268.0,66.88217391304347,110.0,117.0
2026-02-21,53,3,ensemble,2026-03-14,91.0,188.0,58.94956521739131,97.0,184.0
2026-02-21,53,3,baseline,2026-03-14,91.0,268.0,111.11478260869565,177.0,184.0
2026-02-21,54,1,ensemble,2026-02-28,133.0,92.0,19.709130434782608,41.0,10.0
2026-02-21,54,1,baseline,2026-02-28,133.0,121.0,9.549565217391304,12.0,10.0
2026-02-21,54,2,ensemble,2026-03-07,102.0,80.0,13.422173913043478,22.0,21.0
2026-02-21,54,2,baseline,2026-03-07,102.0,121.0,13.682608695652176,19.0,21.0
2026-02-21,54,3,ensemble,2026-03-14,105.0,67.0,19.85086956521739,38.0,18.0
2026-02-21,54,3,baseline,2026-03-14,105.0,121.0,14.63826086956522,16.0,18.0
2026-02-21,55,1,ensemble,2026-02-28,207.0,204.0,20.330869565217395,3.0,52.0
2026-02-21,55,1,baseline,2026-02-28,207.0,252.0,28.795217391304345,45.0,52.0
2026-02-21,55,2,ensemble,2026-03-07,166.0,178.0,23.950869565217396,12.0,93.0
2026-02-21,55,2,baseline,2026-03-07,166.0,252.0,50.988695652173924,86.0,93.0
2026-02-21,55,3,ensemble,2026-03-14,148.0,147.0,23.17391304347826,1.0,111.0
2026-02-21,55,3,baseline,2026-03-14,148.0,252.0,59.62478260869566,104.0,111.0
2026-02-21,56,1,ensemble,2026-02-28,15.0,24.0,4.706956521739131,9.0,14.0
2026-02-21,56,1,baseline,2026-02-28,15.0,28.0,7.6717391304347835,13.0,14.0
2026-02-21,56,2,ensemble,2026-03-07,10.0,22.0,6.365217391304348,12.0,19.0
2026-02-21,56,2,baseline,2026-03-07,10.0,28.0,10.300434782608697,18.0,19.0
2026-02-21,56,3,ensemble,2026-03-14,11.0,20.0,4.892173913043479,9.0,18.0
2026-02-21,56,3,baseline,2026-03-14,11.0,28.0,9.440434782608696,17.0,18.0
2026-02-28,01,1,ensemble,2026-03-07,145.0,214.0,36.670869565217394,69.0,188.0
2026-02-28,01,1,baseline,2026-03-07,145.0,269.0,79.21260869565216,124.0,188.0
2026-02-28,01,2,ensemble,2026-03-14,105.0,183.0,45.513043478260876,78.0,228.0
2026-02-28,01,2,baseline,2026-03-14,105.0,269.0,102.34347826086955,164.0,228.0
2026-02-28,01,3,ensemble,2026-03-21,58.0,160.0,64.31739130434782,102.0,275.0
2026-02-28,01,3,baseline,2026-03-21,58.0,269.0,131.9821739130435,211.0,275.0
2026-02-28,02,1,ensemble,2026-03-07,16.0,7.0,5.011304347826087,9.0,8.0
2026-02-28,02,1,baseline,2026-03-07,16.0,8.0,4.298260869565217,8.0,8.0
2026-02-28,02,2,ensemble,2026-03-14,13.0,6.0,3.683478260869566,7.0,5.0
2026-02-28,02,2,baseline,2026-03-14,13.0,8.0,2.9721739130434783,5.0,5.0
2026-02-28,02,3,ensemble,2026-03-21,10.0,5.0,2.4286956521739134,5.0,2.0
2026-02-28,02,3,baseline,2026-03-21,10.0,8.0,2.6534782608695657,2.0,2.0
2026-02-28,04,1,ensemble,2026-03-07,237.0,293.0,34.17826086956522,56.0,117.0
2026-02-28,04,1,baseline,2026-03-07,237.0,336.0,59.334782608695654,99.0,117.0
2026-02-28,04,2,ensemble,2026-03-14,196.0,262.0,41.32565217391305,66.0,158.0
2026-02-28,04,2,baseline,2026-03-14,196.0,336.0,80.62130434782608,140.0,158.0
2026-02-28,04,3,ensemble,2026-03-21,136.0,242.0,57.291739130434784,106.0,218.0
2026-02-28,04,3,baseline,2026-03-21,136.0,336.0,112.74956521739132,200.0,218.0
2026-02-28,05,1,ensemble,2026-03-07,107.0,144.0,20.57695652173913,37.0,66.0
2026-02-28,05,1,baseline,2026-03-07,107.0,167.0,35.03739130434783,60.0,66.0
2026-02-28,05,2,ensemble,2026-03-14,78.0,124.0,26.067391304347826,46.0,95.0
2026-02-28,05,2,baseline,2026-03-14,78.0,167.0,51.79043478260869,89.0,95.0
2026-02-28,05,3,ensemble,2026-03-21,46.0,105.0,35.71608695652174,59.0,127.0
2026-02-28,05,3,baseline,2026-03-21,46.0,167.0,71.17478260869566,121.0,127.0
2026-02-28,06,1,ensemble,2026-03-07,974.0,1116.0,91.82913043478261,142.0,592.0
2026-02-28,06,1,baseline,2026-03-07,974.0,1366.0,237.22521739130437,392.0,592.0
2026-02-28,06,2,ensemble,2026-03-14,671.0,969.0,160.73391304347825,298.0,895.0
2026-02-28,06,2,baseline,2026-03-14,671.0,1366.0,424.7291304347826,695.0,895.0
2026-02-28,06,3,ensemble,2026-03-21,701.0,814.0,111.73782608695652,113.0,865.0
2026-02-28,06,3,baseline,2026-03-21,701.0,1366.0,383.7321739130434,665.0,865.0
2026-02-28,08,1,ensemble,2026-03-07,99.0,91.0,10.231304347826088,8.0,20.0
2026-02-28,08,1,baseline,2026-03-07,99.0,113.0,12.637826086956524,14.0,20.0
2026-02-28,08,2,ensemble,2026-03-14,110.0,82.0,15.455217391304352,28.0,9.0
2026-02-28,08,2,baseline,2026-03-14,110.0,113.0,14.444782608695656,3.0,9.0
2026-02-28,08,3,ensemble,2026-03-21,97.0,72.0,15.526086956521743,25.0,22.0
2026-02-28,08,3,baseline,2026-03-21,97.0,113.0,19.477391304347826,16.0,22.0
2026-02-28,09,1,ensemble,2026-03-07,36.0,24.0,6.825652173913044,12.0,3.0
2026-02-28,09,1,baseline,2026-03-07,36.0,31.0,7.61217391304348,5.0,3.0
2026-02-28,09,2,ensemble,2026-03-14,36.0,20.0,8.050869565217393,16.0,3.0
2026-02-28,09,2,baseline,2026-03-14,36.0,31.0,10.532608695652176,5.0,3.0
2026-02-28,09,3,ensemble,2026-03-21,32.0,20.0,7.691304347826089,12.0,1.0
2026-02-28,09,3,baseline,2026-03-21,32.0,31.0,12.913913043478262,1.0,1.0
2026-02-28,10,1,ensemble,2026-03-07,31.0,21.0,5.252173913043479,10.0,18.0
2026-02-28,10,1,baseline,2026-03-07,31.0,29.0,2.9878260869565225,2.0,18.0
2026-02-28,10,2,ensemble,2026-03-14,38.0,16.0,11.14304347826087,22.0,11.0
2026-02-28,10,2,baseline,2026-03-14,38.0,29.0,6.1482608695652194,9.0,11.0
2026-02-28,10,3,ensemble,2026-03-21,24.0,13.0,5.50608695652174,11.0,25.0
2026-02-28,10,3,baseline,2026-03-21,24.0,29.0,5.8960869565217395,5.0,25.0
2026-02-28,11,1,ensemble,2026-03-07,12.0,3.0,4.7926086956521745,9.0,5.0
2026-02-28,11,1,baseline,2026-03-07,12.0,3.0,4.490434782608696,9.0,5.0
2026-02-28,11,2,ensemble,2026-03-14,8.0,3.0,2.6239130434782605,5.0,1.0
2026-02-28,11,2,baseline,2026-03-14,8.0,3.0,3.258695652173914,5.0,1.0
2026-02-28,11,3,ensemble,2026-03-21,1.0,2.0,1.1943478260869564,1.0,6.0
2026-02-28,11,3,baseline,2026-03-21,1.0,3.0,3.091739130434783,2.0,6.0
2026-02-28,12,1,ensemble,2026-03-07,1042.0,1273.0,129.49347826086955,231.0,985.0
2026-02-28,12,1,baseline,2026-03-07,1042.0,1724.0,467.5547826086957,682.0,985.0
2026-02-28,12,2,ensemble,2026-03-14,741.0,1095.0,193.51565217391308,354.0,1286.0
2026-02-28,12,2,baseline,2026-03-14,741.0,1724.0,704.9465217391305,983.0,1286.0
2026-02-28,12,3,ensemble,2026-03-21,500.0,985.0,283.91347826086957,485.0,1527.0
2026-02-28,12,3,baseline,2026-03-21,500.0,1724.0,901.7382608695652,1224.0,1527.0
2026-02-28,13,1,ensemble,2026-03-07,226.0,297.0,40.15434782608696,71.0,158.0
2026-02-28,13,1,baseline,2026-03-07,226.0,362.0,84.70521739130436,136.0,158.0
2026-02-28,13,2,ensemble,2026-03-14,152.0,276.0,67.1595652173913,124.0,232.0
2026-02-28,13,2,baseline,2026-03-14,152.0,362.0,127.39695652173914,210.0,232.0
2026-02-28,13,3,ensemble,2026-03-21,101.0,239.0,79.64304347826088,138.0,283.0
2026-02-28,13,3,baseline,2026-03-21,101.0,362.0,154.83739130434785,261.0,283.0
2026-02-28,15,1,ensemble,2026-03-07,18.0,14.0,2.4569565217391305,4.0,2.0
2026-02-28,15,1,baseline,2026-03-07,18.0,17.0,2.2352173913043476,1.0,2.0
2026-02-28,15,2,ensemble,2026-03-14,19.0,13.0,3.280869565217391,6.0,1.0
2026-02-28,15,2,baseline,2026-03-14,19.0,17.0,2.968260869565218,2.0,1.0
2026-02-28,15,3,ensemble,2026-03-21,24.0,11.0,6.3673913043478265,13.0,4.0
2026-02-28,15,3,baseline,2026-03-21,24.0,17.0,4.463478260869565,7.0,4.0
2026-02-28,16,1,ensemble,2026-03-07,68.0,86.0,11.010869565217394,18.0,51.0
2026-02-28,16,1,baseline,2026-03-07,68.0,107.0,24.001304347826085,39.0,51.0
2026-02-28,16,2,ensemble,2026-03-14,75.0,75.0,8.107391304347827,0.0,44.0
2026-02-28,16,2,baseline,2026-03-14,75.0,107.0,18.57608695652174,32.0,44.0
2026-02-28,16,3,ensemble,2026-03-21,50.0,62.0,9.343478260869565,12.0,69.0
2026-02-28,16,3,baseline,2026-03-21,50.0,107.0,32.810869565217395,57.0,69.0
2026-02-28,17,1,ensemble,2026-03-07,381.0,423.0,36.49391304347826,42.0,198.0
2026-02-28,17,1,baseline,2026-03-07,381.0,522.0,85.4508695652174,141.0,198.0
2026-02-28,17,2,ensemble,2026-03-14,240.0,368.0,69.67391304347827,128.0,339.0
2026-02-28,17,2,baseline,2026-03-14,240.0,522.0,168.28608695652173,282.0,339.0
2026-02-28,17,3,ensemble,2026-03-21,185.0,331.0,76.02608695652174,146.0,394.0
2026-02-28,17,3,baseline,2026-03-21,185.0,522.0,196.52956521739128,337.0,394.0
2026-02-28,18,1,ensemble,2026-03-07,288.0,226.0,34.04043478260869,62.0,71.0
2026-02-28,18,1,baseline,2026-03-07,288.0,258.0,24.38217391304348,30.0,71.0
2026-02-28,18,2,ensemble,2026-03-14,246.0,201.0,28.037826086956528,45.0,113.0
2026-02-28,18,2,baseline,2026-03-14,246.0,258.0,26.292173913043474,12.0,113.0
2026-02-28,18,3,ensemble,2026-03-21,185.0,172.0,21.823913043478264,13.0,174.0
2026-02-28,18,3,baseline,2026-03-21,185.0,258.0,49.40391304347826,73.0,174.0
2026-02-28,19,1,ensemble,2026-03-07,77.0,125.0,25.984782608695657,48.0,122.0
2026-02-28,19,1,baseline,2026-03-07,77.0,167.0,59.33130434782609,90.0,122.0
2026-02-28,19,2,ensemble,2026-03-14,112.0,98.0,12.359130434782609,14.0,87.0
2026-02-28,19,2,baseline,2026-03-14,112.0,167.0,32.33652173913043,55.0,87.0
2026-02-28,19,3,ensemble,2026-03-21,68.0,82.0,12.457391304347828,14.0,131.0
2026-02-28,19,3,baseline,2026-03-21,68.0,167.0,58.381304347826095,99.0,131.0
2026-02-28,20,1,ensemble,2026-03-07,102.0,130.0,16.132608695652173,28.0,88.0
2026-02-28,20,1,baseline,2026-03-07,102.0,178.0,49.29695652173912,76.0,88.0
2026-02-28,20,2,ensemble,2026-03-14,62.0,108.0,26.61608695652174,46.0,128.0
2026-02-28,20,2,baseline,2026-03-14,62.0,178.0,74.98347826086957,116.0,128.0
2026-02-28,20,3,ensemble,2026-03-21,45.0,90.0,27.31739130434783,45.0,145.0
2026-02-28,20,3,baseline,2026-03-21,45.0,178.0,84.44956521739131,133.0,145.0
2026-02-28,21,1,ensemble,2026-03-07,241.0,161.0,42.30260869565217,80.0,2.0
2026-02-28,21,1,baseline,2026-03-07,241.0,194.0,29.301304347826093,47.0,2.0
2026-02-28,21,2,ensemble,2026-03-14,221.0,141.0,41.43260869565218,80.0,22.0
2026-02-28,21,2,baseline,2026-03-14,221.0,194.0,24.234782608695657,27.0,22.0
2026-02-28,21,3,ensemble,2026-03-21,122.0,123.0,15.378260869565217,1.0,121.0
2026-02-28,21,3,baseline,2026-03-21,122.0,194.0,43.46869565217391,72.0,121.0
2026-02-28,22,1,ensemble,2026-03-07,186.0,269.0,43.72130434782609,83.0,156.0
2026-02-28,22,1,baseline,2026-03-07,186.0,337.0,99.68173913043478,151.0,156.0
2026-02-28,22,2,ensemble,2026-03-14,139.0,230.0,54.84173913043479,91.0,203.0
2026-02-28,22,2,baseline,2026-03-14,139.0,337.0,129.97434782608696,198.0,203.0
2026-02-28,22,3,ensemble,2026-03-21,98.0,207.0,64.58304347826088,109.0,244.0
2026-02-28,22,3,baseline,2026-03-21,98.0,337.0,157.5934782608696,239.0,244.0
2026-02-28,23,1,ensemble,2026-03-07,35.0,39.0,4.182608695652174,4.0,24.0
2026-02-28,23,1,baseline,2026-03-07,35.0,51.0,9.773913043478261,16.0,24.0
2026-02-28,23,2,ensemble,2026-03-14,30.0,34.0,4.6378260869565215,4.0,29.0
2026-02-28,23,2,baseline,2026-03-14,30.0,51.0,12.322173913043477,21.0,29.0
2026-02-28,23,3,ensemble,2026-03-21,26.0,29.0,4.86608695652174,3.0,33.0
2026-02-28,23,3,baseline,2026-03-21,26.0,51.0,14.34086956521739,25.0,33.0
2026-02-28,24,1,ensemble,2026-03-07,52.0,51.0,7.089565217391305,1.0,20.0
2026-02-28,24,1,baseline,2026-03-07,52.0,63.0,11.893478260869566,11.0,20.0
2026-02-28,24,2,ensemble,2026-03-14,54.0,41.0,9.428260869565218,13.0,18.0
2026-02-28,24,2,baseline,2026-03-14,54.0,63.0,15.286521739130436,9.0,18.0
2026-02-28,24,3,ensemble,2026-03-21,55.0,33.0,11.490869565217393,22.0,17.0
2026-02-28,24,3,baseline,2026-03-21,55.0,63.0,18.733478260869568,8.0,17.0
2026-02-28,25,1,ensemble,2026-03-07,81.0,63.0,12.306521739130437,18.0,6.0
2026-02-28,25,1,baseline,2026-03-07,81.0,79.0,14.777826086956527,2.0,6.0
2026-02-28,25,2,ensemble,2026-03-14,57.0,51.0,10.263478260869565,6.0,30.0
2026-02-28,25,2,baseline,2026-03-14,57.0,79.0,24.656521739130437,22.0,30.0
2026-02-28,25,3,ensemble,2026-03-21,37.0,42.0,10.600434782608696,5.0,50.0
2026-02-28,25,3,baseline,2026-03-21,37.0,79.0,33.6904347826087,42.0,50.0
2026-02-28,26,1,ensemble,2026-03-07,247.0,279.0,27.506521739130438,32.0,93.0
2026-02-28,26,1,baseline,2026-03-07,247.0,321.0,47.08652173913043,74.0,93.0
2026-02-28,26,2,ensemble,2026-03-14,217.0,252.0,31.90608695652174,35.0,123.0
2026-02-28,26,2,baseline,2026-03-14,217.0,321.0,62.5891304347826,104.0,123.0
2026-02-28,26,3,ensemble,2026-03-21,165.0,233.0,43.55217391304349,68.0,175.0
2026-02-28,26,3,baseline,2026-03-21,165.0,321.0,87.95434782608696,156.0,175.0
2026-02-28,27,1,ensemble,2026-03-07,157.0,152.0,16.19304347826087,5.0,39.0
2026-02-28,27,1,baseline,2026-03-07,157.0,194.0,23.708695652173912,37.0,39.0
2026-02-28,27,2,ensemble,2026-03-14,130.0,131.0,17.15434782608696,1.0,66.0
2026-02-28,27,2,baseline,2026-03-14,130.0,194.0,38.39260869565218,64.0,66.0
2026-02-28,27,3,ensemble,2026-03-21,114.0,102.0,17.815652173913048,12.0,82.0
2026-02-28,27,3,baseline,2026-03-21,114.0,194.0,46.3104347826087,80.0,82.0
2026-02-28,28,1,ensemble,2026-03-07,135.0,166.0,18.001739130434785,31.0,92.0
2026-02-28,28,1,baseline,2026-03-07,135.0,202.0,41.65304347826087,67.0,92.0
2026-02-28,28,2,ensemble,2026-03-14,100.0,144.0,24.900000000000006,44.0,127.0
2026-02-28,28,2,baseline,2026-03-14,100.0,202.0,63.87782608695652,102.0,127.0
2026-02-28,28,3,ensemble,2026-03-21,64.0,126.0,36.45695652173914,62.0,163.0
2026-02-28,28,3,baseline,2026-03-21,64.0,202.0,89.15695652173912,138.0,163.0
2026-02-28,29,1,ensemble,2026-03-07,250.0,247.0,22.816086956521744,3.0,191.0
2026-02-28,29,1,baseline,2026-03-07,250.0,304.0,34.467826086956514,54.0,191.0
2026-02-28,29,2,ensemble,2026-03-14,221.0,200.0,23.50695652173913,21.0,220.0
2026-02-28,29,2,baseline,2026-03-14,221.0,304.0,50.43304347826087,83.0,220.0
2026-02-28,29,3,ensemble,2026-03-21,124.0,174.0,33.67521739130434,50.0,317.0
2026-02-28,29,3,baseline,2026-03-21,124.0,304.0,102.66565217391305,180.0,317.0
2026-02-28,30,1,ensemble,2026-03-07,38.0,27.0,5.564347826086957,11.0,15.0
2026-02-28,30,1,baseline,2026-03-07,38.0,37.0,3.2734782608695654,1.0,15.0
2026-02-28,30,2,ensemble,2026-03-14,51.0,23.0,16.497391304347826,28.0,2.0
2026-02-28,30,2,baseline,2026-03-14,51.0,37.0,8.316956521739131,14.0,2.0
2026-02-28,30,3,ensemble,2026-03-21,34.0,18.0,8.394347826086957,16.0,19.0
2026-02-28,30,3,baseline,2026-03-21,34.0,37.0,5.947826086956521,3.0,19.0
2026-02-28,31,1,ensemble,2026-03-07,59.0,94.0,20.04434782608696,35.0,82.0
2026-02-28,31,1,baseline,2026-03-07,59.0,125.0,45.433478260869556,66.0,82.0
2026-02-28,31,2,ensemble,2026-03-14,54.0,76.0,14.434782608695652,22.0,87.0
2026-02-28,31,2,baseline,2026-03-14,54.0,125.0,46.33304347826088,71.0,87.0
2026-02-28,31,3,ensemble,2026-03-21,41.0,63.0,12.951739130434783,22.0,100.0
2026-02-28,31,3,baseline,2026-03-21,41.0,125.0,54.325217391304356,84.0,100.0
2026-02-28,32,1,ensemble,2026-03-07,60.0,59.0,6.394347826086958,1.0,30.0
2026-02-28,32,1,baseline,2026-03-07,60.0,70.0,7.846521739130435,10.0,30.0
2026-02-28,32,2,ensemble,2026-03-14,51.0,51.0,6.728695652173914,0.0,39.0
2026-02-28,32,2,baseline,2026-03-14,51.0,70.0,12.70130434782609,19.0,39.0
2026-02-28,32,3,ensemble,2026-03-21,48.0,46.0,6.8386956521739135,2.0,42.0
2026-02-28,32,3,baseline,2026-03-21,48.0,70.0,14.883043478260872,22.0,42.0
2026-02-28,33,1,ensemble,2026-03-07,35.0,40.0,4.904347826086957,5.0,20.0
2026-02-28,33,1,baseline,2026-03-07,35.0,52.0,10.263478260869563,17.0,20.0
2026-02-28,33,2,ensemble,2026-03-14,21.0,34.0,6.97913043478261,13.0,34.0
2026-02-28,33,2,baseline,2026-03-14,21.0,52.0,18.31217391304348,31.0,34.0
2026-02-28,33,3,ensemble,2026-03-21,27.0,29.0,4.675217391304348,2.0,28.0
2026-02-28,33,3,baseline,2026-03-21,27.0,52.0,14.230869565217393,25.0,28.0
2026-02-28,34,1,ensemble,2026-03-07,173.0,192.0,21.766086956521743,19.0,58.0
2026-02-28,34,1,baseline,2026-03-07,173.0,231.0,38.92608695652175,58.0,58.0
2026-02-28,34,2,ensemble,2026-03-14,171.0,171.0,22.236086956521742,0.0,60.0
2026-02-28,34,2,baseline,2026-03-14,171.0,231.0,44.361739130434785,60.0,60.0
2026-02-28,34,3,ensemble,2026-03-21,161.0,156.0,23.790869565217395,5.0,70.0
2026-02-28,34,3,baseline,2026-03-21,161.0,231.0,53.090869565217396,70.0,70.0
2026-02-28,35,1,ensemble,2026-03-07,68.0,68.0,7.350000000000001,0.0,26.0
2026-02-28,35,1,baseline,2026-03-07,68.0,87.0,12.020869565217394,19.0,26.0
2026-02-28,35,2,ensemble,2026-03-14,61.0,60.0,7.974782608695653,1.0,33.0
2026-02-28,35,2,baseline,2026-03-14,61.0,87.0,15.888695652173915,26.0,33.0
2026-02-28,35,3,ensemble,2026-03-21,48.0,53.0,8.272608695652176,5.0,46.0
2026-02-28,35,3,baseline,2026-03-21,48.0,87.0,22.36608695652174,39.0,46.0
2026-02-28,36,1,ensemble,2026-03-07,259.0,254.0,28.376956521739128,5.0,67.0
2026-02-28,36,1,baseline,2026-03-07,259.0,280.0,39.89913043478261,21.0,67.0
2026-02-28,36,2,ensemble,2026-03-14,270.0,230.0,37.300434782608704,40.0,56.0
2026-02-28,36,2,baseline,2026-03-14,270.0,280.0,55.22521739130434,10.0,56.0
2026-02-28,36,3,ensemble,2026-03-21,252.0,206.0,40.31347826086958,46.0,74.0
2026-02-28,36,3,baseline,2026-03-21,252.0,280.0,70.20347826086957,28.0,74.0
2026-02-28,37,1,ensemble,2026-03-07,205.0,230.0,25.38913043478261,25.0,102.0
2026-02-28,37,1,baseline,2026-03-07,205.0,293.0,54.5021739130435,88.0,102.0
2026-02-28,37,2,ensemble,2026-03-14,144.0,192.0,35.79434782608696,48.0,163.0
2026-02-28,37,2,baseline,2026-03-14,144.0,293.0,87.28521739130434,149.0,163.0
2026-02-28,37,3,ensemble,2026-03-21,88.0,169.0,47.90086956521739,81.0,219.0
2026-02-28,37,3,baseline,2026-03-21,88.0,293.0,115.75782608695654,205.0,219.0
2026-02-28,38,1,ensemble,2026-03-07,27.0,14.0,6.705217391304349,13.0,5.0
2026-02-28,38,1,baseline,2026-03-07,27.0,20.0,4.161304347826088,7.0,5.0
2026-02-28,38,2,ensemble,2026-03-14,22.0,12.0,4.807391304347826,10.0,0.0
2026-02-28,38,2,baseline,2026-03-14,22.0,20.0,3.356956521739131,2.0,0.0
2026-02-28,38,3,ensemble,2026-03-21,24.0,10.0,7.2395652173913065,14.0,2.0
2026-02-28,38,3,baseline,2026-03-21,24.0,20.0,4.3469565217391315,4.0,2.0
2026-02-28,39,1,ensemble,2026-03-07,459.0,513.0,52.75652173913044,54.0,204.0
2026-02-28,39,1,baseline,2026-03-07,459.0,653.0,119.64652173913045,194.0,204.0
2026-02-28,39,2,ensemble,2026-03-14,417.0,462.0,55.08217391304348,45.0,246.0
2026-02-28,39,2,baseline,2026-03-14,417.0,653.0,139.0030434782609,236.0,246.0
2026-02-28,39,3,ensemble,2026-03-21,257.0,386.0,77.85043478260869,129.0,406.0
2026-02-28,39,3,baseline,2026-03-21,257.0,653.0,226.5978260869566,396.0,406.0
2026-02-28,40,1,ensemble,2026-03-07,156.0,181.0,18.528695652173916,25.0,98.0
2026-02-28,40,1,baseline,2026-03-07,156.0,235.0,48.22347826086957,79.0,98.0
2026-02-28,40,2,ensemble,2026-03-14,117.0,165.0,29.549999999999994,48.0,137.0
2026-02-28,40,2,baseline,2026-03-14,117.0,235.0,70.40782608695653,118.0,137.0
2026-02-28,40,3,ensemble,2026-03-21,67.0,137.0,45.25260869565217,70.0,187.0
2026-02-28,40,3,baseline,2026-03-21,67.0,235.0,99.54652173913045,168.0,187.0
2026-02-28,41,1,ensemble,2026-03-07,147.0,160.0,15.94217391304348,13.0,162.0
2026-02-28,41,1,baseline,2026-03-07,147.0,213.0,41.61826086956522,66.0,162.0
2026-02-28,41,2,ensemble,2026-03-14,102.0,126.0,17.50913043478261,24.0,207.0
2026-02-28,41,2,baseline,2026-03-14,102.0,213.0,67.79086956521739,111.0,207.0
2026-02-28,41,3,ensemble,2026-03-21,49.0,102.0,31.861304347826085,53.0,260.0
2026-02-28,41,3,baseline,2026-03-21,49.0,213.0,99.57521739130435,164.0,260.0
2026-02-28,42,1,ensemble,2026-03-07,854.0,646.0,119.83956521739132,208.0,80.0
2026-02-28,42,1,baseline,2026-03-07,854.0,729.0,81.15347826086956,125.0,80.0
2026-02-28,42,2,ensemble,2026-03-14,892.0,589.0,178.60652173913041,303.0,118.0
2026-02-28,42,2,baseline,2026-03-14,892.0,729.0,103.78739130434784,163.0,118.0
2026-02-28,42,3,ensemble,2026-03-21,684.0,494.0,99.55347826086957,190.0,90.0
2026-02-28,42,3,baseline,2026-03-21,684.0,729.0,79.56521739130436,45.0,90.0
2026-02-28,44,1,ensemble,2026-03-07,17.0,11.0,3.3226086956521734,6.0,4.0
2026-02-28,44,1,baseline,2026-03-07,17.0,15.0,2.5852173913043486,2.0,4.0
2026-02-28,44,2,ensemble,2026-03-14,14.0,10.0,2.8773913043478263,4.0,7.0
2026-02-28,44,2,baseline,2026-03-14,14.0,15.0,3.420434782608696,1.0,7.0
2026-02-28,44,3,ensemble,2026-03-21,11.0,8.0,2.7082608695652177,3.0,10.0
2026-02-28,44,3,baseline,2026-03-21,11.0,15.0,4.672608695652174,4.0,10.0
2026-02-28,45,1,ensemble,2026-03-07,96.0,213.0,62.70608695652174,117.0,162.0
2026-02-28,45,1,baseline,2026-03-07,96.0,253.0,105.22130434782608,157.0,162.0
2026-02-28,45,2,ensemble,2026-03-14,72.0,182.0,62.93695652173915,110.0,186.0
2026-02-28,45,2,baseline,2026-03-14,72.0,253.0,113.52869565217391,181.0,186.0
2026-02-28,45,3,ensemble,2026-03-21,53.0,157.0,57.38869565217392,104.0,205.0
2026-02-28,45,3,baseline,2026-03-21,53.0,253.0,120.44652173913043,200.0,205.0
2026-02-28,46,1,ensemble,2026-03-07,40.0,37.0,3.7504347826086972,3.0,15.0
2026-02-28,46,1,baseline,2026-03-07,40.0,49.0,5.374782608695654,9.0,15.0
2026-02-28,46,2,ensemble,2026-03-14,21.0,31.0,5.786521739130434,10.0,34.0
2026-02-28,46,2,baseline,2026-03-14,21.0,49.0,16.616521739130434,28.0,34.0
2026-02-28,46,3,ensemble,2026-03-21,27.0,27.0,3.546956521739131,0.0,28.0
2026-02-28,46,3,baseline,2026-03-21,27.0,49.0,12.284782608695652,22.0,28.0
2026-02-28,47,1,ensemble,2026-03-07,199.0,268.0,35.74260869565218,69.0,122.0
2026-02-28,47,1,baseline,2026-03-07,199.0,318.0,73.49739130434783,119.0,122.0
2026-02-28,47,2,ensemble,2026-03-14,176.0,225.0,30.582608695652176,49.0,145.0
2026-02-28,47,2,baseline,2026-03-14,176.0,318.0,83.93391304347826,142.0,145.0
2026-02-28,47,3,ensemble,2026-03-21,145.0,199.0,32.87217391304348,54.0,176.0
2026-02-28,47,3,baseline,2026-03-21,145.0,318.0,99.44260869565221,173.0,176.0
2026-02-28,48,1,ensemble,2026-03-07,728.0,722.0,53.86304347826088,6.0,311.0
2026-02-28,48,1,baseline,2026-03-07,728.0,918.0,112.0991304347826,190.0,311.0
2026-02-28,48,2,ensemble,2026-03-14,441.0,646.0,105.25521739130434,205.0,598.0
2026-02-28,48,2,baseline,2026-03-14,441.0,918.0,274.71478260869566,477.0,598.0
2026-02-28,48,3,ensemble,2026-03-21,415.0,551.0,77.43391304347827,136.0,624.0
2026-02-28,48,3,baseline,2026-03-21,415.0,918.0,280.29739130434785,503.0,624.0
2026-02-28,49,1,ensemble,2026-03-07,19.0,49.0,17.506086956521735,30.0,46.0
2026-02-28,49,1,baseline,2026-03-07,19.0,64.0,29.69913043478261,45.0,46.0
2026-02-28,49,2,ensemble,2026-03-14,19.0,40.0,12.962608695652174,21.0,46.0
2026-02-28,49,2,baseline,2026-03-14,19.0,64.0,27.605652173913047,45.0,46.0
2026-02-28,49,3,ensemble,2026-03-21,49.0,34.0,8.212173913043477,15.0,16.0
2026-02-28,49,3,baseline,2026-03-21,49.0,64.0,9.789565217391306,15.0,16.0
2026-02-28,50,1,ensemble,2026-03-07,15.0,14.0,1.5995652173913044,1.0,7.0
2026-02-28,50,1,baseline,2026-03-07,15.0,16.0,1.5495652173913046,1.0,7.0
2026-02-28,50,2,ensemble,2026-03-14,12.0,11.0,1.6826086956521744,1.0,10.0
2026-02-28,50,2,baseline,2026-03-14,12.0,16.0,2.779130434782609,4.0,10.0
2026-02-28,50,3,ensemble,2026-03-21,6.0,10.0,2.519130434782609,4.0,16.0
2026-02-28,50,3,baseline,2026-03-21,6.0,16.0,5.608695652173913,10.0,16.0
2026-02-28,51,1,ensemble,2026-03-07,187.0,225.0,25.012608695652183,38.0,97.0
2026-02-28,51,1,baseline,2026-03-07,187.0,277.0,53.60956521739131,90.0,97.0
2026-02-28,51,2,ensemble,2026-03-14,122.0,203.0,45.44347826086957,81.0,162.0
2026-02-28,51,2,baseline,2026-03-14,122.0,277.0,89.32521739130435,155.0,162.0
2026-02-28,51,3,ensemble,2026-03-21,89.0,173.0,48.13913043478261,84.0,195.0
2026-02-28,51,3,baseline,2026-03-21,89.0,277.0,106.16347826086958,188.0,195.0
2026-02-28,53,1,ensemble,2026-03-07,158.0,173.0,13.751739130434782,15.0,72.0
2026-02-28,53,1,baseline,2026-03-07,158.0,226.0,41.42304347826087,68.0,72.0
2026-02-28,53,2,ensemble,2026-03-14,91.0,151.0,34.35521739130434,60.0,139.0
2026-02-28,53,2,baseline,2026-03-14,91.0,226.0,84.89565217391306,135.0,139.0
2026-02-28,53,3,ensemble,2026-03-21,79.0,132.0,31.91521739130435,53.0,151.0
2026-02-28,53,3,baseline,2026-03-21,79.0,226.0,88.58173913043478,147.0,151.0
2026-02-28,54,1,ensemble,2026-03-07,102.0,110.0,10.92695652173913,8.0,45.0
2026-02-28,54,1,baseline,2026-03-07,102.0,145.0,25.503043478260878,43.0,45.0
2026-02-28,54,2,ensemble,2026-03-14,105.0,96.0,11.61,9.0,42.0
2026-02-28,54,2,baseline,2026-03-14,105.0,145.0,22.811304347826084,40.0,42.0
2026-02-28,54,3,ensemble,2026-03-21,68.0,82.0,12.43,14.0,79.0
2026-02-28,54,3,baseline,2026-03-21,68.0,145.0,43.86173913043479,77.0,79.0
2026-02-28,55,1,ensemble,2026-03-07,166.0,191.0,19.910434782608696,25.0,87.0
2026-02-28,55,1,baseline,2026-03-07,166.0,233.0,41.37260869565218,67.0,87.0
2026-02-28,55,2,ensemble,2026-03-14,148.0,157.0,19.961304347826086,9.0,105.0
2026-02-28,55,2,baseline,2026-03-14,148.0,233.0,50.46565217391306,85.0,105.0
2026-02-28,55,3,ensemble,2026-03-21,137.0,135.0,18.99086956521739,2.0,116.0
2026-02-28,55,3,baseline,2026-03-21,137.0,233.0,55.39652173913044,96.0,116.0
2026-02-28,56,1,ensemble,2026-03-07,10.0,9.0,1.6113043478260873,1.0,3.0
2026-02-28,56,1,baseline,2026-03-07,10.0,10.0,1.945217391304348,0.0,3.0
2026-02-28,56,2,ensemble,2026-03-14,11.0,8.0,2.0895652173913044,3.0,2.0
2026-02-28,56,2,baseline,2026-03-14,11.0,10.0,2.7652173913043474,1.0,2.0
2026-02-28,56,3,ensemble,2026-03-21,13.0,7.0,3.3556521739130445,6.0,0.0
2026-02-28,56,3,baseline,2026-03-21,13.0,10.0,3.574782608695652,3.0,0.0
2026-03-07,01,1,ensemble,2026-03-14,105.0,132.0,17.088260869565218,27.0,75.0
2026-03-07,01,1,baseline,2026-03-14,105.0,172.0,40.039565217391306,67.0,75.0
2026-03-07,01,2,ensemble,2026-03-21,58.0,105.0,29.92782608695652,47.0,122.0
2026-03-07,01,2,baseline,2026-03-21,58.0,172.0,66.64608695652173,114.0,122.0
2026-03-07,01,3,ensemble,2026-03-28,45.0,85.0,26.63695652173913,40.0,135.0
2026-03-07,01,3,baseline,2026-03-28,45.0,172.0,71.95043478260871,127.0,135.0
2026-03-07,02,1,ensemble,2026-03-14,13.0,3.0,6.297391304347827,10.0,8.0
2026-03-07,02,1,baseline,2026-03-14,13.0,3.0,5.17,10.0,8.0
2026-03-07,02,2,ensemble,2026-03-21,10.0,3.0,4.1439130434782605,7.0,5.0
2026-03-07,02,2,baseline,2026-03-21,10.0,3.0,3.447391304347826,7.0,5.0
2026-03-07,02,3,ensemble,2026-03-28,9.0,3.0,3.5582608695652174,6.0,4.0
2026-03-07,02,3,baseline,2026-03-28,9.0,3.0,3.104782608695652,6.0,4.0
2026-03-07,04,1,ensemble,2026-03-14,196.0,206.0,18.453913043478263,10.0,88.0
2026-03-07,04,1,baseline,2026-03-14,196.0,255.0,37.60521739130435,59.0,88.0
2026-03-07,04,2,ensemble,2026-03-21,136.0,172.0,27.300869565217393,36.0,148.0
2026-03-07,04,2,baseline,2026-03-21,136.0,255.0,68.09826086956522,119.0,148.0
2026-03-07,04,3,ensemble,2026-03-28,125.0,151.0,24.66391304347826,26.0,159.0
2026-03-07,04,3,baseline,2026-03-28,125.0,255.0,74.11521739130434,130.0,159.0
2026-03-07,05,1,ensemble,2026-03-14,78.0,94.0,10.623913043478261,16.0,47.0
2026-03-07,05,1,baseline,2026-03-14,78.0,112.0,19.890869565217393,34.0,47.0
2026-03-07,05,2,ensemble,2026-03-21,46.0,81.0,19.773043478260874,35.0,79.0
2026-03-07,05,2,baseline,2026-03-21,46.0,112.0,36.636521739130444,66.0,79.0
2026-03-07,05,3,ensemble,2026-03-28,31.0,68.0,19.93304347826087,37.0,94.0
2026-03-07,05,3,baseline,2026-03-28,31.0,112.0,44.5895652173913,81.0,94.0
2026-03-07,06,1,ensemble,2026-03-14,671.0,908.0,133.44,237.0,643.0
2026-03-07,06,1,baseline,2026-03-14,671.0,1191.0,323.3421739130435,520.0,643.0
2026-03-07,06,2,ensemble,2026-03-21,701.0,775.0,89.8913043478261,74.0,613.0
2026-03-07,06,2,baseline,2026-03-21,701.0,1191.0,282.7234782608695,490.0,613.0
2026-03-07,06,3,ensemble,2026-03-28,426.0,668.0,149.10913043478263,242.0,888.0
2026-03-07,06,3,baseline,2026-03-28,426.0,1191.0,452.4713043478261,765.0,888.0
2026-03-07,08,1,ensemble,2026-03-14,110.0,93.0,12.126521739130435,17.0,8.0
2026-03-07,08,1,baseline,2026-03-14,110.0,117.0,10.750000000000002,7.0,8.0
2026-03-07,08,2,ensemble,2026-03-21,97.0,82.0,12.350434782608696,15.0,21.0
2026-03-07,08,2,baseline,2026-03-21,97.0,117.0,17.357391304347825,20.0,21.0
2026-03-07,08,3,ensemble,2026-03-28,34.0,71.0,19.984782608695657,37.0,84.0
2026-03-07,08,3,baseline,2026-03-28,34.0,117.0,46.193913043478275,83.0,84.0
2026-03-07,09,1,ensemble,2026-03-14,36.0,30.0,5.177391304347827,6.0,3.0
2026-03-07,09,1,baseline,2026-03-14,36.0,39.0,7.597826086956524,3.0,3.0
2026-03-07,09,2,ensemble,2026-03-21,32.0,27.0,5.649130434782609,5.0,7.0
2026-03-07,09,2,baseline,2026-03-21,32.0,39.0,11.254782608695653,7.0,7.0
2026-03-07,09,3,ensemble,2026-03-28,41.0,24.0,8.92086956521739,17.0,2.0
2026-03-07,09,3,baseline,2026-03-28,41.0,39.0,13.470000000000002,2.0,2.0
2026-03-07,10,1,ensemble,2026-03-14,38.0,29.0,4.96695652173913,9.0,2.0
2026-03-07,10,1,baseline,2026-03-14,38.0,40.0,3.0473913043478262,2.0,2.0
2026-03-07,10,2,ensemble,2026-03-21,24.0,25.0,3.783913043478261,1.0,16.0
2026-03-07,10,2,baseline,2026-03-21,24.0,40.0,9.48608695652174,16.0,16.0
2026-03-07,10,3,ensemble,2026-03-28,4.0,20.0,9.160434782608696,16.0,36.0
2026-03-07,10,3,baseline,2026-03-28,4.0,40.0,20.64608695652174,36.0,36.0
2026-03-07,11,1,ensemble,2026-03-14,8.0,2.0,3.519130434782609,6.0,3.0
2026-03-07,11,1,baseline,2026-03-14,8.0,0.0,3.874782608695652,8.0,3.0
2026-03-07,11,2,ensemble,2026-03-21,1.0,2.0,0.7373913043478261,1.0,4.0
2026-03-07,11,2,baseline,2026-03-21,1.0,0.0,1.8443478260869568,1.0,4.0
2026-03-07,11,3,ensemble,2026-03-28,0.0,2.0,0.9221739130434783,2.0,5.0
2026-03-07,11,3,baseline,2026-03-28,0.0,0.0,2.439565217391305,0.0,5.0
2026-03-07,12,1,ensemble,2026-03-14,741.0,782.0,65.91521739130435,41.0,563.0
2026-03-07,12,1,baseline,2026-03-14,741.0,1089.0,211.25826086956516,348.0,563.0
2026-03-07,12,2,ensemble,2026-03-21,500.0,644.0,93.8978260869565,144.0,804.0
2026-03-07,12,2,baseline,2026-03-21,500.0,1089.0,363.79739130434774,589.0,804.0
2026-03-07,12,3,ensemble,2026-03-28,334.0,538.0,131.42347826086956,204.0,970.0
2026-03-07,12,3,baseline,2026-03-28,334.0,1089.0,469.7452173913044,755.0,970.0
2026-03-07,13,1,ensemble,2026-03-14,152.0,193.0,23.987826086956524,41.0,97.0
2026-03-07,13,1,baseline,2026-03-14,152.0,238.0,52.14565217391305,86.0,97.0
2026-03-07,13,2,ensemble,2026-03-21,101.0,164.0,36.06739130434782,63.0,148.0
2026-03-07,13,2,baseline,2026-03-21,101.0,238.0,79.64999999999999,137.0,148.0
2026-03-07,13,3,ensemble,2026-03-28,55.0,147.0,49.770434782608696,92.0,194.0
2026-03-07,13,3,baseline,2026-03-28,55.0,238.0,103.5739130434783,183.0,194.0
2026-03-07,15,1,ensemble,2026-03-14,19.0,9.0,5.797826086956522,10.0,10.0
2026-03-07,15,1,baseline,2026-03-14,19.0,9.0,5.1726086956521735,10.0,10.0
2026-03-07,15,2,ensemble,2026-03-21,24.0,8.0,10.351739130434783,16.0,15.0
2026-03-07,15,2,baseline,2026-03-21,24.0,9.0,7.709130434782609,15.0,15.0
2026-03-07,15,3,ensemble,2026-03-28,3.0,7.0,2.2260869565217396,4.0,6.0
2026-03-07,15,3,baseline,2026-03-28,3.0,9.0,3.8208695652173916,6.0,6.0
2026-03-07,16,1,ensemble,2026-03-14,75.0,69.0,6.774782608695653,6.0,31.0
2026-03-07,16,1,baseline,2026-03-14,75.0,91.0,9.977391304347828,16.0,31.0
2026-03-07,16,2,ensemble,2026-03-21,50.0,60.0,7.869130434782609,10.0,56.0
2026-03-07,16,2,baseline,2026-03-21,50.0,91.0,23.589130434782618,41.0,56.0
2026-03-07,16,3,ensemble,2026-03-28,47.0,49.0,6.962608695652176,2.0,59.0
2026-03-07,16,3,baseline,2026-03-28,47.0,91.0,24.854782608695654,44.0,59.0
2026-03-07,17,1,ensemble,2026-03-14,240.0,261.0,27.562173913043488,21.0,115.0
2026-03-07,17,1,baseline,2026-03-14,240.0,341.0,62.24695652173915,101.0,115.0
2026-03-07,17,2,ensemble,2026-03-21,185.0,219.0,29.893913043478264,34.0,170.0
2026-03-07,17,2,baseline,2026-03-21,185.0,341.0,90.15869565217393,156.0,170.0
2026-03-07,17,3,ensemble,2026-03-28,103.0,186.0,48.36347826086958,83.0,252.0
2026-03-07,17,3,baseline,2026-03-28,103.0,341.0,132.9721739130435,238.0,252.0
2026-03-07,18,1,ensemble,2026-03-14,246.0,217.0,21.444782608695654,29.0,46.0
2026-03-07,18,1,baseline,2026-03-14,246.0,285.0,28.41217391304348,39.0,46.0
2026-03-07,18,2,ensemble,2026-03-21,185.0,186.0,20.480869565217393,1.0,107.0
2026-03-07,18,2,baseline,2026-03-21,185.0,285.0,59.25608695652174,100.0,107.0
2026-03-07,18,3,ensemble,2026-03-28,58.0,167.0,62.50173913043479,109.0,234.0
2026-03-07,18,3,baseline,2026-03-28,58.0,285.0,129.61739130434785,227.0,234.0
2026-03-07,19,1,ensemble,2026-03-14,112.0,69.0,21.81478260869565,43.0,7.0
2026-03-07,19,1,baseline,2026-03-14,112.0,107.0,6.790434782608696,5.0,7.0
2026-03-07,19,2,ensemble,2026-03-21,68.0,56.0,8.55478260869565,12.0,51.0
2026-03-07,19,2,baseline,2026-03-21,68.0,107.0,23.151304347826088,39.0,51.0
2026-03-07,19,3,ensemble,2026-03-28,28.0,43.0,9.666086956521738,15.0,91.0
2026-03-07,19,3,baseline,2026-03-28,28.0,107.0,44.89173913043478,79.0,91.0
2026-03-07,20,1,ensemble,2026-03-14,62.0,85.0,13.931304347826087,23.0,68.0
2026-03-07,20,1,baseline,2026-03-14,62.0,120.0,35.91608695652173,58.0,68.0
2026-03-07,20,2,ensemble,2026-03-21,45.0,72.0,14.739999999999998,27.0,85.0
2026-03-07,20,2,baseline,2026-03-21,45.0,120.0,44.68260869565218,75.0,85.0
2026-03-07,20,3,ensemble,2026-03-28,17.0,58.0,23.20913043478261,41.0,113.0
2026-03-07,20,3,baseline,2026-03-28,17.0,120.0,61.75260869565217,103.0,113.0
2026-03-07,21,1,ensemble,2026-03-14,221.0,128.0,53.8808695652174,93.0,26.0
2026-03-07,21,1,baseline,2026-03-14,221.0,161.0,36.06086956521739,60.0,26.0
2026-03-07,21,2,ensemble,2026-03-21,122.0,109.0,15.003913043478265,13.0,73.0
2026-03-07,21,2,baseline,2026-03-21,122.0,161.0,27.688695652173916,39.0,73.0
2026-03-07,21,3,ensemble,2026-03-28,64.0,95.0,19.424782608695658,31.0,131.0
2026-03-07,21,3,baseline,2026-03-28,64.0,161.0,54.38173913043479,97.0,131.0
2026-03-07,22,1,ensemble,2026-03-14,139.0,141.0,11.336521739130434,2.0,76.0
2026-03-07,22,1,baseline,2026-03-14,139.0,192.0,31.278260869565216,53.0,76.0
2026-03-07,22,2,ensemble,2026-03-21,98.0,114.0,13.812173913043479,16.0,117.0
2026-03-07,22,2,baseline,2026-03-21,98.0,192.0,53.25521739130434,94.0,117.0
2026-03-07,22,3,ensemble,2026-03-28,38.0,95.0,34.09130434782609,57.0,177.0
2026-03-07,22,3,baseline,2026-03-28,38.0,192.0,90.32347826086956,154.0,177.0
2026-03-07,23,1,ensemble,2026-03-14,30.0,27.0,3.4613043478260868,3.0,13.0
2026-03-07,23,1,baseline,2026-03-14,30.0,39.0,5.9873913043478275,9.0,13.0
2026-03-07,23,2,ensemble,2026-03-21,26.0,22.0,3.616521739130435,4.0,17.0
2026-03-07,23,2,baseline,2026-03-21,26.0,39.0,8.36391304347826,13.0,17.0
2026-03-07,23,3,ensemble,2026-03-28,10.0,19.0,4.7413043478260875,9.0,33.0
2026-03-07,23,3,baseline,2026-03-28,10.0,39.0,16.38695652173913,29.0,33.0
2026-03-07,24,1,ensemble,2026-03-14,54.0,25.0,15.364347826086954,29.0,14.0
2026-03-07,24,1,baseline,2026-03-14,54.0,28.0,15.566956521739133,26.0,14.0
2026-03-07,24,2,ensemble,2026-03-21,55.0,22.0,17.979565217391304,33.0,15.0
2026-03-07,24,2,baseline,2026-03-21,55.0,28.0,17.376521739130432,27.0,15.0
2026-03-07,24,3,ensemble,2026-03-28,9.0,19.0,6.6921739130434785,10.0,31.0
2026-03-07,24,3,baseline,2026-03-28,9.0,28.0,17.685652173913045,19.0,31.0
2026-03-07,25,1,ensemble,2026-03-14,57.0,49.0,7.444782608695653,8.0,24.0
2026-03-07,25,1,baseline,2026-03-14,57.0,65.0,15.019130434782609,8.0,24.0
2026-03-07,25,2,ensemble,2026-03-21,37.0,41.0,7.421304347826088,4.0,44.0
2026-03-07,25,2,baseline,2026-03-21,37.0,65.0,25.24434782608696,28.0,44.0
2026-03-07,25,3,ensemble,2026-03-28,45.0,36.0,8.183478260869567,9.0,36.0
2026-03-07,25,3,baseline,2026-03-28,45.0,65.0,28.093913043478263,20.0,36.0
2026-03-07,26,1,ensemble,2026-03-14,217.0,223.0,21.73652173913044,6.0,73.0
2026-03-07,26,1,baseline,2026-03-14,217.0,274.0,38.88652173913044,57.0,73.0
2026-03-07,26,2,ensemble,2026-03-21,165.0,199.0,27.50304347826087,34.0,125.0
2026-03-07,26,2,baseline,2026-03-21,165.0,274.0,64.43217391304348,109.0,125.0
2026-03-07,26,3,ensemble,2026-03-28,96.0,173.0,43.97304347826086,77.0,194.0
2026-03-07,26,3,baseline,2026-03-28,96.0,274.0,97.84565217391305,178.0,194.0
2026-03-07,27,1,ensemble,2026-03-14,130.0,105.0,16.458260869565223,25.0,6.0
2026-03-07,27,1,baseline,2026-03-14,130.0,134.0,9.911304347826087,4.0,6.0
2026-03-07,27,2,ensemble,2026-03-21,114.0,83.0,17.992173913043477,31.0,22.0
2026-03-07,27,2,baseline,2026-03-21,114.0,134.0,18.12913043478261,20.0,22.0
2026-03-07,27,3,ensemble,2026-03-28,36.0,71.0,21.074782608695653,35.0,100.0
2026-03-07,27,3,baseline,2026-03-28,36.0,134.0,55.77826086956522,98.0,100.0
2026-03-07,28,1,ensemble,2026-03-14,100.0,118.0,11.410869565217391,18.0,51.0
2026-03-07,28,1,baseline,2026-03-14,100.0,144.0,25.84173913043478,44.0,51.0
2026-03-07,28,2,ensemble,2026-03-21,64.0,94.0,16.554782608695653,30.0,87.0
2026-03-07,28,2,baseline,2026-03-21,64.0,144.0,47.50478260869565,80.0,87.0
2026-03-07,28,3,ensemble,2026-03-28,31.0,83.0,30.902608695652173,52.0,120.0
2026-03-07,28,3,baseline,2026-03-28,31.0,144.0,69.05,113.0,120.0
2026-03-07,29,1,ensemble,2026-03-14,221.0,220.0,21.07869565217391,1.0,84.0
2026-03-07,29,1,baseline,2026-03-14,221.0,296.0,46.49347826086957,75.0,84.0
2026-03-07,29,2,ensemble,2026-03-21,124.0,184.0,36.54695652173914,60.0,181.0
2026-03-07,29,2,baseline,2026-03-21,124.0,296.0,102.68130434782607,172.0,181.0
2026-03-07,29,3,ensemble,2026-03-28,59.0,146.0,53.25434782608695,87.0,246.0
2026-03-07,29,3,baseline,2026-03-28,59.0,296.0,139.84347826086957,237.0,246.0
2026-03-07,30,1,ensemble,2026-03-14,51.0,33.0,9.573913043478258,18.0,4.0
2026-03-07,30,1,baseline,2026-03-14,51.0,43.0,5.414782608695653,8.0,4.0
2026-03-07,30,2,ensemble,2026-03-21,34.0,28.0,4.567826086956522,6.0,13.0
2026-03-07,30,2,baseline,2026-03-21,34.0,43.0,6.413478260869565,9.0,13.0
2026-03-07,30,3,ensemble,2026-03-28,13.0,22.0,5.672608695652175,9.0,34.0
2026-03-07,30,3,baseline,2026-03-28,13.0,43.0,16.31173913043478,30.0,34.0
2026-03-07,31,1,ensemble,2026-03-14,54.0,55.0,5.620869565217393,1.0,30.0
2026-03-07,31,1,baseline,2026-03-14,54.0,78.0,14.28217391304348,24.0,30.0
2026-03-07,31,2,ensemble,2026-03-21,41.0,42.0,5.823913043478262,1.0,43.0
2026-03-07,31,2,baseline,2026-03-21,41.0,78.0,21.279130434782612,37.0,43.0
2026-03-07,31,3,ensemble,2026-03-28,17.0,34.0,9.370434782608696,17.0,67.0
2026-03-07,31,3,baseline,2026-03-28,17.0,78.0,36.46130434782609,61.0,67.0
2026-03-07,32,1,ensemble,2026-03-14,51.0,52.0,5.29304347826087,1.0,17.0
2026-03-07,32,1,baseline,2026-03-14,51.0,63.0,8.542608695652175,12.0,17.0
2026-03-07,32,2,ensemble,2026-03-21,48.0,46.0,5.768260869565218,2.0,20.0
2026-03-07,32,2,baseline,2026-03-21,48.0,63.0,11.131739130434784,15.0,20.0
2026-03-07,32,3,ensemble,2026-03-28,45.0,40.0,6.361739130434784,5.0,23.0
2026-03-07,32,3,baseline,2026-03-28,45.0,63.0,13.390434782608697,18.0,23.0
2026-03-07,33,1,ensemble,2026-03-14,21.0,18.0,3.205217391304349,3.0,11.0
2026-03-07,33,1,baseline,2026-03-14,21.0,24.0,3.3147826086956527,3.0,11.0
2026-03-07,33,2,ensemble,2026-03-21,27.0,15.0,6.289130434782609,12.0,5.0
2026-03-07,33,2,baseline,2026-03-21,27.0,24.0,4.386521739130435,3.0,5.0
2026-03-07,33,3,ensemble,2026-03-28,15.0,12.0,3.503478260869566,3.0,17.0
2026-03-07,33,3,baseline,2026-03-28,15.0,24.0,6.909565217391305,9.0,17.0
2026-03-07,34,1,ensemble,2026-03-14,171.0,173.0,17.695652173913043,2.0,49.0
2026-03-07,34,1,baseline,2026-03-14,171.0,221.0,35.36347826086956,50.0,49.0
2026-03-07,34,2,ensemble,2026-03-21,161.0,160.0,20.912173913043482,1.0,59.0
2026-03-07,34,2,baseline,2026-03-21,161.0,221.0,43.98086956521739,60.0,59.0
2026-03-07,34,3,ensemble,2026-03-28,63.0,141.0,42.0195652173913,78.0,157.0
2026-03-07,34,3,baseline,2026-03-28,63.0,221.0,87.58478260869566,158.0,157.0
2026-03-07,35,1,ensemble,2026-03-14,61.0,62.0,6.198695652173914,1.0,33.0
2026-03-07,35,1,baseline,2026-03-14,61.0,79.0,11.445652173913047,18.0,33.0
2026-03-07,35,2,ensemble,2026-03-21,48.0,53.0,6.794347826086958,5.0,46.0
2026-03-07,35,2,baseline,2026-03-21,48.0,79.0,18.213043478260875,31.0,46.0
2026-03-07,35,3,ensemble,2026-03-28,13.0,46.0,18.810434782608695,33.0,81.0
2026-03-07,35,3,baseline,2026-03-28,13.0,79.0,36.83956521739131,66.0,81.0
2026-03-07,36,1,ensemble,2026-03-14,270.0,199.0,37.21000000000001,71.0,44.0
2026-03-07,36,1,baseline,2026-03-14,270.0,252.0,38.58695652173913,18.0,44.0
2026-03-07,36,2,ensemble,2026-03-21,252.0,173.0,41.1,79.0,62.0
2026-03-07,36,2,baseline,2026-03-21,252.0,252.0,53.83695652173913,0.0,62.0
2026-03-07,36,3,ensemble,2026-03-28,190.0,153.0,32.116521739130434,37.0,124.0
2026-03-07,36,3,baseline,2026-03-28,190.0,252.0,73.21608695652175,62.0,124.0
2026-03-07,37,1,ensemble,2026-03-14,144.0,167.0,20.738260869565217,23.0,96.0
2026-03-07,37,1,baseline,2026-03-14,144.0,230.0,52.82130434782609,86.0,96.0
2026-03-07,37,2,ensemble,2026-03-21,88.0,139.0,29.789130434782614,51.0,152.0
2026-03-07,37,2,baseline,2026-03-21,88.0,230.0,82.81304347826087,142.0,152.0
2026-03-07,37,3,ensemble,2026-03-28,50.0,110.0,37.75739130434783,60.0,190.0
2026-03-07,37,3,baseline,2026-03-28,50.0,230.0,101.16260869565221,180.0,190.0
2026-03-07,38,1,ensemble,2026-03-14,22.0,13.0,4.581304347826086,9.0,4.0
2026-03-07,38,1,baseline,2026-03-14,22.0,17.0,3.3608695652173917,5.0,4.0
2026-03-07,38,2,ensemble,2026-03-21,24.0,10.0,7.007826086956521,14.0,6.0
2026-03-07,38,2,baseline,2026-03-21,24.0,17.0,4.504347826086955,7.0,6.0
2026-03-07,38,3,ensemble,2026-03-28,15.0,9.0,3.324782608695653,6.0,3.0
2026-03-07,38,3,baseline,2026-03-28,15.0,17.0,3.984347826086957,2.0,3.0
2026-03-07,39,1,ensemble,2026-03-14,417.0,367.0,39.955652173913045,50.0,105.0
2026-03-07,39,1,baseline,2026-03-14,417.0,514.0,63.96434782608696,97.0,105.0
2026-03-07,39,2,ensemble,2026-03-21,257.0,313.0,42.213913043478264,56.0,265.0
2026-03-07,39,2,baseline,2026-03-21,257.0,514.0,149.7521739130435,257.0,265.0
2026-03-07,39,3,ensemble,2026-03-28,60.0,262.0,118.29217391304348,202.0,462.0
2026-03-07,39,3,baseline,2026-03-28,60.0,514.0,264.09043478260867,454.0,462.0
2026-03-07,40,1,ensemble,2026-03-14,117.0,113.0,11.658695652173915,4.0,66.0
2026-03-07,40,1,baseline,2026-03-14,117.0,145.0,18.983478260869568,28.0,66.0
2026-03-07,40,2,ensemble,2026-03-21,67.0,100.0,18.21391304347826,33.0,116.0
2026-03-07,40,2,baseline,2026-03-21,67.0,145.0,44.90869565217392,78.0,116.0
2026-03-07,40,3,ensemble,2026-03-28,23.0,80.0,33.50000000000001,57.0,160.0
2026-03-07,40,3,baseline,2026-03-28,23.0,145.0,68.83347826086955,122.0,160.0
2026-03-07,41,1,ensemble,2026-03-14,102.0,102.0,10.870434782608696,0.0,95.0
2026-03-07,41,1,baseline,2026-03-14,102.0,153.0,31.436956521739134,51.0,95.0
2026-03-07,41,2,ensemble,2026-03-21,49.0,85.0,20.387826086956522,36.0,148.0
2026-03-07,41,2,baseline,2026-03-21,49.0,153.0,62.44608695652175,104.0,148.0
2026-03-07,41,3,ensemble,2026-03-28,24.0,62.0,24.81913043478261,38.0,173.0
2026-03-07,41,3,baseline,2026-03-28,24.0,153.0,75.52391304347825,129.0,173.0
2026-03-07,42,1,ensemble,2026-03-14,892.0,607.0,149.2513043478261,285.0,86.0
2026-03-07,42,1,baseline,2026-03-14,892.0,794.0,68.53956521739133,98.0,86.0
2026-03-07,42,2,ensemble,2026-03-21,684.0,525.0,82.12565217391305,159.0,122.0
2026-03-07,42,2,baseline,2026-03-21,684.0,794.0,83.21652173913044,110.0,122.0
2026-03-07,42,3,ensemble,2026-03-28,377.0,465.0,60.787826086956514,88.0,429.0
2026-03-07,42,3,baseline,2026-03-28,377.0,794.0,236.9482608695652,417.0,429.0
2026-03-07,44,1,ensemble,2026-03-14,14.0,14.0,2.1934782608695658,0.0,9.0
2026-03-07,44,1,baseline,2026-03-14,14.0,20.0,4.052608695652175,6.0,9.0
2026-03-07,44,2,ensemble,2026-03-21,11.0,12.0,2.343913043478261,1.0,12.0
2026-03-07,44,2,baseline,2026-03-21,11.0,20.0,5.793478260869566,9.0,12.0
2026-03-07,44,3,ensemble,2026-03-28,11.0,10.0,2.5839130434782613,1.0,12.0
2026-03-07,44,3,baseline,2026-03-28,11.0,20.0,6.216086956521739,9.0,12.0
2026-03-07,45,1,ensemble,2026-03-14,72.0,132.0,32.076956521739135,60.0,112.0
2026-03-07,45,1,baseline,2026-03-14,72.0,175.0,64.75565217391303,103.0,112.0
2026-03-07,45,2,ensemble,2026-03-21,53.0,111.0,31.26739130434783,58.0,131.0
2026-03-07,45,2,baseline,2026-03-21,53.0,175.0,73.53826086956524,122.0,131.0
2026-03-07,45,3,ensemble,2026-03-28,15.0,98.0,51.48652173913044,83.0,169.0
2026-03-07,45,3,baseline,2026-03-28,15.0,175.0,93.87695652173913,160.0,169.0
2026-03-07,46,1,ensemble,2026-03-14,21.0,33.0,6.717826086956522,12.0,28.0
2026-03-07,46,1,baseline,2026-03-14,21.0,46.0,15.636086956521737,25.0,28.0
2026-03-07,46,2,ensemble,2026-03-21,27.0,28.0,3.8186956521739135,1.0,22.0
2026-03-07,46,2,baseline,2026-03-21,27.0,46.0,10.831304347826087,19.0,22.0
2026-03-07,46,3,ensemble,2026-03-28,13.0,23.0,5.718695652173914,10.0,36.0
2026-03-07,46,3,baseline,2026-03-28,13.0,46.0,19.223478260869566,33.0,36.0
2026-03-07,47,1,ensemble,2026-03-14,176.0,193.0,17.60913043478261,17.0,72.0
2026-03-07,47,1,baseline,2026-03-14,176.0,245.0,41.29173913043479,69.0,72.0
2026-03-07,47,2,ensemble,2026-03-21,145.0,165.0,18.672608695652176,20.0,103.0
2026-03-07,47,2,baseline,2026-03-21,145.0,245.0,58.02739130434783,100.0,103.0
2026-03-07,47,3,ensemble,2026-03-28,81.0,141.0,33.126956521739125,60.0,167.0
2026-03-07,47,3,baseline,2026-03-28,81.0,245.0,93.31434782608696,164.0,167.0
2026-03-07,48,1,ensemble,2026-03-14,441.0,526.0,59.65260869565216,85.0,342.0
2026-03-07,48,1,baseline,2026-03-14,441.0,689.0,143.01608695652175,248.0,342.0
2026-03-07,48,2,ensemble,2026-03-21,415.0,441.0,44.50391304347827,26.0,368.0
2026-03-07,48,2,baseline,2026-03-21,415.0,689.0,154.25521739130434,274.0,368.0
2026-03-07,48,3,ensemble,2026-03-28,255.0,380.0,71.20565217391304,125.0,528.0
2026-03-07,48,3,baseline,2026-03-28,255.0,689.0,237.99043478260873,434.0,528.0
2026-03-07,49,1,ensemble,2026-03-14,19.0,31.0,7.050869565217391,12.0,24.0
2026-03-07,49,1,baseline,2026-03-14,19.0,42.0,13.636521739130432,23.0,24.0
2026-03-07,49,2,ensemble,2026-03-21,49.0,25.0,12.945652173913048,24.0,6.0
2026-03-07,49,2,baseline,2026-03-21,49.0,42.0,6.147391304347827,7.0,6.0
2026-03-07,49,3,ensemble,2026-03-28,8.0,21.0,7.55913043478261,13.0,35.0
2026-03-07,49,3,baseline,2026-03-28,8.0,42.0,19.128260869565217,34.0,35.0
2026-03-07,50,1,ensemble,2026-03-14,12.0,9.0,1.9786956521739132,3.0,2.0
2026-03-07,50,1,baseline,2026-03-14,12.0,11.0,1.5213043478260873,1.0,2.0
2026-03-07,50,2,ensemble,2026-03-21,6.0,7.0,1.4447826086956523,1.0,8.0
2026-03-07,50,2,baseline,2026-03-21,6.0,11.0,3.076956521739131,5.0,8.0
2026-03-07,50,3,ensemble,2026-03-28,11.0,6.0,2.546956521739131,5.0,3.0
2026-03-07,50,3,baseline,2026-03-28,11.0,11.0,2.423913043478261,0.0,3.0
2026-03-07,51,1,ensemble,2026-03-14,122.0,155.0,21.55260869565218,33.0,87.0
2026-03-07,51,1,baseline,2026-03-14,122.0,202.0,47.43652173913042,80.0,87.0
2026-03-07,51,2,ensemble,2026-03-21,89.0,138.0,27.165217391304346,49.0,120.0
2026-03-07,51,2,baseline,2026-03-21,89.0,202.0,64.08130434782609,113.0,120.0
2026-03-07,51,3,ensemble,2026-03-28,32.0,119.0,51.634347826086966,87.0,177.0
2026-03-07,51,3,baseline,2026-03-28,32.0,202.0,94.07608695652173,170.0,177.0
2026-03-07,53,1,ensemble,2026-03-14,91.0,144.0,29.210000000000008,53.0,99.0
2026-03-07,53,1,baseline,2026-03-14,91.0,191.0,64.75391304347826,100.0,99.0
2026-03-07,53,2,ensemble,2026-03-21,79.0,126.0,26.876956521739128,47.0,111.0
2026-03-07,53,2,baseline,2026-03-21,79.0,191.0,67.86434782608696,112.0,111.0
2026-03-07,53,3,ensemble,2026-03-28,48.0,115.0,38.05956521739131,67.0,142.0
2026-03-07,53,3,baseline,2026-03-28,48.0,191.0,85.66913043478262,143.0,142.0
2026-03-07,54,1,ensemble,2026-03-14,105.0,94.0,10.01695652173913,11.0,28.0
2026-03-07,54,1,baseline,2026-03-14,105.0,133.0,16.692608695652172,28.0,28.0
2026-03-07,54,2,ensemble,2026-03-21,68.0,79.0,10.931304347826087,11.0,65.0
2026-03-07,54,2,baseline,2026-03-21,68.0,133.0,37.61608695652174,65.0,65.0
2026-03-07,54,3,ensemble,2026-03-28,24.0,64.0,23.183913043478263,40.0,109.0
2026-03-07,54,3,baseline,2026-03-28,24.0,133.0,66.01391304347825,109.0,109.0
2026-03-07,55,1,ensemble,2026-03-14,148.0,155.0,14.78826086956522,7.0,59.0
2026-03-07,55,1,baseline,2026-03-14,148.0,203.0,34.10391304347826,55.0,59.0
2026-03-07,55,2,ensemble,2026-03-21,137.0,130.0,15.45434782608696,7.0,70.0
2026-03-07,55,2,baseline,2026-03-21,137.0,203.0,39.581304347826084,66.0,70.0
2026-03-07,55,3,ensemble,2026-03-28,100.0,105.0,16.15869565217392,5.0,107.0
2026-03-07,55,3,baseline,2026-03-28,100.0,203.0,58.93782608695652,103.0,107.0
2026-03-07,56,1,ensemble,2026-03-14,11.0,12.0,1.8543478260869568,1.0,4.0
2026-03-07,56,1,baseline,2026-03-14,11.0,14.0,2.5582608695652174,3.0,4.0
2026-03-07,56,2,ensemble,2026-03-21,13.0,11.0,2.1982608695652175,2.0,2.0
2026-03-07,56,2,baseline,2026-03-21,13.0,14.0,2.905652173913044,1.0,2.0
2026-03-07,56,3,ensemble,2026-03-28,4.0,9.0,2.9521739130434783,5.0,11.0
2026-03-07,56,3,baseline,2026-03-28,4.0,14.0,5.9186956521739145,10.0,11.0
2026-03-14,01,1,ensemble,2026-03-21,58.0,93.0,19.60347826086957,35.0,87.0
2026-03-14,01,1,baseline,2026-03-21,58.0,124.0,39.237826086956524,66.0,87.0
2026-03-14,01,2,ensemble,2026-03-28,45.0,82.0,19.792608695652174,37.0,100.0
2026-03-14,01,2,baseline,2026-03-28,45.0,124.0,45.005217391304356,79.0,100.0
2026-03-14,01,3,ensemble,2026-04-04,30.0,66.0,20.851304347826087,36.0,115.0
2026-03-14,01,3,baseline,2026-04-04,30.0,124.0,51.80608695652174,94.0,115.0
2026-03-14,02,1,ensemble,2026-03-21,10.0,9.0,1.878695652173913,1.0,6.0
2026-03-14,02,1,baseline,2026-03-21,10.0,13.0,2.2178260869565216,3.0,6.0
2026-03-14,02,2,ensemble,2026-03-28,9.0,8.0,1.8030434782608697,1.0,7.0
2026-03-14,02,2,baseline,2026-03-28,9.0,13.0,2.9243478260869575,4.0,7.0
2026-03-14,02,3,ensemble,2026-04-04,7.0,7.0,1.6508695652173913,0.0,9.0
2026-03-14,02,3,baseline,2026-04-04,7.0,13.0,3.815652173913043,6.0,9.0
2026-03-14,04,1,ensemble,2026-03-21,136.0,175.0,24.74260869565218,39.0,101.0
2026-03-14,04,1,baseline,2026-03-21,136.0,224.0,52.50173913043478,88.0,101.0
2026-03-14,04,2,ensemble,2026-03-28,125.0,153.0,22.30130434782609,28.0,112.0
2026-03-14,04,2,baseline,2026-03-28,125.0,224.0,57.993913043478265,99.0,112.0
2026-03-14,04,3,ensemble,2026-04-04,74.0,129.0,32.43130434782609,55.0,163.0
2026-03-14,04,3,baseline,2026-04-04,74.0,224.0,83.08913043478262,150.0,163.0
2026-03-14,05,1,ensemble,2026-03-21,46.0,78.0,17.37,32.0,61.0
2026-03-14,05,1,baseline,2026-03-21,46.0,95.0,27.791304347826095,49.0,61.0
2026-03-14,05,2,ensemble,2026-03-28,31.0,66.0,20.42086956521739,35.0,76.0
2026-03-14,05,2,baseline,2026-03-28,31.0,95.0,35.44434782608696,64.0,76.0
2026-03-14,05,3,ensemble,2026-04-04,22.0,56.0,19.838695652173918,34.0,85.0
2026-03-14,05,3,baseline,2026-04-04,22.0,95.0,39.78695652173913,73.0,85.0
2026-03-14,06,1,ensemble,2026-03-21,701.0,648.0,58.12304347826089,53.0,273.0
2026-03-14,06,1,baseline,2026-03-21,701.0,876.0,111.17739130434782,175.0,273.0
2026-03-14,06,2,ensemble,2026-03-28,426.0,535.0,75.06521739130436,109.0,548.0
2026-03-14,06,2,baseline,2026-03-28,426.0,876.0,255.47913043478258,450.0,548.0
2026-03-14,06,3,ensemble,2026-04-04,309.0,446.0,81.78,137.0,665.0
2026-03-14,06,3,baseline,2026-04-04,309.0,876.0,317.2113043478261,567.0,665.0
2026-03-14,08,1,ensemble,2026-03-21,97.0,76.0,12.493043478260871,21.0,2.0
2026-03-14,08,1,baseline,2026-03-21,97.0,98.0,9.829130434782613,1.0,2.0
2026-03-14,08,2,ensemble,2026-03-28,34.0,68.0,17.84304347826087,34.0,65.0
2026-03-14,08,2,baseline,2026-03-28,34.0,98.0,36.11652173913044,64.0,65.0
2026-03-14,08,3,ensemble,2026-04-04,34.0,58.0,14.007391304347824,24.0,65.0
2026-03-14,08,3,baseline,2026-04-04,34.0,98.0,35.83565217391304,64.0,65.0
2026-03-14,09,1,ensemble,2026-03-21,32.0,29.0,4.543478260869565,3.0,4.0
2026-03-14,09,1,baseline,2026-03-21,32.0,36.0,7.620000000000001,4.0,4.0
2026-03-14,09,2,ensemble,2026-03-28,41.0,26.0,8.024347826086956,15.0,5.0
2026-03-14,09,2,baseline,2026-03-28,41.0,36.0,10.77913043478261,5.0,5.0
2026-03-14,09,3,ensemble,2026-04-04,34.0,24.0,6.523478260869566,10.0,2.0
2026-03-14,09,3,baseline,2026-04-04,34.0,36.0,13.137391304347828,2.0,2.0
2026-03-14,10,1,ensemble,2026-03-21,24.0,23.0,2.9113043478260874,1.0,7.0
2026-03-14,10,1,baseline,2026-03-21,24.0,31.0,4.739565217391304,7.0,7.0
2026-03-14,10,2,ensemble,2026-03-28,4.0,19.0,8.722173913043477,15.0,27.0
2026-03-14,10,2,baseline,2026-03-28,4.0,31.0,15.73695652173913,27.0,27.0
2026-03-14,10,3,ensemble,2026-04-04,7.0,17.0,5.2752173913043485,10.0,24.0
2026-03-14,10,3,baseline,2026-04-04,7.0,31.0,13.518695652173914,24.0,24.0
2026-03-14,11,1,ensemble,2026-03-21,1.0,8.0,4.267391304347826,7.0,11.0
2026-03-14,11,1,baseline,2026-03-21,1.0,10.0,5.309565217391305,9.0,11.0
2026-03-14,11,2,ensemble,2026-03-28,0.0,7.0,4.313478260869566,7.0,12.0
2026-03-14,11,2,baseline,2026-03-28,0.0,10.0,5.950869565217391,10.0,12.0
2026-03-14,11,3,ensemble,2026-04-04,1.0,6.0,3.0834782608695654,5.0,11.0
2026-03-14,11,3,baseline,2026-04-04,1.0,10.0,5.486521739130436,9.0,11.0
2026-03-14,12,1,ensemble,2026-03-21,500.0,651.0,98.97869565217394,151.0,542.0
2026-03-14,12,1,baseline,2026-03-21,500.0,900.0,245.8869565217391,400.0,542.0
2026-03-14,12,2,ensemble,2026-03-28,334.0,542.0,120.67173913043477,208.0,708.0
2026-03-14,12,2,baseline,2026-03-28,334.0,900.0,346.014347826087,566.0,708.0
2026-03-14,12,3,ensemble,2026-04-04,201.0,455.0,161.05695652173912,254.0,841.0
2026-03-14,12,3,baseline,2026-04-04,201.0,900.0,426.824347826087,699.0,841.0
2026-03-14,13,1,ensemble,2026-03-21,101.0,152.0,25.977826086956522,51.0,125.0
2026-03-14,13,1,baseline,2026-03-21,101.0,182.0,48.991304347826095,81.0,125.0
2026-03-14,13,2,ensemble,2026-03-28,55.0,132.0,42.358695652173914,77.0,171.0
2026-03-14,13,2,baseline,2026-03-28,55.0,182.0,73.39695652173914,127.0,171.0
2026-03-14,13,3,ensemble,2026-04-04,73.0,113.0,22.445652173913043,40.0,153.0
2026-03-14,13,3,baseline,2026-04-04,73.0,182.0,63.16434782608697,109.0,153.0
2026-03-14,15,1,ensemble,2026-03-21,24.0,14.0,5.1121739130434785,10.0,6.0
2026-03-14,15,1,baseline,2026-03-21,24.0,18.0,3.525217391304347,6.0,6.0
2026-03-14,15,2,ensemble,2026-03-28,3.0,14.0,5.792173913043479,11.0,15.0
2026-03-14,15,2,baseline,2026-03-28,3.0,18.0,8.24521739130435,15.0,15.0
2026-03-14,15,3,ensemble,2026-04-04,2.0,12.0,5.849565217391304,10.0,16.0
2026-03-14,15,3,baseline,2026-04-04,2.0,18.0,8.54913043478261,16.0,16.0
2026-03-14,16,1,ensemble,2026-03-21,50.0,48.0,5.265217391304348,2.0,18.0
2026-03-14,16,1,baseline,2026-03-21,50.0,61.0,7.605652173913045,11.0,18.0
2026-03-14,16,2,ensemble,2026-03-28,47.0,40.0,5.953043478260869,7.0,21.0
2026-03-14,16,2,baseline,2026-03-28,47.0,61.0,9.82304347826087,14.0,21.0
2026-03-14,16,3,ensemble,2026-04-04,26.0,32.0,5.790434782608697,6.0,42.0
2026-03-14,16,3,baseline,2026-04-04,26.0,61.0,19.52173913043479,35.0,42.0
2026-03-14,17,1,ensemble,2026-03-21,185.0,291.0,53.25173913043479,106.0,196.0
2026-03-14,17,1,baseline,2026-03-21,185.0,362.0,108.22695652173913,177.0,196.0
2026-03-14,17,2,ensemble,2026-03-28,103.0,248.0,85.45869565217392,145.0,278.0
2026-03-14,17,2,baseline,2026-03-28,103.0,362.0,152.24608695652176,259.0,278.0
2026-03-14,17,3,ensemble,2026-04-04,103.0,215.0,61.02913043478261,112.0,278.0
2026-03-14,17,3,baseline,2026-04-04,103.0,362.0,145.28434782608696,259.0,278.0
2026-03-14,18,1,ensemble,2026-03-21,185.0,205.0,20.43,20.0,103.0
2026-03-14,18,1,baseline,2026-03-21,185.0,278.0,56.806086956521746,93.0,103.0
2026-03-14,18,2,ensemble,2026-03-28,58.0,176.0,71.35782608695654,118.0,230.0
2026-03-14,18,2,baseline,2026-03-28,58.0,278.0,131.1713043478261,220.0,230.0
2026-03-14,18,3,ensemble,2026-04-04,56.0,153.0,56.11434782608697,97.0,232.0
2026-03-14,18,3,baseline,2026-04-04,56.0,278.0,126.48434782608697,222.0,232.0
2026-03-14,19,1,ensemble,2026-03-21,68.0,47.0,10.748695652173913,21.0,9.0
2026-03-14,19,1,baseline,2026-03-21,68.0,71.0,6.145217391304348,3.0,9.0
2026-03-14,19,2,ensemble,2026-03-28,28.0,33.0,5.574782608695652,5.0,49.0
2026-03-14,19,2,baseline,2026-03-28,28.0,71.0,24.94086956521739,43.0,49.0
2026-03-14,19,3,ensemble,2026-04-04,20.0,26.0,5.36913043478261,6.0,57.0
2026-03-14,19,3,baseline,2026-04-04,20.0,71.0,28.629130434782606,51.0,57.0
2026-03-14,20,1,ensemble,2026-03-21,45.0,67.0,11.20608695652174,22.0,57.0
2026-03-14,20,1,baseline,2026-03-21,45.0,89.0,26.61391304347826,44.0,57.0
2026-03-14,20,2,ensemble,2026-03-28,17.0,54.0,21.84826086956522,37.0,85.0
2026-03-14,20,2,baseline,2026-03-28,17.0,89.0,42.6208695652174,72.0,85.0
2026-03-14,20,3,ensemble,2026-04-04,14.0,41.0,16.677391304347825,27.0,88.0
2026-03-14,20,3,baseline,2026-04-04,14.0,89.0,42.4391304347826,75.0,88.0
2026-03-14,21,1,ensemble,2026-03-21,122.0,163.0,22.817826086956526,41.0,119.0
2026-03-14,21,1,baseline,2026-03-21,122.0,212.0,54.022608695652174,90.0,119.0
2026-03-14,21,2,ensemble,2026-03-28,64.0,137.0,42.87304347826087,73.0,177.0
2026-03-14,21,2,baseline,2026-03-28,64.0,212.0,87.33739130434783,148.0,177.0
2026-03-14,21,3,ensemble,2026-04-04,51.0,121.0,41.08608695652175,70.0,190.0
2026-03-14,21,3,baseline,2026-04-04,51.0,212.0,91.9786956521739,161.0,190.0
2026-03-14,22,1,ensemble,2026-03-21,98.0,115.0,13.33869565217391,17.0,88.0
2026-03-14,22,1,baseline,2026-03-21,98.0,158.0,34.89652173913044,60.0,88.0
2026-03-14,22,2,ensemble,2026-03-28,38.0,93.0,35.70913043478261,55.0,148.0
2026-03-14,22,2,baseline,2026-03-28,38.0,158.0,69.91565217391306,120.0,148.0
2026-03-14,22,3,ensemble,2026-04-04,26.0,76.0,34.056086956521746,50.0,160.0
2026-03-14,22,3,baseline,2026-04-04,26.0,158.0,75.03869565217391,132.0,160.0
2026-03-14,23,1,ensemble,2026-03-21,26.0,19.0,4.253913043478262,7.0,9.0
2026-03-14,23,1,baseline,2026-03-21,26.0,25.0,3.176521739130435,1.0,9.0
2026-03-14,23,2,ensemble,2026-03-28,10.0,15.0,3.1391304347826092,5.0,25.0
2026-03-14,23,2,baseline,2026-03-28,10.0,25.0,8.961739130434783,15.0,25.0
2026-03-14,23,3,ensemble,2026-04-04,8.0,11.0,2.8373913043478263,3.0,27.0
2026-03-14,23,3,baseline,2026-04-04,8.0,25.0,10.171304347826087,17.0,27.0
2026-03-14,24,1,ensemble,2026-03-21,55.0,39.0,8.888695652173913,16.0,3.0
2026-03-14,24,1,baseline,2026-03-21,55.0,48.0,10.328260869565218,7.0,3.0
2026-03-14,24,2,ensemble,2026-03-28,9.0,33.0,14.587826086956523,24.0,43.0
2026-03-14,24,2,baseline,2026-03-28,9.0,48.0,23.433478260869567,39.0,43.0
2026-03-14,24,3,ensemble,2026-04-04,10.0,30.0,12.31826086956522,20.0,42.0
2026-03-14,24,3,baseline,2026-04-04,10.0,48.0,24.12913043478261,38.0,42.0
2026-03-14,25,1,ensemble,2026-03-21,37.0,49.0,8.173913043478262,12.0,44.0
2026-03-14,25,1,baseline,2026-03-21,37.0,64.0,21.04913043478261,27.0,44.0
2026-03-14,25,2,ensemble,2026-03-28,45.0,43.0,7.655652173913043,2.0,36.0
2026-03-14,25,2,baseline,2026-03-28,45.0,64.0,22.891304347826086,19.0,36.0
2026-03-14,25,3,ensemble,2026-04-04,35.0,34.0,7.700000000000001,1.0,46.0
2026-03-14,25,3,baseline,2026-04-04,35.0,64.0,29.42217391304348,29.0,46.0
2026-03-14,26,1,ensemble,2026-03-21,165.0,190.0,21.619565217391308,25.0,82.0
2026-03-14,26,1,baseline,2026-03-21,165.0,234.0,43.82173913043478,69.0,82.0
2026-03-14,26,2,ensemble,2026-03-28,96.0,162.0,40.49869565217392,66.0,151.0
2026-03-14,26,2,baseline,2026-03-28,96.0,234.0,77.69434782608695,138.0,151.0
2026-03-14,26,3,ensemble,2026-04-04,78.0,138.0,37.6295652173913,60.0,169.0
2026-03-14,26,3,baseline,2026-04-04,78.0,234.0,86.49869565217392,156.0,169.0
2026-03-14,27,1,ensemble,2026-03-21,114.0,114.0,12.71391304347826,0.0,43.0
2026-03-14,27,1,baseline,2026-03-21,114.0,157.0,26.87608695652174,43.0,43.0
2026-03-14,27,2,ensemble,2026-03-28,36.0,97.0,35.901739130434784,61.0,121.0
2026-03-14,27,2,baseline,2026-03-28,36.0,157.0,72.92695652173911,121.0,121.0
2026-03-14,27,3,ensemble,2026-04-04,33.0,84.0,30.168695652173913,51.0,124.0
2026-03-14,27,3,baseline,2026-04-04,33.0,157.0,71.96304347826089,124.0,124.0
2026-03-14,28,1,ensemble,2026-03-21,64.0,103.0,21.02608695652174,39.0,71.0
2026-03-14,28,1,baseline,2026-03-21,64.0,132.0,42.20739130434782,68.0,71.0
2026-03-14,28,2,ensemble,2026-03-28,31.0,89.0,34.69173913043478,58.0,104.0
2026-03-14,28,2,baseline,2026-03-28,31.0,132.0,63.02565217391304,101.0,104.0
2026-03-14,28,3,ensemble,2026-04-04,18.0,75.0,36.83826086956522,57.0,117.0
2026-03-14,28,3,baseline,2026-04-04,18.0,132.0,69.95826086956522,114.0,117.0
2026-03-14,29,1,ensemble,2026-03-21,124.0,153.0,21.33913043478261,29.0,126.0
2026-03-14,29,1,baseline,2026-03-21,124.0,202.0,47.4691304347826,78.0,126.0
2026-03-14,29,2,ensemble,2026-03-28,59.0,120.0,36.735652173913046,61.0,191.0
2026-03-14,29,2,baseline,2026-03-28,59.0,202.0,83.13478260869566,143.0,191.0
2026-03-14,29,3,ensemble,2026-04-04,44.0,100.0,34.29391304347826,56.0,206.0
2026-03-14,29,3,baseline,2026-04-04,44.0,202.0,88.71260869565218,158.0,206.0
2026-03-14,30,1,ensemble,2026-03-21,34.0,24.0,5.321739130434782,10.0,4.0
2026-03-14,30,1,baseline,2026-03-21,34.0,34.0,3.1300000000000003,0.0,4.0
2026-03-14,30,2,ensemble,2026-03-28,13.0,19.0,4.049565217391304,6.0,25.0
2026-03-14,30,2,baseline,2026-03-28,13.0,34.0,11.639565217391304,21.0,25.0
2026-03-14,30,3,ensemble,2026-04-04,14.0,15.0,2.5730434782608698,1.0,24.0
2026-03-14,30,3,baseline,2026-04-04,14.0,34.0,11.10608695652174,20.0,24.0
2026-03-14,31,1,ensemble,2026-03-21,41.0,39.0,4.434347826086958,2.0,18.0
2026-03-14,31,1,baseline,2026-03-21,41.0,53.0,7.570434782608693,12.0,18.0
2026-03-14,31,2,ensemble,2026-03-28,17.0,29.0,7.788695652173913,12.0,42.0
2026-03-14,31,2,baseline,2026-03-28,17.0,53.0,20.541304347826088,36.0,42.0
2026-03-14,31,3,ensemble,2026-04-04,15.0,23.0,5.55,8.0,44.0
2026-03-14,31,3,baseline,2026-04-04,15.0,53.0,21.03,38.0,44.0
2026-03-14,32,1,ensemble,2026-03-21,48.0,40.0,5.7269565217391305,8.0,12.0
2026-03-14,32,1,baseline,2026-03-21,48.0,47.0,5.806086956521739,1.0,12.0
2026-03-14,32,2,ensemble,2026-03-28,45.0,34.0,7.032173913043477,11.0,15.0
2026-03-14,32,2,baseline,2026-03-28,45.0,47.0,8.256956521739129,2.0,15.0
2026-03-14,32,3,ensemble,2026-04-04,34.0,29.0,5.649130434782609,5.0,26.0
2026-03-14,32,3,baseline,2026-04-04,34.0,47.0,11.78086956521739,13.0,26.0
2026-03-14,33,1,ensemble,2026-03-21,27.0,20.0,4.294347826086956,7.0,8.0
2026-03-14,33,1,baseline,2026-03-21,27.0,26.0,2.963478260869566,1.0,8.0
2026-03-14,33,2,ensemble,2026-03-28,15.0,16.0,2.949130434782608,1.0,20.0
2026-03-14,33,2,baseline,2026-03-28,15.0,26.0,6.985217391304348,11.0,20.0
2026-03-14,33,3,ensemble,2026-04-04,17.0,14.0,3.2334782608695654,3.0,18.0
2026-03-14,33,3,baseline,2026-04-04,17.0,26.0,6.896521739130436,9.0,18.0
2026-03-14,34,1,ensemble,2026-03-21,161.0,135.0,17.749565217391304,26.0,12.0
2026-03-14,34,1,baseline,2026-03-21,161.0,173.0,22.156521739130437,12.0,12.0
2026-03-14,34,2,ensemble,2026-03-28,63.0,114.0,30.220434782608702,51.0,110.0
2026-03-14,34,2,baseline,2026-03-28,63.0,173.0,63.7804347826087,110.0,110.0
2026-03-14,34,3,ensemble,2026-04-04,65.0,99.0,22.74,34.0,108.0
2026-03-14,34,3,baseline,2026-04-04,65.0,173.0,64.14434782608696,108.0,108.0
2026-03-14,35,1,ensemble,2026-03-21,48.0,42.0,5.741739130434783,6.0,20.0
2026-03-14,35,1,baseline,2026-03-21,48.0,55.0,7.022608695652176,7.0,20.0
2026-03-14,35,2,ensemble,2026-03-28,13.0,35.0,11.97913043478261,22.0,55.0
2026-03-14,35,2,baseline,2026-03-28,13.0,55.0,23.761739130434783,42.0,55.0
2026-03-14,35,3,ensemble,2026-04-04,11.0,30.0,10.020434782608698,19.0,57.0
2026-03-14,35,3,baseline,2026-04-04,11.0,55.0,24.103478260869565,44.0,57.0
2026-03-14,36,1,ensemble,2026-03-21,252.0,168.0,42.23652173913044,84.0,7.0
2026-03-14,36,1,baseline,2026-03-21,252.0,211.0,42.81217391304349,41.0,7.0
2026-03-14,36,2,ensemble,2026-03-28,190.0,151.0,28.409565217391307,39.0,69.0
2026-03-14,36,2,baseline,2026-03-28,190.0,211.0,53.27260869565218,21.0,69.0
2026-03-14,36,3,ensemble,2026-04-04,217.0,138.0,41.24,79.0,42.0
2026-03-14,36,3,baseline,2026-04-04,217.0,211.0,64.87956521739132,6.0,42.0
2026-03-14,37,1,ensemble,2026-03-21,88.0,127.0,22.987826086956527,39.0,117.0
2026-03-14,37,1,baseline,2026-03-21,88.0,175.0,52.53521739130434,87.0,117.0
2026-03-14,37,2,ensemble,2026-03-28,50.0,104.0,33.15260869565218,54.0,155.0
2026-03-14,37,2,baseline,2026-03-28,50.0,175.0,72.37565217391305,125.0,155.0
2026-03-14,37,3,ensemble,2026-04-04,39.0,84.0,30.363043478260867,45.0,166.0
2026-03-14,37,3,baseline,2026-04-04,39.0,175.0,78.75826086956523,136.0,166.0
2026-03-14,38,1,ensemble,2026-03-21,24.0,20.0,3.1847826086956528,4.0,3.0
2026-03-14,38,1,baseline,2026-03-21,24.0,26.0,2.601304347826087,2.0,3.0
2026-03-14,38,2,ensemble,2026-03-28,15.0,17.0,2.8173913043478267,2.0,12.0
2026-03-14,38,2,baseline,2026-03-28,15.0,26.0,6.262173913043478,11.0,12.0
2026-03-14,38,3,ensemble,2026-04-04,10.0,14.0,3.014347826086957,4.0,17.0
2026-03-14,38,3,baseline,2026-04-04,10.0,26.0,8.641304347826086,16.0,17.0
2026-03-14,39,1,ensemble,2026-03-21,257.0,321.0,38.88565217391305,64.0,202.0
2026-03-14,39,1,baseline,2026-03-21,257.0,444.0,113.80565217391303,187.0,202.0
2026-03-14,39,2,ensemble,2026-03-28,60.0,270.0,137.20217391304348,210.0,399.0
2026-03-14,39,2,baseline,2026-03-28,60.0,444.0,229.76521739130433,384.0,399.0
2026-03-14,39,3,ensemble,2026-04-04,35.0,230.0,123.28391304347826,195.0,424.0
2026-03-14,39,3,baseline,2026-04-04,35.0,444.0,234.71999999999997,409.0,424.0
2026-03-14,40,1,ensemble,2026-03-21,67.0,94.0,14.991739130434786,27.0,89.0
2026-03-14,40,1,baseline,2026-03-21,67.0,116.0,29.520000000000003,49.0,89.0
2026-03-14,40,2,ensemble,2026-03-28,23.0,81.0,34.90173913043478,58.0,133.0
2026-03-14,40,2,baseline,2026-03-28,23.0,116.0,53.45434782608695,93.0,133.0
2026-03-14,40,3,ensemble,2026-04-04,45.0,70.0,16.27695652173913,25.0,111.0
2026-03-14,40,3,baseline,2026-04-04,45.0,116.0,40.72304347826088,71.0,111.0
2026-03-14,41,1,ensemble,2026-03-21,49.0,66.0,10.755652173913044,17.0,98.0
2026-03-14,41,1,baseline,2026-03-21,49.0,81.0,19.93739130434783,32.0,98.0
2026-03-14,41,2,ensemble,2026-03-28,24.0,47.0,13.769130434782609,23.0,123.0
2026-03-14,41,2,baseline,2026-03-28,24.0,81.0,33.160000000000004,57.0,123.0
2026-03-14,41,3,ensemble,2026-04-04,13.0,37.0,14.563913043478262,24.0,134.0
2026-03-14,41,3,baseline,2026-04-04,13.0,81.0,38.10826086956523,68.0,134.0
2026-03-14,42,1,ensemble,2026-03-21,684.0,682.0,51.90260869565216,2.0,170.0
2026-03-14,42,1,baseline,2026-03-21,684.0,884.0,122.39869565217391,200.0,170.0
2026-03-14,42,2,ensemble,2026-03-28,377.0,591.0,123.09260869565216,214.0,477.0
2026-03-14,42,2,baseline,2026-03-28,377.0,884.0,307.09130434782605,507.0,477.0
2026-03-14,42,3,ensemble,2026-04-04,487.0,519.0,61.80739130434783,32.0,367.0
2026-03-14,42,3,baseline,2026-04-04,487.0,884.0,226.75478260869568,397.0,367.0
2026-03-14,44,1,ensemble,2026-03-21,11.0,9.0,1.9708695652173918,2.0,6.0
2026-03-14,44,1,baseline,2026-03-21,11.0,12.0,2.276086956521739,1.0,6.0
2026-03-14,44,2,ensemble,2026-03-28,11.0,8.0,2.321739130434782,3.0,6.0
2026-03-14,44,2,baseline,2026-03-28,11.0,12.0,3.25608695652174,1.0,6.0
2026-03-14,44,3,ensemble,2026-04-04,16.0,6.0,4.7065217391304355,10.0,1.0
2026-03-14,44,3,baseline,2026-04-04,16.0,12.0,4.463478260869566,4.0,1.0
2026-03-14,45,1,ensemble,2026-03-21,53.0,99.0,26.410869565217393,46.0,43.0
2026-03-14,45,1,baseline,2026-03-21,53.0,138.0,52.243043478260866,85.0,43.0
2026-03-14,45,2,ensemble,2026-03-28,15.0,83.0,46.20782608695651,68.0,81.0
2026-03-14,45,2,baseline,2026-03-28,15.0,138.0,74.14000000000001,123.0,81.0
2026-03-14,45,3,ensemble,2026-04-04,13.0,72.0,37.51869565217391,59.0,83.0
2026-03-14,45,3,baseline,2026-04-04,13.0,138.0,71.4821739130435,125.0,83.0
2026-03-14,46,1,ensemble,2026-03-21,27.0,27.0,2.941304347826087,0.0,13.0
2026-03-14,46,1,baseline,2026-03-21,27.0,38.0,6.394347826086956,11.0,13.0
2026-03-14,46,2,ensemble,2026-03-28,13.0,21.0,5.175217391304349,8.0,27.0
2026-03-14,46,2,baseline,2026-03-28,13.0,38.0,14.722173913043479,25.0,27.0
2026-03-14,46,3,ensemble,2026-04-04,11.0,21.0,5.349565217391304,10.0,29.0
2026-03-14,46,3,baseline,2026-04-04,11.0,38.0,15.260000000000002,27.0,29.0
2026-03-14,47,1,ensemble,2026-03-21,145.0,147.0,13.720434782608695,2.0,54.0
2026-03-14,47,1,baseline,2026-03-21,145.0,198.0,32.052173913043475,53.0,54.0
2026-03-14,47,2,ensemble,2026-03-28,81.0,121.0,24.468695652173917,40.0,118.0
2026-03-14,47,2,baseline,2026-03-28,81.0,198.0,67.37913043478262,117.0,118.0
2026-03-14,47,3,ensemble,2026-04-04,63.0,104.0,23.44782608695653,41.0,136.0
2026-03-14,47,3,baseline,2026-04-04,63.0,198.0,76.19652173913043,135.0,136.0
2026-03-14,48,1,ensemble,2026-03-21,415.0,459.0,41.05913043478261,44.0,313.0
2026-03-14,48,1,baseline,2026-03-21,415.0,596.0,106.54826086956523,181.0,313.0
2026-03-14,48,2,ensemble,2026-03-28,255.0,402.0,78.97260869565218,147.0,473.0
2026-03-14,48,2,baseline,2026-03-28,255.0,596.0,189.5282608695652,341.0,473.0
2026-03-14,48,3,ensemble,2026-04-04,176.0,340.0,91.92130434782611,164.0,552.0
2026-03-14,48,3,baseline,2026-04-04,176.0,596.0,230.02260869565222,420.0,552.0
2026-03-14,49,1,ensemble,2026-03-21,49.0,12.0,24.548260869565222,37.0,30.0
2026-03-14,49,1,baseline,2026-03-21,49.0,19.0,17.94913043478261,30.0,30.0
2026-03-14,49,2,ensemble,2026-03-28,8.0,10.0,2.2491304347826095,2.0,11.0
2026-03-14,49,2,baseline,2026-03-28,8.0,19.0,7.051304347826089,11.0,11.0
2026-03-14,49,3,ensemble,2026-04-04,3.0,8.0,3.050869565217391,5.0,16.0
2026-03-14,49,3,baseline,2026-04-04,3.0,19.0,9.275652173913045,16.0,16.0
2026-03-14,50,1,ensemble,2026-03-21,6.0,11.0,2.6808695652173915,5.0,9.0
2026-03-14,50,1,baseline,2026-03-21,6.0,15.0,5.272608695652174,9.0,9.0
2026-03-14,50,2,ensemble,2026-03-28,11.0,10.0,1.7404347826086957,1.0,4.0
2026-03-14,50,2,baseline,2026-03-28,11.0,15.0,2.747826086956522,4.0,4.0
2026-03-14,50,3,ensemble,2026-04-04,7.0,8.0,1.8647826086956525,1.0,8.0
2026-03-14,50,3,baseline,2026-04-04,7.0,15.0,4.5752173913043475,8.0,8.0
2026-03-14,51,1,ensemble,2026-03-21,89.0,136.0,25.089565217391307,47.0,98.0
2026-03-14,51,1,baseline,2026-03-21,89.0,169.0,47.02130434782609,80.0,98.0
2026-03-14,51,2,ensemble,2026-03-28,32.0,117.0,53.05304347826087,85.0,155.0
2026-03-14,51,2,baseline,2026-03-28,32.0,169.0,77.18782608695653,137.0,155.0
2026-03-14,51,3,ensemble,2026-04-04,27.0,100.0,45.146086956521735,73.0,160.0
2026-03-14,51,3,baseline,2026-04-04,27.0,169.0,77.7604347826087,142.0,160.0
2026-03-14,53,1,ensemble,2026-03-21,79.0,120.0,22.16434782608696,41.0,79.0
2026-03-14,53,1,baseline,2026-03-21,79.0,156.0,47.51565217391304,77.0,79.0
2026-03-14,53,2,ensemble,2026-03-28,48.0,105.0,33.096086956521745,57.0,110.0
2026-03-14,53,2,baseline,2026-03-28,48.0,156.0,65.11434782608696,108.0,110.0
2026-03-14,53,3,ensemble,2026-04-04,55.0,88.0,19.123478260869568,33.0,103.0
2026-03-14,53,3,baseline,2026-04-04,55.0,156.0,58.14608695652174,101.0,103.0
2026-03-14,54,1,ensemble,2026-03-21,68.0,69.0,7.669130434782612,1.0,34.0
2026-03-14,54,1,baseline,2026-03-21,68.0,96.0,16.687826086956523,28.0,34.0
2026-03-14,54,2,ensemble,2026-03-28,24.0,63.0,21.76695652173913,39.0,78.0
2026-03-14,54,2,baseline,2026-03-28,24.0,96.0,42.07086956521739,72.0,78.0
2026-03-14,54,3,ensemble,2026-04-04,18.0,51.0,18.473478260869566,33.0,84.0
2026-03-14,54,3,baseline,2026-04-04,18.0,96.0,44.393913043478264,78.0,84.0
2026-03-14,55,1,ensemble,2026-03-21,137.0,121.0,14.175217391304352,16.0,29.0
2026-03-14,55,1,baseline,2026-03-21,137.0,164.0,19.198695652173917,27.0,29.0
2026-03-14,55,2,ensemble,2026-03-28,100.0,107.0,14.487391304347826,7.0,66.0
2026-03-14,55,2,baseline,2026-03-28,100.0,164.0,38.27260869565218,64.0,66.0
2026-03-14,55,3,ensemble,2026-04-04,71.0,90.0,16.25739130434783,19.0,95.0
2026-03-14,55,3,baseline,2026-04-04,71.0,164.0,52.98173913043479,93.0,95.0
2026-03-14,56,1,ensemble,2026-03-21,13.0,7.0,2.951304347826087,6.0,3.0
2026-03-14,56,1,baseline,2026-03-21,13.0,9.0,2.6443478260869564,4.0,3.0
2026-03-14,56,2,ensemble,2026-03-28,4.0,7.0,1.8669565217391304,3.0,6.0
2026-03-14,56,2,baseline,2026-03-28,4.0,9.0,3.5556521739130442,5.0,6.0
2026-03-14,56,3,ensemble,2026-04-04,10.0,6.0,2.3760869565217395,4.0,0.0
2026-03-14,56,3,baseline,2026-04-04,10.0,9.0,3.4173913043478263,1.0,0.0
2026-03-21,01,1,ensemble,2026-03-28,45.0,53.0,7.024782608695653,8.0,60.0
2026-03-21,01,1,baseline,2026-03-28,45.0,79.0,20.798695652173915,34.0,60.0
2026-03-21,01,2,ensemble,2026-04-04,30.0,42.0,8.140434782608695,12.0,75.0
2026-03-21,01,2,baseline,2026-04-04,30.0,79.0,28.50565217391304,49.0,75.0
2026-03-21,01,3,ensemble,2026-04-11,33.0,36.0,6.615652173913045,3.0,72.0
2026-03-21,01,3,baseline,2026-04-11,33.0,79.0,28.035652173913046,46.0,72.0
2026-03-21,02,1,ensemble,2026-03-28,9.0,7.0,1.5373913043478264,2.0,4.0
2026-03-21,02,1,baseline,2026-03-28,9.0,8.0,1.759130434782609,1.0,4.0
2026-03-21,02,2,ensemble,2026-04-04,7.0,6.0,1.4113043478260874,1.0,6.0
2026-03-21,02,2,baseline,2026-04-04,7.0,8.0,2.217826086956522,1.0,6.0
2026-03-21,02,3,ensemble,2026-04-11,10.0,6.0,2.4234782608695653,4.0,3.0
2026-03-21,02,3,baseline,2026-04-11,10.0,8.0,2.6743478260869566,2.0,3.0
2026-03-21,04,1,ensemble,2026-03-28,125.0,150.0,18.14826086956522,25.0,71.0
2026-03-21,04,1,baseline,2026-03-28,125.0,193.0,41.32956521739131,68.0,71.0
2026-03-21,04,2,ensemble,2026-04-04,74.0,132.0,30.738695652173913,58.0,122.0
2026-03-21,04,2,baseline,2026-04-04,74.0,193.0,67.55086956521741,119.0,122.0
2026-03-21,04,3,ensemble,2026-04-11,67.0,116.0,26.759565217391305,49.0,129.0
2026-03-21,04,3,baseline,2026-04-11,67.0,193.0,71.05260869565218,126.0,129.0
2026-03-21,05,1,ensemble,2026-03-28,31.0,48.0,10.86913043478261,17.0,47.0
2026-03-21,05,1,baseline,2026-03-28,31.0,71.0,22.612608695652174,40.0,47.0
2026-03-21,05,2,ensemble,2026-04-04,22.0,41.0,11.222608695652173,19.0,56.0
2026-03-21,05,2,baseline,2026-04-04,22.0,71.0,26.98652173913044,49.0,56.0
2026-03-21,05,3,ensemble,2026-04-11,9.0,33.0,14.71391304347826,24.0,69.0
2026-03-21,05,3,baseline,2026-04-11,9.0,71.0,33.2108695652174,62.0,69.0
2026-03-21,06,1,ensemble,2026-03-28,426.0,401.0,37.902173913043484,25.0,245.0
2026-03-21,06,1,baseline,2026-03-28,426.0,600.0,109.24391304347827,174.0,245.0
2026-03-21,06,2,ensemble,2026-04-04,309.0,314.0,39.866521739130434,5.0,362.0
2026-03-21,06,2,baseline,2026-04-04,309.0,600.0,166.67956521739129,291.0,362.0
2026-03-21,06,3,ensemble,2026-04-11,259.0,272.0,38.94173913043478,13.0,412.0
2026-03-21,06,3,baseline,2026-04-11,259.0,600.0,189.6095652173913,341.0,412.0
2026-03-21,08,1,ensemble,2026-03-28,34.0,80.0,26.251304347826096,46.0,76.0
2026-03-21,08,1,baseline,2026-03-28,34.0,105.0,42.42130434782609,71.0,76.0
2026-03-21,08,2,ensemble,2026-04-04,34.0,76.0,21.3404347826087,42.0,76.0
2026-03-21,08,2,baseline,2026-04-04,34.0,105.0,40.3004347826087,71.0,76.0
2026-03-21,08,3,ensemble,2026-04-11,25.0,66.0,22.03391304347826,41.0,85.0
2026-03-21,08,3,baseline,2026-04-11,25.0,105.0,44.29956521739131,80.0,85.0
2026-03-21,09,1,ensemble,2026-03-28,41.0,30.0,6.2339130434782595,11.0,5.0
2026-03-21,09,1,baseline,2026-03-28,41.0,36.0,7.74608695652174,5.0,5.0
2026-03-21,09,2,ensemble,2026-04-04,34.0,28.0,4.633913043478262,6.0,2.0
2026-03-21,09,2,baseline,2026-04-04,34.0,36.0,10.544347826086959,2.0,2.0
2026-03-21,09,3,ensemble,2026-04-11,29.0,25.0,4.366956521739132,4.0,7.0
2026-03-21,09,3,baseline,2026-04-11,29.0,36.0,13.405217391304346,7.0,7.0
2026-03-21,10,1,ensemble,2026-03-28,4.0,24.0,13.204347826086956,20.0,34.0
2026-03-21,10,1,baseline,2026-03-28,4.0,37.0,21.13391304347826,33.0,34.0
2026-03-21,10,2,ensemble,2026-04-04,7.0,21.0,7.735652173913043,14.0,31.0
2026-03-21,10,2,baseline,2026-04-04,7.0,37.0,17.72826086956522,30.0,31.0
2026-03-21,10,3,ensemble,2026-04-11,6.0,17.0,6.349565217391305,11.0,32.0
2026-03-21,10,3,baseline,2026-04-11,6.0,37.0,17.629565217391306,31.0,32.0
2026-03-21,11,1,ensemble,2026-03-28,0.0,3.0,1.9686956521739132,3.0,8.0
2026-03-21,11,1,baseline,2026-03-28,0.0,3.0,2.4821739130434786,3.0,8.0
2026-03-21,11,2,ensemble,2026-04-04,1.0,3.0,1.2991304347826087,2.0,7.0
2026-03-21,11,2,baseline,2026-04-04,1.0,3.0,2.556956521739131,2.0,7.0
2026-03-21,11,3,ensemble,2026-04-11,1.0,3.0,1.215217391304348,2.0,7.0
2026-03-21,11,3,baseline,2026-04-11,1.0,3.0,3.0708695652173925,2.0,7.0
2026-03-21,12,1,ensemble,2026-03-28,334.0,414.0,48.88,80.0,407.0
2026-03-21,12,1,baseline,2026-03-28,334.0,598.0,154.8091304347826,264.0,407.0
2026-03-21,12,2,ensemble,2026-04-04,201.0,356.0,84.72695652173914,155.0,540.0
2026-03-21,12,2,baseline,2026-04-04,201.0,598.0,227.755652173913,397.0,540.0
2026-03-21,12,3,ensemble,2026-04-11,155.0,304.0,78.47217391304348,149.0,586.0
2026-03-21,12,3,baseline,2026-04-11,155.0,598.0,246.11652173913052,443.0,586.0
2026-03-21,13,1,ensemble,2026-03-28,55.0,93.0,20.326521739130435,38.0,97.0
2026-03-21,13,1,baseline,2026-03-28,55.0,124.0,41.57347826086956,69.0,97.0
2026-03-21,13,2,ensemble,2026-04-04,73.0,74.0,11.607391304347825,1.0,79.0
2026-03-21,13,2,baseline,2026-04-04,73.0,124.0,34.75782608695651,51.0,79.0
2026-03-21,13,3,ensemble,2026-04-11,42.0,63.0,14.263478260869567,21.0,110.0
2026-03-21,13,3,baseline,2026-04-11,42.0,124.0,49.64086956521739,82.0,110.0
2026-03-21,15,1,ensemble,2026-03-28,3.0,14.0,7.039130434782609,11.0,16.0
2026-03-21,15,1,baseline,2026-03-28,3.0,17.0,7.939565217391304,14.0,16.0
2026-03-21,15,2,ensemble,2026-04-04,2.0,14.0,6.955652173913043,12.0,17.0
2026-03-21,15,2,baseline,2026-04-04,2.0,17.0,8.220434782608697,15.0,17.0
2026-03-21,15,3,ensemble,2026-04-11,4.0,13.0,4.992608695652174,9.0,15.0
2026-03-21,15,3,baseline,2026-04-11,4.0,17.0,6.897391304347826,13.0,15.0
2026-03-21,16,1,ensemble,2026-03-28,47.0,13.0,21.43956521739131,34.0,28.0
2026-03-21,16,1,baseline,2026-03-28,47.0,16.0,17.304782608695653,31.0,28.0
2026-03-21,16,2,ensemble,2026-04-04,26.0,11.0,7.906521739130435,15.0,49.0
2026-03-21,16,2,baseline,2026-04-04,26.0,16.0,7.2034782608695656,10.0,49.0
2026-03-21,16,3,ensemble,2026-04-11,15.0,9.0,3.6043478260869564,6.0,60.0
2026-03-21,16,3,baseline,2026-04-11,15.0,16.0,7.161739130434783,1.0,60.0
2026-03-21,17,1,ensemble,2026-03-28,103.0,159.0,30.835652173913044,56.0,137.0
2026-03-21,17,1,baseline,2026-03-28,103.0,223.0,72.2004347826087,120.0,137.0
2026-03-21,17,2,ensemble,2026-04-04,103.0,122.0,20.381739130434788,19.0,137.0
2026-03-21,17,2,baseline,2026-04-04,103.0,223.0,70.9804347826087,120.0,137.0
2026-03-21,17,3,ensemble,2026-04-11,96.0,107.0,18.751739130434785,11.0,144.0
2026-03-21,17,3,baseline,2026-04-11,96.0,223.0,74.92739130434782,127.0,144.0
2026-03-21,18,1,ensemble,2026-03-28,58.0,168.0,66.83782608695653,110.0,188.0
2026-03-21,18,1,baseline,2026-03-28,58.0,233.0,108.95695652173912,175.0,188.0
2026-03-21,18,2,ensemble,2026-04-04,56.0,139.0,48.96260869565217,83.0,190.0
2026-03-21,18,2,baseline,2026-04-04,56.0,233.0,103.10826086956521,177.0,190.0
2026-03-21,18,3,ensemble,2026-04-11,32.0,118.0,52.15652173913045,86.0,214.0
2026-03-21,18,3,baseline,2026-04-11,32.0,233.0,112.80304347826086,201.0,214.0
2026-03-21,19,1,ensemble,2026-03-28,28.0,61.0,18.43173913043478,33.0,84.0
2026-03-21,19,1,baseline,2026-03-28,28.0,101.0,46.366956521739134,73.0,84.0
2026-03-21,19,2,ensemble,2026-04-04,20.0,53.0,17.58739130434783,33.0,92.0
2026-03-21,19,2,baseline,2026-04-04,20.0,101.0,48.33869565217392,81.0,92.0
2026-03-21,19,3,ensemble,2026-04-11,17.0,42.0,13.10086956521739,25.0,95.0
2026-03-21,19,3,baseline,2026-04-11,17.0,101.0,48.07608695652175,84.0,95.0
2026-03-21,20,1,ensemble,2026-03-28,17.0,34.0,9.94,17.0,45.0
2026-03-21,20,1,baseline,2026-03-28,17.0,53.0,21.24695652173913,36.0,45.0
2026-03-21,20,2,ensemble,2026-04-04,14.0,26.0,7.1052173913043495,12.0,48.0
2026-03-21,20,2,baseline,2026-04-04,14.0,53.0,22.112173913043478,39.0,48.0
2026-03-21,20,3,ensemble,2026-04-11,11.0,18.0,5.4504347826086965,7.0,51.0
2026-03-21,20,3,baseline,2026-04-11,11.0,53.0,23.410434782608696,42.0,51.0
2026-03-21,21,1,ensemble,2026-03-28,64.0,130.0,38.565652173913044,66.0,157.0
2026-03-21,21,1,baseline,2026-03-28,64.0,181.0,71.45608695652174,117.0,157.0
2026-03-21,21,2,ensemble,2026-04-04,51.0,104.0,33.56913043478261,53.0,170.0
2026-03-21,21,2,baseline,2026-04-04,51.0,181.0,75.33608695652175,130.0,170.0
2026-03-21,21,3,ensemble,2026-04-11,37.0,88.0,30.81782608695652,51.0,184.0
2026-03-21,21,3,baseline,2026-04-11,37.0,181.0,80.75521739130436,144.0,184.0
2026-03-21,22,1,ensemble,2026-03-28,38.0,92.0,32.17521739130434,54.0,101.0
2026-03-21,22,1,baseline,2026-03-28,38.0,132.0,56.66260869565217,94.0,101.0
2026-03-21,22,2,ensemble,2026-04-04,26.0,75.0,31.3495652173913,49.0,113.0
2026-03-21,22,2,baseline,2026-04-04,26.0,132.0,60.85695652173913,106.0,113.0
2026-03-21,22,3,ensemble,2026-04-11,22.0,62.0,26.58739130434783,40.0,117.0
2026-03-21,22,3,baseline,2026-04-11,22.0,132.0,60.59304347826087,110.0,117.0
2026-03-21,23,1,ensemble,2026-03-28,10.0,18.0,4.922173913043479,8.0,20.0
2026-03-21,23,1,baseline,2026-03-28,10.0,28.0,10.62913043478261,18.0,20.0
2026-03-21,23,2,ensemble,2026-04-04,8.0,15.0,4.297826086956522,7.0,22.0
2026-03-21,23,2,baseline,2026-04-04,8.0,28.0,11.485652173913042,20.0,22.0
2026-03-21,23,3,ensemble,2026-04-11,6.0,13.0,4.020869565217391,7.0,24.0
2026-03-21,23,3,baseline,2026-04-11,6.0,28.0,12.51304347826087,22.0,24.0
2026-03-21,24,1,ensemble,2026-03-28,9.0,36.0,16.17347826086957,27.0,45.0
2026-03-21,24,1,baseline,2026-03-28,9.0,49.0,23.487391304347828,40.0,45.0
2026-03-21,24,2,ensemble,2026-04-04,10.0,33.0,13.247391304347829,23.0,44.0
2026-03-21,24,2,baseline,2026-04-04,10.0,49.0,23.436521739130438,39.0,44.0
2026-03-21,24,3,ensemble,2026-04-11,9.0,30.0,11.496086956521738,21.0,45.0
2026-03-21,24,3,baseline,2026-04-11,9.0,49.0,24.80434782608696,40.0,45.0
2026-03-21,25,1,ensemble,2026-03-28,45.0,44.0,6.076086956521739,1.0,12.0
2026-03-21,25,1,baseline,2026-03-28,45.0,51.0,13.913913043478265,6.0,12.0
2026-03-21,25,2,ensemble,2026-04-04,35.0,41.0,6.646521739130434,6.0,22.0
2026-03-21,25,2,baseline,2026-04-04,35.0,51.0,21.402608695652173,16.0,22.0
2026-03-21,25,3,ensemble,2026-04-11,51.0,38.0,9.122608695652175,13.0,6.0
2026-03-21,25,3,baseline,2026-04-11,51.0,51.0,24.874782608695654,0.0,6.0
2026-03-21,26,1,ensemble,2026-03-28,96.0,154.0,31.81913043478261,58.0,121.0
2026-03-21,26,1,baseline,2026-03-28,96.0,204.0,63.40043478260872,108.0,121.0
2026-03-21,26,2,ensemble,2026-04-04,78.0,130.0,29.602173913043476,52.0,139.0
2026-03-21,26,2,baseline,2026-04-04,78.0,204.0,71.54826086956521,126.0,139.0
2026-03-21,26,3,ensemble,2026-04-11,72.0,110.0,24.00913043478261,38.0,145.0
2026-03-21,26,3,baseline,2026-04-11,72.0,204.0,74.43521739130436,132.0,145.0
2026-03-21,27,1,ensemble,2026-03-28,36.0,91.0,31.71739130434782,55.0,94.0
2026-03-21,27,1,baseline,2026-03-28,36.0,127.0,56.90130434782608,91.0,94.0
2026-03-21,27,2,ensemble,2026-04-04,33.0,77.0,24.31521739130435,44.0,97.0
2026-03-21,27,2,baseline,2026-04-04,33.0,127.0,55.30391304347827,94.0,97.0
2026-03-21,27,3,ensemble,2026-04-11,25.0,63.0,21.203913043478263,38.0,105.0
2026-03-21,27,3,baseline,2026-04-11,25.0,127.0,57.97913043478261,102.0,105.0
2026-03-21,28,1,ensemble,2026-03-28,31.0,69.0,22.875652173913043,38.0,69.0
2026-03-21,28,1,baseline,2026-03-28,31.0,100.0,42.840869565217396,69.0,69.0
2026-03-21,28,2,ensemble,2026-04-04,18.0,57.0,24.55652173913043,39.0,82.0
2026-03-21,28,2,baseline,2026-04-04,18.0,100.0,48.83391304347826,82.0,82.0
2026-03-21,28,3,ensemble,2026-04-11,13.0,49.0,22.92217391304348,36.0,87.0
2026-03-21,28,3,baseline,2026-04-11,13.0,100.0,49.88652173913043,87.0,87.0
2026-03-21,29,1,ensemble,2026-03-28,59.0,128.0,41.349130434782616,69.0,162.0
2026-03-21,29,1,baseline,2026-03-28,59.0,191.0,81.52782608695652,132.0,162.0
2026-03-21,29,2,ensemble,2026-04-04,44.0,107.0,37.22391304347826,63.0,177.0
2026-03-21,29,2,baseline,2026-04-04,44.0,191.0,85.81434782608697,147.0,177.0
2026-03-21,29,3,ensemble,2026-04-11,37.0,88.0,29.861304347826085,51.0,184.0
2026-03-21,29,3,baseline,2026-04-11,37.0,191.0,86.66478260869566,154.0,184.0
2026-03-21,30,1,ensemble,2026-03-28,13.0,34.0,11.14304347826087,21.0,38.0
2026-03-21,30,1,baseline,2026-03-28,13.0,47.0,21.035652173913043,34.0,38.0
2026-03-21,30,2,ensemble,2026-04-04,14.0,29.0,7.605217391304349,15.0,37.0
2026-03-21,30,2,baseline,2026-04-04,14.0,47.0,18.835652173913047,33.0,37.0
2026-03-21,30,3,ensemble,2026-04-11,9.0,24.0,7.700000000000001,15.0,42.0
2026-03-21,30,3,baseline,2026-04-11,9.0,47.0,21.297826086956523,38.0,42.0
2026-03-21,31,1,ensemble,2026-03-28,17.0,34.0,8.81304347826087,17.0,37.0
2026-03-21,31,1,baseline,2026-03-28,17.0,50.0,20.00565217391304,33.0,37.0
2026-03-21,31,2,ensemble,2026-04-04,15.0,27.0,6.5569565217391315,12.0,39.0
2026-03-21,31,2,baseline,2026-04-04,15.0,50.0,19.796521739130437,35.0,39.0
2026-03-21,31,3,ensemble,2026-04-11,9.0,22.0,7.419999999999997,13.0,45.0
2026-03-21,31,3,baseline,2026-04-11,9.0,50.0,22.676521739130433,41.0,45.0
2026-03-21,32,1,ensemble,2026-03-28,45.0,40.0,4.614782608695652,5.0,6.0
2026-03-21,32,1,baseline,2026-03-28,45.0,50.0,6.26217391304348,5.0,6.0
2026-03-21,32,2,ensemble,2026-04-04,34.0,33.0,4.558695652173913,1.0,17.0
2026-03-21,32,2,baseline,2026-04-04,34.0,50.0,11.16521739130435,16.0,17.0
2026-03-21,32,3,ensemble,2026-04-11,21.0,30.0,5.899565217391304,9.0,30.0
2026-03-21,32,3,baseline,2026-04-11,21.0,50.0,16.85217391304348,29.0,30.0
2026-03-21,33,1,ensemble,2026-03-28,15.0,12.0,2.4582608695652177,3.0,6.0
2026-03-21,33,1,baseline,2026-03-28,15.0,17.0,2.9230434782608703,2.0,6.0
2026-03-21,33,2,ensemble,2026-04-04,17.0,9.0,4.447391304347827,8.0,4.0
2026-03-21,33,2,baseline,2026-04-04,17.0,17.0,3.912173913043479,0.0,4.0
2026-03-21,33,3,ensemble,2026-04-11,6.0,7.0,2.0173913043478264,1.0,15.0
2026-03-21,33,3,baseline,2026-04-11,6.0,17.0,7.202608695652174,11.0,15.0
2026-03-21,34,1,ensemble,2026-03-28,63.0,126.0,35.401739130434784,63.0,108.0
2026-03-21,34,1,baseline,2026-03-28,63.0,171.0,63.69652173913043,108.0,108.0
2026-03-21,34,2,ensemble,2026-04-04,65.0,115.0,29.154347826086966,50.0,106.0
2026-03-21,34,2,baseline,2026-04-04,65.0,171.0,61.763478260869576,106.0,106.0
2026-03-21,34,3,ensemble,2026-04-11,53.0,102.0,28.084347826086958,49.0,118.0
2026-03-21,34,3,baseline,2026-04-11,53.0,171.0,68.02434782608697,118.0,118.0
2026-03-21,35,1,ensemble,2026-03-28,13.0,38.0,15.10217391304348,25.0,48.0
2026-03-21,35,1,baseline,2026-03-28,13.0,54.0,24.358695652173914,41.0,48.0
2026-03-21,35,2,ensemble,2026-04-04,11.0,31.0,12.324782608695651,20.0,50.0
2026-03-21,35,2,baseline,2026-04-04,11.0,54.0,24.335652173913044,43.0,50.0
2026-03-21,35,3,ensemble,2026-04-11,9.0,26.0,10.26913043478261,17.0,52.0
2026-03-21,35,3,baseline,2026-04-11,9.0,54.0,24.72347826086957,45.0,52.0
2026-03-21,36,1,ensemble,2026-03-28,190.0,191.0,23.070000000000004,1.0,80.0
2026-03-21,36,1,baseline,2026-03-28,190.0,244.0,47.53043478260871,54.0,80.0
2026-03-21,36,2,ensemble,2026-04-04,217.0,175.0,29.35434782608695,42.0,53.0
2026-03-21,36,2,baseline,2026-04-04,217.0,244.0,55.06217391304348,27.0,53.0
2026-03-21,36,3,ensemble,2026-04-11,169.0,158.0,24.592173913043485,11.0,101.0
2026-03-21,36,3,baseline,2026-04-11,169.0,244.0,75.00391304347826,75.0,101.0
2026-03-21,37,1,ensemble,2026-03-28,50.0,88.0,22.83608695652174,38.0,94.0
2026-03-21,37,1,baseline,2026-03-28,50.0,136.0,51.46521739130435,86.0,94.0
2026-03-21,37,2,ensemble,2026-04-04,39.0,71.0,21.186086956521738,32.0,105.0
2026-03-21,37,2,baseline,2026-04-04,39.0,136.0,58.15565217391304,97.0,105.0
2026-03-21,37,3,ensemble,2026-04-11,31.0,60.0,17.058695652173913,29.0,113.0
2026-03-21,37,3,baseline,2026-04-11,31.0,136.0,64.0321739130435,105.0,113.0
2026-03-21,38,1,ensemble,2026-03-28,15.0,16.0,2.1852173913043482,1.0,7.0
2026-03-21,38,1,baseline,2026-03-28,15.0,21.0,3.7700000000000005,6.0,7.0
2026-03-21,38,2,ensemble,2026-04-04,10.0,14.0,2.6556521739130434,4.0,12.0
2026-03-21,38,2,baseline,2026-04-04,10.0,21.0,6.185217391304349,11.0,12.0
2026-03-21,38,3,ensemble,2026-04-11,10.0,11.0,2.4434782608695653,1.0,12.0
2026-03-21,38,3,baseline,2026-04-11,10.0,21.0,6.357826086956522,11.0,12.0
2026-03-21,39,1,ensemble,2026-03-28,60.0,248.0,126.93347826086962,188.0,357.0
2026-03-21,39,1,baseline,2026-03-28,60.0,383.0,203.8517391304348,323.0,357.0
2026-03-21,39,2,ensemble,2026-04-04,35.0,218.0,115.84869565217392,183.0,382.0
2026-03-21,39,2,baseline,2026-04-04,35.0,383.0,206.75,348.0,382.0
2026-03-21,39,3,ensemble,2026-04-11,42.0,179.0,83.74782608695651,137.0,375.0
2026-03-21,39,3,baseline,2026-04-11,42.0,383.0,192.0913043478261,341.0,375.0
2026-03-21,40,1,ensemble,2026-03-28,23.0,64.0,23.767826086956525,41.0,94.0
2026-03-21,40,1,baseline,2026-03-28,23.0,87.0,37.80478260869565,64.0,94.0
2026-03-21,40,2,ensemble,2026-04-04,45.0,51.0,7.722173913043478,6.0,72.0
2026-03-21,40,2,baseline,2026-04-04,45.0,87.0,26.11565217391305,42.0,72.0
2026-03-21,40,3,ensemble,2026-04-11,8.0,42.0,21.933913043478263,34.0,109.0
2026-03-21,40,3,baseline,2026-04-11,8.0,87.0,43.74,79.0,109.0
2026-03-21,41,1,ensemble,2026-03-28,24.0,38.0,7.939565217391305,14.0,78.0
2026-03-21,41,1,baseline,2026-03-28,24.0,61.0,22.491739130434784,37.0,78.0
2026-03-21,41,2,ensemble,2026-04-04,13.0,30.0,9.573913043478262,17.0,89.0
2026-03-21,41,2,baseline,2026-04-04,13.0,61.0,27.786521739130436,48.0,89.0
2026-03-21,41,3,ensemble,2026-04-11,5.0,25.0,11.123043478260872,20.0,97.0
2026-03-21,41,3,baseline,2026-04-11,5.0,61.0,31.563043478260877,56.0,97.0
2026-03-21,42,1,ensemble,2026-03-28,377.0,703.0,193.064347826087,326.0,515.0
2026-03-21,42,1,baseline,2026-03-28,377.0,937.0,371.3113043478261,560.0,515.0
2026-03-21,42,2,ensemble,2026-04-04,487.0,592.0,74.81521739130436,105.0,405.0
2026-03-21,42,2,baseline,2026-04-04,487.0,937.0,269.875652173913,450.0,405.0
2026-03-21,42,3,ensemble,2026-04-11,345.0,520.0,101.93000000000002,175.0,547.0
2026-03-21,42,3,baseline,2026-04-11,345.0,937.0,348.7969565217391,592.0,547.0
2026-03-21,44,1,ensemble,2026-03-28,11.0,10.0,1.752608695652174,1.0,3.0
2026-03-21,44,1,baseline,2026-03-28,11.0,14.0,2.8743478260869564,3.0,3.0
2026-03-21,44,2,ensemble,2026-04-04,16.0,9.0,3.782173913043478,7.0,2.0
2026-03-21,44,2,baseline,2026-04-04,16.0,14.0,3.4608695652173918,2.0,2.0
2026-03-21,44,3,ensemble,2026-04-11,18.0,7.0,5.611739130434782,11.0,4.0
2026-03-21,44,3,baseline,2026-04-11,18.0,14.0,4.5282608695652184,4.0,4.0
2026-03-21,45,1,ensemble,2026-03-28,15.0,48.0,20.132608695652177,33.0,57.0
2026-03-21,45,1,baseline,2026-03-28,15.0,68.0,31.43347826086957,53.0,57.0
2026-03-21,45,2,ensemble,2026-04-04,13.0,39.0,15.767391304347827,26.0,59.0
2026-03-21,45,2,baseline,2026-04-04,13.0,68.0,32.203478260869566,55.0,59.0
2026-03-21,45,3,ensemble,2026-04-11,11.0,32.0,13.132173913043479,21.0,61.0
2026-03-21,45,3,baseline,2026-04-11,11.0,68.0,33.743913043478265,57.0,61.0
2026-03-21,46,1,ensemble,2026-03-28,13.0,14.0,2.1291304347826085,1.0,8.0
2026-03-21,46,1,baseline,2026-03-28,13.0,20.0,4.263478260869565,7.0,8.0
2026-03-21,46,2,ensemble,2026-04-04,11.0,11.0,2.1273913043478268,0.0,10.0
2026-03-21,46,2,baseline,2026-04-04,11.0,20.0,5.495652173913044,9.0,10.0
2026-03-21,46,3,ensemble,2026-04-11,10.0,8.0,1.9960869565217394,2.0,11.0
2026-03-21,46,3,baseline,2026-04-11,10.0,20.0,6.15391304347826,10.0,11.0
2026-03-21,47,1,ensemble,2026-03-28,81.0,93.0,11.415652173913044,12.0,95.0
2026-03-21,47,1,baseline,2026-03-28,81.0,138.0,33.758695652173905,57.0,95.0
2026-03-21,47,2,ensemble,2026-04-04,63.0,82.0,12.855217391304349,19.0,113.0
2026-03-21,47,2,baseline,2026-04-04,63.0,138.0,43.27086956521739,75.0,113.0
2026-03-21,47,3,ensemble,2026-04-11,50.0,62.0,11.127391304347828,12.0,126.0
2026-03-21,47,3,baseline,2026-04-11,50.0,138.0,50.08608695652175,88.0,126.0
2026-03-21,48,1,ensemble,2026-03-28,255.0,351.0,53.509565217391305,96.0,186.0
2026-03-21,48,1,baseline,2026-03-28,255.0,502.0,141.30304347826092,247.0,186.0
2026-03-21,48,2,ensemble,2026-04-04,176.0,291.0,68.20260869565217,115.0,265.0
2026-03-21,48,2,baseline,2026-04-04,176.0,502.0,179.91478260869565,326.0,265.0
2026-03-21,48,3,ensemble,2026-04-11,134.0,258.0,73.24782608695651,124.0,307.0
2026-03-21,48,3,baseline,2026-04-11,134.0,502.0,198.90782608695653,368.0,307.0
2026-03-21,49,1,ensemble,2026-03-28,8.0,13.0,2.990434782608696,5.0,11.0
2026-03-21,49,1,baseline,2026-03-28,8.0,19.0,6.677826086956522,11.0,11.0
2026-03-21,49,2,ensemble,2026-04-04,3.0,10.0,3.926521739130435,7.0,16.0
2026-03-21,49,2,baseline,2026-04-04,3.0,19.0,9.162173913043478,16.0,16.0
2026-03-21,49,3,ensemble,2026-04-11,6.0,8.0,2.0373913043478256,2.0,13.0
2026-03-21,49,3,baseline,2026-04-11,6.0,19.0,8.181304347826087,13.0,13.0
2026-03-21,50,1,ensemble,2026-03-28,11.0,7.0,2.1378260869565215,4.0,1.0
2026-03-21,50,1,baseline,2026-03-28,11.0,9.0,1.6934782608695653,2.0,1.0
2026-03-21,50,2,ensemble,2026-04-04,7.0,6.0,1.2795652173913046,1.0,5.0
2026-03-21,50,2,baseline,2026-04-04,7.0,9.0,2.1186956521739133,2.0,5.0
2026-03-21,50,3,ensemble,2026-04-11,3.0,5.0,1.4691304347826086,2.0,9.0
2026-03-21,50,3,baseline,2026-04-11,3.0,9.0,3.652608695652174,6.0,9.0
2026-03-21,51,1,ensemble,2026-03-28,32.0,88.0,32.146521739130435,56.0,90.0
2026-03-21,51,1,baseline,2026-03-28,32.0,118.0,50.0313043478261,86.0,90.0
2026-03-21,51,2,ensemble,2026-04-04,27.0,75.0,26.933043478260878,48.0,95.0
2026-03-21,51,2,baseline,2026-04-04,27.0,118.0,50.84086956521739,91.0,95.0
2026-03-21,51,3,ensemble,2026-04-11,22.0,64.0,23.520869565217392,42.0,100.0
2026-03-21,51,3,baseline,2026-04-11,22.0,118.0,53.39521739130436,96.0,100.0
2026-03-21,53,1,ensemble,2026-03-28,48.0,71.0,12.273478260869567,23.0,43.0
2026-03-21,53,1,baseline,2026-03-28,48.0,99.0,29.718695652173913,51.0,43.0
2026-03-21,53,2,ensemble,2026-04-04,55.0,59.0,8.126521739130435,4.0,36.0
2026-03-21,53,2,baseline,2026-04-04,55.0,99.0,25.618260869565212,44.0,36.0
2026-03-21,53,3,ensemble,2026-04-11,41.0,50.0,8.416956521739133,9.0,50.0
2026-03-21,53,3,baseline,2026-04-11,41.0,99.0,32.79130434782609,58.0,50.0
2026-03-21,54,1,ensemble,2026-03-28,24.0,39.0,7.884347826086957,15.0,81.0
2026-03-21,54,1,baseline,2026-03-28,24.0,53.0,16.924347826086954,29.0,81.0
2026-03-21,54,2,ensemble,2026-04-04,18.0,29.0,6.823913043478262,11.0,87.0
2026-03-21,54,2,baseline,2026-04-04,18.0,53.0,19.710869565217394,35.0,87.0
2026-03-21,54,3,ensemble,2026-04-11,11.0,21.0,7.048260869565218,10.0,94.0
2026-03-21,54,3,baseline,2026-04-11,11.0,53.0,23.042608695652174,42.0,94.0
2026-03-21,55,1,ensemble,2026-03-28,100.0,86.0,11.356521739130438,14.0,48.0
2026-03-21,55,1,baseline,2026-03-28,100.0,127.0,18.80391304347826,27.0,48.0
2026-03-21,55,2,ensemble,2026-04-04,71.0,75.0,11.001304347826087,4.0,77.0
2026-03-21,55,2,baseline,2026-04-04,71.0,127.0,33.95869565217391,56.0,77.0
2026-03-21,55,3,ensemble,2026-04-11,59.0,62.0,11.384347826086957,3.0,89.0
2026-03-21,55,3,baseline,2026-04-11,59.0,127.0,40.27695652173913,68.0,89.0
2026-03-21,56,1,ensemble,2026-03-28,4.0,8.0,2.0847826086956527,4.0,7.0
2026-03-21,56,1,baseline,2026-03-28,4.0,10.0,3.6213043478260873,6.0,7.0
2026-03-21,56,2,ensemble,2026-04-04,10.0,7.0,1.826521739130435,3.0,1.0
2026-03-21,56,2,baseline,2026-04-04,10.0,10.0,2.675217391304348,0.0,1.0
2026-03-21,56,3,ensemble,2026-04-11,9.0,6.0,1.812608695652174,3.0,2.0
2026-03-21,56,3,baseline,2026-04-11,9.0,10.0,3.3391304347826085,1.0,2.0
2026-03-28,01,1,ensemble,2026-04-04,30.0,33.0,5.000869565217393,3.0,28.0
2026-03-28,01,1,baseline,2026-04-04,30.0,48.0,13.016521739130438,18.0,28.0
2026-03-28,01,2,ensemble,2026-04-11,33.0,27.0,5.166956521739131,6.0,25.0
2026-03-28,01,2,baseline,2026-04-11,33.0,48.0,14.93304347826087,15.0,25.0
2026-03-28,01,3,ensemble,2026-04-18,26.0,23.0,4.9082608695652175,3.0,32.0
2026-03-28,01,3,baseline,2026-04-18,26.0,48.0,19.08217391304348,22.0,32.0
2026-03-28,02,1,ensemble,2026-04-04,7.0,5.0,1.2704347826086957,2.0,3.0
2026-03-28,02,1,baseline,2026-04-04,7.0,7.0,1.6595652173913047,0.0,3.0
2026-03-28,02,2,ensemble,2026-04-11,10.0,5.0,2.599565217391304,5.0,0.0
2026-03-28,02,2,baseline,2026-04-11,10.0,7.0,2.4017391304347826,3.0,0.0
2026-03-28,02,3,ensemble,2026-04-18,3.0,5.0,1.2521739130434784,2.0,7.0
2026-03-28,02,3,baseline,2026-04-18,3.0,7.0,3.071304347826086,4.0,7.0
2026-03-28,04,1,ensemble,2026-04-04,74.0,87.0,12.352608695652178,13.0,62.0
2026-03-28,04,1,baseline,2026-04-04,74.0,122.0,31.087826086956525,48.0,62.0
2026-03-28,04,2,ensemble,2026-04-11,67.0,70.0,11.967391304347828,3.0,69.0
2026-03-28,04,2,baseline,2026-04-11,67.0,122.0,36.77478260869566,55.0,69.0
2026-03-28,04,3,ensemble,2026-04-18,61.0,67.0,11.759130434782607,6.0,75.0
2026-03-28,04,3,baseline,2026-04-18,61.0,122.0,42.44913043478262,61.0,75.0
2026-03-28,05,1,ensemble,2026-04-04,22.0,30.0,4.720000000000001,8.0,24.0
2026-03-28,05,1,baseline,2026-04-04,22.0,41.0,12.61826086956522,19.0,24.0
2026-03-28,05,2,ensemble,2026-04-11,9.0,22.0,7.707826086956522,13.0,37.0
2026-03-28,05,2,baseline,2026-04-11,9.0,41.0,18.356956521739132,32.0,37.0
2026-03-28,05,3,ensemble,2026-04-18,3.0,18.0,9.503043478260867,15.0,43.0
2026-03-28,05,3,baseline,2026-04-18,3.0,41.0,21.330434782608698,38.0,43.0
2026-03-28,06,1,ensemble,2026-04-04,309.0,413.0,61.88565217391304,104.0,392.0
2026-03-28,06,1,baseline,2026-04-04,309.0,551.0,144.17695652173913,242.0,392.0
2026-03-28,06,2,ensemble,2026-04-11,259.0,361.0,64.10521739130435,102.0,442.0
2026-03-28,06,2,baseline,2026-04-11,259.0,551.0,166.58086956521743,292.0,442.0
2026-03-28,06,3,ensemble,2026-04-18,194.0,312.0,79.21695652173915,118.0,507.0
2026-03-28,06,3,baseline,2026-04-18,194.0,551.0,197.0917391304348,357.0,507.0
2026-03-28,08,1,ensemble,2026-04-04,34.0,67.0,18.202608695652174,33.0,63.0
2026-03-28,08,1,baseline,2026-04-04,34.0,95.0,36.087391304347825,61.0,63.0
2026-03-28,08,2,ensemble,2026-04-11,25.0,60.0,18.81304347826087,35.0,72.0
2026-03-28,08,2,baseline,2026-04-11,25.0,95.0,39.65260869565218,70.0,72.0
2026-03-28,08,3,ensemble,2026-04-18,20.0,48.0,16.370434782608694,28.0,77.0
2026-03-28,08,3,baseline,2026-04-18,20.0,95.0,41.34434782608697,75.0,77.0
2026-03-28,09,1,ensemble,2026-04-04,34.0,23.0,5.806086956521738,11.0,2.0
2026-03-28,09,1,baseline,2026-04-04,34.0,28.0,7.592608695652176,6.0,2.0
2026-03-28,09,2,ensemble,2026-04-11,29.0,21.0,4.977826086956522,8.0,3.0
2026-03-28,09,2,baseline,2026-04-11,29.0,28.0,9.929130434782609,1.0,3.0
2026-03-28,09,3,ensemble,2026-04-18,34.0,19.0,7.681739130434783,15.0,2.0
2026-03-28,09,3,baseline,2026-04-18,34.0,28.0,12.627826086956524,6.0,2.0
2026-03-28,10,1,ensemble,2026-04-04,7.0,15.0,4.651304347826087,8.0,17.0
2026-03-28,10,1,baseline,2026-04-04,7.0,24.0,10.322608695652177,17.0,17.0
2026-03-28,10,2,ensemble,2026-04-11,6.0,13.0,3.7230434782608692,7.0,18.0
2026-03-28,10,2,baseline,2026-04-11,6.0,24.0,10.471304347826088,18.0,18.0
2026-03-28,10,3,ensemble,2026-04-18,2.0,9.0,4.178695652173912,7.0,22.0
2026-03-28,10,3,baseline,2026-04-18,2.0,24.0,12.338695652173914,22.0,22.0
2026-03-28,11,1,ensemble,2026-04-04,1.0,2.0,0.8617391304347827,1.0,0.0
2026-03-28,11,1,baseline,2026-04-04,1.0,1.0,1.393913043478261,0.0,0.0
2026-03-28,11,2,ensemble,2026-04-11,1.0,2.0,0.8286956521739132,1.0,0.0
2026-03-28,11,2,baseline,2026-04-11,1.0,1.0,2.14304347826087,0.0,0.0
2026-03-28,11,3,ensemble,2026-04-18,5.0,2.0,1.6804347826086956,3.0,4.0
2026-03-28,11,3,baseline,2026-04-18,5.0,1.0,2.8591304347826094,4.0,4.0
2026-03-28,12,1,ensemble,2026-04-04,201.0,303.0,59.01304347826087,102.0,299.0
2026-03-28,12,1,baseline,2026-04-04,201.0,449.0,143.13652173913042,248.0,299.0
2026-03-28,12,2,ensemble,2026-04-11,155.0,252.0,53.66782608695653,97.0,345.0
2026-03-28,12,2,baseline,2026-04-11,155.0,449.0,163.38130434782607,294.0,345.0
2026-03-28,12,3,ensemble,2026-04-18,170.0,217.0,34.23347826086957,47.0,330.0
2026-03-28,12,3,baseline,2026-04-18,170.0,449.0,152.84739130434784,279.0,330.0
2026-03-28,13,1,ensemble,2026-04-04,73.0,54.0,11.000434782608696,19.0,28.0
2026-03-28,13,1,baseline,2026-04-04,73.0,72.0,15.05826086956522,1.0,28.0
2026-03-28,13,2,ensemble,2026-04-11,42.0,44.0,7.996956521739131,2.0,59.0
2026-03-28,13,2,baseline,2026-04-11,42.0,72.0,25.905652173913044,30.0,59.0
2026-03-28,13,3,ensemble,2026-04-18,38.0,39.0,7.66391304347826,1.0,63.0
2026-03-28,13,3,baseline,2026-04-18,38.0,72.0,31.26130434782609,34.0,63.0
2026-03-28,15,1,ensemble,2026-04-04,2.0,18.0,11.014782608695652,16.0,22.0
2026-03-28,15,1,baseline,2026-04-04,2.0,21.0,11.577826086956525,19.0,22.0
2026-03-28,15,2,ensemble,2026-04-11,4.0,17.0,7.722173913043479,13.0,20.0
2026-03-28,15,2,baseline,2026-04-11,4.0,21.0,9.497826086956522,17.0,20.0
2026-03-28,15,3,ensemble,2026-04-18,4.0,16.0,6.751739130434783,12.0,20.0
2026-03-28,15,3,baseline,2026-04-18,4.0,21.0,9.135652173913044,17.0,20.0
2026-03-28,16,1,ensemble,2026-04-04,26.0,34.0,5.06695652173913,8.0,24.0
2026-03-28,16,1,baseline,2026-04-04,26.0,50.0,14.064782608695653,24.0,24.0
2026-03-28,16,2,ensemble,2026-04-11,15.0,28.0,6.7413043478260875,13.0,35.0
2026-03-28,16,2,baseline,2026-04-11,15.0,50.0,19.850434782608694,35.0,35.0
2026-03-28,16,3,ensemble,2026-04-18,7.0,23.0,8.635652173913044,16.0,43.0
2026-03-28,16,3,baseline,2026-04-18,7.0,50.0,23.837391304347825,43.0,43.0
2026-03-28,17,1,ensemble,2026-04-04,103.0,114.0,14.056521739130435,11.0,82.0
2026-03-28,17,1,baseline,2026-04-04,103.0,168.0,41.8708695652174,65.0,82.0
2026-03-28,17,2,ensemble,2026-04-11,96.0,97.0,13.807391304347826,1.0,89.0
2026-03-28,17,2,baseline,2026-04-11,96.0,168.0,48.437391304347834,72.0,89.0
2026-03-28,17,3,ensemble,2026-04-18,86.0,75.0,13.799130434782606,11.0,99.0
2026-03-28,17,3,baseline,2026-04-18,86.0,168.0,55.80608695652174,82.0,99.0
2026-03-28,18,1,ensemble,2026-04-04,56.0,99.0,25.719130434782613,43.0,129.0
2026-03-28,18,1,baseline,2026-04-04,56.0,162.0,63.47434782608695,106.0,129.0
2026-03-28,18,2,ensemble,2026-04-11,32.0,78.0,29.436956521739138,46.0,153.0
2026-03-28,18,2,baseline,2026-04-11,32.0,162.0,74.2791304347826,130.0,153.0
2026-03-28,18,3,ensemble,2026-04-18,39.0,64.0,17.463478260869568,25.0,146.0
2026-03-28,18,3,baseline,2026-04-18,39.0,162.0,68.84739130434782,123.0,146.0
2026-03-28,19,1,ensemble,2026-04-04,20.0,38.0,10.006521739130434,18.0,48.0
2026-03-28,19,1,baseline,2026-04-04,20.0,64.0,26.733913043478257,44.0,48.0
2026-03-28,19,2,ensemble,2026-04-11,17.0,29.0,7.231739130434783,12.0,51.0
2026-03-28,19,2,baseline,2026-04-11,17.0,64.0,26.961304347826086,47.0,51.0
2026-03-28,19,3,ensemble,2026-04-18,16.0,23.0,5.463043478260869,7.0,52.0
2026-03-28,19,3,baseline,2026-04-18,16.0,64.0,26.821304347826093,48.0,52.0
2026-03-28,20,1,ensemble,2026-04-04,14.0,27.0,7.5843478260869555,13.0,31.0
2026-03-28,20,1,baseline,2026-04-04,14.0,42.0,16.618695652173916,28.0,31.0
2026-03-28,20,2,ensemble,2026-04-11,11.0,21.0,5.823913043478262,10.0,34.0
2026-03-28,20,2,baseline,2026-04-11,11.0,42.0,17.87956521739131,31.0,34.0
2026-03-28,20,3,ensemble,2026-04-18,7.0,16.0,5.584347826086957,9.0,38.0
2026-03-28,20,3,baseline,2026-04-18,7.0,42.0,19.650000000000006,35.0,38.0
2026-03-28,21,1,ensemble,2026-04-04,51.0,64.0,9.608695652173912,13.0,71.0
2026-03-28,21,1,baseline,2026-04-04,51.0,88.0,23.546521739130437,37.0,71.0
2026-03-28,21,2,ensemble,2026-04-11,37.0,49.0,9.093913043478262,12.0,85.0
2026-03-28,21,2,baseline,2026-04-11,37.0,88.0,30.864347826086956,51.0,85.0
2026-03-28,21,3,ensemble,2026-04-18,35.0,37.0,7.205652173913045,2.0,87.0
2026-03-28,21,3,baseline,2026-04-18,35.0,88.0,33.33217391304349,53.0,87.0
2026-03-28,22,1,ensemble,2026-04-04,26.0,68.0,26.58826086956522,42.0,72.0
2026-03-28,22,1,baseline,2026-04-04,26.0,95.0,40.17173913043479,69.0,72.0
2026-03-28,22,2,ensemble,2026-04-11,22.0,56.0,20.374347826086957,34.0,76.0
2026-03-28,22,2,baseline,2026-04-11,22.0,95.0,40.47347826086956,73.0,76.0
2026-03-28,22,3,ensemble,2026-04-18,20.0,49.0,16.800000000000004,29.0,78.0
2026-03-28,22,3,baseline,2026-04-18,20.0,95.0,40.59739130434783,75.0,78.0
2026-03-28,23,1,ensemble,2026-04-04,8.0,14.0,3.3365217391304345,6.0,18.0
2026-03-28,23,1,baseline,2026-04-04,8.0,21.0,7.759130434782609,13.0,18.0
2026-03-28,23,2,ensemble,2026-04-11,6.0,12.0,3.1373913043478265,6.0,20.0
2026-03-28,23,2,baseline,2026-04-11,6.0,21.0,8.87217391304348,15.0,20.0
2026-03-28,23,3,ensemble,2026-04-18,3.0,10.0,3.795217391304348,7.0,23.0
2026-03-28,23,3,baseline,2026-04-18,3.0,21.0,10.420434782608698,18.0,23.0
2026-03-28,24,1,ensemble,2026-04-04,10.0,41.0,19.09304347826087,31.0,45.0
2026-03-28,24,1,baseline,2026-04-04,10.0,52.0,24.55652173913043,42.0,45.0
2026-03-28,24,2,ensemble,2026-04-11,9.0,36.0,15.884347826086957,27.0,46.0
2026-03-28,24,2,baseline,2026-04-11,9.0,52.0,25.004347826086963,43.0,46.0
2026-03-28,24,3,ensemble,2026-04-18,6.0,32.0,15.356086956521741,26.0,49.0
2026-03-28,24,3,baseline,2026-04-18,6.0,52.0,27.28521739130435,46.0,49.0
2026-03-28,25,1,ensemble,2026-04-04,35.0,29.0,5.3160869565217395,6.0,2.0
2026-03-28,25,1,baseline,2026-04-04,35.0,36.0,12.691739130434781,1.0,2.0
2026-03-28,25,2,ensemble,2026-04-11,51.0,27.0,12.799130434782608,24.0,14.0
2026-03-28,25,2,baseline,2026-04-11,51.0,36.0,19.717826086956524,15.0,14.0
2026-03-28,25,3,ensemble,2026-04-18,42.0,24.0,9.579565217391306,18.0,5.0
2026-03-28,25,3,baseline,2026-04-18,42.0,36.0,23.533913043478265,6.0,5.0
2026-03-28,26,1,ensemble,2026-04-04,78.0,118.0,20.58782608695652,40.0,87.0
2026-03-28,26,1,baseline,2026-04-04,78.0,164.0,50.98913043478261,86.0,87.0
2026-03-28,26,2,ensemble,2026-04-11,72.0,100.0,17.59913043478261,28.0,93.0
2026-03-28,26,2,baseline,2026-04-11,72.0,164.0,54.71347826086957,92.0,93.0
2026-03-28,26,3,ensemble,2026-04-18,50.0,86.0,20.41086956521739,36.0,115.0
2026-03-28,26,3,baseline,2026-04-18,50.0,164.0,65.84260869565219,114.0,115.0
2026-03-28,27,1,ensemble,2026-04-04,33.0,78.0,23.995217391304347,45.0,81.0
2026-03-28,27,1,baseline,2026-04-04,33.0,111.0,48.416086956521745,78.0,81.0
2026-03-28,27,2,ensemble,2026-04-11,25.0,63.0,20.436521739130438,38.0,89.0
2026-03-28,27,2,baseline,2026-04-11,25.0,111.0,50.16608695652174,86.0,89.0
2026-03-28,27,3,ensemble,2026-04-18,23.0,52.0,15.97434782608696,29.0,91.0
2026-03-28,27,3,baseline,2026-04-18,23.0,111.0,49.8091304347826,88.0,91.0
2026-03-28,28,1,ensemble,2026-04-04,18.0,39.0,12.038695652173912,21.0,46.0
2026-03-28,28,1,baseline,2026-04-04,18.0,53.0,19.975217391304348,35.0,46.0
2026-03-28,28,2,ensemble,2026-04-11,13.0,29.0,10.094782608695652,16.0,51.0
2026-03-28,28,2,baseline,2026-04-11,13.0,53.0,21.991739130434784,40.0,51.0
2026-03-28,28,3,ensemble,2026-04-18,14.0,27.0,7.213478260869566,13.0,50.0
2026-03-28,28,3,baseline,2026-04-18,14.0,53.0,21.592608695652174,39.0,50.0
2026-03-28,29,1,ensemble,2026-04-04,44.0,78.0,19.342608695652174,34.0,80.0
2026-03-28,29,1,baseline,2026-04-04,44.0,115.0,42.65,71.0,80.0
2026-03-28,29,2,ensemble,2026-04-11,37.0,59.0,14.791739130434784,22.0,87.0
2026-03-28,29,2,baseline,2026-04-11,37.0,115.0,45.64043478260869,78.0,87.0
2026-03-28,29,3,ensemble,2026-04-18,24.0,46.0,16.395652173913046,22.0,100.0
2026-03-28,29,3,baseline,2026-04-18,24.0,115.0,52.05217391304349,91.0,100.0
2026-03-28,30,1,ensemble,2026-04-04,14.0,19.0,3.221739130434783,5.0,20.0
2026-03-28,30,1,baseline,2026-04-04,14.0,29.0,8.732173913043477,15.0,20.0
2026-03-28,30,2,ensemble,2026-04-11,9.0,15.0,3.543478260869566,6.0,25.0
2026-03-28,30,2,baseline,2026-04-11,9.0,29.0,11.05913043478261,20.0,25.0
2026-03-28,30,3,ensemble,2026-04-18,5.0,12.0,4.06304347826087,7.0,29.0
2026-03-28,30,3,baseline,2026-04-18,5.0,29.0,12.899565217391308,24.0,29.0
2026-03-28,31,1,ensemble,2026-04-04,15.0,23.0,4.880869565217393,8.0,26.0
2026-03-28,31,1,baseline,2026-04-04,15.0,36.0,12.231739130434784,21.0,26.0
2026-03-28,31,2,ensemble,2026-04-11,9.0,18.0,5.517826086956522,9.0,32.0
2026-03-28,31,2,baseline,2026-04-11,9.0,36.0,15.177826086956523,27.0,32.0
2026-03-28,31,3,ensemble,2026-04-18,9.0,15.0,3.7813043478260875,6.0,32.0
2026-03-28,31,3,baseline,2026-04-18,9.0,36.0,14.817826086956522,27.0,32.0
2026-03-28,32,1,ensemble,2026-04-04,34.0,30.0,3.860869565217391,4.0,14.0
2026-03-28,32,1,baseline,2026-04-04,34.0,39.0,6.079565217391305,5.0,14.0
2026-03-28,32,2,ensemble,2026-04-11,21.0,25.0,3.9899999999999998,4.0,27.0
2026-03-28,32,2,baseline,2026-04-11,21.0,39.0,11.676086956521742,18.0,27.0
2026-03-28,32,3,ensemble,2026-04-18,20.0,21.0,3.8195652173913053,1.0,28.0
2026-03-28,32,3,baseline,2026-04-18,20.0,39.0,12.853913043478263,19.0,28.0
2026-03-28,33,1,ensemble,2026-04-04,17.0,17.0,2.490869565217391,0.0,10.0
2026-03-28,33,1,baseline,2026-04-04,17.0,27.0,6.143913043478263,10.0,10.0
2026-03-28,33,2,ensemble,2026-04-11,6.0,14.0,4.297826086956523,8.0,21.0
2026-03-28,33,2,baseline,2026-04-11,6.0,27.0,12.010000000000003,21.0,21.0
2026-03-28,33,3,ensemble,2026-04-18,9.0,12.0,2.6008695652173914,3.0,18.0
2026-03-28,33,3,baseline,2026-04-18,9.0,27.0,10.377391304347828,18.0,18.0
2026-03-28,34,1,ensemble,2026-04-04,65.0,119.0,29.909565217391304,54.0,96.0
2026-03-28,34,1,baseline,2026-04-04,65.0,163.0,58.01782608695653,98.0,96.0
2026-03-28,34,2,ensemble,2026-04-11,53.0,104.0,27.890869565217393,51.0,108.0
2026-03-28,34,2,baseline,2026-04-11,53.0,163.0,63.406956521739126,110.0,108.0
2026-03-28,34,3,ensemble,2026-04-18,29.0,90.0,35.65565217391304,61.0,132.0
2026-03-28,34,3,baseline,2026-04-18,29.0,163.0,75.17652173913044,134.0,132.0
2026-03-28,35,1,ensemble,2026-04-04,11.0,32.0,11.015217391304349,21.0,37.0
2026-03-28,35,1,baseline,2026-04-04,11.0,44.0,19.10869565217391,33.0,37.0
2026-03-28,35,2,ensemble,2026-04-11,9.0,25.0,8.980434782608697,16.0,39.0
2026-03-28,35,2,baseline,2026-04-11,9.0,44.0,19.733478260869568,35.0,39.0
2026-03-28,35,3,ensemble,2026-04-18,11.0,22.0,6.569565217391304,11.0,37.0
2026-03-28,35,3,baseline,2026-04-18,11.0,44.0,18.664347826086956,33.0,37.0
2026-03-28,36,1,ensemble,2026-04-04,217.0,191.0,24.474782608695655,26.0,35.0
2026-03-28,36,1,baseline,2026-04-04,217.0,241.0,38.962173913043486,24.0,35.0
2026-03-28,36,2,ensemble,2026-04-11,169.0,172.0,23.806956521739128,3.0,83.0
2026-03-28,36,2,baseline,2026-04-11,169.0,241.0,63.79304347826088,72.0,83.0
2026-03-28,36,3,ensemble,2026-04-18,142.0,151.0,25.770434782608696,9.0,110.0
2026-03-28,36,3,baseline,2026-04-18,142.0,241.0,80.04565217391306,99.0,110.0
2026-03-28,37,1,ensemble,2026-04-04,39.0,56.0,10.074782608695653,17.0,49.0
2026-03-28,37,1,baseline,2026-04-04,39.0,82.0,30.761739130434783,43.0,49.0
2026-03-28,37,2,ensemble,2026-04-11,31.0,46.0,10.173478260869565,15.0,57.0
2026-03-28,37,2,baseline,2026-04-11,31.0,82.0,38.064782608695666,51.0,57.0
2026-03-28,37,3,ensemble,2026-04-18,15.0,34.0,12.337391304347825,19.0,73.0
2026-03-28,37,3,baseline,2026-04-18,15.0,82.0,47.4608695652174,67.0,73.0
2026-03-28,38,1,ensemble,2026-04-04,10.0,18.0,3.914347826086956,8.0,14.0
2026-03-28,38,1,baseline,2026-04-04,10.0,24.0,7.977826086956522,14.0,14.0
2026-03-28,38,2,ensemble,2026-04-11,10.0,15.0,3.0839130434782613,5.0,14.0
2026-03-28,38,2,baseline,2026-04-11,10.0,24.0,7.708260869565217,14.0,14.0
2026-03-28,38,3,ensemble,2026-04-18,10.0,14.0,2.777391304347826,4.0,14.0
2026-03-28,38,3,baseline,2026-04-18,10.0,24.0,7.633043478260871,14.0,14.0
2026-03-28,39,1,ensemble,2026-04-04,35.0,136.0,67.23826086956522,101.0,222.0
2026-03-28,39,1,baseline,2026-04-04,35.0,213.0,106.3934782608696,178.0,222.0
2026-03-28,39,2,ensemble,2026-04-11,42.0,109.0,39.52695652173913,67.0,215.0
2026-03-28,39,2,baseline,2026-04-11,42.0,213.0,98.26521739130436,171.0,215.0
2026-03-28,39,3,ensemble,2026-04-18,28.0,82.0,32.90304347826088,54.0,229.0
2026-03-28,39,3,baseline,2026-04-18,28.0,213.0,105.40608695652175,185.0,229.0
2026-03-28,40,1,ensemble,2026-04-04,45.0,37.0,6.306956521739131,8.0,22.0
2026-03-28,40,1,baseline,2026-04-04,45.0,50.0,10.178695652173914,5.0,22.0
2026-03-28,40,2,ensemble,2026-04-11,8.0,28.0,12.589565217391302,20.0,59.0
2026-03-28,40,2,baseline,2026-04-11,8.0,50.0,24.97347826086957,42.0,59.0
2026-03-28,40,3,ensemble,2026-04-18,9.0,25.0,9.385652173913044,16.0,58.0
2026-03-28,40,3,baseline,2026-04-18,9.0,50.0,25.829565217391306,41.0,58.0
2026-03-28,41,1,ensemble,2026-04-04,13.0,21.0,4.755217391304349,8.0,36.0
2026-03-28,41,1,baseline,2026-04-04,13.0,24.0,9.382173913043479,11.0,36.0
2026-03-28,41,2,ensemble,2026-04-11,5.0,16.0,6.17695652173913,11.0,44.0
2026-03-28,41,2,baseline,2026-04-11,5.0,24.0,13.818695652173915,19.0,44.0
2026-03-28,41,3,ensemble,2026-04-18,10.0,14.0,3.7147826086956526,4.0,39.0
2026-03-28,41,3,baseline,2026-04-18,10.0,24.0,14.323913043478262,14.0,39.0
2026-03-28,42,1,ensemble,2026-04-04,487.0,469.0,40.60913043478261,18.0,197.0
2026-03-28,42,1,baseline,2026-04-04,487.0,678.0,116.57130434782606,191.0,197.0
2026-03-28,42,2,ensemble,2026-04-11,345.0,400.0,49.42956521739131,55.0,339.0
2026-03-28,42,2,baseline,2026-04-11,345.0,678.0,193.39565217391302,333.0,339.0
2026-03-28,42,3,ensemble,2026-04-18,310.0,332.0,46.726521739130426,22.0,374.0
2026-03-28,42,3,baseline,2026-04-18,310.0,678.0,208.2691304347826,368.0,374.0
2026-03-28,44,1,ensemble,2026-04-04,16.0,8.0,4.305217391304348,8.0,5.0
2026-03-28,44,1,baseline,2026-04-04,16.0,10.0,3.6504347826086967,6.0,5.0
2026-03-28,44,2,ensemble,2026-04-11,18.0,7.0,6.370000000000002,11.0,7.0
2026-03-28,44,2,baseline,2026-04-11,18.0,10.0,4.8326086956521745,8.0,7.0
2026-03-28,44,3,ensemble,2026-04-18,11.0,6.0,2.816521739130435,5.0,0.0
2026-03-28,44,3,baseline,2026-04-18,11.0,10.0,3.9573913043478264,1.0,0.0
2026-03-28,45,1,ensemble,2026-04-04,13.0,35.0,13.93826086956522,22.0,40.0
2026-03-28,45,1,baseline,2026-04-04,13.0,51.0,22.93913043478261,38.0,40.0
2026-03-28,45,2,ensemble,2026-04-11,11.0,28.0,10.645217391304348,17.0,42.0
2026-03-28,45,2,baseline,2026-04-11,11.0,51.0,24.603043478260876,40.0,42.0
2026-03-28,45,3,ensemble,2026-04-18,4.0,23.0,12.45173913043478,19.0,49.0
2026-03-28,45,3,baseline,2026-04-18,4.0,51.0,29.087391304347825,47.0,49.0
2026-03-28,46,1,ensemble,2026-04-04,11.0,18.0,3.704782608695652,7.0,16.0
2026-03-28,46,1,baseline,2026-04-04,11.0,27.0,9.323913043478262,16.0,16.0
2026-03-28,46,2,ensemble,2026-04-11,10.0,15.0,2.9826086956521745,5.0,17.0
2026-03-28,46,2,baseline,2026-04-11,10.0,27.0,9.528695652173912,17.0,17.0
2026-03-28,46,3,ensemble,2026-04-18,5.0,13.0,4.187391304347826,8.0,22.0
2026-03-28,46,3,baseline,2026-04-18,5.0,27.0,12.144782608695651,22.0,22.0
2026-03-28,47,1,ensemble,2026-04-04,63.0,103.0,20.66086956521739,40.0,82.0
2026-03-28,47,1,baseline,2026-04-04,63.0,144.0,47.888695652173915,81.0,82.0
2026-03-28,47,2,ensemble,2026-04-11,50.0,83.0,17.821304347826086,33.0,95.0
2026-03-28,47,2,baseline,2026-04-11,50.0,144.0,53.709130434782615,94.0,95.0
2026-03-28,47,3,ensemble,2026-04-18,47.0,70.0,14.293913043478263,23.0,98.0
2026-03-28,47,3,baseline,2026-04-18,47.0,144.0,54.599565217391316,97.0,98.0
2026-03-28,48,1,ensemble,2026-04-04,176.0,230.0,33.20260869565218,54.0,239.0
2026-03-28,48,1,baseline,2026-04-04,176.0,315.0,83.9208695652174,139.0,239.0
2026-03-28,48,2,ensemble,2026-04-11,134.0,198.0,36.886086956521744,64.0,281.0
2026-03-28,48,2,baseline,2026-04-11,134.0,315.0,106.96826086956521,181.0,281.0
2026-03-28,48,3,ensemble,2026-04-18,124.0,166.0,31.243043478260876,42.0,291.0
2026-03-28,48,3,baseline,2026-04-18,124.0,315.0,115.86913043478258,191.0,291.0
2026-03-28,49,1,ensemble,2026-04-04,3.0,29.0,17.33130434782609,26.0,46.0
2026-03-28,49,1,baseline,2026-04-04,3.0,49.0,30.22782608695652,46.0,46.0
2026-03-28,49,2,ensemble,2026-04-11,6.0,26.0,11.882173913043477,20.0,43.0
2026-03-28,49,2,baseline,2026-04-11,6.0,49.0,25.953478260869566,43.0,43.0
2026-03-28,49,3,ensemble,2026-04-18,5.0,23.0,10.546521739130435,18.0,44.0
2026-03-28,49,3,baseline,2026-04-18,5.0,49.0,25.522608695652167,44.0,44.0
2026-03-28,50,1,ensemble,2026-04-04,7.0,2.0,2.7673913043478264,5.0,1.0
2026-03-28,50,1,baseline,2026-04-04,7.0,1.0,2.8517391304347828,6.0,1.0
2026-03-28,50,2,ensemble,2026-04-11,3.0,1.0,0.9191304347826087,2.0,3.0
2026-03-28,50,2,baseline,2026-04-11,3.0,1.0,1.5086956521739132,2.0,3.0
2026-03-28,50,3,ensemble,2026-04-18,3.0,1.0,1.0121739130434784,2.0,3.0
2026-03-28,50,3,baseline,2026-04-18,3.0,1.0,1.7382608695652175,2.0,3.0
2026-03-28,51,1,ensemble,2026-04-04,27.0,59.0,19.018695652173914,32.0,62.0
2026-03-28,51,1,baseline,2026-04-04,27.0,77.0,30.09086956521739,50.0,62.0
2026-03-28,51,2,ensemble,2026-04-11,22.0,49.0,15.884782608695653,27.0,67.0
2026-03-28,51,2,baseline,2026-04-11,22.0,77.0,33.51217391304349,55.0,67.0
2026-03-28,51,3,ensemble,2026-04-18,15.0,46.0,16.58913043478261,31.0,74.0
2026-03-28,51,3,baseline,2026-04-18,15.0,77.0,37.67999999999999,62.0,74.0
2026-03-28,53,1,ensemble,2026-04-04,55.0,63.0,6.904782608695652,8.0,24.0
2026-03-28,53,1,baseline,2026-04-04,55.0,85.0,18.021739130434785,30.0,24.0
2026-03-28,53,2,ensemble,2026-04-11,41.0,54.0,8.968695652173915,13.0,38.0
2026-03-28,53,2,baseline,2026-04-11,41.0,85.0,25.51826086956522,44.0,38.0
2026-03-28,53,3,ensemble,2026-04-18,40.0,47.0,7.852608695652173,7.0,39.0
2026-03-28,53,3,baseline,2026-04-18,40.0,85.0,26.491304347826084,45.0,39.0
2026-03-28,54,1,ensemble,2026-04-04,18.0,21.0,3.3821739130434785,3.0,50.0
2026-03-28,54,1,baseline,2026-04-04,18.0,26.0,7.122608695652175,8.0,50.0
2026-03-28,54,2,ensemble,2026-04-11,11.0,15.0,3.403913043478261,4.0,57.0
2026-03-28,54,2,baseline,2026-04-11,11.0,26.0,10.682608695652174,15.0,57.0
2026-03-28,54,3,ensemble,2026-04-18,29.0,11.0,8.969130434782608,18.0,39.0
2026-03-28,54,3,baseline,2026-04-18,29.0,26.0,10.010869565217394,3.0,39.0
2026-03-28,55,1,ensemble,2026-04-04,71.0,93.0,13.323913043478262,22.0,66.0
2026-03-28,55,1,baseline,2026-04-04,71.0,136.0,39.50347826086957,65.0,66.0
2026-03-28,55,2,ensemble,2026-04-11,59.0,77.0,13.100000000000003,18.0,78.0
2026-03-28,55,2,baseline,2026-04-11,59.0,136.0,45.127826086956524,77.0,78.0
2026-03-28,55,3,ensemble,2026-04-18,32.0,64.0,19.018260869565214,32.0,105.0
2026-03-28,55,3,baseline,2026-04-18,32.0,136.0,58.82130434782608,104.0,105.0
2026-03-28,56,1,ensemble,2026-04-04,10.0,8.0,1.5117391304347827,2.0,3.0
2026-03-28,56,1,baseline,2026-04-04,10.0,10.0,1.8821739130434785,0.0,3.0
2026-03-28,56,2,ensemble,2026-04-11,9.0,6.0,1.626521739130435,3.0,4.0
2026-03-28,56,2,baseline,2026-04-11,9.0,10.0,2.718695652173914,1.0,4.0
2026-03-28,56,3,ensemble,2026-04-18,6.0,6.0,1.32,0.0,7.0
2026-03-28,56,3,baseline,2026-04-18,6.0,10.0,3.8239130434782616,4.0,7.0
2026-04-04,01,1,ensemble,2026-04-11,33.0,22.0,6.09,11.0,12.0
2026-04-04,01,1,baseline,2026-04-11,33.0,32.0,8.918260869565218,1.0,12.0
2026-04-04,01,2,ensemble,2026-04-18,26.0,18.0,4.7504347826086954,8.0,19.0
2026-04-04,01,2,baseline,2026-04-18,26.0,32.0,12.474347826086957,6.0,19.0
2026-04-04,01,3,ensemble,2026-04-25,28.0,16.0,5.953913043478261,12.0,17.0
2026-04-04,01,3,baseline,2026-04-25,28.0,32.0,15.303043478260868,4.0,17.0
2026-04-04,02,1,ensemble,2026-04-11,10.0,6.0,2.097391304347826,4.0,1.0
2026-04-04,02,1,baseline,2026-04-11,10.0,9.0,1.7708695652173916,1.0,1.0
2026-04-04,02,2,ensemble,2026-04-18,3.0,5.0,1.5217391304347827,2.0,6.0
2026-04-04,02,2,baseline,2026-04-18,3.0,9.0,3.4991304347826087,6.0,6.0
2026-04-04,02,3,ensemble,2026-04-25,5.0,5.0,1.185217391304348,0.0,4.0
2026-04-04,02,3,baseline,2026-04-25,5.0,9.0,3.112173913043478,4.0,4.0
2026-04-04,04,1,ensemble,2026-04-11,67.0,89.0,12.603913043478263,22.0,58.0
2026-04-04,04,1,baseline,2026-04-11,67.0,125.0,35.48695652173913,58.0,58.0
2026-04-04,04,2,ensemble,2026-04-18,61.0,76.0,12.365652173913043,15.0,64.0
2026-04-04,04,2,baseline,2026-04-18,61.0,125.0,40.26521739130436,64.0,64.0
2026-04-04,04,3,ensemble,2026-04-25,69.0,71.0,11.56,2.0,56.0
2026-04-04,04,3,baseline,2026-04-25,69.0,125.0,41.02260869565218,56.0,56.0
2026-04-04,05,1,ensemble,2026-04-11,9.0,20.0,5.777826086956522,11.0,22.0
2026-04-04,05,1,baseline,2026-04-11,9.0,30.0,12.925217391304349,21.0,22.0
2026-04-04,05,2,ensemble,2026-04-18,3.0,16.0,7.552173913043481,13.0,28.0
2026-04-04,05,2,baseline,2026-04-18,3.0,30.0,16.01521739130435,27.0,28.0
2026-04-04,05,3,ensemble,2026-04-25,7.0,14.0,4.029565217391305,7.0,24.0
2026-04-04,05,3,baseline,2026-04-25,7.0,30.0,15.713478260869566,23.0,24.0
2026-04-04,06,1,ensemble,2026-04-11,259.0,259.0,26.96217391304348,0.0,167.0
2026-04-04,06,1,baseline,2026-04-11,259.0,372.0,78.81695652173914,113.0,167.0
2026-04-04,06,2,ensemble,2026-04-18,194.0,208.0,27.506086956521745,14.0,232.0
2026-04-04,06,2,baseline,2026-04-18,194.0,372.0,112.4913043478261,178.0,232.0
2026-04-04,06,3,ensemble,2026-04-25,230.0,165.0,37.27956521739131,65.0,196.0
2026-04-04,06,3,baseline,2026-04-25,230.0,372.0,108.55956521739132,142.0,196.0
2026-04-04,08,1,ensemble,2026-04-11,25.0,25.0,4.076521739130435,0.0,9.0
2026-04-04,08,1,baseline,2026-04-11,25.0,33.0,9.404347826086958,8.0,9.0
2026-04-04,08,2,ensemble,2026-04-18,20.0,21.0,4.230434782608696,1.0,14.0
2026-04-04,08,2,baseline,2026-04-18,20.0,33.0,13.258695652173914,13.0,14.0
2026-04-04,08,3,ensemble,2026-04-25,39.0,16.0,11.636521739130433,23.0,5.0
2026-04-04,08,3,baseline,2026-04-25,39.0,33.0,14.696521739130436,6.0,5.0
2026-04-04,09,1,ensemble,2026-04-11,29.0,30.0,4.319565217391305,1.0,12.0
2026-04-04,09,1,baseline,2026-04-11,29.0,41.0,9.80826086956522,12.0,12.0
2026-04-04,09,2,ensemble,2026-04-18,34.0,27.0,5.30913043478261,7.0,7.0
2026-04-04,09,2,baseline,2026-04-18,34.0,41.0,11.190434782608698,7.0,7.0
2026-04-04,09,3,ensemble,2026-04-25,18.0,23.0,5.074782608695652,5.0,23.0
2026-04-04,09,3,baseline,2026-04-25,18.0,41.0,16.93695652173913,23.0,23.0
2026-04-04,10,1,ensemble,2026-04-11,6.0,4.0,1.4439130434782605,2.0,2.0
2026-04-04,10,1,baseline,2026-04-11,6.0,4.0,2.212608695652174,2.0,2.0
2026-04-04,10,2,ensemble,2026-04-18,2.0,3.0,1.137391304347826,1.0,2.0
2026-04-04,10,2,baseline,2026-04-18,2.0,4.0,3.0199999999999996,2.0,2.0
2026-04-04,10,3,ensemble,2026-04-25,6.0,3.0,1.7247826086956526,3.0,2.0
2026-04-04,10,3,baseline,2026-04-25,6.0,4.0,3.758260869565217,2.0,2.0
2026-04-04,11,1,ensemble,2026-04-11,1.0,1.0,0.5582608695652176,0.0,1.0
2026-04-04,11,1,baseline,2026-04-11,1.0,0.0,1.3221739130434786,1.0,1.0
2026-04-04,11,2,ensemble,2026-04-18,5.0,1.0,2.0982608695652174,4.0,5.0
2026-04-04,11,2,baseline,2026-04-18,5.0,0.0,2.6947826086956526,5.0,5.0
2026-04-04,11,3,ensemble,2026-04-25,2.0,1.0,0.6695652173913046,1.0,2.0
2026-04-04,11,3,baseline,2026-04-25,2.0,0.0,2.45608695652174,2.0,2.0
2026-04-04,12,1,ensemble,2026-04-11,155.0,188.0,24.51826086956522,33.0,179.0
2026-04-04,12,1,baseline,2026-04-11,155.0,269.0,69.87739130434784,114.0,179.0
2026-04-04,12,2,ensemble,2026-04-18,170.0,150.0,21.95782608695652,20.0,164.0
2026-04-04,12,2,baseline,2026-04-18,170.0,269.0,72.02478260869566,99.0,164.0
2026-04-04,12,3,ensemble,2026-04-25,187.0,137.0,29.311304347826084,50.0,147.0
2026-04-04,12,3,baseline,2026-04-25,187.0,269.0,76.84478260869565,82.0,147.0
2026-04-04,13,1,ensemble,2026-04-11,42.0,42.0,5.667391304347827,0.0,13.0
2026-04-04,13,1,baseline,2026-04-11,42.0,54.0,15.39434782608696,12.0,13.0
2026-04-04,13,2,ensemble,2026-04-18,38.0,36.0,5.667826086956523,2.0,17.0
2026-04-04,13,2,baseline,2026-04-18,38.0,54.0,21.667826086956524,16.0,17.0
2026-04-04,13,3,ensemble,2026-04-25,31.0,33.0,5.389130434782609,2.0,24.0
2026-04-04,13,3,baseline,2026-04-25,31.0,54.0,27.47869565217392,23.0,24.0
2026-04-04,15,1,ensemble,2026-04-11,4.0,5.0,1.1682608695652177,1.0,1.0
2026-04-04,15,1,baseline,2026-04-11,4.0,1.0,1.682173913043478,3.0,1.0
2026-04-04,15,2,ensemble,2026-04-18,4.0,4.0,1.1517391304347828,0.0,1.0
2026-04-04,15,2,baseline,2026-04-18,4.0,1.0,1.8600000000000008,3.0,1.0
2026-04-04,15,3,ensemble,2026-04-25,17.0,4.0,7.9891304347826075,13.0,14.0
2026-04-04,15,3,baseline,2026-04-25,17.0,1.0,7.09,16.0,14.0
2026-04-04,16,1,ensemble,2026-04-11,15.0,25.0,5.407826086956521,10.0,32.0
2026-04-04,16,1,baseline,2026-04-11,15.0,41.0,15.092608695652174,26.0,32.0
2026-04-04,16,2,ensemble,2026-04-18,7.0,20.0,7.333913043478263,13.0,40.0
2026-04-04,16,2,baseline,2026-04-18,7.0,41.0,19.184782608695656,34.0,40.0
2026-04-04,16,3,ensemble,2026-04-25,7.0,17.0,5.766521739130436,10.0,40.0
2026-04-04,16,3,baseline,2026-04-25,7.0,41.0,18.650000000000002,34.0,40.0
2026-04-04,17,1,ensemble,2026-04-11,96.0,36.0,33.72434782608696,60.0,7.0
2026-04-04,17,1,baseline,2026-04-11,96.0,52.0,28.41130434782609,44.0,7.0
2026-04-04,17,2,ensemble,2026-04-18,86.0,28.0,33.11826086956522,58.0,17.0
2026-04-04,17,2,baseline,2026-04-18,86.0,52.0,29.947826086956525,34.0,17.0
2026-04-04,17,3,ensemble,2026-04-25,79.0,23.0,33.08086956521739,56.0,24.0
2026-04-04,17,3,baseline,2026-04-25,79.0,52.0,33.99782608695652,27.0,24.0
2026-04-04,18,1,ensemble,2026-04-11,32.0,34.0,5.452608695652175,2.0,26.0
2026-04-04,18,1,baseline,2026-04-11,32.0,56.0,19.03217391304348,24.0,26.0
2026-04-04,18,2,ensemble,2026-04-18,39.0,27.0,7.514782608695652,12.0,19.0
2026-04-04,18,2,baseline,2026-04-18,39.0,56.0,21.964782608695653,17.0,19.0
2026-04-04,18,3,ensemble,2026-04-25,23.0,22.0,4.392173913043479,1.0,35.0
2026-04-04,18,3,baseline,2026-04-25,23.0,56.0,29.609565217391314,33.0,35.0
2026-04-04,19,1,ensemble,2026-04-11,17.0,15.0,2.7573913043478266,2.0,11.0
2026-04-04,19,1,baseline,2026-04-11,17.0,27.0,7.688695652173913,10.0,11.0
2026-04-04,19,2,ensemble,2026-04-18,16.0,10.0,3.468695652173913,6.0,12.0
2026-04-04,19,2,baseline,2026-04-18,16.0,27.0,9.50521739130435,11.0,12.0
2026-04-04,19,3,ensemble,2026-04-25,17.0,7.0,4.733478260869566,10.0,11.0
2026-04-04,19,3,baseline,2026-04-25,17.0,27.0,10.809565217391306,10.0,11.0
2026-04-04,20,1,ensemble,2026-04-11,11.0,9.0,2.0765217391304347,2.0,6.0
2026-04-04,20,1,baseline,2026-04-11,11.0,13.0,4.8469565217391315,2.0,6.0
2026-04-04,20,2,ensemble,2026-04-18,7.0,6.0,1.7934782608695652,1.0,10.0
2026-04-04,20,2,baseline,2026-04-18,7.0,13.0,7.228695652173912,6.0,10.0
2026-04-04,20,3,ensemble,2026-04-25,9.0,7.0,2.0613043478260873,2.0,8.0
2026-04-04,20,3,baseline,2026-04-25,9.0,13.0,8.502608695652174,4.0,8.0
2026-04-04,21,1,ensemble,2026-04-11,37.0,30.0,5.723478260869566,7.0,27.0
2026-04-04,21,1,baseline,2026-04-11,37.0,48.0,12.721304347826091,11.0,27.0
2026-04-04,21,2,ensemble,2026-04-18,35.0,23.0,6.7391304347826075,12.0,29.0
2026-04-04,21,2,baseline,2026-04-18,35.0,48.0,17.18826086956522,13.0,29.0
2026-04-04,21,3,ensemble,2026-04-25,32.0,19.0,7.317826086956522,13.0,32.0
2026-04-04,21,3,baseline,2026-04-25,32.0,48.0,21.235217391304353,16.0,32.0
2026-04-04,22,1,ensemble,2026-04-11,22.0,29.0,4.896521739130435,7.0,16.0
2026-04-04,22,1,baseline,2026-04-11,22.0,35.0,11.07,13.0,16.0
2026-04-04,22,2,ensemble,2026-04-18,20.0,23.0,4.460434782608696,3.0,18.0
2026-04-04,22,2,baseline,2026-04-18,20.0,35.0,14.337391304347829,15.0,18.0
2026-04-04,22,3,ensemble,2026-04-25,35.0,20.0,7.068695652173912,15.0,3.0
2026-04-04,22,3,baseline,2026-04-25,35.0,35.0,15.423478260869565,0.0,3.0
2026-04-04,23,1,ensemble,2026-04-11,6.0,5.0,1.2934782608695654,1.0,4.0
2026-04-04,23,1,baseline,2026-04-11,6.0,8.0,2.8052173913043483,2.0,4.0
2026-04-04,23,2,ensemble,2026-04-18,3.0,4.0,1.227826086956522,1.0,7.0
2026-04-04,23,2,baseline,2026-04-18,3.0,8.0,4.41,5.0,7.0
2026-04-04,23,3,ensemble,2026-04-25,10.0,3.0,3.6504347826086954,7.0,0.0
2026-04-04,23,3,baseline,2026-04-25,10.0,8.0,4.786521739130436,2.0,0.0
2026-04-04,24,1,ensemble,2026-04-11,9.0,12.0,3.1052173913043477,3.0,0.0
2026-04-04,24,1,baseline,2026-04-11,9.0,9.0,7.299565217391306,0.0,0.0
2026-04-04,24,2,ensemble,2026-04-18,6.0,11.0,3.593913043478261,5.0,3.0
2026-04-04,24,2,baseline,2026-04-18,6.0,9.0,10.467391304347828,3.0,3.0
2026-04-04,24,3,ensemble,2026-04-25,11.0,10.0,2.704347826086957,1.0,2.0
2026-04-04,24,3,baseline,2026-04-25,11.0,9.0,12.773913043478261,2.0,2.0
2026-04-04,25,1,ensemble,2026-04-11,51.0,28.0,12.859565217391303,23.0,6.0
2026-04-04,25,1,baseline,2026-04-11,51.0,41.0,14.043913043478263,10.0,6.0
2026-04-04,25,2,ensemble,2026-04-18,42.0,25.0,9.231739130434784,17.0,3.0
2026-04-04,25,2,baseline,2026-04-18,42.0,41.0,18.63434782608696,1.0,3.0
2026-04-04,25,3,ensemble,2026-04-25,29.0,23.0,5.114782608695652,6.0,16.0
2026-04-04,25,3,baseline,2026-04-25,29.0,41.0,24.22608695652174,12.0,16.0
2026-04-04,26,1,ensemble,2026-04-11,72.0,63.0,9.337391304347829,9.0,24.0
2026-04-04,26,1,baseline,2026-04-11,72.0,91.0,22.034347826086957,19.0,24.0
2026-04-04,26,2,ensemble,2026-04-18,50.0,51.0,8.475652173913044,1.0,46.0
2026-04-04,26,2,baseline,2026-04-18,50.0,91.0,34.239130434782616,41.0,46.0
2026-04-04,26,3,ensemble,2026-04-25,35.0,40.0,7.9913043478260875,5.0,61.0
2026-04-04,26,3,baseline,2026-04-25,35.0,91.0,42.39086956521739,56.0,61.0
2026-04-04,27,1,ensemble,2026-04-11,25.0,24.0,4.483478260869566,1.0,11.0
2026-04-04,27,1,baseline,2026-04-11,25.0,34.0,9.582608695652176,9.0,11.0
2026-04-04,27,2,ensemble,2026-04-18,23.0,18.0,4.55,5.0,13.0
2026-04-04,27,2,baseline,2026-04-18,23.0,34.0,12.980869565217393,11.0,13.0
2026-04-04,27,3,ensemble,2026-04-25,22.0,16.0,4.91304347826087,6.0,14.0
2026-04-04,27,3,baseline,2026-04-25,22.0,34.0,15.942608695652174,12.0,14.0
2026-04-04,28,1,ensemble,2026-04-11,13.0,25.0,6.402608695652175,12.0,18.0
2026-04-04,28,1,baseline,2026-04-11,13.0,31.0,10.872173913043481,18.0,18.0
2026-04-04,28,2,ensemble,2026-04-18,14.0,20.0,4.093913043478262,6.0,17.0
2026-04-04,28,2,baseline,2026-04-18,14.0,31.0,11.386086956521739,17.0,17.0
2026-04-04,28,3,ensemble,2026-04-25,19.0,18.0,3.4426086956521744,1.0,12.0
2026-04-04,28,3,baseline,2026-04-25,19.0,31.0,11.584347826086958,12.0,12.0
2026-04-04,29,1,ensemble,2026-04-11,37.0,39.0,5.845652173913044,2.0,22.0
2026-04-04,29,1,baseline,2026-04-11,37.0,55.0,16.008695652173916,18.0,22.0
2026-04-04,29,2,ensemble,2026-04-18,24.0,30.0,6.150434782608696,6.0,35.0
2026-04-04,29,2,baseline,2026-04-18,24.0,55.0,23.829565217391302,31.0,35.0
2026-04-04,29,3,ensemble,2026-04-25,16.0,24.0,6.393913043478261,8.0,43.0
2026-04-04,29,3,baseline,2026-04-25,16.0,55.0,29.22347826086957,39.0,43.0
2026-04-04,30,1,ensemble,2026-04-11,9.0,8.0,1.6234782608695657,1.0,4.0
2026-04-04,30,1,baseline,2026-04-11,9.0,12.0,3.1739130434782616,3.0,4.0
2026-04-04,30,2,ensemble,2026-04-18,5.0,6.0,1.543913043478261,1.0,8.0
2026-04-04,30,2,baseline,2026-04-18,5.0,12.0,5.083478260869565,7.0,8.0
2026-04-04,30,3,ensemble,2026-04-25,4.0,4.0,1.3173913043478265,0.0,9.0
2026-04-04,30,3,baseline,2026-04-25,4.0,12.0,5.7,8.0,9.0
2026-04-04,31,1,ensemble,2026-04-11,9.0,8.0,1.7895652173913046,1.0,8.0
2026-04-04,31,1,baseline,2026-04-11,9.0,13.0,3.9900000000000007,4.0,8.0
2026-04-04,31,2,ensemble,2026-04-18,9.0,6.0,1.9660869565217394,3.0,8.0
2026-04-04,31,2,baseline,2026-04-18,9.0,13.0,5.099130434782609,4.0,8.0
2026-04-04,31,3,ensemble,2026-04-25,11.0,4.0,3.3882608695652183,7.0,6.0
2026-04-04,31,3,baseline,2026-04-25,11.0,13.0,5.8182608695652185,2.0,6.0
2026-04-04,32,1,ensemble,2026-04-11,21.0,31.0,5.085217391304348,10.0,24.0
2026-04-04,32,1,baseline,2026-04-11,21.0,41.0,11.795652173913046,20.0,24.0
2026-04-04,32,2,ensemble,2026-04-18,20.0,24.0,3.690000000000001,4.0,25.0
2026-04-04,32,2,baseline,2026-04-18,20.0,41.0,12.826086956521738,21.0,25.0
2026-04-04,32,3,ensemble,2026-04-25,30.0,21.0,5.28304347826087,9.0,15.0
2026-04-04,32,3,baseline,2026-04-25,30.0,41.0,10.894347826086959,11.0,15.0
2026-04-04,33,1,ensemble,2026-04-11,6.0,9.0,2.033478260869565,3.0,9.0
2026-04-04,33,1,baseline,2026-04-11,6.0,15.0,5.450869565217391,9.0,9.0
2026-04-04,33,2,ensemble,2026-04-18,9.0,7.0,1.8956521739130436,2.0,6.0
2026-04-04,33,2,baseline,2026-04-18,9.0,15.0,4.930000000000001,6.0,6.0
2026-04-04,33,3,ensemble,2026-04-25,3.0,7.0,2.056521739130435,4.0,12.0
2026-04-04,33,3,baseline,2026-04-25,3.0,15.0,7.326956521739132,12.0,12.0
2026-04-04,34,1,ensemble,2026-04-11,53.0,46.0,8.126521739130435,7.0,10.0
2026-04-04,34,1,baseline,2026-04-11,53.0,63.0,18.47434782608696,10.0,10.0
2026-04-04,34,2,ensemble,2026-04-18,29.0,37.0,7.911739130434783,8.0,34.0
2026-04-04,34,2,baseline,2026-04-18,29.0,63.0,30.152173913043477,34.0,34.0
2026-04-04,34,3,ensemble,2026-04-25,44.0,35.0,8.454347826086957,9.0,19.0
2026-04-04,34,3,baseline,2026-04-25,44.0,63.0,32.81826086956522,19.0,19.0
2026-04-04,35,1,ensemble,2026-04-11,9.0,9.0,1.730434782608696,0.0,4.0
2026-04-04,35,1,baseline,2026-04-11,9.0,11.0,4.842173913043479,2.0,4.0
2026-04-04,35,2,ensemble,2026-04-18,11.0,7.0,2.2956521739130435,4.0,2.0
2026-04-04,35,2,baseline,2026-04-18,11.0,11.0,6.57913043478261,0.0,2.0
2026-04-04,35,3,ensemble,2026-04-25,7.0,7.0,1.7769565217391305,0.0,6.0
2026-04-04,35,3,baseline,2026-04-25,7.0,11.0,8.123478260869566,4.0,6.0
2026-04-04,36,1,ensemble,2026-04-11,169.0,93.0,41.3795652173913,76.0,21.0
2026-04-04,36,1,baseline,2026-04-11,169.0,129.0,38.71086956521739,40.0,21.0
2026-04-04,36,2,ensemble,2026-04-18,142.0,81.0,31.96652173913044,61.0,48.0
2026-04-04,36,2,baseline,2026-04-18,142.0,129.0,47.160869565217396,13.0,48.0
2026-04-04,36,3,ensemble,2026-04-25,76.0,69.0,14.072608695652173,7.0,114.0
2026-04-04,36,3,baseline,2026-04-25,76.0,129.0,62.26652173913043,53.0,114.0
2026-04-04,37,1,ensemble,2026-04-11,31.0,32.0,5.8273913043478265,1.0,19.0
2026-04-04,37,1,baseline,2026-04-11,31.0,47.0,19.50956521739131,16.0,19.0
2026-04-04,37,2,ensemble,2026-04-18,15.0,25.0,6.7895652173913055,10.0,35.0
2026-04-04,37,2,baseline,2026-04-18,15.0,47.0,30.076956521739135,32.0,35.0
2026-04-04,37,3,ensemble,2026-04-25,19.0,21.0,5.589130434782609,2.0,31.0
2026-04-04,37,3,baseline,2026-04-25,19.0,47.0,34.58565217391305,28.0,31.0
2026-04-04,38,1,ensemble,2026-04-11,10.0,9.0,1.566521739130435,1.0,5.0
2026-04-04,38,1,baseline,2026-04-11,10.0,14.0,2.9573913043478273,4.0,5.0
2026-04-04,38,2,ensemble,2026-04-18,10.0,7.0,1.9013043478260871,3.0,5.0
2026-04-04,38,2,baseline,2026-04-18,10.0,14.0,3.6204347826086956,4.0,5.0
2026-04-04,38,3,ensemble,2026-04-25,7.0,6.0,1.4100000000000004,1.0,8.0
2026-04-04,38,3,baseline,2026-04-25,7.0,14.0,4.863478260869566,7.0,8.0
2026-04-04,39,1,ensemble,2026-04-11,42.0,46.0,8.868695652173914,4.0,18.0
2026-04-04,39,1,baseline,2026-04-11,42.0,61.0,25.446521739130436,19.0,18.0
2026-04-04,39,2,ensemble,2026-04-18,28.0,30.0,6.234782608695652,2.0,32.0
2026-04-04,39,2,baseline,2026-04-18,28.0,61.0,37.24782608695652,33.0,32.0
2026-04-04,39,3,ensemble,2026-04-25,37.0,21.0,9.93086956521739,16.0,23.0
2026-04-04,39,3,baseline,2026-04-25,37.0,62.0,43.48695652173914,25.0,23.0
2026-04-04,40,1,ensemble,2026-04-11,8.0,19.0,5.82391304347826,11.0,15.0
2026-04-04,40,1,baseline,2026-04-11,8.0,23.0,11.394782608695653,15.0,15.0
2026-04-04,40,2,ensemble,2026-04-18,9.0,16.0,4.310869565217391,7.0,14.0
2026-04-04,40,2,baseline,2026-04-18,9.0,23.0,13.834347826086958,14.0,14.0
2026-04-04,40,3,ensemble,2026-04-25,7.0,15.0,4.754347826086955,8.0,16.0
2026-04-04,40,3,baseline,2026-04-25,7.0,23.0,16.608260869565218,16.0,16.0
2026-04-04,41,1,ensemble,2026-04-11,5.0,14.0,5.57913043478261,9.0,19.0
2026-04-04,41,1,baseline,2026-04-11,5.0,21.0,11.206956521739132,16.0,19.0
2026-04-04,41,2,ensemble,2026-04-18,10.0,13.0,2.8943478260869573,3.0,14.0
2026-04-04,41,2,baseline,2026-04-18,10.0,21.0,11.219565217391308,11.0,14.0
2026-04-04,41,3,ensemble,2026-04-25,10.0,11.0,2.763478260869565,1.0,14.0
2026-04-04,41,3,baseline,2026-04-25,10.0,21.0,13.396521739130437,11.0,14.0
2026-04-04,42,1,ensemble,2026-04-11,345.0,252.0,51.39695652173913,93.0,32.0
2026-04-04,42,1,baseline,2026-04-11,345.0,361.0,37.477826086956526,16.0,32.0
2026-04-04,42,2,ensemble,2026-04-18,310.0,192.0,58.04478260869565,118.0,67.0
2026-04-04,42,2,baseline,2026-04-18,310.0,361.0,60.74869565217392,51.0,67.0
2026-04-04,42,3,ensemble,2026-04-25,260.0,159.0,51.290000000000006,101.0,117.0
2026-04-04,42,3,baseline,2026-04-25,260.0,361.0,85.04260869565219,101.0,117.0
2026-04-04,44,1,ensemble,2026-04-11,18.0,7.0,6.213043478260871,11.0,7.0
2026-04-04,44,1,baseline,2026-04-11,18.0,10.0,4.648260869565218,8.0,7.0
2026-04-04,44,2,ensemble,2026-04-18,11.0,6.0,2.825217391304348,5.0,0.0
2026-04-04,44,2,baseline,2026-04-18,11.0,10.0,3.0934782608695657,1.0,0.0
2026-04-04,44,3,ensemble,2026-04-25,4.0,4.0,1.358695652173913,0.0,7.0
2026-04-04,44,3,baseline,2026-04-25,4.0,10.0,4.742173913043479,6.0,7.0
2026-04-04,45,1,ensemble,2026-04-11,11.0,15.0,3.3717391304347823,4.0,4.0
2026-04-04,45,1,baseline,2026-04-11,11.0,15.0,8.353913043478261,4.0,4.0
2026-04-04,45,2,ensemble,2026-04-18,4.0,13.0,4.658695652173913,9.0,11.0
2026-04-04,45,2,baseline,2026-04-18,4.0,15.0,12.733913043478264,11.0,11.0
2026-04-04,45,3,ensemble,2026-04-25,13.0,12.0,2.6343478260869566,1.0,2.0
2026-04-04,45,3,baseline,2026-04-25,13.0,15.0,14.954782608695655,2.0,2.0
2026-04-04,46,1,ensemble,2026-04-11,10.0,9.0,1.5982608695652176,1.0,3.0
2026-04-04,46,1,baseline,2026-04-11,10.0,13.0,2.7247826086956524,3.0,3.0
2026-04-04,46,2,ensemble,2026-04-18,5.0,7.0,1.4756521739130435,2.0,8.0
2026-04-04,46,2,baseline,2026-04-18,5.0,13.0,5.017826086956523,8.0,8.0
2026-04-04,46,3,ensemble,2026-04-25,8.0,5.0,1.7208695652173913,3.0,5.0
2026-04-04,46,3,baseline,2026-04-25,8.0,13.0,4.53608695652174,5.0,5.0
2026-04-04,47,1,ensemble,2026-04-11,50.0,57.0,6.576521739130436,7.0,31.0
2026-04-04,47,1,baseline,2026-04-11,50.0,79.0,19.869130434782612,29.0,31.0
2026-04-04,47,2,ensemble,2026-04-18,47.0,45.0,5.863913043478261,2.0,34.0
2026-04-04,47,2,baseline,2026-04-18,47.0,79.0,24.00130434782609,32.0,34.0
2026-04-04,47,3,ensemble,2026-04-25,39.0,38.0,5.726521739130435,1.0,42.0
2026-04-04,47,3,baseline,2026-04-25,39.0,79.0,29.35782608695652,40.0,42.0
2026-04-04,48,1,ensemble,2026-04-11,134.0,166.0,23.36217391304348,32.0,121.0
2026-04-04,48,1,baseline,2026-04-11,134.0,213.0,59.39478260869567,79.0,121.0
2026-04-04,48,2,ensemble,2026-04-18,124.0,132.0,18.437826086956523,8.0,131.0
2026-04-04,48,2,baseline,2026-04-18,124.0,213.0,73.09565217391305,89.0,131.0
2026-04-04,48,3,ensemble,2026-04-25,129.0,117.0,18.856521739130436,12.0,126.0
2026-04-04,48,3,baseline,2026-04-25,129.0,213.0,81.90086956521739,84.0,126.0
2026-04-04,49,1,ensemble,2026-04-11,6.0,8.0,2.0630434782608695,2.0,2.0
2026-04-04,49,1,baseline,2026-04-11,6.0,8.0,3.130869565217391,2.0,2.0
2026-04-04,49,2,ensemble,2026-04-18,5.0,6.0,1.591739130434783,1.0,3.0
2026-04-04,49,2,baseline,2026-04-18,5.0,8.0,4.20608695652174,3.0,3.0
2026-04-04,49,3,ensemble,2026-04-25,13.0,5.0,4.373478260869565,8.0,5.0
2026-04-04,49,3,baseline,2026-04-25,13.0,8.0,5.4647826086956535,5.0,5.0
2026-04-04,50,1,ensemble,2026-04-11,3.0,2.0,0.7265217391304347,1.0,8.0
2026-04-04,50,1,baseline,2026-04-11,3.0,3.0,1.1230434782608696,0.0,8.0
2026-04-04,50,2,ensemble,2026-04-18,3.0,2.0,0.8243478260869566,1.0,8.0
2026-04-04,50,2,baseline,2026-04-18,3.0,3.0,1.5134782608695656,0.0,8.0
2026-04-04,50,3,ensemble,2026-04-25,2.0,2.0,0.5334782608695652,0.0,9.0
2026-04-04,50,3,baseline,2026-04-25,2.0,3.0,2.0530434782608697,1.0,9.0
2026-04-04,51,1,ensemble,2026-04-11,22.0,25.0,4.429565217391305,3.0,10.0
2026-04-04,51,1,baseline,2026-04-11,22.0,28.0,12.654347826086957,6.0,10.0
2026-04-04,51,2,ensemble,2026-04-18,15.0,19.0,4.722608695652174,4.0,17.0
2026-04-04,51,2,baseline,2026-04-18,15.0,28.0,17.92478260869565,13.0,17.0
2026-04-04,51,3,ensemble,2026-04-25,19.0,19.0,4.140869565217393,0.0,13.0
2026-04-04,51,3,baseline,2026-04-25,19.0,28.0,21.20608695652174,9.0,13.0
2026-04-04,53,1,ensemble,2026-04-11,41.0,37.0,4.912173913043478,4.0,7.0
2026-04-04,53,1,baseline,2026-04-11,41.0,53.0,10.426086956521738,12.0,7.0
2026-04-04,53,2,ensemble,2026-04-18,40.0,30.0,6.320869565217392,10.0,8.0
2026-04-04,53,2,baseline,2026-04-18,40.0,53.0,13.382608695652177,13.0,8.0
2026-04-04,53,3,ensemble,2026-04-25,39.0,26.0,7.056956521739131,13.0,9.0
2026-04-04,53,3,baseline,2026-04-25,39.0,53.0,16.057826086956517,14.0,9.0
2026-04-04,54,1,ensemble,2026-04-11,11.0,15.0,2.936086956521739,4.0,13.0
2026-04-04,54,1,baseline,2026-04-11,11.0,22.0,8.093043478260869,11.0,13.0
2026-04-04,54,2,ensemble,2026-04-18,29.0,10.0,10.323478260869566,19.0,5.0
2026-04-04,54,2,baseline,2026-04-18,29.0,22.0,8.329565217391306,7.0,5.0
2026-04-04,54,3,ensemble,2026-04-25,16.0,7.0,4.318260869565217,9.0,8.0
2026-04-04,54,3,baseline,2026-04-25,16.0,22.0,9.859565217391303,6.0,8.0
2026-04-04,55,1,ensemble,2026-04-11,59.0,39.0,10.116086956521741,20.0,41.0
2026-04-04,55,1,baseline,2026-04-11,59.0,70.0,12.027391304347827,11.0,41.0
2026-04-04,55,2,ensemble,2026-04-18,32.0,27.0,5.711304347826086,5.0,68.0
2026-04-04,55,2,baseline,2026-04-18,32.0,70.0,24.50521739130436,38.0,68.0
2026-04-04,55,3,ensemble,2026-04-25,28.0,22.0,5.071739130434784,6.0,72.0
2026-04-04,55,3,baseline,2026-04-25,28.0,70.0,27.66608695652174,42.0,72.0
2026-04-04,56,1,ensemble,2026-04-11,9.0,3.0,3.215652173913044,6.0,5.0
2026-04-04,56,1,baseline,2026-04-11,9.0,4.0,2.7343478260869567,5.0,5.0
2026-04-04,56,2,ensemble,2026-04-18,6.0,3.0,1.7469565217391299,3.0,2.0
2026-04-04,56,2,baseline,2026-04-18,6.0,4.0,2.5013043478260872,2.0,2.0
2026-04-04,56,3,ensemble,2026-04-25,1.0,3.0,0.967391304347826,2.0,3.0
2026-04-04,56,3,baseline,2026-04-25,1.0,4.0,2.9208695652173917,3.0,3.0
2026-04-11,01,1,ensemble,2026-04-18,26.0,20.0,4.203043478260869,6.0,4.0
2026-04-11,01,1,baseline,2026-04-18,26.0,27.0,8.545217391304348,1.0,4.0
2026-04-11,01,2,ensemble,2026-04-25,28.0,16.0,5.790000000000001,12.0,2.0
2026-04-11,01,2,baseline,2026-04-25,28.0,27.0,11.719565217391308,1.0,2.0
2026-04-11,01,3,ensemble,2026-05-02,20.0,14.0,3.944347826086957,6.0,10.0
2026-04-11,01,3,baseline,2026-05-02,20.0,27.0,14.795652173913046,7.0,10.0
2026-04-11,02,1,ensemble,2026-04-18,3.0,5.0,1.4773913043478262,2.0,4.0
2026-04-11,02,1,baseline,2026-04-18,3.0,7.0,2.4952173913043483,4.0,4.0
2026-04-11,02,2,ensemble,2026-04-25,5.0,5.0,1.1086956521739133,0.0,2.0
2026-04-11,02,2,baseline,2026-04-25,5.0,7.0,2.2669565217391305,2.0,2.0
2026-04-11,02,3,ensemble,2026-05-02,3.0,5.0,1.2560869565217394,2.0,4.0
2026-04-11,02,3,baseline,2026-05-02,3.0,7.0,3.006086956521739,4.0,4.0
2026-04-11,04,1,ensemble,2026-04-18,61.0,53.0,7.749130434782609,8.0,13.0
2026-04-11,04,1,baseline,2026-04-18,61.0,73.0,17.456956521739134,12.0,13.0
2026-04-11,04,2,ensemble,2026-04-25,69.0,45.0,12.803913043478264,24.0,5.0
2026-04-11,04,2,baseline,2026-04-25,69.0,73.0,23.18739130434783,4.0,5.0
2026-04-11,04,3,ensemble,2026-05-02,71.0,40.0,15.685652173913045,31.0,3.0
2026-04-11,04,3,baseline,2026-05-02,71.0,73.0,28.95739130434783,2.0,3.0
2026-04-11,05,1,ensemble,2026-04-18,3.0,10.0,4.033478260869566,7.0,19.0
2026-04-11,05,1,baseline,2026-04-18,3.0,16.0,9.270869565217394,13.0,19.0
2026-04-11,05,2,ensemble,2026-04-25,7.0,8.0,1.9482608695652175,1.0,15.0
2026-04-11,05,2,baseline,2026-04-25,7.0,16.0,9.850869565217394,9.0,15.0
2026-04-11,05,3,ensemble,2026-05-02,7.0,6.0,1.8573913043478263,1.0,15.0
2026-04-11,05,3,baseline,2026-05-02,7.0,16.0,11.429565217391307,9.0,15.0
2026-04-11,06,1,ensemble,2026-04-18,194.0,196.0,20.425652173913043,2.0,115.0
2026-04-11,06,1,baseline,2026-04-18,194.0,287.0,68.81652173913044,93.0,115.0
2026-04-11,06,2,ensemble,2026-04-25,230.0,165.0,34.92478260869566,65.0,79.0
2026-04-11,06,2,baseline,2026-04-25,230.0,287.0,71.3495652173913,57.0,79.0
2026-04-11,06,3,ensemble,2026-05-02,212.0,137.0,38.56956521739131,75.0,97.0
2026-04-11,06,3,baseline,2026-05-02,212.0,287.0,88.27608695652175,75.0,97.0
2026-04-11,08,1,ensemble,2026-04-18,20.0,19.0,3.4556521739130437,1.0,14.0
2026-04-11,08,1,baseline,2026-04-18,20.0,28.0,9.15434782608696,8.0,14.0
2026-04-11,08,2,ensemble,2026-04-25,39.0,14.0,13.167826086956522,25.0,5.0
2026-04-11,08,2,baseline,2026-04-25,39.0,28.0,12.318260869565217,11.0,5.0
2026-04-11,08,3,ensemble,2026-05-02,28.0,13.0,7.675652173913043,15.0,6.0
2026-04-11,08,3,baseline,2026-05-02,28.0,28.0,13.886086956521739,0.0,6.0
2026-04-11,09,1,ensemble,2026-04-18,34.0,25.0,5.158695652173913,9.0,0.0
2026-04-11,09,1,baseline,2026-04-18,34.0,33.0,7.056521739130437,1.0,0.0
2026-04-11,09,2,ensemble,2026-04-25,18.0,23.0,4.166086956521739,5.0,16.0
2026-04-11,09,2,baseline,2026-04-25,18.0,33.0,12.349565217391307,15.0,16.0
2026-04-11,09,3,ensemble,2026-05-02,9.0,19.0,5.432608695652174,10.0,25.0
2026-04-11,09,3,baseline,2026-05-02,9.0,33.0,16.582173913043476,24.0,25.0
2026-04-11,10,1,ensemble,2026-04-18,2.0,4.0,1.232608695652174,2.0,5.0
2026-04-11,10,1,baseline,2026-04-18,2.0,7.0,3.5186956521739132,5.0,5.0
2026-04-11,10,2,ensemble,2026-04-25,6.0,3.0,1.6582608695652175,3.0,1.0
2026-04-11,10,2,baseline,2026-04-25,6.0,7.0,3.4543478260869565,1.0,1.0
2026-04-11,10,3,ensemble,2026-05-02,4.0,2.0,1.1786956521739131,2.0,3.0
2026-04-11,10,3,baseline,2026-05-02,4.0,7.0,4.194782608695653,3.0,3.0
2026-04-11,11,1,ensemble,2026-04-18,5.0,1.0,2.2221739130434783,4.0,4.0
2026-04-11,11,1,baseline,2026-04-18,5.0,1.0,2.329565217391305,4.0,4.0
2026-04-11,11,2,ensemble,2026-04-25,2.0,1.0,0.5426086956521738,1.0,1.0
2026-04-11,11,2,baseline,2026-04-25,2.0,1.0,2.1008695652173914,1.0,1.0
2026-04-11,11,3,ensemble,2026-05-02,1.0,1.0,0.5021739130434782,0.0,0.0
2026-04-11,11,3,baseline,2026-05-02,1.0,1.0,2.57,0.0,0.0
2026-04-11,12,1,ensemble,2026-04-18,170.0,132.0,22.92260869565217,38.0,31.0
2026-04-11,12,1,baseline,2026-04-18,170.0,181.0,37.98173913043479,11.0,31.0
2026-04-11,12,2,ensemble,2026-04-25,187.0,110.0,40.060869565217395,77.0,14.0
2026-04-11,12,2,baseline,2026-04-25,187.0,181.0,51.81782608695653,6.0,14.0
2026-04-11,12,3,ensemble,2026-05-02,166.0,93.0,36.305217391304346,73.0,35.0
2026-04-11,12,3,baseline,2026-05-02,166.0,181.0,63.21304347826087,15.0,35.0
2026-04-11,13,1,ensemble,2026-04-18,38.0,47.0,7.383478260869567,9.0,35.0
2026-04-11,13,1,baseline,2026-04-18,38.0,70.0,22.309565217391306,32.0,35.0
2026-04-11,13,2,ensemble,2026-04-25,31.0,40.0,7.313913043478262,9.0,42.0
2026-04-11,13,2,baseline,2026-04-25,31.0,70.0,28.17217391304348,39.0,42.0
2026-04-11,13,3,ensemble,2026-05-02,19.0,33.0,9.078695652173915,14.0,54.0
2026-04-11,13,3,baseline,2026-05-02,19.0,70.0,35.3795652173913,51.0,54.0
2026-04-11,15,1,ensemble,2026-04-18,4.0,3.0,1.0034782608695654,1.0,2.0
2026-04-11,15,1,baseline,2026-04-18,4.0,0.0,1.715217391304348,4.0,2.0
2026-04-11,15,2,ensemble,2026-04-25,17.0,3.0,9.698695652173912,14.0,15.0
2026-04-11,15,2,baseline,2026-04-25,17.0,1.0,8.08304347826087,16.0,15.0
2026-04-11,15,3,ensemble,2026-05-02,21.0,3.0,13.248260869565222,18.0,19.0
2026-04-11,15,3,baseline,2026-05-02,21.0,1.0,10.02086956521739,20.0,19.0
2026-04-11,16,1,ensemble,2026-04-18,7.0,17.0,5.2034782608695656,10.0,19.0
2026-04-11,16,1,baseline,2026-04-18,7.0,26.0,10.977391304347826,19.0,19.0
2026-04-11,16,2,ensemble,2026-04-25,7.0,14.0,3.3934782608695655,7.0,19.0
2026-04-11,16,2,baseline,2026-04-25,7.0,26.0,11.170434782608698,19.0,19.0
2026-04-11,16,3,ensemble,2026-05-02,7.0,11.0,2.701304347826087,4.0,19.0
2026-04-11,16,3,baseline,2026-05-02,7.0,26.0,11.560869565217393,19.0,19.0
2026-04-11,17,1,ensemble,2026-04-18,86.0,43.0,23.653913043478266,43.0,17.0
2026-04-11,17,1,baseline,2026-04-18,86.0,69.0,20.36739130434783,17.0,17.0
2026-04-11,17,2,ensemble,2026-04-25,79.0,37.0,23.190000000000005,42.0,24.0
2026-04-11,17,2,baseline,2026-04-25,79.0,69.0,27.090434782608696,10.0,24.0
2026-04-11,17,3,ensemble,2026-05-02,28.0,30.0,7.333043478260871,2.0,75.0
2026-04-11,17,3,baseline,2026-05-02,28.0,69.0,38.62434782608696,41.0,75.0
2026-04-11,18,1,ensemble,2026-04-18,39.0,31.0,5.808695652173912,8.0,17.0
2026-04-11,18,1,baseline,2026-04-18,39.0,49.0,14.73391304347826,10.0,17.0
2026-04-11,18,2,ensemble,2026-04-25,23.0,24.0,4.663913043478261,1.0,33.0
2026-04-11,18,2,baseline,2026-04-25,23.0,49.0,23.404782608695655,26.0,33.0
2026-04-11,18,3,ensemble,2026-05-02,22.0,20.0,4.7956521739130435,2.0,34.0
2026-04-11,18,3,baseline,2026-05-02,22.0,49.0,27.688260869565216,27.0,34.0
2026-04-11,19,1,ensemble,2026-04-18,16.0,11.0,3.0830434782608696,5.0,4.0
2026-04-11,19,1,baseline,2026-04-18,16.0,20.0,5.536956521739131,4.0,4.0
2026-04-11,19,2,ensemble,2026-04-25,17.0,8.0,4.615217391304348,9.0,3.0
2026-04-11,19,2,baseline,2026-04-25,17.0,20.0,7.502608695652175,3.0,3.0
2026-04-11,19,3,ensemble,2026-05-02,12.0,6.0,3.2247826086956524,6.0,8.0
2026-04-11,19,3,baseline,2026-05-02,12.0,20.0,9.931739130434783,8.0,8.0
2026-04-11,20,1,ensemble,2026-04-18,7.0,8.0,1.7573913043478264,1.0,7.0
2026-04-11,20,1,baseline,2026-04-18,7.0,14.0,6.044782608695653,7.0,7.0
2026-04-11,20,2,ensemble,2026-04-25,9.0,7.0,1.976521739130435,2.0,5.0
2026-04-11,20,2,baseline,2026-04-25,9.0,14.0,7.139565217391305,5.0,5.0
2026-04-11,20,3,ensemble,2026-05-02,4.0,6.0,1.8634782608695653,2.0,10.0
2026-04-11,20,3,baseline,2026-05-02,4.0,14.0,9.523043478260869,10.0,10.0
2026-04-11,21,1,ensemble,2026-04-18,35.0,24.0,6.113043478260869,11.0,16.0
2026-04-11,21,1,baseline,2026-04-18,35.0,40.0,11.333478260869569,5.0,16.0
2026-04-11,21,2,ensemble,2026-04-25,32.0,18.0,7.110000000000001,14.0,19.0
2026-04-11,21,2,baseline,2026-04-25,32.0,40.0,15.927826086956523,8.0,19.0
2026-04-11,21,3,ensemble,2026-05-02,21.0,16.0,3.8265217391304343,5.0,30.0
2026-04-11,21,3,baseline,2026-05-02,21.0,40.0,20.930434782608696,19.0,30.0
2026-04-11,22,1,ensemble,2026-04-18,20.0,19.0,3.141304347826087,1.0,6.0
2026-04-11,22,1,baseline,2026-04-18,20.0,24.0,8.744782608695653,4.0,6.0
2026-04-11,22,2,ensemble,2026-04-25,35.0,17.0,8.986521739130435,18.0,9.0
2026-04-11,22,2,baseline,2026-04-25,35.0,24.0,12.621739130434781,11.0,9.0
2026-04-11,22,3,ensemble,2026-05-02,26.0,16.0,5.604347826086958,10.0,0.0
2026-04-11,22,3,baseline,2026-05-02,26.0,24.0,14.14826086956522,2.0,0.0
2026-04-11,23,1,ensemble,2026-04-18,3.0,4.0,1.0513043478260873,1.0,5.0
2026-04-11,23,1,baseline,2026-04-18,3.0,6.0,2.8982608695652172,3.0,5.0
2026-04-11,23,2,ensemble,2026-04-25,10.0,3.0,3.567391304347826,7.0,2.0
2026-04-11,23,2,baseline,2026-04-25,10.0,6.0,4.061739130434782,4.0,2.0
2026-04-11,23,3,ensemble,2026-05-02,6.0,3.0,1.6682608695652172,3.0,2.0
2026-04-11,23,3,baseline,2026-05-02,6.0,6.0,4.412608695652175,0.0,2.0
2026-04-11,24,1,ensemble,2026-04-18,6.0,9.0,2.7939130434782617,3.0,4.0
2026-04-11,24,1,baseline,2026-04-18,6.0,8.0,7.227391304347828,2.0,4.0
2026-04-11,24,2,ensemble,2026-04-25,11.0,8.0,2.6247826086956523,3.0,1.0
2026-04-11,24,2,baseline,2026-04-25,11.0,8.0,10.26913043478261,3.0,1.0
2026-04-11,24,3,ensemble,2026-05-02,12.0,7.0,3.1943478260869558,5.0,2.0
2026-04-11,24,3,baseline,2026-05-02,12.0,8.0,12.642173913043482,4.0,2.0
2026-04-11,25,1,ensemble,2026-04-18,42.0,23.0,9.939130434782609,19.0,7.0
2026-04-11,25,1,baseline,2026-04-18,42.0,32.0,13.43521739130435,10.0,7.0
2026-04-11,25,2,ensemble,2026-04-25,29.0,18.0,5.696956521739132,11.0,6.0
2026-04-11,25,2,baseline,2026-04-25,29.0,32.0,17.984782608695653,3.0,6.0
2026-04-11,25,3,ensemble,2026-05-02,29.0,15.0,6.867391304347828,14.0,6.0
2026-04-11,25,3,baseline,2026-05-02,29.0,32.0,22.6204347826087,3.0,6.0
2026-04-11,26,1,ensemble,2026-04-18,50.0,48.0,7.07608695652174,2.0,28.0
2026-04-11,26,1,baseline,2026-04-18,50.0,77.0,23.832173913043476,27.0,28.0
2026-04-11,26,2,ensemble,2026-04-25,35.0,38.0,8.130869565217392,3.0,43.0
2026-04-11,26,2,baseline,2026-04-25,35.0,77.0,33.77434782608696,42.0,43.0
2026-04-11,26,3,ensemble,2026-05-02,28.0,32.0,8.127391304347828,4.0,50.0
2026-04-11,26,3,baseline,2026-05-02,28.0,77.0,39.61347826086957,49.0,50.0
2026-04-11,27,1,ensemble,2026-04-18,23.0,20.0,3.7665217391304346,3.0,10.0
2026-04-11,27,1,baseline,2026-04-18,23.0,33.0,9.746521739130438,10.0,10.0
2026-04-11,27,2,ensemble,2026-04-25,22.0,15.0,4.49,7.0,11.0
2026-04-11,27,2,baseline,2026-04-25,22.0,33.0,12.903913043478262,11.0,11.0
2026-04-11,27,3,ensemble,2026-05-02,34.0,13.0,11.2,21.0,1.0
2026-04-11,27,3,baseline,2026-05-02,34.0,33.0,14.939999999999998,1.0,1.0
2026-04-11,28,1,ensemble,2026-04-18,14.0,15.0,2.653913043478261,1.0,4.0
2026-04-11,28,1,baseline,2026-04-18,14.0,18.0,6.1286956521739135,4.0,4.0
2026-04-11,28,2,ensemble,2026-04-25,19.0,14.0,3.5260869565217403,5.0,1.0
2026-04-11,28,2,baseline,2026-04-25,19.0,18.0,7.863913043478261,1.0,1.0
2026-04-11,28,3,ensemble,2026-05-02,27.0,12.0,7.6143478260869575,15.0,9.0
2026-04-11,28,3,baseline,2026-05-02,27.0,18.0,9.99391304347826,9.0,9.0
2026-04-11,29,1,ensemble,2026-04-18,24.0,29.0,5.21608695652174,5.0,20.0
2026-04-11,29,1,baseline,2026-04-18,24.0,43.0,15.489130434782613,19.0,20.0
2026-04-11,29,2,ensemble,2026-04-25,16.0,23.0,5.3869565217391315,7.0,28.0
2026-04-11,29,2,baseline,2026-04-25,16.0,43.0,21.77521739130435,27.0,28.0
2026-04-11,29,3,ensemble,2026-05-02,8.0,18.0,6.622608695652174,10.0,36.0
2026-04-11,29,3,baseline,2026-05-02,8.0,43.0,27.062173913043477,35.0,36.0
2026-04-11,30,1,ensemble,2026-04-18,5.0,8.0,1.9282608695652175,3.0,9.0
2026-04-11,30,1,baseline,2026-04-18,5.0,14.0,5.473478260869564,9.0,9.0
2026-04-11,30,2,ensemble,2026-04-25,4.0,6.0,1.6521739130434783,2.0,10.0
2026-04-11,30,2,baseline,2026-04-25,4.0,14.0,6.328695652173913,10.0,10.0
2026-04-11,30,3,ensemble,2026-05-02,0.0,5.0,2.8078260869565224,5.0,14.0
2026-04-11,30,3,baseline,2026-05-02,0.0,14.0,7.9052173913043475,14.0,14.0
2026-04-11,31,1,ensemble,2026-04-18,9.0,8.0,1.5634782608695652,1.0,6.0
2026-04-11,31,1,baseline,2026-04-18,9.0,13.0,3.9626086956521744,4.0,6.0
2026-04-11,31,2,ensemble,2026-04-25,11.0,6.0,2.634347826086957,5.0,4.0
2026-04-11,31,2,baseline,2026-04-25,11.0,13.0,4.841304347826088,2.0,4.0
2026-04-11,31,3,ensemble,2026-05-02,4.0,5.0,1.570434782608696,1.0,11.0
2026-04-11,31,3,baseline,2026-05-02,4.0,13.0,6.880000000000001,9.0,11.0
2026-04-11,32,1,ensemble,2026-04-18,20.0,24.0,3.394347826086957,4.0,14.0
2026-04-11,32,1,baseline,2026-04-18,20.0,34.0,8.842608695652176,14.0,14.0
2026-04-11,32,2,ensemble,2026-04-25,30.0,20.0,5.275652173913044,10.0,4.0
2026-04-11,32,2,baseline,2026-04-25,30.0,34.0,7.831304347826087,4.0,4.0
2026-04-11,32,3,ensemble,2026-05-02,44.0,16.0,15.266521739130438,28.0,10.0
2026-04-11,32,3,baseline,2026-05-02,44.0,34.0,10.285217391304348,10.0,10.0
2026-04-11,33,1,ensemble,2026-04-18,9.0,10.0,1.838695652173913,1.0,8.0
2026-04-11,33,1,baseline,2026-04-18,9.0,17.0,5.025652173913044,8.0,8.0
2026-04-11,33,2,ensemble,2026-04-25,3.0,8.0,2.6556521739130434,5.0,14.0
2026-04-11,33,2,baseline,2026-04-25,3.0,17.0,8.233913043478264,14.0,14.0
2026-04-11,33,3,ensemble,2026-05-02,1.0,7.0,3.1717391304347835,6.0,16.0
2026-04-11,33,3,baseline,2026-05-02,1.0,17.0,9.223478260869566,16.0,16.0
2026-04-11,34,1,ensemble,2026-04-18,29.0,52.0,13.037826086956523,23.0,36.0
2026-04-11,34,1,baseline,2026-04-18,29.0,79.0,32.21608695652174,50.0,36.0
2026-04-11,34,2,ensemble,2026-04-25,44.0,43.0,7.785652173913045,1.0,21.0
2026-04-11,34,2,baseline,2026-04-25,44.0,79.0,31.230434782608693,35.0,21.0
2026-04-11,34,3,ensemble,2026-05-02,40.0,36.0,7.941739130434782,4.0,25.0
2026-04-11,34,3,baseline,2026-05-02,40.0,79.0,37.43304347826088,39.0,25.0
2026-04-11,35,1,ensemble,2026-04-18,11.0,5.0,2.8308695652173914,6.0,0.0
2026-04-11,35,1,baseline,2026-04-18,11.0,7.0,4.632173913043479,4.0,0.0
2026-04-11,35,2,ensemble,2026-04-25,7.0,4.0,1.7408695652173916,3.0,4.0
2026-04-11,35,2,baseline,2026-04-25,7.0,7.0,5.963913043478262,0.0,4.0
2026-04-11,35,3,ensemble,2026-05-02,13.0,4.0,4.793478260869565,9.0,2.0
2026-04-11,35,3,baseline,2026-05-02,13.0,7.0,7.650434782608696,6.0,2.0
2026-04-11,36,1,ensemble,2026-04-18,142.0,118.0,16.823913043478264,24.0,75.0
2026-04-11,36,1,baseline,2026-04-18,142.0,162.0,35.86434782608696,20.0,75.0
2026-04-11,36,2,ensemble,2026-04-25,76.0,102.0,17.76826086956522,26.0,141.0
2026-04-11,36,2,baseline,2026-04-25,76.0,162.0,64.32608695652175,86.0,141.0
2026-04-11,36,3,ensemble,2026-05-02,78.0,92.0,16.04565217391304,14.0,139.0
2026-04-11,36,3,baseline,2026-05-02,78.0,162.0,71.24347826086957,84.0,139.0
2026-04-11,37,1,ensemble,2026-04-18,15.0,23.0,5.969999999999999,8.0,24.0
2026-04-11,37,1,baseline,2026-04-18,15.0,34.0,19.66739130434783,19.0,24.0
2026-04-11,37,2,ensemble,2026-04-25,19.0,18.0,5.018695652173914,1.0,20.0
2026-04-11,37,2,baseline,2026-04-25,19.0,34.0,24.966521739130435,15.0,20.0
2026-04-11,37,3,ensemble,2026-05-02,17.0,16.0,4.867826086956523,1.0,22.0
2026-04-11,37,3,baseline,2026-05-02,17.0,34.0,31.176521739130443,17.0,22.0
2026-04-11,38,1,ensemble,2026-04-18,10.0,6.0,2.1195652173913038,4.0,0.0
2026-04-11,38,1,baseline,2026-04-18,10.0,10.0,2.1821739130434783,0.0,0.0
2026-04-11,38,2,ensemble,2026-04-25,7.0,5.0,1.4152173913043478,2.0,3.0
2026-04-11,38,2,baseline,2026-04-25,7.0,10.0,3.239565217391304,3.0,3.0
2026-04-11,38,3,ensemble,2026-05-02,5.0,4.0,1.2421739130434784,1.0,5.0
2026-04-11,38,3,baseline,2026-05-02,5.0,10.0,4.090434782608695,5.0,5.0
2026-04-11,39,1,ensemble,2026-04-18,28.0,23.0,5.313478260869566,5.0,7.0
2026-04-11,39,1,baseline,2026-04-18,28.0,33.0,20.654782608695655,5.0,7.0
2026-04-11,39,2,ensemble,2026-04-25,37.0,17.0,10.320000000000002,20.0,2.0
2026-04-11,39,2,baseline,2026-04-25,37.0,33.0,30.09652173913044,4.0,2.0
2026-04-11,39,3,ensemble,2026-05-02,27.0,16.0,6.848695652173915,11.0,8.0
2026-04-11,39,3,baseline,2026-05-02,27.0,33.0,38.244782608695665,6.0,8.0
2026-04-11,40,1,ensemble,2026-04-18,9.0,27.0,10.924782608695654,18.0,36.0
2026-04-11,40,1,baseline,2026-04-18,9.0,45.0,21.5095652173913,36.0,36.0
2026-04-11,40,2,ensemble,2026-04-25,7.0,24.0,9.869130434782608,17.0,38.0
2026-04-11,40,2,baseline,2026-04-25,7.0,45.0,23.06739130434783,38.0,38.0
2026-04-11,40,3,ensemble,2026-05-02,7.0,20.0,8.21391304347826,13.0,38.0
2026-04-11,40,3,baseline,2026-05-02,7.0,45.0,24.2895652173913,38.0,38.0
2026-04-11,41,1,ensemble,2026-04-18,10.0,6.0,2.3334782608695654,4.0,3.0
2026-04-11,41,1,baseline,2026-04-18,10.0,10.0,5.936521739130436,0.0,3.0
2026-04-11,41,2,ensemble,2026-04-25,10.0,6.0,2.636521739130435,4.0,3.0
2026-04-11,41,2,baseline,2026-04-25,10.0,10.0,8.607826086956523,0.0,3.0
2026-04-11,41,3,ensemble,2026-05-02,15.0,6.0,5.098695652173914,9.0,2.0
2026-04-11,41,3,baseline,2026-05-02,15.0,10.0,11.250869565217393,5.0,2.0
2026-04-11,42,1,ensemble,2026-04-18,310.0,238.0,38.469565217391306,72.0,177.0
2026-04-11,42,1,baseline,2026-04-18,310.0,361.0,46.330000000000005,51.0,177.0
2026-04-11,42,2,ensemble,2026-04-25,260.0,195.0,37.01086956521739,65.0,227.0
2026-04-11,42,2,baseline,2026-04-25,260.0,361.0,74.67043478260872,101.0,227.0
2026-04-11,42,3,ensemble,2026-05-02,193.0,164.0,25.920434782608698,29.0,294.0
2026-04-11,42,3,baseline,2026-05-02,193.0,361.0,106.8834782608696,168.0,294.0
2026-04-11,44,1,ensemble,2026-04-18,11.0,10.0,1.6830434782608696,1.0,5.0
2026-04-11,44,1,baseline,2026-04-18,11.0,14.0,2.832173913043478,3.0,5.0
2026-04-11,44,2,ensemble,2026-04-25,4.0,8.0,2.1969565217391307,4.0,12.0
2026-04-11,44,2,baseline,2026-04-25,4.0,14.0,6.1121739130434785,10.0,12.0
2026-04-11,44,3,ensemble,2026-05-02,4.0,7.0,1.9765217391304348,3.0,12.0
2026-04-11,44,3,baseline,2026-05-02,4.0,14.0,6.271739130434782,10.0,12.0
2026-04-11,45,1,ensemble,2026-04-18,4.0,11.0,3.989565217391305,7.0,9.0
2026-04-11,45,1,baseline,2026-04-18,4.0,12.0,8.86217391304348,8.0,9.0
2026-04-11,45,2,ensemble,2026-04-25,13.0,10.0,2.7160869565217394,3.0,0.0
2026-04-11,45,2,baseline,2026-04-25,13.0,12.0,11.372608695652175,1.0,0.0
2026-04-11,45,3,ensemble,2026-05-02,15.0,8.0,3.738695652173913,7.0,2.0
2026-04-11,45,3,baseline,2026-05-02,15.0,12.0,14.350434782608698,3.0,2.0
2026-04-11,46,1,ensemble,2026-04-18,5.0,7.0,1.320434782608696,2.0,6.0
2026-04-11,46,1,baseline,2026-04-18,5.0,10.0,3.2504347826086963,5.0,6.0
2026-04-11,46,2,ensemble,2026-04-25,8.0,5.0,1.69304347826087,3.0,3.0
2026-04-11,46,2,baseline,2026-04-25,8.0,10.0,3.2913043478260873,2.0,3.0
2026-04-11,46,3,ensemble,2026-05-02,5.0,4.0,1.276521739130435,1.0,6.0
2026-04-11,46,3,baseline,2026-05-02,5.0,10.0,4.235652173913044,5.0,6.0
2026-04-11,47,1,ensemble,2026-04-18,47.0,43.0,4.99304347826087,4.0,16.0
2026-04-11,47,1,baseline,2026-04-18,47.0,63.0,15.076086956521742,16.0,16.0
2026-04-11,47,2,ensemble,2026-04-25,39.0,35.0,5.098260869565217,4.0,24.0
2026-04-11,47,2,baseline,2026-04-25,39.0,63.0,21.113043478260874,24.0,24.0
2026-04-11,47,3,ensemble,2026-05-02,34.0,29.0,5.287826086956521,5.0,29.0
2026-04-11,47,3,baseline,2026-05-02,34.0,63.0,25.73739130434783,29.0,29.0
2026-04-11,48,1,ensemble,2026-04-18,124.0,132.0,15.39391304347826,8.0,52.0
2026-04-11,48,1,baseline,2026-04-18,124.0,170.0,48.91652173913044,46.0,52.0
2026-04-11,48,2,ensemble,2026-04-25,129.0,111.0,16.81130434782609,18.0,47.0
2026-04-11,48,2,baseline,2026-04-25,129.0,170.0,61.510434782608684,41.0,47.0
2026-04-11,48,3,ensemble,2026-05-02,129.0,90.0,21.34521739130435,39.0,47.0
2026-04-11,48,3,baseline,2026-05-02,129.0,170.0,72.74695652173914,41.0,47.0
2026-04-11,49,1,ensemble,2026-04-18,5.0,3.0,1.316521739130435,2.0,2.0
2026-04-11,49,1,baseline,2026-04-18,5.0,3.0,2.6365217391304356,2.0,2.0
2026-04-11,49,2,ensemble,2026-04-25,13.0,3.0,6.026521739130436,10.0,10.0
2026-04-11,49,2,baseline,2026-04-25,13.0,3.0,5.21695652173913,10.0,10.0
2026-04-11,49,3,ensemble,2026-05-02,10.0,2.0,4.073913043478261,8.0,7.0
2026-04-11,49,3,baseline,2026-05-02,10.0,3.0,4.950869565217391,7.0,7.0
2026-04-11,50,1,ensemble,2026-04-18,3.0,4.0,0.982608695652174,1.0,4.0
2026-04-11,50,1,baseline,2026-04-18,3.0,7.0,2.3569565217391313,4.0,4.0
2026-04-11,50,2,ensemble,2026-04-25,2.0,4.0,1.048695652173913,2.0,5.0
2026-04-11,50,2,baseline,2026-04-25,2.0,7.0,2.9191304347826086,5.0,5.0
2026-04-11,50,3,ensemble,2026-05-02,0.0,3.0,1.6213043478260871,3.0,7.0
2026-04-11,50,3,baseline,2026-05-02,0.0,7.0,3.950000000000001,7.0,7.0
2026-04-11,51,1,ensemble,2026-04-18,15.0,17.0,3.2034782608695656,2.0,12.0
2026-04-11,51,1,baseline,2026-04-18,15.0,22.0,12.08695652173913,7.0,12.0
2026-04-11,51,2,ensemble,2026-04-25,19.0,15.0,3.6321739130434785,4.0,8.0
2026-04-11,51,2,baseline,2026-04-25,19.0,22.0,16.32652173913044,3.0,8.0
2026-04-11,51,3,ensemble,2026-05-02,24.0,15.0,5.457826086956522,9.0,3.0
2026-04-11,51,3,baseline,2026-05-02,24.0,22.0,19.960869565217394,2.0,3.0
2026-04-11,53,1,ensemble,2026-04-18,40.0,36.0,4.6952173913043485,4.0,15.0
2026-04-11,53,1,baseline,2026-04-18,40.0,53.0,10.686521739130438,13.0,15.0
2026-04-11,53,2,ensemble,2026-04-25,39.0,32.0,5.797826086956523,7.0,16.0
2026-04-11,53,2,baseline,2026-04-25,39.0,53.0,13.639130434782611,14.0,16.0
2026-04-11,53,3,ensemble,2026-05-02,29.0,27.0,5.276086956521739,2.0,26.0
2026-04-11,53,3,baseline,2026-05-02,29.0,53.0,18.026086956521745,24.0,26.0
2026-04-11,54,1,ensemble,2026-04-18,29.0,9.0,11.579565217391304,20.0,11.0
2026-04-11,54,1,baseline,2026-04-18,29.0,17.0,7.788695652173914,12.0,11.0
2026-04-11,54,2,ensemble,2026-04-25,16.0,7.0,4.682173913043478,9.0,2.0
2026-04-11,54,2,baseline,2026-04-25,16.0,17.0,7.3039130434782615,1.0,2.0
2026-04-11,54,3,ensemble,2026-05-02,8.0,6.0,2.1943478260869567,2.0,10.0
2026-04-11,54,3,baseline,2026-05-02,8.0,17.0,9.714347826086959,9.0,10.0
2026-04-11,55,1,ensemble,2026-04-18,32.0,27.0,5.21913043478261,5.0,39.0
2026-04-11,55,1,baseline,2026-04-18,32.0,47.0,12.799130434782612,15.0,39.0
2026-04-11,55,2,ensemble,2026-04-25,28.0,22.0,5.333043478260871,6.0,43.0
2026-04-11,55,2,baseline,2026-04-25,28.0,47.0,16.956521739130434,19.0,43.0
2026-04-11,55,3,ensemble,2026-05-02,13.0,15.0,4.550869565217392,2.0,58.0
2026-04-11,55,3,baseline,2026-05-02,13.0,47.0,23.9304347826087,34.0,58.0
2026-04-11,56,1,ensemble,2026-04-18,6.0,6.0,1.135217391304348,0.0,4.0
2026-04-11,56,1,baseline,2026-04-18,6.0,10.0,2.8256521739130434,4.0,4.0
2026-04-11,56,2,ensemble,2026-04-25,1.0,5.0,2.2678260869565223,4.0,9.0
2026-04-11,56,2,baseline,2026-04-25,1.0,10.0,5.175217391304348,9.0,9.0
2026-04-11,56,3,ensemble,2026-05-02,4.0,4.0,1.2156521739130437,0.0,6.0
2026-04-11,56,3,baseline,2026-05-02,4.0,10.0,4.3326086956521745,6.0,6.0
2026-04-18,01,1,ensemble,2026-04-25,28.0,20.0,4.595217391304348,8.0,5.0
2026-04-18,01,1,baseline,2026-04-25,28.0,27.0,8.598695652173914,1.0,5.0
2026-04-18,01,2,ensemble,2026-05-02,20.0,17.0,3.5534782608695648,3.0,13.0
2026-04-18,01,2,baseline,2026-05-02,20.0,27.0,12.012173913043478,7.0,13.0
2026-04-18,01,3,ensemble,2026-05-09,20.0,15.0,3.8513043478260873,5.0,13.0
2026-04-18,01,3,baseline,2026-05-09,20.0,27.0,14.751739130434784,7.0,13.0
2026-04-18,02,1,ensemble,2026-04-25,5.0,6.0,1.015217391304348,1.0,5.0
2026-04-18,02,1,baseline,2026-04-25,5.0,8.0,2.0756521739130434,3.0,5.0
2026-04-18,02,2,ensemble,2026-05-02,3.0,5.0,1.2834782608695654,2.0,7.0
2026-04-18,02,2,baseline,2026-05-02,3.0,8.0,3.1134782608695657,5.0,7.0
2026-04-18,02,3,ensemble,2026-05-09,4.0,5.0,0.9921739130434785,1.0,6.0
2026-04-18,02,3,baseline,2026-05-09,4.0,8.0,3.0613043478260873,4.0,6.0
2026-04-18,04,1,ensemble,2026-04-25,69.0,48.0,11.418695652173913,21.0,2.0
2026-04-18,04,1,baseline,2026-04-25,69.0,67.0,15.986956521739137,2.0,2.0
2026-04-18,04,2,ensemble,2026-05-02,71.0,41.0,16.141304347826086,30.0,4.0
2026-04-18,04,2,baseline,2026-05-02,71.0,67.0,22.80826086956522,4.0,4.0
2026-04-18,04,3,ensemble,2026-05-09,51.0,36.0,9.120869565217394,15.0,16.0
2026-04-18,04,3,baseline,2026-05-09,51.0,67.0,29.275217391304356,16.0,16.0
2026-04-18,05,1,ensemble,2026-04-25,7.0,6.0,1.5882608695652174,1.0,2.0
2026-04-18,05,1,baseline,2026-04-25,7.0,6.0,5.820869565217391,1.0,2.0
2026-04-18,05,2,ensemble,2026-05-02,7.0,5.0,1.6673913043478261,2.0,2.0
2026-04-18,05,2,baseline,2026-05-02,7.0,6.0,7.788695652173915,1.0,2.0
2026-04-18,05,3,ensemble,2026-05-09,7.0,4.0,1.829565217391304,3.0,2.0
2026-04-18,05,3,baseline,2026-05-09,7.0,6.0,9.239565217391306,1.0,2.0
2026-04-18,06,1,ensemble,2026-04-25,230.0,159.0,37.14260869565217,71.0,29.0
2026-04-18,06,1,baseline,2026-04-25,230.0,223.0,42.15260869565218,7.0,29.0
2026-04-18,06,2,ensemble,2026-05-02,212.0,132.0,39.99260869565218,80.0,47.0
2026-04-18,06,2,baseline,2026-05-02,212.0,223.0,61.07217391304348,11.0,47.0
2026-04-18,06,3,ensemble,2026-05-09,194.0,116.0,39.203043478260874,78.0,65.0
2026-04-18,06,3,baseline,2026-05-09,194.0,223.0,77.33434782608697,29.0,65.0
2026-04-18,08,1,ensemble,2026-04-25,39.0,14.0,13.44782608695652,25.0,14.0
2026-04-18,08,1,baseline,2026-04-25,39.0,23.0,10.941304347826087,16.0,14.0
2026-04-18,08,2,ensemble,2026-05-02,28.0,13.0,7.792608695652176,15.0,3.0
2026-04-18,08,2,baseline,2026-05-02,28.0,23.0,11.063043478260871,5.0,3.0
2026-04-18,08,3,ensemble,2026-05-09,15.0,11.0,3.2943478260869576,4.0,10.0
2026-04-18,08,3,baseline,2026-05-09,15.0,23.0,13.687826086956523,8.0,10.0
2026-04-18,09,1,ensemble,2026-04-25,18.0,21.0,3.347391304347827,3.0,11.0
2026-04-18,09,1,baseline,2026-04-25,18.0,29.0,9.037826086956523,11.0,11.0
2026-04-18,09,2,ensemble,2026-05-02,9.0,17.0,4.926956521739132,8.0,20.0
2026-04-18,09,2,baseline,2026-05-02,9.0,29.0,13.672608695652174,20.0,20.0
2026-04-18,09,3,ensemble,2026-05-09,8.0,15.0,4.46608695652174,7.0,21.0
2026-04-18,09,3,baseline,2026-05-09,8.0,29.0,15.440869565217394,21.0,21.0
2026-04-18,10,1,ensemble,2026-04-25,6.0,3.0,1.5047826086956522,3.0,0.0
2026-04-18,10,1,baseline,2026-04-25,6.0,6.0,2.1656521739130437,0.0,0.0
2026-04-18,10,2,ensemble,2026-05-02,4.0,3.0,1.0765217391304347,1.0,2.0
2026-04-18,10,2,baseline,2026-05-02,4.0,6.0,3.2960869565217394,2.0,2.0
2026-04-18,10,3,ensemble,2026-05-09,4.0,2.0,1.1073913043478263,2.0,2.0
2026-04-18,10,3,baseline,2026-05-09,4.0,6.0,3.974347826086957,2.0,2.0
2026-04-18,11,1,ensemble,2026-04-25,2.0,1.0,0.6330434782608697,1.0,1.0
2026-04-18,11,1,baseline,2026-04-25,2.0,0.0,1.485652173913044,2.0,1.0
2026-04-18,11,2,ensemble,2026-05-02,1.0,1.0,0.4278260869565219,0.0,0.0
2026-04-18,11,2,baseline,2026-05-02,1.0,0.0,1.8021739130434784,1.0,0.0
2026-04-18,11,3,ensemble,2026-05-09,0.0,1.0,0.4852173913043478,1.0,1.0
2026-04-18,11,3,baseline,2026-05-09,0.0,0.0,2.303913043478261,0.0,1.0
2026-04-18,12,1,ensemble,2026-04-25,187.0,109.0,40.288260869565214,78.0,32.0
2026-04-18,12,1,baseline,2026-04-25,187.0,144.0,41.44130434782609,43.0,32.0
2026-04-18,12,2,ensemble,2026-05-02,166.0,98.0,34.34782608695652,68.0,11.0
2026-04-18,12,2,baseline,2026-05-02,166.0,144.0,50.27826086956523,22.0,11.0
2026-04-18,12,3,ensemble,2026-05-09,151.0,91.0,30.733478260869575,60.0,4.0
2026-04-18,12,3,baseline,2026-05-09,151.0,144.0,59.99695652173914,7.0,4.0
2026-04-18,13,1,ensemble,2026-04-25,31.0,30.0,5.25608695652174,1.0,11.0
2026-04-18,13,1,baseline,2026-04-25,31.0,42.0,14.570869565217397,11.0,11.0
2026-04-18,13,2,ensemble,2026-05-02,19.0,27.0,5.699130434782608,8.0,23.0
2026-04-18,13,2,baseline,2026-05-02,19.0,42.0,22.00173913043479,23.0,23.0
2026-04-18,13,3,ensemble,2026-05-09,16.0,24.0,5.9504347826086965,8.0,26.0
2026-04-18,13,3,baseline,2026-05-09,16.0,42.0,26.703043478260867,26.0,26.0
2026-04-18,15,1,ensemble,2026-04-25,17.0,3.0,9.486521739130433,14.0,13.0
2026-04-18,15,1,baseline,2026-04-25,17.0,2.0,8.071304347826086,15.0,13.0
2026-04-18,15,2,ensemble,2026-05-02,21.0,3.0,12.986086956521742,18.0,17.0
2026-04-18,15,2,baseline,2026-05-02,21.0,2.0,9.754347826086956,19.0,17.0
2026-04-18,15,3,ensemble,2026-05-09,5.0,3.0,1.3,2.0,1.0
2026-04-18,15,3,baseline,2026-05-09,5.0,2.0,2.3356521739130436,3.0,1.0
2026-04-18,16,1,ensemble,2026-04-25,7.0,8.0,1.5591304347826087,1.0,8.0
2026-04-18,16,1,baseline,2026-04-25,7.0,12.0,4.7413043478260875,5.0,8.0
2026-04-18,16,2,ensemble,2026-05-02,7.0,6.0,1.649130434782609,1.0,8.0
2026-04-18,16,2,baseline,2026-05-02,7.0,12.0,5.817391304347827,5.0,8.0
2026-04-18,16,3,ensemble,2026-05-09,8.0,5.0,2.0069565217391307,3.0,7.0
2026-04-18,16,3,baseline,2026-05-09,8.0,12.0,6.888695652173914,4.0,7.0
2026-04-18,17,1,ensemble,2026-04-25,79.0,42.0,19.155652173913047,37.0,17.0
2026-04-18,17,1,baseline,2026-04-25,79.0,64.0,19.71217391304348,15.0,17.0
2026-04-18,17,2,ensemble,2026-05-02,28.0,35.0,8.094347826086958,7.0,68.0
2026-04-18,17,2,baseline,2026-05-02,28.0,64.0,31.80826086956522,36.0,68.0
2026-04-18,17,3,ensemble,2026-05-09,45.0,30.0,9.958260869565217,15.0,51.0
2026-04-18,17,3,baseline,2026-05-09,45.0,64.0,34.22217391304348,19.0,51.0
2026-04-18,18,1,ensemble,2026-04-25,23.0,19.0,4.065217391304348,4.0,9.0
2026-04-18,18,1,baseline,2026-04-25,23.0,30.0,12.998695652173915,7.0,9.0
2026-04-18,18,2,ensemble,2026-05-02,22.0,14.0,4.7239130434782615,8.0,10.0
2026-04-18,18,2,baseline,2026-05-02,22.0,30.0,18.34913043478261,8.0,10.0
2026-04-18,18,3,ensemble,2026-05-09,18.0,12.0,3.9526086956521738,6.0,14.0
2026-04-18,18,3,baseline,2026-05-09,18.0,30.0,23.194347826086958,12.0,14.0
2026-04-18,19,1,ensemble,2026-04-25,17.0,9.0,4.030000000000001,8.0,0.0
2026-04-18,19,1,baseline,2026-04-25,17.0,17.0,4.864782608695653,0.0,0.0
2026-04-18,19,2,ensemble,2026-05-02,12.0,7.0,2.7926086956521736,5.0,5.0
2026-04-18,19,2,baseline,2026-05-02,12.0,17.0,7.398695652173914,5.0,5.0
2026-04-18,19,3,ensemble,2026-05-09,4.0,6.0,1.8169565217391308,2.0,13.0
2026-04-18,19,3,baseline,2026-05-09,4.0,17.0,10.703478260869566,13.0,13.0
2026-04-18,20,1,ensemble,2026-04-25,9.0,5.0,2.261304347826087,4.0,2.0
2026-04-18,20,1,baseline,2026-04-25,9.0,7.0,4.412608695652174,2.0,2.0
2026-04-18,20,2,ensemble,2026-05-02,4.0,4.0,1.231304347826087,0.0,7.0
2026-04-18,20,2,baseline,2026-05-02,4.0,7.0,6.2495652173913046,3.0,7.0
2026-04-18,20,3,ensemble,2026-05-09,3.0,4.0,1.211304347826087,1.0,8.0
2026-04-18,20,3,baseline,2026-05-09,3.0,7.0,7.701739130434783,4.0,8.0
2026-04-18,21,1,ensemble,2026-04-25,32.0,14.0,10.073478260869566,18.0,5.0
2026-04-18,21,1,baseline,2026-04-25,32.0,21.0,11.156956521739131,11.0,5.0
2026-04-18,21,2,ensemble,2026-05-02,21.0,10.0,5.425652173913043,11.0,16.0
2026-04-18,21,2,baseline,2026-05-02,21.0,21.0,13.676086956521742,0.0,16.0
2026-04-18,21,3,ensemble,2026-05-09,15.0,9.0,3.3152173913043486,6.0,22.0
2026-04-18,21,3,baseline,2026-05-09,15.0,21.0,17.256521739130438,6.0,22.0
2026-04-18,22,1,ensemble,2026-04-25,35.0,18.0,8.528695652173914,17.0,13.0
2026-04-18,22,1,baseline,2026-04-25,35.0,21.0,10.526086956521741,14.0,13.0
2026-04-18,22,2,ensemble,2026-05-02,26.0,14.0,5.556956521739131,12.0,4.0
2026-04-18,22,2,baseline,2026-05-02,26.0,21.0,11.624782608695652,5.0,4.0
2026-04-18,22,3,ensemble,2026-05-09,20.0,13.0,4.183478260869565,7.0,2.0
2026-04-18,22,3,baseline,2026-05-09,20.0,21.0,13.806956521739133,1.0,2.0
2026-04-18,23,1,ensemble,2026-04-25,10.0,2.0,4.442173913043478,8.0,4.0
2026-04-18,23,1,baseline,2026-04-25,10.0,3.0,3.9065217391304357,7.0,4.0
2026-04-18,23,2,ensemble,2026-05-02,6.0,2.0,2.234782608695652,4.0,0.0
2026-04-18,23,2,baseline,2026-05-02,6.0,3.0,3.4273913043478266,3.0,0.0
2026-04-18,23,3,ensemble,2026-05-09,3.0,2.0,0.9373913043478261,1.0,3.0
2026-04-18,23,3,baseline,2026-05-09,3.0,3.0,3.925652173913044,0.0,3.0
2026-04-18,24,1,ensemble,2026-04-25,11.0,7.0,2.6943478260869567,4.0,2.0
2026-04-18,24,1,baseline,2026-04-25,11.0,7.0,7.296956521739133,4.0,2.0
2026-04-18,24,2,ensemble,2026-05-02,12.0,6.0,3.303913043478261,6.0,3.0
2026-04-18,24,2,baseline,2026-05-02,12.0,7.0,10.15521739130435,5.0,3.0
2026-04-18,24,3,ensemble,2026-05-09,20.0,5.0,7.653913043478262,15.0,11.0
2026-04-18,24,3,baseline,2026-05-09,20.0,7.0,13.36304347826087,13.0,11.0
2026-04-18,25,1,ensemble,2026-04-25,29.0,31.0,4.404347826086957,2.0,22.0
2026-04-18,25,1,baseline,2026-04-25,29.0,48.0,16.828695652173916,19.0,22.0
2026-04-18,25,2,ensemble,2026-05-02,29.0,26.0,4.586521739130434,3.0,22.0
2026-04-18,25,2,baseline,2026-05-02,29.0,48.0,21.403043478260873,19.0,22.0
2026-04-18,25,3,ensemble,2026-05-09,16.0,22.0,4.831739130434783,6.0,35.0
2026-04-18,25,3,baseline,2026-05-09,16.0,48.0,28.31260869565217,32.0,35.0
2026-04-18,26,1,ensemble,2026-04-25,35.0,46.0,7.753913043478263,11.0,37.0
2026-04-18,26,1,baseline,2026-04-25,35.0,72.0,27.10739130434783,37.0,37.0
2026-04-18,26,2,ensemble,2026-05-02,28.0,41.0,8.22695652173913,13.0,44.0
2026-04-18,26,2,baseline,2026-05-02,28.0,72.0,33.90869565217391,44.0,44.0
2026-04-18,26,3,ensemble,2026-05-09,21.0,33.0,8.24391304347826,12.0,51.0
2026-04-18,26,3,baseline,2026-05-09,21.0,72.0,39.49826086956522,51.0,51.0
2026-04-18,27,1,ensemble,2026-04-25,22.0,14.0,4.500869565217391,8.0,3.0
2026-04-18,27,1,baseline,2026-04-25,22.0,25.0,7.83,3.0,3.0
2026-04-18,27,2,ensemble,2026-05-02,34.0,12.0,12.24086956521739,22.0,9.0
2026-04-18,27,2,baseline,2026-05-02,34.0,25.0,11.878695652173917,9.0,9.0
2026-04-18,27,3,ensemble,2026-05-09,16.0,8.0,4.096086956521739,8.0,9.0
2026-04-18,27,3,baseline,2026-05-09,16.0,25.0,14.708260869565219,9.0,9.0
2026-04-18,28,1,ensemble,2026-04-25,19.0,12.0,3.689565217391305,7.0,6.0
2026-04-18,28,1,baseline,2026-04-25,19.0,13.0,5.968260869565219,6.0,6.0
2026-04-18,28,2,ensemble,2026-05-02,27.0,10.0,9.043913043478259,17.0,14.0
2026-04-18,28,2,baseline,2026-05-02,27.0,13.0,9.101739130434783,14.0,14.0
2026-04-18,28,3,ensemble,2026-05-09,18.0,9.0,4.610434782608696,9.0,5.0
2026-04-18,28,3,baseline,2026-05-09,18.0,13.0,8.86913043478261,5.0,5.0
2026-04-18,29,1,ensemble,2026-04-25,16.0,24.0,5.566521739130435,8.0,21.0
2026-04-18,29,1,baseline,2026-04-25,16.0,34.0,14.916086956521742,18.0,21.0
2026-04-18,29,2,ensemble,2026-05-02,8.0,20.0,6.917391304347827,12.0,29.0
2026-04-18,29,2,baseline,2026-05-02,8.0,34.0,21.000000000000004,26.0,29.0
2026-04-18,29,3,ensemble,2026-05-09,13.0,16.0,4.047826086956522,3.0,24.0
2026-04-18,29,3,baseline,2026-05-09,13.0,34.0,22.92434782608696,21.0,24.0
2026-04-18,30,1,ensemble,2026-04-25,4.0,6.0,1.3247826086956525,2.0,5.0
2026-04-18,30,1,baseline,2026-04-25,4.0,9.0,3.645217391304348,5.0,5.0
2026-04-18,30,2,ensemble,2026-05-02,0.0,4.0,2.379130434782609,4.0,9.0
2026-04-18,30,2,baseline,2026-05-02,0.0,9.0,5.541739130434783,9.0,9.0
2026-04-18,30,3,ensemble,2026-05-09,8.0,3.0,2.2856521739130433,5.0,1.0
2026-04-18,30,3,baseline,2026-05-09,8.0,9.0,4.437826086956522,1.0,1.0
2026-04-18,31,1,ensemble,2026-04-25,11.0,3.0,4.3960869565217395,8.0,2.0
2026-04-18,31,1,baseline,2026-04-25,11.0,5.0,4.006086956521739,6.0,2.0
2026-04-18,31,2,ensemble,2026-05-02,4.0,3.0,1.0156521739130433,1.0,5.0
2026-04-18,31,2,baseline,2026-05-02,4.0,5.0,3.998695652173914,1.0,5.0
2026-04-18,31,3,ensemble,2026-05-09,7.0,2.0,2.6013043478260873,5.0,2.0
2026-04-18,31,3,baseline,2026-05-09,7.0,5.0,4.846521739130435,2.0,2.0
2026-04-18,32,1,ensemble,2026-04-25,30.0,15.0,8.409565217391306,15.0,9.0
2026-04-18,32,1,baseline,2026-04-25,30.0,21.0,6.515217391304349,9.0,9.0
2026-04-18,32,2,ensemble,2026-05-02,44.0,13.0,21.679565217391307,31.0,23.0
2026-04-18,32,2,baseline,2026-05-02,44.0,21.0,12.660869565217391,23.0,23.0
2026-04-18,32,3,ensemble,2026-05-09,46.0,11.0,24.442608695652176,35.0,25.0
2026-04-18,32,3,baseline,2026-05-09,46.0,21.0,13.68565217391305,25.0,25.0
2026-04-18,33,1,ensemble,2026-04-25,3.0,4.0,1.0530434782608697,1.0,3.0
2026-04-18,33,1,baseline,2026-04-25,3.0,6.0,2.728695652173913,3.0,3.0
2026-04-18,33,2,ensemble,2026-05-02,1.0,3.0,1.3813043478260874,2.0,5.0
2026-04-18,33,2,baseline,2026-05-02,1.0,6.0,3.988695652173913,5.0,5.0
2026-04-18,33,3,ensemble,2026-05-09,3.0,3.0,1.070434782608696,0.0,3.0
2026-04-18,33,3,baseline,2026-05-09,3.0,6.0,4.222608695652174,3.0,3.0
2026-04-18,34,1,ensemble,2026-04-25,44.0,34.0,7.337391304347825,10.0,9.0
2026-04-18,34,1,baseline,2026-04-25,44.0,53.0,17.64695652173913,9.0,9.0
2026-04-18,34,2,ensemble,2026-05-02,40.0,28.0,7.914782608695652,12.0,13.0
2026-04-18,34,2,baseline,2026-05-02,40.0,53.0,25.12130434782609,13.0,13.0
2026-04-18,34,3,ensemble,2026-05-09,42.0,23.0,9.803478260869566,19.0,11.0
2026-04-18,34,3,baseline,2026-05-09,42.0,53.0,30.638260869565226,11.0,11.0
2026-04-18,35,1,ensemble,2026-04-25,7.0,6.0,1.4469565217391305,1.0,2.0
2026-04-18,35,1,baseline,2026-04-25,7.0,8.0,4.461304347826088,1.0,2.0
2026-04-18,35,2,ensemble,2026-05-02,13.0,5.0,4.423478260869565,8.0,4.0
2026-04-18,35,2,baseline,2026-05-02,13.0,8.0,6.416956521739132,5.0,4.0
2026-04-18,35,3,ensemble,2026-05-09,10.0,4.0,3.0382608695652173,6.0,1.0
2026-04-18,35,3,baseline,2026-05-09,10.0,8.0,7.586086956521741,2.0,1.0
2026-04-18,36,1,ensemble,2026-04-25,76.0,89.0,13.657826086956522,13.0,93.0
2026-04-18,36,1,baseline,2026-04-25,76.0,128.0,42.94826086956522,52.0,93.0
2026-04-18,36,2,ensemble,2026-05-02,78.0,73.0,12.860869565217392,5.0,91.0
2026-04-18,36,2,baseline,2026-05-02,78.0,128.0,52.38086956521739,50.0,91.0
2026-04-18,36,3,ensemble,2026-05-09,81.0,60.0,14.866086956521738,21.0,88.0
2026-04-18,36,3,baseline,2026-05-09,81.0,128.0,61.193913043478275,47.0,88.0
2026-04-18,37,1,ensemble,2026-04-25,19.0,19.0,3.5952173913043484,0.0,12.0
2026-04-18,37,1,baseline,2026-04-25,19.0,26.0,16.080000000000002,7.0,12.0
2026-04-18,37,2,ensemble,2026-05-02,17.0,16.0,3.5843478260869572,1.0,14.0
2026-04-18,37,2,baseline,2026-05-02,17.0,26.0,23.458695652173922,9.0,14.0
2026-04-18,37,3,ensemble,2026-05-09,22.0,14.0,4.865217391304349,8.0,9.0
2026-04-18,37,3,baseline,2026-05-09,22.0,26.0,29.253043478260878,4.0,9.0
2026-04-18,38,1,ensemble,2026-04-25,7.0,6.0,1.3086956521739128,1.0,3.0
2026-04-18,38,1,baseline,2026-04-25,7.0,11.0,2.8960869565217395,4.0,3.0
2026-04-18,38,2,ensemble,2026-05-02,5.0,5.0,1.1591304347826088,0.0,5.0
2026-04-18,38,2,baseline,2026-05-02,5.0,11.0,4.013478260869567,6.0,5.0
2026-04-18,38,3,ensemble,2026-05-09,3.0,5.0,1.265217391304348,2.0,7.0
2026-04-18,38,3,baseline,2026-05-09,3.0,11.0,4.89695652173913,8.0,7.0
2026-04-18,39,1,ensemble,2026-04-25,37.0,23.0,8.786956521739132,14.0,5.0
2026-04-18,39,1,baseline,2026-04-25,37.0,40.0,20.850434782608698,3.0,5.0
2026-04-18,39,2,ensemble,2026-05-02,27.0,20.0,6.354347826086957,7.0,15.0
2026-04-18,39,2,baseline,2026-05-02,27.0,40.0,31.324347826086957,13.0,15.0
2026-04-18,39,3,ensemble,2026-05-09,22.0,15.0,5.410000000000001,7.0,20.0
2026-04-18,39,3,baseline,2026-05-09,22.0,40.0,39.81391304347826,18.0,20.0
2026-04-18,40,1,ensemble,2026-04-25,7.0,9.0,2.3917391304347824,2.0,1.0
2026-04-18,40,1,baseline,2026-04-25,7.0,6.0,7.095217391304351,1.0,1.0
2026-04-18,40,2,ensemble,2026-05-02,7.0,8.0,2.249130434782609,1.0,1.0
2026-04-18,40,2,baseline,2026-05-02,7.0,6.0,10.081739130434785,1.0,1.0
2026-04-18,40,3,ensemble,2026-05-09,8.0,7.0,2.3378260869565217,1.0,0.0
2026-04-18,40,3,baseline,2026-05-09,8.0,6.0,12.48217391304348,2.0,0.0
2026-04-18,41,1,ensemble,2026-04-25,10.0,4.0,3.0639130434782595,6.0,5.0
2026-04-18,41,1,baseline,2026-04-25,10.0,4.0,6.181304347826088,6.0,5.0
2026-04-18,41,2,ensemble,2026-05-02,15.0,4.0,6.3304347826086955,11.0,10.0
2026-04-18,41,2,baseline,2026-05-02,15.0,4.0,9.128695652173914,11.0,10.0
2026-04-18,41,3,ensemble,2026-05-09,14.0,4.0,6.04695652173913,10.0,9.0
2026-04-18,41,3,baseline,2026-05-09,14.0,4.0,10.729565217391306,10.0,9.0
2026-04-18,42,1,ensemble,2026-04-25,260.0,158.0,55.845652173913045,102.0,85.0
2026-04-18,42,1,baseline,2026-04-25,260.0,228.0,38.33869565217392,32.0,85.0
2026-04-18,42,2,ensemble,2026-05-02,193.0,133.0,32.918260869565216,60.0,152.0
2026-04-18,42,2,baseline,2026-05-02,193.0,228.0,53.02826086956523,35.0,152.0
2026-04-18,42,3,ensemble,2026-05-09,182.0,114.0,35.67434782608696,68.0,163.0
2026-04-18,42,3,baseline,2026-05-09,182.0,228.0,67.23782608695653,46.0,163.0
2026-04-18,44,1,ensemble,2026-04-25,4.0,12.0,3.7830434782608693,8.0,14.0
2026-04-18,44,1,baseline,2026-04-25,4.0,17.0,7.7282608695652195,13.0,14.0
2026-04-18,44,2,ensemble,2026-05-02,4.0,9.0,2.973478260869566,5.0,14.0
2026-04-18,44,2,baseline,2026-05-02,4.0,17.0,7.606521739130434,13.0,14.0
2026-04-18,44,3,ensemble,2026-05-09,6.0,7.0,2.0417391304347827,1.0,12.0
2026-04-18,44,3,baseline,2026-05-09,6.0,17.0,6.820434782608696,11.0,12.0
2026-04-18,45,1,ensemble,2026-04-25,13.0,9.0,2.723913043478261,4.0,2.0
2026-04-18,45,1,baseline,2026-04-25,13.0,11.0,7.783043478260872,2.0,2.0
2026-04-18,45,2,ensemble,2026-05-02,15.0,8.0,3.728695652173913,7.0,4.0
2026-04-18,45,2,baseline,2026-05-02,15.0,11.0,11.35,4.0,4.0
2026-04-18,45,3,ensemble,2026-05-09,7.0,7.0,2.0321739130434784,0.0,4.0
2026-04-18,45,3,baseline,2026-05-09,7.0,11.0,14.182608695652178,4.0,4.0
2026-04-18,46,1,ensemble,2026-04-25,8.0,6.0,1.3304347826086957,2.0,2.0
2026-04-18,46,1,baseline,2026-04-25,8.0,10.0,2.3939130434782614,2.0,2.0
2026-04-18,46,2,ensemble,2026-05-02,5.0,5.0,1.325217391304348,0.0,5.0
2026-04-18,46,2,baseline,2026-05-02,5.0,10.0,3.8565217391304345,5.0,5.0
2026-04-18,46,3,ensemble,2026-05-09,7.0,4.0,1.6304347826086956,3.0,3.0
2026-04-18,46,3,baseline,2026-05-09,7.0,10.0,3.9434782608695658,3.0,3.0
2026-04-18,47,1,ensemble,2026-04-25,39.0,33.0,4.737826086956522,6.0,11.0
2026-04-18,47,1,baseline,2026-04-25,39.0,49.0,13.132608695652175,10.0,11.0
2026-04-18,47,2,ensemble,2026-05-02,34.0,29.0,4.918260869565218,5.0,16.0
2026-04-18,47,2,baseline,2026-05-02,34.0,49.0,18.346956521739134,15.0,16.0
2026-04-18,47,3,ensemble,2026-05-09,45.0,26.0,9.270869565217392,19.0,5.0
2026-04-18,47,3,baseline,2026-05-09,45.0,49.0,21.262608695652176,4.0,5.0
2026-04-18,48,1,ensemble,2026-04-25,129.0,93.0,19.575652173913046,36.0,5.0
2026-04-18,48,1,baseline,2026-04-25,129.0,119.0,40.54565217391305,10.0,5.0
2026-04-18,48,2,ensemble,2026-05-02,129.0,79.0,24.532608695652176,50.0,5.0
2026-04-18,48,2,baseline,2026-05-02,129.0,119.0,54.46347826086957,10.0,5.0
2026-04-18,48,3,ensemble,2026-05-09,136.0,72.0,32.11869565217391,64.0,2.0
2026-04-18,48,3,baseline,2026-05-09,136.0,119.0,65.81869565217391,17.0,2.0
2026-04-18,49,1,ensemble,2026-04-25,13.0,4.0,5.063478260869565,9.0,7.0
2026-04-18,49,1,baseline,2026-04-25,13.0,6.0,4.100869565217391,7.0,7.0
2026-04-18,49,2,ensemble,2026-05-02,10.0,4.0,3.407826086956522,6.0,4.0
2026-04-18,49,2,baseline,2026-05-02,10.0,6.0,4.143478260869565,4.0,4.0
2026-04-18,49,3,ensemble,2026-05-09,11.0,3.0,4.403478260869566,8.0,5.0
2026-04-18,49,3,baseline,2026-05-09,11.0,6.0,5.154782608695652,5.0,5.0
2026-04-18,50,1,ensemble,2026-04-25,2.0,2.0,0.5734782608695653,0.0,1.0
2026-04-18,50,1,baseline,2026-04-25,2.0,3.0,1.2534782608695654,1.0,1.0
2026-04-18,50,2,ensemble,2026-05-02,0.0,1.0,0.7891304347826088,1.0,3.0
2026-04-18,50,2,baseline,2026-05-02,0.0,3.0,2.1634782608695655,3.0,3.0
2026-04-18,50,3,ensemble,2026-05-09,1.0,1.0,0.5717391304347825,0.0,2.0
2026-04-18,50,3,baseline,2026-05-09,1.0,3.0,2.0834782608695654,2.0,2.0
2026-04-18,51,1,ensemble,2026-04-25,19.0,15.0,3.322173913043479,4.0,3.0
2026-04-18,51,1,baseline,2026-04-25,19.0,18.0,11.216521739130435,1.0,3.0
2026-04-18,51,2,ensemble,2026-05-02,24.0,14.0,5.7773913043478275,10.0,2.0
2026-04-18,51,2,baseline,2026-05-02,24.0,18.0,15.882173913043482,6.0,2.0
2026-04-18,51,3,ensemble,2026-05-09,14.0,13.0,2.821304347826087,1.0,8.0
2026-04-18,51,3,baseline,2026-05-09,14.0,18.0,19.34695652173913,4.0,8.0
2026-04-18,53,1,ensemble,2026-04-25,39.0,24.0,7.837391304347825,15.0,2.0
2026-04-18,53,1,baseline,2026-04-25,39.0,32.0,8.481739130434784,7.0,2.0
2026-04-18,53,2,ensemble,2026-05-02,29.0,20.0,5.025652173913044,9.0,12.0
2026-04-18,53,2,baseline,2026-05-02,29.0,32.0,10.988695652173913,3.0,12.0
2026-04-18,53,3,ensemble,2026-05-09,29.0,18.0,5.996956521739131,11.0,12.0
2026-04-18,53,3,baseline,2026-05-09,29.0,32.0,13.558695652173913,3.0,12.0
2026-04-18,54,1,ensemble,2026-04-25,16.0,6.0,5.7399999999999975,10.0,5.0
2026-04-18,54,1,baseline,2026-04-25,16.0,10.0,5.598695652173913,6.0,5.0
2026-04-18,54,2,ensemble,2026-05-02,8.0,4.0,2.0773913043478265,4.0,3.0
2026-04-18,54,2,baseline,2026-05-02,8.0,10.0,6.795217391304349,2.0,3.0
2026-04-18,54,3,ensemble,2026-05-09,3.0,3.0,1.228695652173913,0.0,8.0
2026-04-18,54,3,baseline,2026-05-09,3.0,10.0,8.639130434782608,7.0,8.0
2026-04-18,55,1,ensemble,2026-04-25,28.0,21.0,4.635652173913043,7.0,31.0
2026-04-18,55,1,baseline,2026-04-25,28.0,38.0,10.849130434782609,10.0,31.0
2026-04-18,55,2,ensemble,2026-05-02,13.0,16.0,4.1543478260869575,3.0,46.0
2026-04-18,55,2,baseline,2026-05-02,13.0,38.0,18.283913043478265,25.0,46.0
2026-04-18,55,3,ensemble,2026-05-09,4.0,14.0,5.871739130434785,10.0,55.0
2026-04-18,55,3,baseline,2026-05-09,4.0,38.0,23.21521739130435,34.0,55.0
2026-04-18,56,1,ensemble,2026-04-25,1.0,6.0,2.7173913043478266,5.0,8.0
2026-04-18,56,1,baseline,2026-04-25,1.0,9.0,4.670434782608697,8.0,8.0
2026-04-18,56,2,ensemble,2026-05-02,4.0,5.0,1.19,1.0,5.0
2026-04-18,56,2,baseline,2026-05-02,4.0,9.0,3.5078260869565225,5.0,5.0
2026-04-18,56,3,ensemble,2026-05-09,5.0,4.0,1.1386956521739133,1.0,4.0
2026-04-18,56,3,baseline,2026-05-09,5.0,9.0,3.6739130434782616,4.0,4.0
2026-04-25,01,1,ensemble,2026-05-02,20.0,17.0,2.997826086956522,3.0,6.0
2026-04-25,01,1,baseline,2026-05-02,20.0,22.0,8.220434782608695,2.0,6.0
2026-04-25,01,2,ensemble,2026-05-09,20.0,16.0,3.430869565217392,4.0,6.0
2026-04-25,01,2,baseline,2026-05-09,20.0,22.0,11.265217391304349,2.0,6.0
2026-04-25,01,3,ensemble,2026-05-16,24.0,14.0,5.164347826086957,10.0,2.0
2026-04-25,01,3,baseline,2026-05-16,24.0,22.0,13.885217391304352,2.0,2.0
2026-04-25,02,1,ensemble,2026-05-02,3.0,2.0,0.7621739130434783,1.0,0.0
2026-04-25,02,1,baseline,2026-05-02,3.0,1.0,1.2782608695652176,2.0,0.0
2026-04-25,02,2,ensemble,2026-05-09,4.0,2.0,1.204347826086957,2.0,1.0
2026-04-25,02,2,baseline,2026-05-09,4.0,1.0,1.8095652173913042,3.0,1.0
2026-04-25,02,3,ensemble,2026-05-16,0.0,2.0,0.792608695652174,2.0,3.0
2026-04-25,02,3,baseline,2026-05-16,0.0,1.0,1.8117391304347827,1.0,3.0
2026-04-25,04,1,ensemble,2026-05-02,71.0,45.0,13.171739130434785,26.0,10.0
2026-04-25,04,1,baseline,2026-05-02,71.0,61.0,16.348695652173916,10.0,10.0
2026-04-25,04,2,ensemble,2026-05-09,51.0,40.0,7.320869565217392,11.0,10.0
2026-04-25,04,2,baseline,2026-05-09,51.0,61.0,22.704782608695655,10.0,10.0
2026-04-25,04,3,ensemble,2026-05-16,63.0,37.0,13.251304347826085,26.0,2.0
2026-04-25,04,3,baseline,2026-05-16,63.0,61.0,27.698695652173914,2.0,2.0
2026-04-25,05,1,ensemble,2026-05-02,7.0,3.0,1.8082608695652176,4.0,4.0
2026-04-25,05,1,baseline,2026-05-02,7.0,3.0,5.4943478260869565,4.0,4.0
2026-04-25,05,2,ensemble,2026-05-09,7.0,3.0,1.836521739130435,4.0,4.0
2026-04-25,05,2,baseline,2026-05-09,7.0,3.0,7.25,4.0,4.0
2026-04-25,05,3,ensemble,2026-05-16,9.0,3.0,2.9956521739130424,6.0,6.0
2026-04-25,05,3,baseline,2026-05-16,9.0,3.0,8.790434782608695,6.0,6.0
2026-04-25,06,1,ensemble,2026-05-02,212.0,135.0,40.491304347826095,77.0,18.0
2026-04-25,06,1,baseline,2026-05-02,212.0,175.0,45.05869565217392,37.0,18.0
2026-04-25,06,2,ensemble,2026-05-09,194.0,118.0,39.223913043478255,76.0,0.0
2026-04-25,06,2,baseline,2026-05-09,194.0,175.0,58.31478260869565,19.0,0.0
2026-04-25,06,3,ensemble,2026-05-16,177.0,105.0,37.264782608695654,72.0,17.0
2026-04-25,06,3,baseline,2026-05-16,177.0,175.0,72.22869565217393,2.0,17.0
2026-04-25,08,1,ensemble,2026-05-02,28.0,14.0,7.111304347826086,14.0,8.0
2026-04-25,08,1,baseline,2026-05-02,28.0,19.0,8.73347826086957,9.0,8.0
2026-04-25,08,2,ensemble,2026-05-09,15.0,11.0,3.4186956521739127,4.0,5.0
2026-04-25,08,2,baseline,2026-05-09,15.0,19.0,10.534782608695656,4.0,5.0
2026-04-25,08,3,ensemble,2026-05-16,12.0,10.0,3.186956521739131,2.0,8.0
2026-04-25,08,3,baseline,2026-05-16,12.0,19.0,13.141739130434782,7.0,8.0
2026-04-25,09,1,ensemble,2026-05-02,9.0,22.0,6.988695652173914,13.0,25.0
2026-04-25,09,1,baseline,2026-05-02,9.0,34.0,15.182608695652176,25.0,25.0
2026-04-25,09,2,ensemble,2026-05-09,8.0,17.0,5.762608695652173,9.0,26.0
2026-04-25,09,2,baseline,2026-05-09,8.0,34.0,16.226956521739133,26.0,26.0
2026-04-25,09,3,ensemble,2026-05-16,5.0,15.0,5.694782608695653,10.0,29.0
2026-04-25,09,3,baseline,2026-05-16,5.0,34.0,18.137391304347826,29.0,29.0
2026-04-25,10,1,ensemble,2026-05-02,4.0,1.0,1.2760869565217392,3.0,2.0
2026-04-25,10,1,baseline,2026-05-02,4.0,2.0,2.0186956521739132,2.0,2.0
2026-04-25,10,2,ensemble,2026-05-09,4.0,1.0,1.4339130434782608,3.0,2.0
2026-04-25,10,2,baseline,2026-05-09,4.0,2.0,2.7795652173913044,2.0,2.0
2026-04-25,10,3,ensemble,2026-05-16,5.0,1.0,2.1108695652173917,4.0,3.0
2026-04-25,10,3,baseline,2026-05-16,5.0,2.0,3.5665217391304354,3.0,3.0
2026-04-25,11,1,ensemble,2026-05-02,1.0,3.0,0.93,2.0,4.0
2026-04-25,11,1,baseline,2026-05-02,1.0,4.0,2.3726086956521746,3.0,4.0
2026-04-25,11,2,ensemble,2026-05-09,0.0,2.0,1.1869565217391307,2.0,5.0
2026-04-25,11,2,baseline,2026-05-09,0.0,4.0,2.8973913043478263,4.0,5.0
2026-04-25,11,3,ensemble,2026-05-16,1.0,2.0,0.8878260869565218,1.0,4.0
2026-04-25,11,3,baseline,2026-05-16,1.0,4.0,3.2095652173913045,3.0,4.0
2026-04-25,12,1,ensemble,2026-05-02,166.0,112.0,28.127826086956514,54.0,4.0
2026-04-25,12,1,baseline,2026-05-02,166.0,144.0,37.4604347826087,22.0,4.0
2026-04-25,12,2,ensemble,2026-05-09,151.0,103.0,26.397391304347835,48.0,19.0
2026-04-25,12,2,baseline,2026-05-09,151.0,144.0,49.34782608695652,7.0,19.0
2026-04-25,12,3,ensemble,2026-05-16,125.0,95.0,20.710869565217394,30.0,45.0
2026-04-25,12,3,baseline,2026-05-16,125.0,144.0,59.95304347826088,19.0,45.0
2026-04-25,13,1,ensemble,2026-05-02,19.0,27.0,4.910869565217391,8.0,19.0
2026-04-25,13,1,baseline,2026-05-02,19.0,35.0,15.26652173913044,16.0,19.0
2026-04-25,13,2,ensemble,2026-05-09,16.0,24.0,5.07304347826087,8.0,22.0
2026-04-25,13,2,baseline,2026-05-09,16.0,35.0,20.405652173913047,19.0,22.0
2026-04-25,13,3,ensemble,2026-05-16,28.0,22.0,4.920434782608695,6.0,10.0
2026-04-25,13,3,baseline,2026-05-16,28.0,35.0,23.489130434782613,7.0,10.0
2026-04-25,15,1,ensemble,2026-05-02,21.0,3.0,14.14391304347826,18.0,17.0
2026-04-25,15,1,baseline,2026-05-02,21.0,2.0,11.027826086956521,19.0,17.0
2026-04-25,15,2,ensemble,2026-05-09,5.0,3.0,1.3782608695652174,2.0,1.0
2026-04-25,15,2,baseline,2026-05-09,5.0,2.0,2.1021739130434787,3.0,1.0
2026-04-25,15,3,ensemble,2026-05-16,9.0,3.0,3.744347826086957,6.0,5.0
2026-04-25,15,3,baseline,2026-05-16,9.0,2.0,3.205217391304348,7.0,5.0
2026-04-25,16,1,ensemble,2026-05-02,7.0,5.0,1.4286956521739134,2.0,0.0
2026-04-25,16,1,baseline,2026-05-02,7.0,7.0,3.6295652173913044,0.0,0.0
2026-04-25,16,2,ensemble,2026-05-09,8.0,4.0,2.19304347826087,4.0,1.0
2026-04-25,16,2,baseline,2026-05-09,8.0,7.0,4.986956521739131,1.0,1.0
2026-04-25,16,3,ensemble,2026-05-16,8.0,3.0,2.546956521739131,5.0,1.0
2026-04-25,16,3,baseline,2026-05-16,8.0,7.0,5.978260869565218,1.0,1.0
2026-04-25,17,1,ensemble,2026-05-02,28.0,45.0,11.008260869565218,17.0,58.0
2026-04-25,17,1,baseline,2026-05-02,28.0,82.0,34.64043478260869,54.0,58.0
2026-04-25,17,2,ensemble,2026-05-09,45.0,37.0,10.030869565217392,8.0,41.0
2026-04-25,17,2,baseline,2026-05-09,45.0,82.0,32.90869565217392,37.0,41.0
2026-04-25,17,3,ensemble,2026-05-16,24.0,33.0,9.390434782608697,9.0,62.0
2026-04-25,17,3,baseline,2026-05-16,24.0,82.0,43.56652173913044,58.0,62.0
2026-04-25,18,1,ensemble,2026-05-02,22.0,23.0,4.151739130434783,1.0,17.0
2026-04-25,18,1,baseline,2026-05-02,22.0,37.0,15.193043478260872,15.0,17.0
2026-04-25,18,2,ensemble,2026-05-09,18.0,21.0,4.227826086956522,3.0,21.0
2026-04-25,18,2,baseline,2026-05-09,18.0,37.0,20.80826086956522,19.0,21.0
2026-04-25,18,3,ensemble,2026-05-16,18.0,18.0,3.8639130434782603,0.0,21.0
2026-04-25,18,3,baseline,2026-05-16,18.0,37.0,24.883043478260877,19.0,21.0
2026-04-25,19,1,ensemble,2026-05-02,12.0,10.0,2.143913043478261,2.0,4.0
2026-04-25,19,1,baseline,2026-05-02,12.0,15.0,5.043478260869565,3.0,4.0
2026-04-25,19,2,ensemble,2026-05-09,4.0,8.0,2.322608695652174,4.0,12.0
2026-04-25,19,2,baseline,2026-05-09,4.0,15.0,8.62521739130435,11.0,12.0
2026-04-25,19,3,ensemble,2026-05-16,4.0,6.0,1.9834782608695658,2.0,12.0
2026-04-25,19,3,baseline,2026-05-16,4.0,15.0,10.025217391304349,11.0,12.0
2026-04-25,20,1,ensemble,2026-05-02,4.0,5.0,1.233913043478261,1.0,3.0
2026-04-25,20,1,baseline,2026-05-02,4.0,7.0,4.460434782608695,3.0,3.0
2026-04-25,20,2,ensemble,2026-05-09,3.0,4.0,1.1773913043478264,1.0,4.0
2026-04-25,20,2,baseline,2026-05-09,3.0,7.0,6.30608695652174,4.0,4.0
2026-04-25,20,3,ensemble,2026-05-16,3.0,4.0,1.2404347826086959,1.0,4.0
2026-04-25,20,3,baseline,2026-05-16,3.0,7.0,7.703913043478262,4.0,4.0
2026-04-25,21,1,ensemble,2026-05-02,21.0,13.0,4.624782608695653,8.0,14.0
2026-04-25,21,1,baseline,2026-05-02,21.0,20.0,9.624782608695655,1.0,14.0
2026-04-25,21,2,ensemble,2026-05-09,15.0,12.0,2.9456521739130435,3.0,20.0
2026-04-25,21,2,baseline,2026-05-09,15.0,20.0,13.692173913043481,5.0,20.0
2026-04-25,21,3,ensemble,2026-05-16,19.0,10.0,4.6091304347826085,9.0,16.0
2026-04-25,21,3,baseline,2026-05-16,19.0,20.0,16.72739130434783,1.0,16.0
2026-04-25,22,1,ensemble,2026-05-02,26.0,14.0,5.603478260869565,12.0,6.0
2026-04-25,22,1,baseline,2026-05-02,26.0,18.0,8.759130434782609,8.0,6.0
2026-04-25,22,2,ensemble,2026-05-09,20.0,14.0,3.804347826086957,6.0,0.0
2026-04-25,22,2,baseline,2026-05-09,20.0,18.0,11.07,2.0,0.0
2026-04-25,22,3,ensemble,2026-05-16,20.0,13.0,4.146521739130436,7.0,0.0
2026-04-25,22,3,baseline,2026-05-16,20.0,18.0,13.404782608695653,2.0,0.0
2026-04-25,23,1,ensemble,2026-05-02,6.0,2.0,1.9900000000000002,4.0,3.0
2026-04-25,23,1,baseline,2026-05-02,6.0,3.0,2.6621739130434787,3.0,3.0
2026-04-25,23,2,ensemble,2026-05-09,3.0,1.0,0.8682608695652175,2.0,0.0
2026-04-25,23,2,baseline,2026-05-09,3.0,3.0,3.1613043478260874,0.0,0.0
2026-04-25,23,3,ensemble,2026-05-16,4.0,1.0,1.2608695652173914,3.0,1.0
2026-04-25,23,3,baseline,2026-05-16,4.0,3.0,4.059565217391306,1.0,1.0
2026-04-25,24,1,ensemble,2026-05-02,12.0,6.0,3.5608695652173914,6.0,6.0
2026-04-25,24,1,baseline,2026-05-02,12.0,5.0,7.4226086956521735,7.0,6.0
2026-04-25,24,2,ensemble,2026-05-09,20.0,5.0,8.453043478260868,15.0,14.0
2026-04-25,24,2,baseline,2026-05-09,20.0,5.0,11.340869565217393,15.0,14.0
2026-04-25,24,3,ensemble,2026-05-16,13.0,5.0,4.310434782608696,8.0,7.0
2026-04-25,24,3,baseline,2026-05-16,13.0,5.0,12.181739130434783,8.0,7.0
2026-04-25,25,1,ensemble,2026-05-02,29.0,30.0,4.358695652173914,1.0,13.0
2026-04-25,25,1,baseline,2026-05-02,29.0,41.0,14.255217391304347,12.0,13.0
2026-04-25,25,2,ensemble,2026-05-09,16.0,27.0,6.02608695652174,11.0,26.0
2026-04-25,25,2,baseline,2026-05-09,16.0,41.0,22.336956521739136,25.0,26.0
2026-04-25,25,3,ensemble,2026-05-16,16.0,21.0,5.134782608695653,5.0,26.0
2026-04-25,25,3,baseline,2026-05-16,16.0,41.0,26.071739130434775,25.0,26.0
2026-04-25,26,1,ensemble,2026-05-02,28.0,33.0,5.709565217391305,5.0,22.0
2026-04-25,26,1,baseline,2026-05-02,28.0,51.0,21.30913043478261,23.0,22.0
2026-04-25,26,2,ensemble,2026-05-09,21.0,29.0,6.401304347826088,8.0,29.0
2026-04-25,26,2,baseline,2026-05-09,21.0,51.0,28.514347826086958,30.0,29.0
2026-04-25,26,3,ensemble,2026-05-16,23.0,23.0,5.553043478260871,0.0,27.0
2026-04-25,26,3,baseline,2026-05-16,23.0,51.0,32.6004347826087,28.0,27.0
2026-04-25,27,1,ensemble,2026-05-02,34.0,13.0,11.493478260869564,21.0,11.0
2026-04-25,27,1,baseline,2026-05-02,34.0,23.0,9.281304347826088,11.0,11.0
2026-04-25,27,2,ensemble,2026-05-09,16.0,11.0,3.6852173913043482,5.0,7.0
2026-04-25,27,2,baseline,2026-05-09,16.0,23.0,11.449565217391307,7.0,7.0
2026-04-25,27,3,ensemble,2026-05-16,18.0,9.0,4.808695652173913,9.0,5.0
2026-04-25,27,3,baseline,2026-05-16,18.0,23.0,14.050434782608697,5.0,5.0
2026-04-25,28,1,ensemble,2026-05-02,27.0,11.0,8.512608695652174,16.0,13.0
2026-04-25,28,1,baseline,2026-05-02,27.0,14.0,7.868695652173915,13.0,13.0
2026-04-25,28,2,ensemble,2026-05-09,18.0,11.0,3.8821739130434785,7.0,4.0
2026-04-25,28,2,baseline,2026-05-09,18.0,14.0,7.395217391304347,4.0,4.0
2026-04-25,28,3,ensemble,2026-05-16,15.0,10.0,3.031739130434783,5.0,1.0
2026-04-25,28,3,baseline,2026-05-16,15.0,14.0,8.760434782608696,1.0,1.0
2026-04-25,29,1,ensemble,2026-05-02,8.0,17.0,4.935652173913044,9.0,16.0
2026-04-25,29,1,baseline,2026-05-02,8.0,22.0,13.064347826086955,14.0,16.0
2026-04-25,29,2,ensemble,2026-05-09,13.0,13.0,2.904347826086956,0.0,11.0
2026-04-25,29,2,baseline,2026-05-09,13.0,22.0,15.98608695652174,9.0,11.0
2026-04-25,29,3,ensemble,2026-05-16,9.0,12.0,3.0621739130434786,3.0,15.0
2026-04-25,29,3,baseline,2026-05-16,9.0,22.0,20.25,13.0,15.0
2026-04-25,30,1,ensemble,2026-05-02,0.0,3.0,1.7417391304347827,3.0,5.0
2026-04-25,30,1,baseline,2026-05-02,0.0,5.0,3.5091304347826084,5.0,5.0
2026-04-25,30,2,ensemble,2026-05-09,8.0,3.0,2.8021739130434784,5.0,3.0
2026-04-25,30,2,baseline,2026-05-09,8.0,5.0,3.4852173913043485,3.0,3.0
2026-04-25,30,3,ensemble,2026-05-16,2.0,2.0,0.8,0.0,3.0
2026-04-25,30,3,baseline,2026-05-16,2.0,5.0,4.203043478260869,3.0,3.0
2026-04-25,31,1,ensemble,2026-05-02,4.0,5.0,1.1195652173913047,1.0,5.0
2026-04-25,31,1,baseline,2026-05-02,4.0,8.0,3.729130434782609,4.0,5.0
2026-04-25,31,2,ensemble,2026-05-09,7.0,4.0,1.7434782608695647,3.0,2.0
2026-04-25,31,2,baseline,2026-05-09,7.0,8.0,4.274347826086956,1.0,2.0
2026-04-25,31,3,ensemble,2026-05-16,3.0,3.0,1.057826086956522,0.0,6.0
2026-04-25,31,3,baseline,2026-05-16,3.0,8.0,5.600434782608697,5.0,6.0
2026-04-25,32,1,ensemble,2026-05-02,44.0,14.0,19.928695652173914,30.0,24.0
2026-04-25,32,1,baseline,2026-05-02,44.0,19.0,13.57434782608696,25.0,24.0
2026-04-25,32,2,ensemble,2026-05-09,46.0,12.0,23.166956521739127,34.0,26.0
2026-04-25,32,2,baseline,2026-05-09,46.0,19.0,14.41304347826087,27.0,26.0
2026-04-25,32,3,ensemble,2026-05-16,35.0,11.0,14.826086956521742,24.0,15.0
2026-04-25,32,3,baseline,2026-05-16,35.0,19.0,10.504782608695653,16.0,15.0
2026-04-25,33,1,ensemble,2026-05-02,1.0,5.0,2.1978260869565216,4.0,8.0
2026-04-25,33,1,baseline,2026-05-02,1.0,9.0,4.890434782608696,8.0,8.0
2026-04-25,33,2,ensemble,2026-05-09,3.0,4.0,1.297826086956522,1.0,6.0
2026-04-25,33,2,baseline,2026-05-09,3.0,9.0,4.633478260869566,6.0,6.0
2026-04-25,33,3,ensemble,2026-05-16,3.0,4.0,1.2478260869565216,1.0,6.0
2026-04-25,33,3,baseline,2026-05-16,3.0,9.0,5.035217391304348,6.0,6.0
2026-04-25,34,1,ensemble,2026-05-02,40.0,21.0,9.626956521739132,19.0,11.0
2026-04-25,34,1,baseline,2026-05-02,40.0,29.0,16.33130434782609,11.0,11.0
2026-04-25,34,2,ensemble,2026-05-09,42.0,18.0,12.90217391304348,24.0,13.0
2026-04-25,34,2,baseline,2026-05-09,42.0,29.0,22.616956521739134,13.0,13.0
2026-04-25,34,3,ensemble,2026-05-16,37.0,17.0,10.771304347826087,20.0,8.0
2026-04-25,34,3,baseline,2026-05-16,37.0,29.0,27.57,8.0,8.0
2026-04-25,35,1,ensemble,2026-05-02,13.0,5.0,4.484347826086956,8.0,2.0
2026-04-25,35,1,baseline,2026-05-02,13.0,6.0,5.172608695652175,7.0,2.0
2026-04-25,35,2,ensemble,2026-05-09,10.0,4.0,3.058260869565217,6.0,1.0
2026-04-25,35,2,baseline,2026-05-09,10.0,6.0,6.005217391304349,4.0,1.0
2026-04-25,35,3,ensemble,2026-05-16,4.0,4.0,1.067391304347826,0.0,7.0
2026-04-25,35,3,baseline,2026-05-16,4.0,6.0,7.201739130434783,2.0,7.0
2026-04-25,36,1,ensemble,2026-05-02,78.0,73.0,10.694782608695654,5.0,64.0
2026-04-25,36,1,baseline,2026-05-02,78.0,104.0,34.11608695652174,26.0,64.0
2026-04-25,36,2,ensemble,2026-05-09,81.0,61.0,13.63,20.0,61.0
2026-04-25,36,2,baseline,2026-05-09,81.0,104.0,45.74173913043478,23.0,61.0
2026-04-25,36,3,ensemble,2026-05-16,50.0,53.0,11.932173913043481,3.0,92.0
2026-04-25,36,3,baseline,2026-05-16,50.0,104.0,59.33434782608697,54.0,92.0
2026-04-25,37,1,ensemble,2026-05-02,17.0,12.0,3.596956521739131,5.0,2.0
2026-04-25,37,1,baseline,2026-05-02,17.0,13.0,14.442608695652178,4.0,2.0
2026-04-25,37,2,ensemble,2026-05-09,22.0,11.0,6.024347826086957,11.0,7.0
2026-04-25,37,2,baseline,2026-05-09,22.0,13.0,21.487391304347824,9.0,7.0
2026-04-25,37,3,ensemble,2026-05-16,15.0,11.0,3.496521739130436,4.0,0.0
2026-04-25,37,3,baseline,2026-05-16,15.0,13.0,26.93782608695653,2.0,0.0
2026-04-25,38,1,ensemble,2026-05-02,5.0,5.0,1.0443478260869568,0.0,5.0
2026-04-25,38,1,baseline,2026-05-02,5.0,8.0,2.439130434782609,3.0,5.0
2026-04-25,38,2,ensemble,2026-05-09,3.0,4.0,1.1117391304347828,1.0,7.0
2026-04-25,38,2,baseline,2026-05-09,3.0,8.0,3.478260869565217,5.0,7.0
2026-04-25,38,3,ensemble,2026-05-16,7.0,4.0,1.7147826086956515,3.0,3.0
2026-04-25,38,3,baseline,2026-05-16,7.0,8.0,3.402173913043479,1.0,3.0
2026-04-25,39,1,ensemble,2026-05-02,27.0,17.0,5.604782608695652,10.0,1.0
2026-04-25,39,1,baseline,2026-05-02,27.0,27.0,19.587826086956525,0.0,1.0
2026-04-25,39,2,ensemble,2026-05-09,22.0,14.0,5.015652173913044,8.0,6.0
2026-04-25,39,2,baseline,2026-05-09,22.0,27.0,28.95739130434783,5.0,6.0
2026-04-25,39,3,ensemble,2026-05-16,14.0,13.0,3.7386956521739134,1.0,14.0
2026-04-25,39,3,baseline,2026-05-16,14.0,27.0,37.19304347826087,13.0,14.0
2026-04-25,40,1,ensemble,2026-05-02,7.0,6.0,1.7552173913043483,1.0,2.0
2026-04-25,40,1,baseline,2026-05-02,7.0,4.0,6.834782608695653,3.0,2.0
2026-04-25,40,2,ensemble,2026-05-09,8.0,5.0,2.1026086956521737,3.0,1.0
2026-04-25,40,2,baseline,2026-05-09,8.0,4.0,9.692608695652176,4.0,1.0
2026-04-25,40,3,ensemble,2026-05-16,11.0,5.0,3.266956521739131,6.0,2.0
2026-04-25,40,3,baseline,2026-05-16,11.0,4.0,12.276521739130436,7.0,2.0
2026-04-25,41,1,ensemble,2026-05-02,15.0,7.0,4.691304347826087,8.0,5.0
2026-04-25,41,1,baseline,2026-05-02,15.0,9.0,6.688260869565218,6.0,5.0
2026-04-25,41,2,ensemble,2026-05-09,14.0,5.0,4.364782608695653,9.0,4.0
2026-04-25,41,2,baseline,2026-05-09,14.0,9.0,8.81391304347826,5.0,4.0
2026-04-25,41,3,ensemble,2026-05-16,12.0,4.0,3.6617391304347824,8.0,2.0
2026-04-25,41,3,baseline,2026-05-16,12.0,9.0,10.896086956521739,3.0,2.0
2026-04-25,42,1,ensemble,2026-05-02,193.0,127.0,34.52521739130435,66.0,117.0
2026-04-25,42,1,baseline,2026-05-02,193.0,182.0,33.303043478260875,11.0,117.0
2026-04-25,42,2,ensemble,2026-05-09,182.0,114.0,36.600869565217394,68.0,128.0
2026-04-25,42,2,baseline,2026-05-09,182.0,182.0,47.99086956521739,0.0,128.0
2026-04-25,42,3,ensemble,2026-05-16,141.0,106.0,22.875217391304353,35.0,169.0
2026-04-25,42,3,baseline,2026-05-16,141.0,182.0,63.99173913043479,41.0,169.0
2026-04-25,44,1,ensemble,2026-05-02,4.0,6.0,1.4482608695652175,2.0,7.0
2026-04-25,44,1,baseline,2026-05-02,4.0,9.0,3.369130434782609,5.0,7.0
2026-04-25,44,2,ensemble,2026-05-09,6.0,5.0,1.3339130434782611,1.0,5.0
2026-04-25,44,2,baseline,2026-05-09,6.0,9.0,3.393913043478261,3.0,5.0
2026-04-25,44,3,ensemble,2026-05-16,10.0,5.0,2.6939130434782608,5.0,1.0
2026-04-25,44,3,baseline,2026-05-16,10.0,9.0,3.9143478260869573,1.0,1.0
2026-04-25,45,1,ensemble,2026-05-02,15.0,5.0,5.362608695652175,10.0,11.0
2026-04-25,45,1,baseline,2026-05-02,15.0,3.0,8.405652173913046,12.0,11.0
2026-04-25,45,2,ensemble,2026-05-09,7.0,5.0,1.8156521739130433,2.0,3.0
2026-04-25,45,2,baseline,2026-05-09,7.0,3.0,9.801304347826088,4.0,3.0
2026-04-25,45,3,ensemble,2026-05-16,8.0,4.0,2.1900000000000004,4.0,4.0
2026-04-25,45,3,baseline,2026-05-16,8.0,3.0,12.685217391304347,5.0,4.0
2026-04-25,46,1,ensemble,2026-05-02,5.0,3.0,1.0860869565217393,2.0,0.0
2026-04-25,46,1,baseline,2026-05-02,5.0,5.0,1.9995652173913043,0.0,0.0
2026-04-25,46,2,ensemble,2026-05-09,7.0,3.0,2.135217391304348,4.0,2.0
2026-04-25,46,2,baseline,2026-05-09,7.0,5.0,2.764347826086957,2.0,2.0
2026-04-25,46,3,ensemble,2026-05-16,4.0,2.0,1.061304347826087,2.0,1.0
2026-04-25,46,3,baseline,2026-05-16,4.0,5.0,3.180434782608696,1.0,1.0
2026-04-25,47,1,ensemble,2026-05-02,34.0,33.0,4.544782608695653,1.0,13.0
2026-04-25,47,1,baseline,2026-05-02,34.0,46.0,13.24608695652174,12.0,13.0
2026-04-25,47,2,ensemble,2026-05-09,45.0,30.0,7.79695652173913,15.0,2.0
2026-04-25,47,2,baseline,2026-05-09,45.0,46.0,16.831739130434784,1.0,2.0
2026-04-25,47,3,ensemble,2026-05-16,36.0,27.0,5.88608695652174,9.0,11.0
2026-04-25,47,3,baseline,2026-05-16,36.0,46.0,21.237826086956524,10.0,11.0
2026-04-25,48,1,ensemble,2026-05-02,129.0,94.0,19.459565217391308,35.0,5.0
2026-04-25,48,1,baseline,2026-05-02,129.0,110.0,40.136521739130444,19.0,5.0
2026-04-25,48,2,ensemble,2026-05-09,136.0,82.0,27.187391304347823,54.0,12.0
2026-04-25,48,2,baseline,2026-05-09,136.0,110.0,54.06565217391305,26.0,12.0
2026-04-25,48,3,ensemble,2026-05-16,122.0,76.0,24.26304347826087,46.0,2.0
2026-04-25,48,3,baseline,2026-05-16,122.0,110.0,63.94826086956522,12.0,2.0
2026-04-25,49,1,ensemble,2026-05-02,10.0,4.0,3.452608695652174,6.0,5.0
2026-04-25,49,1,baseline,2026-05-02,10.0,5.0,3.4991304347826095,5.0,5.0
2026-04-25,49,2,ensemble,2026-05-09,11.0,3.0,4.574347826086956,8.0,6.0
2026-04-25,49,2,baseline,2026-05-09,11.0,5.0,4.443913043478261,6.0,6.0
2026-04-25,49,3,ensemble,2026-05-16,7.0,3.0,2.046956521739131,4.0,2.0
2026-04-25,49,3,baseline,2026-05-16,7.0,5.0,4.612608695652175,2.0,2.0
2026-04-25,50,1,ensemble,2026-05-02,0.0,2.0,0.9299999999999997,2.0,3.0
2026-04-25,50,1,baseline,2026-05-02,0.0,3.0,1.9491304347826088,3.0,3.0
2026-04-25,50,2,ensemble,2026-05-09,1.0,2.0,0.6643478260869566,1.0,2.0
2026-04-25,50,2,baseline,2026-05-09,1.0,3.0,1.859130434782609,2.0,2.0
2026-04-25,50,3,ensemble,2026-05-16,0.0,1.0,0.7100000000000001,1.0,3.0
2026-04-25,50,3,baseline,2026-05-16,0.0,3.0,2.2052173913043482,3.0,3.0
2026-04-25,51,1,ensemble,2026-05-02,24.0,11.0,6.958695652173914,13.0,9.0
2026-04-25,51,1,baseline,2026-05-02,24.0,12.0,11.872173913043481,12.0,9.0
2026-04-25,51,2,ensemble,2026-05-09,14.0,10.0,2.64304347826087,4.0,1.0
2026-04-25,51,2,baseline,2026-05-09,14.0,12.0,14.633478260869564,2.0,1.0
2026-04-25,51,3,ensemble,2026-05-16,18.0,9.0,4.850869565217391,9.0,3.0
2026-04-25,51,3,baseline,2026-05-16,18.0,12.0,18.235652173913046,6.0,3.0
2026-04-25,53,1,ensemble,2026-05-02,29.0,28.0,3.6230434782608696,1.0,11.0
2026-04-25,53,1,baseline,2026-05-02,29.0,37.0,8.94304347826087,8.0,11.0
2026-04-25,53,2,ensemble,2026-05-09,29.0,24.0,4.377391304347825,5.0,11.0
2026-04-25,53,2,baseline,2026-05-09,29.0,37.0,11.678695652173914,8.0,11.0
2026-04-25,53,3,ensemble,2026-05-16,28.0,22.0,4.826086956521739,6.0,12.0
2026-04-25,53,3,baseline,2026-05-16,28.0,37.0,14.198695652173916,9.0,12.0
2026-04-25,54,1,ensemble,2026-05-02,8.0,12.0,3.079130434782609,4.0,21.0
2026-04-25,54,1,baseline,2026-05-02,8.0,29.0,12.515652173913043,21.0,21.0
2026-04-25,54,2,ensemble,2026-05-09,3.0,10.0,4.160434782608696,7.0,26.0
2026-04-25,54,2,baseline,2026-05-09,3.0,29.0,14.781739130434783,26.0,26.0
2026-04-25,54,3,ensemble,2026-05-16,5.0,7.0,2.4021739130434785,2.0,24.0
2026-04-25,54,3,baseline,2026-05-16,5.0,29.0,14.541739130434781,24.0,24.0
2026-04-25,55,1,ensemble,2026-05-02,13.0,20.0,4.718260869565218,7.0,19.0
2026-04-25,55,1,baseline,2026-05-02,13.0,32.0,13.91130434782609,19.0,19.0
2026-04-25,55,2,ensemble,2026-05-09,4.0,15.0,6.404347826086957,11.0,28.0
2026-04-25,55,2,baseline,2026-05-09,4.0,32.0,19.03434782608696,28.0,28.0
2026-04-25,55,3,ensemble,2026-05-16,7.0,14.0,4.6265217391304345,7.0,25.0
2026-04-25,55,3,baseline,2026-05-16,7.0,32.0,20.187826086956523,25.0,25.0
2026-04-25,56,1,ensemble,2026-05-02,4.0,4.0,0.8739130434782609,0.0,2.0
2026-04-25,56,1,baseline,2026-05-02,4.0,6.0,2.026521739130435,2.0,2.0
2026-04-25,56,2,ensemble,2026-05-09,5.0,4.0,1.1313043478260871,1.0,1.0
2026-04-25,56,2,baseline,2026-05-09,5.0,6.0,2.4934782608695656,1.0,1.0
2026-04-25,56,3,ensemble,2026-05-16,8.0,3.0,2.446521739130435,5.0,2.0
2026-04-25,56,3,baseline,2026-05-16,8.0,6.0,3.104347826086957,2.0,2.0
2026-05-02,01,1,ensemble,2026-05-09,20.0,19.0,2.5273913043478267,1.0,8.0
2026-05-02,01,1,baseline,2026-05-09,20.0,26.0,8.768695652173914,6.0,8.0
2026-05-02,01,2,ensemble,2026-05-16,24.0,17.0,3.8934782608695646,7.0,4.0
2026-05-02,01,2,baseline,2026-05-16,24.0,26.0,11.606956521739132,2.0,4.0
2026-05-02,01,3,ensemble,2026-05-23,24.0,15.0,4.656521739130435,9.0,4.0
2026-05-02,01,3,baseline,2026-05-23,24.0,26.0,14.253478260869567,2.0,4.0
2026-05-02,02,1,ensemble,2026-05-09,4.0,4.0,0.7947826086956521,0.0,1.0
2026-05-02,02,1,baseline,2026-05-09,4.0,5.0,1.5339130434782609,1.0,1.0
2026-05-02,02,2,ensemble,2026-05-16,0.0,3.0,1.8878260869565215,3.0,5.0
2026-05-02,02,2,baseline,2026-05-16,0.0,5.0,3.078260869565218,5.0,5.0
2026-05-02,02,3,ensemble,2026-05-23,0.0,3.0,1.7873913043478258,3.0,5.0
2026-05-02,02,3,baseline,2026-05-23,0.0,5.0,3.0282608695652176,5.0,5.0
2026-05-02,04,1,ensemble,2026-05-09,51.0,50.0,5.880869565217393,1.0,18.0
2026-05-02,04,1,baseline,2026-05-09,51.0,67.0,17.859565217391307,16.0,18.0
2026-05-02,04,2,ensemble,2026-05-16,63.0,44.0,10.087391304347827,19.0,6.0
2026-05-02,04,2,baseline,2026-05-16,63.0,67.0,22.60782608695652,4.0,6.0
2026-05-02,04,3,ensemble,2026-05-23,54.0,39.0,8.26913043478261,15.0,15.0
2026-05-02,04,3,baseline,2026-05-23,54.0,67.0,28.607391304347832,13.0,15.0
2026-05-02,05,1,ensemble,2026-05-09,7.0,2.0,2.4473913043478257,5.0,0.0
2026-05-02,05,1,baseline,2026-05-09,7.0,2.0,5.434782608695653,5.0,0.0
2026-05-02,05,2,ensemble,2026-05-16,9.0,2.0,3.704782608695652,7.0,2.0
2026-05-02,05,2,baseline,2026-05-16,9.0,2.0,7.330000000000001,7.0,2.0
2026-05-02,05,3,ensemble,2026-05-23,10.0,2.0,4.490434782608695,8.0,3.0
2026-05-02,05,3,baseline,2026-05-23,10.0,2.0,8.783913043478263,8.0,3.0
2026-05-02,06,1,ensemble,2026-05-09,194.0,170.0,19.56652173913044,24.0,36.0
2026-05-02,06,1,baseline,2026-05-09,194.0,222.0,44.90826086956522,28.0,36.0
2026-05-02,06,2,ensemble,2026-05-16,177.0,145.0,22.666521739130438,32.0,53.0
2026-05-02,06,2,baseline,2026-05-16,177.0,222.0,64.69347826086955,45.0,53.0
2026-05-02,06,3,ensemble,2026-05-23,151.0,129.0,22.313478260869566,22.0,79.0
2026-05-02,06,3,baseline,2026-05-23,151.0,222.0,82.34695652173912,71.0,79.0
2026-05-02,08,1,ensemble,2026-05-09,15.0,24.0,5.512608695652174,9.0,24.0
2026-05-02,08,1,baseline,2026-05-09,15.0,41.0,16.176521739130433,26.0,24.0
2026-05-02,08,2,ensemble,2026-05-16,12.0,19.0,5.194782608695652,7.0,27.0
2026-05-02,08,2,baseline,2026-05-16,12.0,41.0,18.287826086956525,29.0,27.0
2026-05-02,08,3,ensemble,2026-05-23,9.0,17.0,5.148695652173912,8.0,30.0
2026-05-02,08,3,baseline,2026-05-23,9.0,41.0,20.515652173913047,32.0,30.0
2026-05-02,09,1,ensemble,2026-05-09,8.0,12.0,2.7086956521739136,4.0,10.0
2026-05-02,09,1,baseline,2026-05-09,8.0,18.0,8.085217391304349,10.0,10.0
2026-05-02,09,2,ensemble,2026-05-16,5.0,11.0,3.160434782608696,6.0,13.0
2026-05-02,09,2,baseline,2026-05-16,5.0,18.0,10.816521739130435,13.0,13.0
2026-05-02,09,3,ensemble,2026-05-23,2.0,9.0,3.883478260869565,7.0,16.0
2026-05-02,09,3,baseline,2026-05-23,2.0,18.0,13.220000000000004,16.0,16.0
2026-05-02,10,1,ensemble,2026-05-09,4.0,2.0,1.0630434782608695,2.0,2.0
2026-05-02,10,1,baseline,2026-05-09,4.0,4.0,2.0052173913043485,0.0,2.0
2026-05-02,10,2,ensemble,2026-05-16,5.0,2.0,1.563913043478261,3.0,1.0
2026-05-02,10,2,baseline,2026-05-16,5.0,4.0,2.907391304347826,1.0,1.0
2026-05-02,10,3,ensemble,2026-05-23,2.0,2.0,0.7817391304347828,0.0,4.0
2026-05-02,10,3,baseline,2026-05-23,2.0,4.0,3.7117391304347835,2.0,4.0
2026-05-02,11,1,ensemble,2026-05-09,0.0,1.0,0.7769565217391303,1.0,2.0
2026-05-02,11,1,baseline,2026-05-09,0.0,1.0,1.413913043478261,1.0,2.0
2026-05-02,11,2,ensemble,2026-05-16,1.0,1.0,0.4921739130434784,0.0,1.0
2026-05-02,11,2,baseline,2026-05-16,1.0,1.0,2.0556521739130442,0.0,1.0
2026-05-02,11,3,ensemble,2026-05-23,2.0,1.0,0.6282608695652175,1.0,0.0
2026-05-02,11,3,baseline,2026-05-23,2.0,1.0,2.558260869565218,1.0,0.0
2026-05-02,12,1,ensemble,2026-05-09,151.0,135.0,15.809565217391308,16.0,36.0
2026-05-02,12,1,baseline,2026-05-09,151.0,173.0,38.36391304347826,22.0,36.0
2026-05-02,12,2,ensemble,2026-05-16,125.0,126.0,16.293478260869566,1.0,62.0
2026-05-02,12,2,baseline,2026-05-16,125.0,173.0,54.63652173913044,48.0,62.0
2026-05-02,12,3,ensemble,2026-05-23,134.0,117.0,18.427826086956525,17.0,53.0
2026-05-02,12,3,baseline,2026-05-23,134.0,173.0,63.39913043478261,39.0,53.0
2026-05-02,13,1,ensemble,2026-05-09,16.0,21.0,3.7908695652173923,5.0,15.0
2026-05-02,13,1,baseline,2026-05-09,16.0,27.0,13.651739130434786,11.0,15.0
2026-05-02,13,2,ensemble,2026-05-16,28.0,18.0,5.2926086956521745,10.0,3.0
2026-05-02,13,2,baseline,2026-05-16,28.0,27.0,17.617391304347834,1.0,3.0
2026-05-02,13,3,ensemble,2026-05-23,33.0,17.0,8.13391304347826,16.0,2.0
2026-05-02,13,3,baseline,2026-05-23,33.0,27.0,22.33913043478261,6.0,2.0
2026-05-02,15,1,ensemble,2026-05-09,5.0,10.0,2.902608695652175,5.0,12.0
2026-05-02,15,1,baseline,2026-05-09,5.0,16.0,5.9799999999999995,11.0,12.0
2026-05-02,15,2,ensemble,2026-05-16,9.0,9.0,1.7969565217391306,0.0,8.0
2026-05-02,15,2,baseline,2026-05-16,9.0,16.0,4.126086956521739,7.0,8.0
2026-05-02,15,3,ensemble,2026-05-23,17.0,9.0,4.122608695652175,8.0,0.0
2026-05-02,15,3,baseline,2026-05-23,17.0,16.0,3.4169565217391304,1.0,0.0
2026-05-02,16,1,ensemble,2026-05-09,8.0,4.0,1.889565217391304,4.0,1.0
2026-05-02,16,1,baseline,2026-05-09,8.0,6.0,3.571304347826087,2.0,1.0
2026-05-02,16,2,ensemble,2026-05-16,8.0,4.0,2.2056521739130437,4.0,1.0
2026-05-02,16,2,baseline,2026-05-16,8.0,6.0,4.828260869565218,2.0,1.0
2026-05-02,16,3,ensemble,2026-05-23,6.0,3.0,1.5343478260869565,3.0,1.0
2026-05-02,16,3,baseline,2026-05-23,6.0,6.0,5.772173913043478,0.0,1.0
2026-05-02,17,1,ensemble,2026-05-09,45.0,41.0,6.786956521739131,4.0,34.0
2026-05-02,17,1,baseline,2026-05-09,45.0,76.0,24.842608695652178,31.0,34.0
2026-05-02,17,2,ensemble,2026-05-16,24.0,32.0,7.842608695652175,8.0,55.0
2026-05-02,17,2,baseline,2026-05-16,24.0,76.0,36.89304347826087,52.0,55.0
2026-05-02,17,3,ensemble,2026-05-23,21.0,31.0,8.149565217391306,10.0,58.0
2026-05-02,17,3,baseline,2026-05-23,21.0,76.0,41.982608695652175,55.0,58.0
2026-05-02,18,1,ensemble,2026-05-09,18.0,14.0,3.0626086956521736,4.0,5.0
2026-05-02,18,1,baseline,2026-05-09,18.0,19.0,11.59130434782609,1.0,5.0
2026-05-02,18,2,ensemble,2026-05-16,18.0,12.0,3.512173913043479,6.0,5.0
2026-05-02,18,2,baseline,2026-05-16,18.0,19.0,16.60391304347826,1.0,5.0
2026-05-02,18,3,ensemble,2026-05-23,18.0,11.0,4.039130434782608,7.0,5.0
2026-05-02,18,3,baseline,2026-05-23,18.0,19.0,20.972608695652177,1.0,5.0
2026-05-02,19,1,ensemble,2026-05-09,4.0,9.0,3.0178260869565223,5.0,13.0
2026-05-02,19,1,baseline,2026-05-09,4.0,16.0,8.12913043478261,12.0,13.0
2026-05-02,19,2,ensemble,2026-05-16,4.0,7.0,2.1695652173913045,3.0,13.0
2026-05-02,19,2,baseline,2026-05-16,4.0,16.0,8.945652173913045,12.0,13.0
2026-05-02,19,3,ensemble,2026-05-23,3.0,6.0,2.024782608695652,3.0,14.0
2026-05-02,19,3,baseline,2026-05-23,3.0,16.0,10.609130434782612,13.0,14.0
2026-05-02,20,1,ensemble,2026-05-09,3.0,5.0,1.431304347826087,2.0,6.0
2026-05-02,20,1,baseline,2026-05-09,3.0,8.0,5.176521739130435,5.0,6.0
2026-05-02,20,2,ensemble,2026-05-16,3.0,5.0,1.3047826086956522,2.0,6.0
2026-05-02,20,2,baseline,2026-05-16,3.0,8.0,6.540869565217393,5.0,6.0
2026-05-02,20,3,ensemble,2026-05-23,5.0,4.0,1.2156521739130435,1.0,4.0
2026-05-02,20,3,baseline,2026-05-23,5.0,8.0,7.753913043478261,3.0,4.0
2026-05-02,21,1,ensemble,2026-05-09,15.0,14.0,2.2030434782608697,1.0,17.0
2026-05-02,21,1,baseline,2026-05-09,15.0,19.0,9.629565217391304,4.0,17.0
2026-05-02,21,2,ensemble,2026-05-16,19.0,12.0,4.015217391304348,7.0,13.0
2026-05-02,21,2,baseline,2026-05-16,19.0,19.0,13.285217391304354,0.0,13.0
2026-05-02,21,3,ensemble,2026-05-23,16.0,10.0,3.213478260869566,6.0,16.0
2026-05-02,21,3,baseline,2026-05-23,16.0,19.0,16.692173913043483,3.0,16.0
2026-05-02,22,1,ensemble,2026-05-09,20.0,25.0,3.529565217391304,5.0,15.0
2026-05-02,22,1,baseline,2026-05-09,20.0,35.0,11.518695652173914,15.0,15.0
2026-05-02,22,2,ensemble,2026-05-16,20.0,23.0,3.5304347826086957,3.0,15.0
2026-05-02,22,2,baseline,2026-05-16,20.0,35.0,14.153478260869566,15.0,15.0
2026-05-02,22,3,ensemble,2026-05-23,26.0,22.0,3.8878260869565224,4.0,9.0
2026-05-02,22,3,baseline,2026-05-23,26.0,35.0,15.630869565217392,9.0,9.0
2026-05-02,23,1,ensemble,2026-05-09,3.0,4.0,1.1434782608695655,1.0,7.0
2026-05-02,23,1,baseline,2026-05-09,3.0,10.0,4.56695652173913,7.0,7.0
2026-05-02,23,2,ensemble,2026-05-16,4.0,4.0,1.1139130434782611,0.0,6.0
2026-05-02,23,2,baseline,2026-05-16,4.0,10.0,4.883478260869565,6.0,6.0
2026-05-02,23,3,ensemble,2026-05-23,3.0,4.0,1.2456521739130437,1.0,7.0
2026-05-02,23,3,baseline,2026-05-23,3.0,10.0,5.63304347826087,7.0,7.0
2026-05-02,24,1,ensemble,2026-05-09,20.0,9.0,6.163043478260869,11.0,9.0
2026-05-02,24,1,baseline,2026-05-09,20.0,11.0,8.480869565217391,9.0,9.0
2026-05-02,24,2,ensemble,2026-05-16,13.0,7.0,2.9421739130434785,6.0,2.0
2026-05-02,24,2,baseline,2026-05-16,13.0,11.0,10.518260869565218,2.0,2.0
2026-05-02,24,3,ensemble,2026-05-23,12.0,7.0,2.800869565217391,5.0,1.0
2026-05-02,24,3,baseline,2026-05-23,12.0,11.0,12.862608695652176,1.0,1.0
2026-05-02,25,1,ensemble,2026-05-09,16.0,19.0,3.487826086956523,3.0,13.0
2026-05-02,25,1,baseline,2026-05-09,16.0,27.0,13.849130434782612,11.0,13.0
2026-05-02,25,2,ensemble,2026-05-16,16.0,18.0,3.520869565217391,2.0,13.0
2026-05-02,25,2,baseline,2026-05-16,16.0,27.0,18.840000000000003,11.0,13.0
2026-05-02,25,3,ensemble,2026-05-23,10.0,16.0,4.2156521739130435,6.0,19.0
2026-05-02,25,3,baseline,2026-05-23,10.0,27.0,24.071304347826093,17.0,19.0
2026-05-02,26,1,ensemble,2026-05-09,21.0,20.0,3.686521739130435,1.0,14.0
2026-05-02,26,1,baseline,2026-05-09,21.0,28.0,15.848695652173914,7.0,14.0
2026-05-02,26,2,ensemble,2026-05-16,23.0,18.0,4.4791304347826095,5.0,12.0
2026-05-02,26,2,baseline,2026-05-16,23.0,28.0,22.22739130434783,5.0,12.0
2026-05-02,26,3,ensemble,2026-05-23,17.0,14.0,4.041304347826087,3.0,18.0
2026-05-02,26,3,baseline,2026-05-23,17.0,28.0,27.762608695652172,11.0,18.0
2026-05-02,27,1,ensemble,2026-05-09,16.0,14.0,2.776521739130435,2.0,6.0
2026-05-02,27,1,baseline,2026-05-09,16.0,24.0,8.736956521739131,8.0,6.0
2026-05-02,27,2,ensemble,2026-05-16,18.0,11.0,4.140869565217392,7.0,4.0
2026-05-02,27,2,baseline,2026-05-16,18.0,24.0,11.245217391304347,6.0,4.0
2026-05-02,27,3,ensemble,2026-05-23,11.0,9.0,2.675652173913044,2.0,11.0
2026-05-02,27,3,baseline,2026-05-23,11.0,24.0,15.010000000000002,13.0,11.0
2026-05-02,28,1,ensemble,2026-05-09,18.0,12.0,3.3552173913043486,6.0,1.0
2026-05-02,28,1,baseline,2026-05-09,18.0,14.0,5.7269565217391305,4.0,1.0
2026-05-02,28,2,ensemble,2026-05-16,15.0,12.0,2.34304347826087,3.0,4.0
2026-05-02,28,2,baseline,2026-05-16,15.0,14.0,7.264782608695652,1.0,4.0
2026-05-02,28,3,ensemble,2026-05-23,12.0,10.0,2.075217391304348,2.0,7.0
2026-05-02,28,3,baseline,2026-05-23,12.0,14.0,8.787391304347826,2.0,7.0
2026-05-02,29,1,ensemble,2026-05-09,13.0,10.0,2.3778260869565218,3.0,3.0
2026-05-02,29,1,baseline,2026-05-09,13.0,12.0,9.702173913043481,1.0,3.0
2026-05-02,29,2,ensemble,2026-05-16,9.0,10.0,2.118260869565218,1.0,7.0
2026-05-02,29,2,baseline,2026-05-16,9.0,12.0,14.248695652173916,3.0,7.0
2026-05-02,29,3,ensemble,2026-05-23,13.0,8.0,3.029565217391305,5.0,3.0
2026-05-02,29,3,baseline,2026-05-23,13.0,12.0,17.69739130434783,1.0,3.0
2026-05-02,30,1,ensemble,2026-05-09,8.0,2.0,3.438260869565217,6.0,4.0
2026-05-02,30,1,baseline,2026-05-09,8.0,3.0,3.0734782608695657,5.0,4.0
2026-05-02,30,2,ensemble,2026-05-16,2.0,2.0,0.5839130434782609,0.0,2.0
2026-05-02,30,2,baseline,2026-05-16,2.0,3.0,3.0191304347826087,1.0,2.0
2026-05-02,30,3,ensemble,2026-05-23,2.0,2.0,0.5991304347826086,0.0,2.0
2026-05-02,30,3,baseline,2026-05-23,2.0,3.0,3.724782608695653,1.0,2.0
2026-05-02,31,1,ensemble,2026-05-09,7.0,6.0,1.3121739130434786,1.0,4.0
2026-05-02,31,1,baseline,2026-05-09,7.0,10.0,3.606956521739131,3.0,4.0
2026-05-02,31,2,ensemble,2026-05-16,3.0,5.0,1.4552173913043478,2.0,8.0
2026-05-02,31,2,baseline,2026-05-16,3.0,10.0,5.2965217391304344,7.0,8.0
2026-05-02,31,3,ensemble,2026-05-23,0.0,4.0,2.448260869565218,4.0,11.0
2026-05-02,31,3,baseline,2026-05-23,0.0,10.0,6.840000000000001,10.0,11.0
2026-05-02,32,1,ensemble,2026-05-09,46.0,15.0,21.688695652173912,31.0,16.0
2026-05-02,32,1,baseline,2026-05-09,46.0,23.0,12.71913043478261,23.0,16.0
2026-05-02,32,2,ensemble,2026-05-16,35.0,13.0,13.91130434782609,22.0,5.0
2026-05-02,32,2,baseline,2026-05-16,35.0,23.0,8.751739130434782,12.0,5.0
2026-05-02,32,3,ensemble,2026-05-23,30.0,12.0,10.008695652173913,18.0,0.0
2026-05-02,32,3,baseline,2026-05-23,30.0,23.0,9.028695652173914,7.0,0.0
2026-05-02,33,1,ensemble,2026-05-09,3.0,2.0,0.6900000000000001,1.0,0.0
2026-05-02,33,1,baseline,2026-05-09,3.0,3.0,2.0608695652173914,0.0,0.0
2026-05-02,33,2,ensemble,2026-05-16,3.0,2.0,0.7604347826086958,1.0,0.0
2026-05-02,33,2,baseline,2026-05-16,3.0,3.0,2.8056521739130433,0.0,0.0
2026-05-02,33,3,ensemble,2026-05-23,2.0,2.0,0.6747826086956522,0.0,1.0
2026-05-02,33,3,baseline,2026-05-23,2.0,3.0,3.678695652173914,1.0,1.0
2026-05-02,34,1,ensemble,2026-05-09,42.0,26.0,8.07521739130435,16.0,2.0
2026-05-02,34,1,baseline,2026-05-09,42.0,44.0,16.19521739130435,2.0,2.0
2026-05-02,34,2,ensemble,2026-05-16,37.0,23.0,7.493913043478263,14.0,7.0
2026-05-02,34,2,baseline,2026-05-16,37.0,44.0,23.54652173913044,7.0,7.0
2026-05-02,34,3,ensemble,2026-05-23,29.0,22.0,5.457391304347827,7.0,15.0
2026-05-02,34,3,baseline,2026-05-23,29.0,44.0,29.843043478260864,15.0,15.0
2026-05-02,35,1,ensemble,2026-05-09,10.0,6.0,2.2934782608695654,4.0,3.0
2026-05-02,35,1,baseline,2026-05-09,10.0,7.0,4.4104347826086965,3.0,3.0
2026-05-02,35,2,ensemble,2026-05-16,4.0,5.0,1.142608695652174,1.0,3.0
2026-05-02,35,2,baseline,2026-05-16,4.0,7.0,6.028260869565218,3.0,3.0
2026-05-02,35,3,ensemble,2026-05-23,5.0,5.0,1.079130434782609,0.0,2.0
2026-05-02,35,3,baseline,2026-05-23,5.0,7.0,7.333043478260869,2.0,2.0
2026-05-02,36,1,ensemble,2026-05-09,81.0,44.0,17.904782608695655,37.0,5.0
2026-05-02,36,1,baseline,2026-05-09,81.0,65.0,29.39826086956522,16.0,5.0
2026-05-02,36,2,ensemble,2026-05-16,50.0,42.0,8.839999999999998,8.0,26.0
2026-05-02,36,2,baseline,2026-05-16,50.0,65.0,40.9913043478261,15.0,26.0
2026-05-02,36,3,ensemble,2026-05-23,53.0,34.0,11.052173913043479,19.0,23.0
2026-05-02,36,3,baseline,2026-05-23,53.0,65.0,50.23739130434783,12.0,23.0
2026-05-02,37,1,ensemble,2026-05-09,22.0,13.0,4.665652173913044,9.0,3.0
2026-05-02,37,1,baseline,2026-05-09,22.0,18.0,14.783913043478263,4.0,3.0
2026-05-02,37,2,ensemble,2026-05-16,15.0,12.0,2.6447826086956527,3.0,4.0
2026-05-02,37,2,baseline,2026-05-16,15.0,18.0,21.784782608695654,3.0,4.0
2026-05-02,37,3,ensemble,2026-05-23,13.0,10.0,2.7886956521739132,3.0,6.0
2026-05-02,37,3,baseline,2026-05-23,13.0,18.0,27.83652173913044,5.0,6.0
2026-05-02,38,1,ensemble,2026-05-09,3.0,2.0,0.6860869565217392,1.0,4.0
2026-05-02,38,1,baseline,2026-05-09,3.0,3.0,1.682608695652174,0.0,4.0
2026-05-02,38,2,ensemble,2026-05-16,7.0,2.0,2.7978260869565217,5.0,0.0
2026-05-02,38,2,baseline,2026-05-16,7.0,3.0,2.6534782608695657,4.0,0.0
2026-05-02,38,3,ensemble,2026-05-23,10.0,2.0,5.254347826086956,8.0,3.0
2026-05-02,38,3,baseline,2026-05-23,10.0,3.0,3.6391304347826083,7.0,3.0
2026-05-02,39,1,ensemble,2026-05-09,22.0,23.0,4.005217391304349,1.0,15.0
2026-05-02,39,1,baseline,2026-05-09,22.0,35.0,21.82652173913044,13.0,15.0
2026-05-02,39,2,ensemble,2026-05-16,14.0,19.0,4.432608695652174,5.0,23.0
2026-05-02,39,2,baseline,2026-05-16,14.0,35.0,31.573913043478257,21.0,23.0
2026-05-02,39,3,ensemble,2026-05-23,14.0,16.0,4.003913043478262,2.0,23.0
2026-05-02,39,3,baseline,2026-05-23,14.0,35.0,38.848260869565216,21.0,23.0
2026-05-02,40,1,ensemble,2026-05-09,8.0,7.0,1.669130434782609,1.0,1.0
2026-05-02,40,1,baseline,2026-05-09,8.0,7.0,7.106521739130437,1.0,1.0
2026-05-02,40,2,ensemble,2026-05-16,11.0,6.0,2.6308695652173912,5.0,4.0
2026-05-02,40,2,baseline,2026-05-16,11.0,7.0,10.170000000000002,4.0,4.0
2026-05-02,40,3,ensemble,2026-05-23,8.0,5.0,1.9786956521739132,3.0,1.0
2026-05-02,40,3,baseline,2026-05-23,8.0,7.0,12.553478260869564,1.0,1.0
2026-05-02,41,1,ensemble,2026-05-09,14.0,6.0,4.138695652173913,8.0,4.0
2026-05-02,41,1,baseline,2026-05-09,14.0,8.0,6.501304347826087,6.0,4.0
2026-05-02,41,2,ensemble,2026-05-16,12.0,5.0,3.552173913043478,7.0,2.0
2026-05-02,41,2,baseline,2026-05-16,12.0,8.0,8.498695652173915,4.0,2.0
2026-05-02,41,3,ensemble,2026-05-23,8.0,5.0,1.7921739130434786,3.0,2.0
2026-05-02,41,3,baseline,2026-05-23,8.0,8.0,10.532608695652174,0.0,2.0
2026-05-02,42,1,ensemble,2026-05-09,182.0,62.0,75.24347826086957,120.0,78.0
2026-05-02,42,1,baseline,2026-05-09,182.0,73.0,61.180000000000014,109.0,78.0
2026-05-02,42,2,ensemble,2026-05-16,141.0,57.0,45.54260869565218,84.0,119.0
2026-05-02,42,2,baseline,2026-05-16,141.0,73.0,50.74739130434783,68.0,119.0
2026-05-02,42,3,ensemble,2026-05-23,185.0,50.0,84.68043478260871,135.0,75.0
2026-05-02,42,3,baseline,2026-05-23,185.0,73.0,68.81608695652174,112.0,75.0
2026-05-02,44,1,ensemble,2026-05-09,6.0,3.0,1.5230434782608693,3.0,2.0
2026-05-02,44,1,baseline,2026-05-09,6.0,4.0,1.9973913043478269,2.0,2.0
2026-05-02,44,2,ensemble,2026-05-16,10.0,3.0,4.470869565217391,7.0,6.0
2026-05-02,44,2,baseline,2026-05-16,10.0,4.0,3.676521739130435,6.0,6.0
2026-05-02,44,3,ensemble,2026-05-23,4.0,2.0,1.0913043478260869,2.0,0.0
2026-05-02,44,3,baseline,2026-05-23,4.0,4.0,3.2373913043478257,0.0,0.0
2026-05-02,45,1,ensemble,2026-05-09,7.0,8.0,1.7908695652173918,1.0,6.0
2026-05-02,45,1,baseline,2026-05-09,7.0,13.0,8.32608695652174,6.0,6.0
2026-05-02,45,2,ensemble,2026-05-16,8.0,8.0,1.9104347826086963,0.0,5.0
2026-05-02,45,2,baseline,2026-05-16,8.0,13.0,11.432173913043481,5.0,5.0
2026-05-02,45,3,ensemble,2026-05-23,11.0,7.0,2.6695652173913045,4.0,2.0
2026-05-02,45,3,baseline,2026-05-23,11.0,13.0,14.290000000000006,2.0,2.0
2026-05-02,46,1,ensemble,2026-05-09,7.0,5.0,1.317391304347826,2.0,1.0
2026-05-02,46,1,baseline,2026-05-09,7.0,8.0,2.195652173913044,1.0,1.0
2026-05-02,46,2,ensemble,2026-05-16,4.0,4.0,0.9121739130434784,0.0,4.0
2026-05-02,46,2,baseline,2026-05-16,4.0,8.0,3.434347826086957,4.0,4.0
2026-05-02,46,3,ensemble,2026-05-23,6.0,4.0,1.331304347826087,2.0,2.0
2026-05-02,46,3,baseline,2026-05-23,6.0,8.0,3.556956521739131,2.0,2.0
2026-05-02,47,1,ensemble,2026-05-09,45.0,29.0,8.250434782608695,16.0,6.0
2026-05-02,47,1,baseline,2026-05-09,45.0,37.0,12.10521739130435,8.0,6.0
2026-05-02,47,2,ensemble,2026-05-16,36.0,26.0,5.509130434782609,10.0,3.0
2026-05-02,47,2,baseline,2026-05-16,36.0,37.0,16.086086956521743,1.0,3.0
2026-05-02,47,3,ensemble,2026-05-23,33.0,23.0,5.557391304347826,10.0,6.0
2026-05-02,47,3,baseline,2026-05-23,33.0,37.0,19.914782608695656,4.0,6.0
2026-05-02,48,1,ensemble,2026-05-09,136.0,97.0,20.964347826086954,39.0,7.0
2026-05-02,48,1,baseline,2026-05-09,136.0,119.0,40.46260869565218,17.0,7.0
2026-05-02,48,2,ensemble,2026-05-16,122.0,89.0,19.035652173913046,33.0,7.0
2026-05-02,48,2,baseline,2026-05-16,122.0,119.0,53.73826086956522,3.0,7.0
2026-05-02,48,3,ensemble,2026-05-23,106.0,80.0,16.184782608695652,26.0,23.0
2026-05-02,48,3,baseline,2026-05-23,106.0,120.0,65.12869565217392,14.0,23.0
2026-05-02,49,1,ensemble,2026-05-09,11.0,7.0,2.0530434782608697,4.0,2.0
2026-05-02,49,1,baseline,2026-05-09,11.0,13.0,3.3604347826086958,2.0,2.0
2026-05-02,49,2,ensemble,2026-05-16,7.0,6.0,1.6686956521739131,1.0,6.0
2026-05-02,49,2,baseline,2026-05-16,7.0,13.0,5.166956521739131,6.0,6.0
2026-05-02,49,3,ensemble,2026-05-23,3.0,5.0,1.8895652173913045,2.0,10.0
2026-05-02,49,3,baseline,2026-05-23,3.0,13.0,6.876086956521739,10.0,10.0
2026-05-02,50,1,ensemble,2026-05-09,1.0,1.0,0.40043478260869575,0.0,1.0
2026-05-02,50,1,baseline,2026-05-09,1.0,1.0,0.9256521739130438,0.0,1.0
2026-05-02,50,2,ensemble,2026-05-16,0.0,1.0,0.47391304347826096,1.0,2.0
2026-05-02,50,2,baseline,2026-05-16,0.0,1.0,1.265217391304348,1.0,2.0
2026-05-02,50,3,ensemble,2026-05-23,0.0,1.0,0.41391304347826086,1.0,2.0
2026-05-02,50,3,baseline,2026-05-23,0.0,1.0,1.5339130434782613,1.0,2.0
2026-05-02,51,1,ensemble,2026-05-09,14.0,14.0,2.1491304347826086,0.0,5.0
2026-05-02,51,1,baseline,2026-05-09,14.0,18.0,11.20217391304348,4.0,5.0
2026-05-02,51,2,ensemble,2026-05-16,18.0,12.0,2.9465217391304352,6.0,1.0
2026-05-02,51,2,baseline,2026-05-16,18.0,18.0,15.353478260869565,0.0,1.0
2026-05-02,51,3,ensemble,2026-05-23,13.0,11.0,2.240869565217391,2.0,6.0
2026-05-02,51,3,baseline,2026-05-23,13.0,18.0,19.106521739130436,5.0,6.0
2026-05-02,53,1,ensemble,2026-05-09,29.0,27.0,3.066521739130435,2.0,10.0
2026-05-02,53,1,baseline,2026-05-09,29.0,39.0,9.415652173913045,10.0,10.0
2026-05-02,53,2,ensemble,2026-05-16,28.0,24.0,4.006086956521739,4.0,11.0
2026-05-02,53,2,baseline,2026-05-16,28.0,39.0,12.10913043478261,11.0,11.0
2026-05-02,53,3,ensemble,2026-05-23,17.0,22.0,3.821304347826087,5.0,22.0
2026-05-02,53,3,baseline,2026-05-23,17.0,39.0,16.725652173913044,22.0,22.0
2026-05-02,54,1,ensemble,2026-05-09,3.0,8.0,2.8334782608695654,5.0,13.0
2026-05-02,54,1,baseline,2026-05-09,3.0,16.0,8.631739130434783,13.0,13.0
2026-05-02,54,2,ensemble,2026-05-16,5.0,5.0,1.6208695652173915,0.0,11.0
2026-05-02,54,2,baseline,2026-05-16,5.0,16.0,8.90521739130435,11.0,11.0
2026-05-02,54,3,ensemble,2026-05-23,2.0,4.0,1.6991304347826086,2.0,14.0
2026-05-02,54,3,baseline,2026-05-23,2.0,16.0,10.615217391304348,14.0,14.0
2026-05-02,55,1,ensemble,2026-05-09,4.0,13.0,5.219130434782609,9.0,24.0
2026-05-02,55,1,baseline,2026-05-09,4.0,23.0,13.174347826086958,19.0,24.0
2026-05-02,55,2,ensemble,2026-05-16,7.0,11.0,2.9404347826086963,4.0,21.0
2026-05-02,55,2,baseline,2026-05-16,7.0,23.0,14.430000000000001,16.0,21.0
2026-05-02,55,3,ensemble,2026-05-23,3.0,9.0,3.6965217391304357,6.0,25.0
2026-05-02,55,3,baseline,2026-05-23,3.0,23.0,17.820869565217393,20.0,25.0
2026-05-02,56,1,ensemble,2026-05-09,5.0,1.0,1.9886956521739134,4.0,4.0
2026-05-02,56,1,baseline,2026-05-09,5.0,0.0,2.349565217391304,5.0,4.0
2026-05-02,56,2,ensemble,2026-05-16,8.0,1.0,4.459130434782608,7.0,7.0
2026-05-02,56,2,baseline,2026-05-16,8.0,1.0,3.351304347826087,7.0,7.0
2026-05-02,56,3,ensemble,2026-05-23,5.0,1.0,2.2930434782608695,4.0,4.0
2026-05-02,56,3,baseline,2026-05-23,5.0,0.0,2.6252173913043477,5.0,4.0
2026-05-09,01,1,ensemble,2026-05-16,24.0,15.0,4.889565217391305,9.0,4.0
2026-05-09,01,1,baseline,2026-05-16,24.0,17.0,8.220434782608697,7.0,4.0
2026-05-09,01,2,ensemble,2026-05-23,24.0,13.0,5.320869565217392,11.0,4.0
2026-05-09,01,2,baseline,2026-05-23,24.0,17.0,10.98521739130435,7.0,4.0
2026-05-09,01,3,ensemble,2026-05-30,18.0,13.0,3.2508695652173922,5.0,2.0
2026-05-09,01,3,baseline,2026-05-30,18.0,17.0,13.05913043478261,1.0,2.0
2026-05-09,02,1,ensemble,2026-05-16,0.0,3.0,1.5069565217391305,3.0,3.0
2026-05-09,02,1,baseline,2026-05-16,0.0,3.0,1.9917391304347825,3.0,3.0
2026-05-09,02,2,ensemble,2026-05-23,0.0,3.0,1.391304347826087,3.0,3.0
2026-05-09,02,2,baseline,2026-05-23,0.0,3.0,2.0256521739130435,3.0,3.0
2026-05-09,02,3,ensemble,2026-05-30,2.0,2.0,0.7104347826086957,0.0,1.0
2026-05-09,02,3,baseline,2026-05-30,2.0,3.0,2.034347826086957,1.0,1.0
2026-05-09,04,1,ensemble,2026-05-16,63.0,55.0,8.021304347826087,8.0,8.0
2026-05-09,04,1,baseline,2026-05-16,63.0,71.0,16.32434782608696,8.0,8.0
2026-05-09,04,2,ensemble,2026-05-23,54.0,50.0,7.194782608695653,4.0,17.0
2026-05-09,04,2,baseline,2026-05-23,54.0,71.0,23.83652173913044,17.0,17.0
2026-05-09,04,3,ensemble,2026-05-30,51.0,48.0,7.548695652173914,3.0,20.0
2026-05-09,04,3,baseline,2026-05-30,51.0,71.0,29.56652173913044,20.0,20.0
2026-05-09,05,1,ensemble,2026-05-16,9.0,5.0,2.0869565217391304,4.0,2.0
2026-05-09,05,1,baseline,2026-05-16,9.0,6.0,5.775217391304349,3.0,2.0
2026-05-09,05,2,ensemble,2026-05-23,10.0,5.0,2.881739130434782,5.0,3.0
2026-05-09,05,2,baseline,2026-05-23,10.0,6.0,7.779130434782609,4.0,3.0
2026-05-09,05,3,ensemble,2026-05-30,6.0,4.0,1.3217391304347827,2.0,1.0
2026-05-09,05,3,baseline,2026-05-30,6.0,6.0,9.170869565217394,0.0,1.0
2026-05-09,06,1,ensemble,2026-05-16,177.0,160.0,18.586521739130436,17.0,35.0
2026-05-09,06,1,baseline,2026-05-16,177.0,206.0,44.33173913043479,29.0,35.0
2026-05-09,06,2,ensemble,2026-05-23,151.0,151.0,19.575652173913046,0.0,61.0
2026-05-09,06,2,baseline,2026-05-23,151.0,206.0,65.61260869565218,55.0,61.0
2026-05-09,06,3,ensemble,2026-05-30,139.0,136.0,21.30391304347826,3.0,73.0
2026-05-09,06,3,baseline,2026-05-30,139.0,206.0,80.15826086956524,67.0,73.0
2026-05-09,08,1,ensemble,2026-05-16,12.0,19.0,4.67913043478261,7.0,16.0
2026-05-09,08,1,baseline,2026-05-16,12.0,28.0,11.333478260869565,16.0,16.0
2026-05-09,08,2,ensemble,2026-05-23,9.0,16.0,4.452173913043478,7.0,19.0
2026-05-09,08,2,baseline,2026-05-23,9.0,28.0,14.193478260869565,19.0,19.0
2026-05-09,08,3,ensemble,2026-05-30,9.0,13.0,3.6008695652173914,4.0,19.0
2026-05-09,08,3,baseline,2026-05-30,9.0,28.0,15.918260869565222,19.0,19.0
2026-05-09,09,1,ensemble,2026-05-16,5.0,7.0,1.7256521739130437,2.0,4.0
2026-05-09,09,1,baseline,2026-05-16,5.0,9.0,5.923913043478261,4.0,4.0
2026-05-09,09,2,ensemble,2026-05-23,2.0,7.0,2.5786956521739133,5.0,7.0
2026-05-09,09,2,baseline,2026-05-23,2.0,9.0,8.62217391304348,7.0,7.0
2026-05-09,09,3,ensemble,2026-05-30,2.0,6.0,2.3330434782608696,4.0,7.0
2026-05-09,09,3,baseline,2026-05-30,2.0,9.0,10.356521739130436,7.0,7.0
2026-05-09,10,1,ensemble,2026-05-16,5.0,3.0,1.2204347826086956,2.0,1.0
2026-05-09,10,1,baseline,2026-05-16,5.0,4.0,2.048695652173913,1.0,1.0
2026-05-09,10,2,ensemble,2026-05-23,2.0,2.0,0.7043478260869565,0.0,2.0
2026-05-09,10,2,baseline,2026-05-23,2.0,4.0,2.9560869565217387,2.0,2.0
2026-05-09,10,3,ensemble,2026-05-30,1.0,2.0,0.733913043478261,1.0,3.0
2026-05-09,10,3,baseline,2026-05-30,1.0,4.0,3.8421739130434784,3.0,3.0
2026-05-09,11,1,ensemble,2026-05-16,1.0,2.0,0.5700000000000001,1.0,0.0
2026-05-09,11,1,baseline,2026-05-16,1.0,1.0,1.3621739130434785,0.0,0.0
2026-05-09,11,2,ensemble,2026-05-23,2.0,1.0,0.5686956521739132,1.0,1.0
2026-05-09,11,2,baseline,2026-05-23,2.0,1.0,2.0578260869565224,1.0,1.0
2026-05-09,11,3,ensemble,2026-05-30,3.0,1.0,0.9521739130434785,2.0,2.0
2026-05-09,11,3,baseline,2026-05-30,3.0,1.0,2.595217391304348,2.0,2.0
2026-05-09,12,1,ensemble,2026-05-16,125.0,127.0,13.47086956521739,2.0,41.0
2026-05-09,12,1,baseline,2026-05-16,125.0,143.0,36.53652173913044,18.0,41.0
2026-05-09,12,2,ensemble,2026-05-23,134.0,122.0,15.122608695652175,12.0,32.0
2026-05-09,12,2,baseline,2026-05-23,134.0,143.0,48.76826086956522,9.0,32.0
2026-05-09,12,3,ensemble,2026-05-30,133.0,110.0,17.607826086956525,23.0,33.0
2026-05-09,12,3,baseline,2026-05-30,133.0,143.0,58.92956521739131,10.0,33.0
2026-05-09,13,1,ensemble,2026-05-16,28.0,15.0,6.960434782608695,13.0,9.0
2026-05-09,13,1,baseline,2026-05-16,28.0,15.0,12.825652173913044,13.0,9.0
2026-05-09,13,2,ensemble,2026-05-23,33.0,13.0,11.110434782608694,20.0,14.0
2026-05-09,13,2,baseline,2026-05-23,33.0,15.0,17.700000000000003,18.0,14.0
2026-05-09,13,3,ensemble,2026-05-30,10.0,12.0,2.830869565217392,2.0,9.0
2026-05-09,13,3,baseline,2026-05-30,10.0,15.0,20.360869565217392,5.0,9.0
2026-05-09,15,1,ensemble,2026-05-16,9.0,14.0,2.924347826086956,5.0,12.0
2026-05-09,15,1,baseline,2026-05-16,9.0,20.0,6.005217391304347,11.0,12.0
2026-05-09,15,2,ensemble,2026-05-23,17.0,12.0,2.943913043478261,5.0,4.0
2026-05-09,15,2,baseline,2026-05-23,17.0,20.0,3.1686956521739136,3.0,4.0
2026-05-09,15,3,ensemble,2026-05-30,6.0,11.0,3.4565217391304346,5.0,15.0
2026-05-09,15,3,baseline,2026-05-30,6.0,20.0,7.450869565217391,14.0,15.0
2026-05-09,16,1,ensemble,2026-05-16,8.0,6.0,1.6017391304347828,2.0,1.0
2026-05-09,16,1,baseline,2026-05-16,8.0,7.0,3.642608695652174,1.0,1.0
2026-05-09,16,2,ensemble,2026-05-23,6.0,5.0,1.2769565217391303,1.0,1.0
2026-05-09,16,2,baseline,2026-05-23,6.0,7.0,4.851304347826088,1.0,1.0
2026-05-09,16,3,ensemble,2026-05-30,2.0,4.0,1.4465217391304346,2.0,5.0
2026-05-09,16,3,baseline,2026-05-30,2.0,7.0,6.219565217391305,5.0,5.0
2026-05-09,17,1,ensemble,2026-05-16,24.0,19.0,3.982173913043479,5.0,4.0
2026-05-09,17,1,baseline,2026-05-16,24.0,25.0,15.157391304347826,1.0,4.0
2026-05-09,17,2,ensemble,2026-05-23,21.0,15.0,4.0856521739130445,6.0,7.0
2026-05-09,17,2,baseline,2026-05-23,21.0,25.0,22.19347826086957,4.0,7.0
2026-05-09,17,3,ensemble,2026-05-30,62.0,15.0,30.616086956521734,47.0,34.0
2026-05-09,17,3,baseline,2026-05-30,62.0,25.0,31.43173913043478,37.0,34.0
2026-05-09,18,1,ensemble,2026-05-16,18.0,14.0,2.738260869565217,4.0,4.0
2026-05-09,18,1,baseline,2026-05-16,18.0,19.0,11.487391304347828,1.0,4.0
2026-05-09,18,2,ensemble,2026-05-23,18.0,14.0,2.9613043478260876,4.0,4.0
2026-05-09,18,2,baseline,2026-05-23,18.0,19.0,16.511739130434787,1.0,4.0
2026-05-09,18,3,ensemble,2026-05-30,11.0,13.0,2.452608695652174,2.0,11.0
2026-05-09,18,3,baseline,2026-05-30,11.0,19.0,21.058695652173917,8.0,11.0
2026-05-09,19,1,ensemble,2026-05-16,4.0,7.0,1.7852173913043476,3.0,8.0
2026-05-09,19,1,baseline,2026-05-16,4.0,11.0,5.907391304347827,7.0,8.0
2026-05-09,19,2,ensemble,2026-05-23,3.0,6.0,1.755217391304348,3.0,9.0
2026-05-09,19,2,baseline,2026-05-23,3.0,11.0,7.480434782608698,8.0,9.0
2026-05-09,19,3,ensemble,2026-05-30,0.0,5.0,2.847391304347826,5.0,12.0
2026-05-09,19,3,baseline,2026-05-30,0.0,11.0,9.405652173913046,11.0,12.0
2026-05-09,20,1,ensemble,2026-05-16,3.0,3.0,0.78,0.0,1.0
2026-05-09,20,1,baseline,2026-05-16,3.0,3.0,3.620869565217393,0.0,1.0
2026-05-09,20,2,ensemble,2026-05-23,5.0,3.0,1.1282608695652174,2.0,1.0
2026-05-09,20,2,baseline,2026-05-23,5.0,3.0,5.4073913043478266,2.0,1.0
2026-05-09,20,3,ensemble,2026-05-30,4.0,3.0,0.9891304347826089,1.0,0.0
2026-05-09,20,3,baseline,2026-05-30,4.0,3.0,6.756521739130435,1.0,0.0
2026-05-09,21,1,ensemble,2026-05-16,19.0,11.0,4.566521739130434,8.0,2.0
2026-05-09,21,1,baseline,2026-05-16,19.0,12.0,9.41608695652174,7.0,2.0
2026-05-09,21,2,ensemble,2026-05-23,16.0,9.0,3.8595652173913053,7.0,5.0
2026-05-09,21,2,baseline,2026-05-23,16.0,12.0,12.57739130434783,4.0,5.0
2026-05-09,21,3,ensemble,2026-05-30,19.0,8.0,6.151304347826087,11.0,2.0
2026-05-09,21,3,baseline,2026-05-30,19.0,12.0,15.760434782608698,7.0,2.0
2026-05-09,22,1,ensemble,2026-05-16,20.0,20.0,2.63304347826087,0.0,6.0
2026-05-09,22,1,baseline,2026-05-16,20.0,23.0,8.373478260869566,3.0,6.0
2026-05-09,22,2,ensemble,2026-05-23,26.0,20.0,3.9499999999999997,6.0,0.0
2026-05-09,22,2,baseline,2026-05-23,26.0,23.0,11.580000000000002,3.0,0.0
2026-05-09,22,3,ensemble,2026-05-30,29.0,20.0,5.56304347826087,9.0,3.0
2026-05-09,22,3,baseline,2026-05-30,29.0,23.0,14.032608695652176,6.0,3.0
2026-05-09,23,1,ensemble,2026-05-16,4.0,3.0,0.9369565217391305,1.0,2.0
2026-05-09,23,1,baseline,2026-05-16,4.0,5.0,2.434347826086957,1.0,2.0
2026-05-09,23,2,ensemble,2026-05-23,3.0,3.0,0.8413043478260872,0.0,3.0
2026-05-09,23,2,baseline,2026-05-23,3.0,5.0,3.4065217391304357,2.0,3.0
2026-05-09,23,3,ensemble,2026-05-30,3.0,3.0,0.832608695652174,0.0,3.0
2026-05-09,23,3,baseline,2026-05-30,3.0,5.0,4.356956521739131,2.0,3.0
2026-05-09,24,1,ensemble,2026-05-16,13.0,9.0,2.195217391304348,4.0,1.0
2026-05-09,24,1,baseline,2026-05-16,13.0,12.0,7.386956521739131,1.0,1.0
2026-05-09,24,2,ensemble,2026-05-23,12.0,8.0,2.3695652173913047,4.0,0.0
2026-05-09,24,2,baseline,2026-05-23,12.0,12.0,10.468260869565217,0.0,0.0
2026-05-09,24,3,ensemble,2026-05-30,12.0,9.0,2.267391304347826,3.0,0.0
2026-05-09,24,3,baseline,2026-05-30,12.0,12.0,12.976521739130437,0.0,0.0
2026-05-09,25,1,ensemble,2026-05-16,16.0,19.0,3.2960869565217394,3.0,13.0
2026-05-09,25,1,baseline,2026-05-16,16.0,27.0,13.690000000000003,11.0,13.0
2026-05-09,25,2,ensemble,2026-05-23,10.0,19.0,4.727826086956522,9.0,19.0
2026-05-09,25,2,baseline,2026-05-23,10.0,27.0,19.83086956521739,17.0,19.0
2026-05-09,25,3,ensemble,2026-05-30,8.0,16.0,4.484782608695652,8.0,21.0
2026-05-09,25,3,baseline,2026-05-30,8.0,27.0,24.228260869565222,19.0,21.0
2026-05-09,26,1,ensemble,2026-05-16,23.0,20.0,3.1608695652173915,3.0,5.0
2026-05-09,26,1,baseline,2026-05-16,23.0,26.0,15.149130434782611,3.0,5.0
2026-05-09,26,2,ensemble,2026-05-23,17.0,17.0,3.0826086956521737,0.0,11.0
2026-05-09,26,2,baseline,2026-05-23,17.0,26.0,22.157826086956526,9.0,11.0
2026-05-09,26,3,ensemble,2026-05-30,18.0,15.0,3.349130434782609,3.0,10.0
2026-05-09,26,3,baseline,2026-05-30,18.0,26.0,27.16608695652174,8.0,10.0
2026-05-09,27,1,ensemble,2026-05-16,18.0,20.0,3.7047826086956537,2.0,16.0
2026-05-09,27,1,baseline,2026-05-16,18.0,34.0,11.722608695652177,16.0,16.0
2026-05-09,27,2,ensemble,2026-05-23,11.0,16.0,3.728695652173913,5.0,23.0
2026-05-09,27,2,baseline,2026-05-23,11.0,34.0,16.206956521739134,23.0,23.0
2026-05-09,27,3,ensemble,2026-05-30,8.0,13.0,3.8069565217391306,5.0,26.0
2026-05-09,27,3,baseline,2026-05-30,8.0,34.0,19.10739130434783,26.0,26.0
2026-05-09,28,1,ensemble,2026-05-16,15.0,18.0,2.6878260869565223,3.0,12.0
2026-05-09,28,1,baseline,2026-05-16,15.0,25.0,7.742173913043479,10.0,12.0
2026-05-09,28,2,ensemble,2026-05-23,12.0,16.0,2.9908695652173916,4.0,15.0
2026-05-09,28,2,baseline,2026-05-23,12.0,25.0,9.89521739130435,13.0,15.0
2026-05-09,28,3,ensemble,2026-05-30,8.0,15.0,4.183913043478261,7.0,19.0
2026-05-09,28,3,baseline,2026-05-30,8.0,25.0,12.043913043478263,17.0,19.0
2026-05-09,29,1,ensemble,2026-05-16,9.0,8.0,1.9434782608695653,1.0,1.0
2026-05-09,29,1,baseline,2026-05-16,9.0,8.0,9.280434782608696,1.0,1.0
2026-05-09,29,2,ensemble,2026-05-23,13.0,7.0,2.9991304347826087,6.0,5.0
2026-05-09,29,2,baseline,2026-05-23,13.0,8.0,13.468260869565219,5.0,5.0
2026-05-09,29,3,ensemble,2026-05-30,19.0,7.0,6.918260869565217,12.0,11.0
2026-05-09,29,3,baseline,2026-05-30,19.0,8.0,17.415652173913045,11.0,11.0
2026-05-09,30,1,ensemble,2026-05-16,2.0,1.0,0.6526086956521739,1.0,2.0
2026-05-09,30,1,baseline,2026-05-16,2.0,0.0,1.8473913043478265,2.0,2.0
2026-05-09,30,2,ensemble,2026-05-23,2.0,1.0,0.6604347826086957,1.0,2.0
2026-05-09,30,2,baseline,2026-05-23,2.0,0.0,2.475652173913044,2.0,2.0
2026-05-09,30,3,ensemble,2026-05-30,1.0,1.0,0.4439130434782609,0.0,1.0
2026-05-09,30,3,baseline,2026-05-30,1.0,0.0,3.000869565217392,1.0,1.0
2026-05-09,31,1,ensemble,2026-05-16,3.0,3.0,0.836521739130435,0.0,1.0
2026-05-09,31,1,baseline,2026-05-16,3.0,4.0,2.6921739130434785,1.0,1.0
2026-05-09,31,2,ensemble,2026-05-23,0.0,3.0,1.4878260869565216,3.0,4.0
2026-05-09,31,2,baseline,2026-05-23,0.0,4.0,4.125217391304348,4.0,4.0
2026-05-09,31,3,ensemble,2026-05-30,0.0,2.0,1.2895652173913044,2.0,4.0
2026-05-09,31,3,baseline,2026-05-30,0.0,4.0,4.834782608695653,4.0,4.0
2026-05-09,32,1,ensemble,2026-05-16,35.0,26.0,5.509565217391304,9.0,9.0
2026-05-09,32,1,baseline,2026-05-16,35.0,37.0,5.42608695652174,2.0,9.0
2026-05-09,32,2,ensemble,2026-05-23,30.0,22.0,5.128695652173913,8.0,14.0
2026-05-09,32,2,baseline,2026-05-23,30.0,37.0,8.204347826086957,7.0,14.0
2026-05-09,32,3,ensemble,2026-05-30,26.0,20.0,4.957826086956522,6.0,18.0
2026-05-09,32,3,baseline,2026-05-30,26.0,37.0,10.561739130434784,11.0,18.0
2026-05-09,33,1,ensemble,2026-05-16,3.0,1.0,0.9669565217391305,2.0,2.0
2026-05-09,33,1,baseline,2026-05-16,3.0,1.0,1.9313043478260874,2.0,2.0
2026-05-09,33,2,ensemble,2026-05-23,2.0,1.0,0.5573913043478261,1.0,1.0
2026-05-09,33,2,baseline,2026-05-23,2.0,1.0,2.5560869565217392,1.0,1.0
2026-05-09,33,3,ensemble,2026-05-30,0.0,1.0,0.533913043478261,1.0,1.0
2026-05-09,33,3,baseline,2026-05-30,0.0,1.0,3.247826086956523,1.0,1.0
2026-05-09,34,1,ensemble,2026-05-16,37.0,30.0,5.329130434782607,7.0,3.0
2026-05-09,34,1,baseline,2026-05-16,37.0,42.0,16.163043478260875,5.0,3.0
2026-05-09,34,2,ensemble,2026-05-23,29.0,26.0,4.79304347826087,3.0,11.0
2026-05-09,34,2,baseline,2026-05-23,29.0,42.0,23.903913043478266,13.0,11.0
2026-05-09,34,3,ensemble,2026-05-30,20.0,23.0,4.843478260869565,3.0,20.0
2026-05-09,34,3,baseline,2026-05-30,20.0,42.0,30.293478260869566,22.0,20.0
2026-05-09,35,1,ensemble,2026-05-16,4.0,7.0,1.7500000000000002,3.0,9.0
2026-05-09,35,1,baseline,2026-05-16,4.0,10.0,5.360869565217392,6.0,9.0
2026-05-09,35,2,ensemble,2026-05-23,5.0,6.0,1.4447826086956521,1.0,8.0
2026-05-09,35,2,baseline,2026-05-23,5.0,10.0,6.63913043478261,5.0,8.0
2026-05-09,35,3,ensemble,2026-05-30,4.0,6.0,1.4617391304347829,2.0,9.0
2026-05-09,35,3,baseline,2026-05-30,4.0,10.0,8.11826086956522,6.0,9.0
2026-05-09,36,1,ensemble,2026-05-16,50.0,48.0,7.97913043478261,2.0,28.0
2026-05-09,36,1,baseline,2026-05-16,50.0,69.0,30.283478260869575,19.0,28.0
2026-05-09,36,2,ensemble,2026-05-23,53.0,42.0,8.953478260869565,11.0,25.0
2026-05-09,36,2,baseline,2026-05-23,53.0,69.0,41.36391304347826,16.0,25.0
2026-05-09,36,3,ensemble,2026-05-30,20.0,38.0,10.441739130434785,18.0,58.0
2026-05-09,36,3,baseline,2026-05-30,20.0,69.0,54.2804347826087,49.0,58.0
2026-05-09,37,1,ensemble,2026-05-16,15.0,13.0,2.18,2.0,2.0
2026-05-09,37,1,baseline,2026-05-16,15.0,15.0,14.192173913043481,0.0,2.0
2026-05-09,37,2,ensemble,2026-05-23,13.0,12.0,2.299565217391305,1.0,4.0
2026-05-09,37,2,baseline,2026-05-23,13.0,15.0,21.248260869565218,2.0,4.0
2026-05-09,37,3,ensemble,2026-05-30,7.0,11.0,2.742608695652174,4.0,10.0
2026-05-09,37,3,baseline,2026-05-30,7.0,15.0,27.30695652173913,8.0,10.0
2026-05-09,38,1,ensemble,2026-05-16,7.0,3.0,2.4556521739130437,4.0,2.0
2026-05-09,38,1,baseline,2026-05-16,7.0,4.0,2.148695652173913,3.0,2.0
2026-05-09,38,2,ensemble,2026-05-23,10.0,2.0,4.985217391304348,8.0,5.0
2026-05-09,38,2,baseline,2026-05-23,10.0,4.0,3.365217391304348,6.0,5.0
2026-05-09,38,3,ensemble,2026-05-30,7.0,2.0,2.9417391304347826,5.0,2.0
2026-05-09,38,3,baseline,2026-05-30,7.0,4.0,3.016956521739131,3.0,2.0
2026-05-09,39,1,ensemble,2026-05-16,14.0,22.0,4.40608695652174,8.0,13.0
2026-05-09,39,1,baseline,2026-05-16,14.0,27.0,21.061739130434784,13.0,13.0
2026-05-09,39,2,ensemble,2026-05-23,14.0,20.0,3.889565217391305,6.0,13.0
2026-05-09,39,2,baseline,2026-05-23,14.0,27.0,29.41521739130435,13.0,13.0
2026-05-09,39,3,ensemble,2026-05-30,15.0,15.0,3.2517391304347836,0.0,12.0
2026-05-09,39,3,baseline,2026-05-30,15.0,27.0,36.89521739130435,12.0,12.0
2026-05-09,40,1,ensemble,2026-05-16,11.0,7.0,2.4582608695652173,4.0,4.0
2026-05-09,40,1,baseline,2026-05-16,11.0,7.0,7.35217391304348,4.0,4.0
2026-05-09,40,2,ensemble,2026-05-23,8.0,6.0,1.7391304347826086,2.0,1.0
2026-05-09,40,2,baseline,2026-05-23,8.0,7.0,9.983043478260873,1.0,1.0
2026-05-09,40,3,ensemble,2026-05-30,8.0,7.0,1.6160869565217395,1.0,1.0
2026-05-09,40,3,baseline,2026-05-30,8.0,7.0,12.492173913043478,1.0,1.0
2026-05-09,41,1,ensemble,2026-05-16,12.0,8.0,2.3078260869565215,4.0,3.0
2026-05-09,41,1,baseline,2026-05-16,12.0,10.0,5.971304347826089,2.0,3.0
2026-05-09,41,2,ensemble,2026-05-23,8.0,7.0,1.5821739130434782,1.0,7.0
2026-05-09,41,2,baseline,2026-05-23,8.0,10.0,8.626521739130435,2.0,7.0
2026-05-09,41,3,ensemble,2026-05-30,1.0,6.0,3.0860869565217395,5.0,14.0
2026-05-09,41,3,baseline,2026-05-30,1.0,10.0,11.505652173913044,9.0,14.0
2026-05-09,42,1,ensemble,2026-05-16,141.0,147.0,14.576956521739127,6.0,52.0
2026-05-09,42,1,baseline,2026-05-16,141.0,192.0,43.19478260869566,51.0,52.0
2026-05-09,42,2,ensemble,2026-05-23,185.0,132.0,29.861304347826085,53.0,8.0
2026-05-09,42,2,baseline,2026-05-23,185.0,192.0,48.64826086956523,7.0,8.0
2026-05-09,42,3,ensemble,2026-05-30,139.0,123.0,17.394782608695653,16.0,54.0
2026-05-09,42,3,baseline,2026-05-30,139.0,192.0,66.06521739130436,53.0,54.0
2026-05-09,44,1,ensemble,2026-05-16,10.0,3.0,4.696521739130436,7.0,6.0
2026-05-09,44,1,baseline,2026-05-16,10.0,4.0,3.2973913043478267,6.0,6.0
2026-05-09,44,2,ensemble,2026-05-23,4.0,2.0,0.9613043478260871,2.0,0.0
2026-05-09,44,2,baseline,2026-05-23,4.0,4.0,2.7091304347826086,0.0,0.0
2026-05-09,44,3,ensemble,2026-05-30,4.0,2.0,1.0939130434782611,2.0,0.0
2026-05-09,44,3,baseline,2026-05-30,4.0,4.0,3.2121739130434785,0.0,0.0
2026-05-09,45,1,ensemble,2026-05-16,8.0,11.0,2.2091304347826086,3.0,7.0
2026-05-09,45,1,baseline,2026-05-16,8.0,15.0,8.627826086956523,7.0,7.0
2026-05-09,45,2,ensemble,2026-05-23,11.0,10.0,2.131739130434782,1.0,4.0
2026-05-09,45,2,baseline,2026-05-23,11.0,15.0,11.645652173913044,4.0,4.0
2026-05-09,45,3,ensemble,2026-05-30,7.0,10.0,2.476956521739131,3.0,8.0
2026-05-09,45,3,baseline,2026-05-30,7.0,15.0,14.842173913043483,8.0,8.0
2026-05-09,46,1,ensemble,2026-05-16,4.0,2.0,0.9026086956521739,2.0,1.0
2026-05-09,46,1,baseline,2026-05-16,4.0,3.0,1.8717391304347826,1.0,1.0
2026-05-09,46,2,ensemble,2026-05-23,6.0,2.0,2.1947826086956526,4.0,1.0
2026-05-09,46,2,baseline,2026-05-23,6.0,3.0,2.5582608695652174,3.0,1.0
2026-05-09,46,3,ensemble,2026-05-30,0.0,1.0,0.9165217391304347,1.0,5.0
2026-05-09,46,3,baseline,2026-05-30,0.0,3.0,3.109130434782609,3.0,5.0
2026-05-09,47,1,ensemble,2026-05-16,36.0,27.0,4.824782608695652,9.0,2.0
2026-05-09,47,1,baseline,2026-05-16,36.0,33.0,11.248695652173915,3.0,2.0
2026-05-09,47,2,ensemble,2026-05-23,33.0,25.0,4.62608695652174,8.0,1.0
2026-05-09,47,2,baseline,2026-05-23,33.0,33.0,15.61217391304348,0.0,1.0
2026-05-09,47,3,ensemble,2026-05-30,31.0,23.0,4.697391304347827,8.0,3.0
2026-05-09,47,3,baseline,2026-05-30,31.0,33.0,19.336521739130436,2.0,3.0
2026-05-09,48,1,ensemble,2026-05-16,122.0,98.0,14.624782608695655,24.0,7.0
2026-05-09,48,1,baseline,2026-05-16,122.0,118.0,39.259565217391305,4.0,7.0
2026-05-09,48,2,ensemble,2026-05-23,106.0,95.0,12.968695652173915,11.0,23.0
2026-05-09,48,2,baseline,2026-05-23,106.0,118.0,53.5895652173913,12.0,23.0
2026-05-09,48,3,ensemble,2026-05-30,105.0,91.0,12.919565217391305,14.0,24.0
2026-05-09,48,3,baseline,2026-05-30,105.0,119.0,64.67869565217391,14.0,24.0
2026-05-09,49,1,ensemble,2026-05-16,7.0,6.0,1.3852173913043482,1.0,3.0
2026-05-09,49,1,baseline,2026-05-16,7.0,10.0,3.4013043478260876,3.0,3.0
2026-05-09,49,2,ensemble,2026-05-23,3.0,6.0,1.581739130434783,3.0,7.0
2026-05-09,49,2,baseline,2026-05-23,3.0,10.0,5.1091304347826085,7.0,7.0
2026-05-09,49,3,ensemble,2026-05-30,4.0,5.0,1.3352173913043477,1.0,6.0
2026-05-09,49,3,baseline,2026-05-30,4.0,10.0,5.7147826086956535,6.0,6.0
2026-05-09,50,1,ensemble,2026-05-16,0.0,1.0,0.3647826086956522,1.0,0.0
2026-05-09,50,1,baseline,2026-05-16,0.0,0.0,0.6369565217391306,0.0,0.0
2026-05-09,50,2,ensemble,2026-05-23,0.0,1.0,0.32434782608695656,1.0,0.0
2026-05-09,50,2,baseline,2026-05-23,0.0,0.0,1.0795652173913046,0.0,0.0
2026-05-09,50,3,ensemble,2026-05-30,2.0,0.0,0.76,2.0,2.0
2026-05-09,50,3,baseline,2026-05-30,2.0,0.0,1.5482608695652176,2.0,2.0
2026-05-09,51,1,ensemble,2026-05-16,18.0,19.0,2.8752173913043477,1.0,6.0
2026-05-09,51,1,baseline,2026-05-16,18.0,26.0,12.399130434782611,8.0,6.0
2026-05-09,51,2,ensemble,2026-05-23,13.0,17.0,3.122608695652174,4.0,11.0
2026-05-09,51,2,baseline,2026-05-23,13.0,26.0,17.32217391304348,13.0,11.0
2026-05-09,51,3,ensemble,2026-05-30,14.0,17.0,3.048695652173914,3.0,10.0
2026-05-09,51,3,baseline,2026-05-30,14.0,26.0,20.697826086956525,12.0,10.0
2026-05-09,53,1,ensemble,2026-05-16,28.0,22.0,3.7904347826086964,6.0,1.0
2026-05-09,53,1,baseline,2026-05-16,28.0,28.0,7.72130434782609,0.0,1.0
2026-05-09,53,2,ensemble,2026-05-23,17.0,18.0,3.134782608695653,1.0,12.0
2026-05-09,53,2,baseline,2026-05-23,17.0,28.0,11.540000000000003,11.0,12.0
2026-05-09,53,3,ensemble,2026-05-30,10.0,17.0,4.146521739130436,7.0,19.0
2026-05-09,53,3,baseline,2026-05-30,10.0,28.0,14.909130434782613,18.0,19.0
2026-05-09,54,1,ensemble,2026-05-16,5.0,5.0,1.2500000000000002,0.0,3.0
2026-05-09,54,1,baseline,2026-05-16,5.0,8.0,4.776956521739131,3.0,3.0
2026-05-09,54,2,ensemble,2026-05-23,2.0,4.0,1.3447826086956522,2.0,6.0
2026-05-09,54,2,baseline,2026-05-23,2.0,8.0,6.8160869565217395,6.0,6.0
2026-05-09,54,3,ensemble,2026-05-30,4.0,4.0,1.1669565217391307,0.0,4.0
2026-05-09,54,3,baseline,2026-05-30,4.0,8.0,7.944347826086957,4.0,4.0
2026-05-09,55,1,ensemble,2026-05-16,7.0,8.0,1.7121739130434788,1.0,6.0
2026-05-09,55,1,baseline,2026-05-16,7.0,12.0,7.963478260869567,5.0,6.0
2026-05-09,55,2,ensemble,2026-05-23,3.0,7.0,2.370434782608696,4.0,10.0
2026-05-09,55,2,baseline,2026-05-23,3.0,12.0,11.855217391304349,9.0,10.0
2026-05-09,55,3,ensemble,2026-05-30,4.0,6.0,1.6973913043478264,2.0,9.0
2026-05-09,55,3,baseline,2026-05-30,4.0,12.0,14.371739130434783,8.0,9.0
2026-05-09,56,1,ensemble,2026-05-16,8.0,2.0,3.5886956521739126,6.0,4.0
2026-05-09,56,1,baseline,2026-05-16,8.0,3.0,2.595652173913044,5.0,4.0
2026-05-09,56,2,ensemble,2026-05-23,5.0,2.0,1.6765217391304348,3.0,1.0
2026-05-09,56,2,baseline,2026-05-23,5.0,3.0,2.169130434782609,2.0,1.0
2026-05-09,56,3,ensemble,2026-05-30,2.0,2.0,0.5630434782608696,0.0,2.0
2026-05-09,56,3,baseline,2026-05-30,2.0,3.0,2.599565217391305,1.0,2.0
2026-05-16,01,1,ensemble,2026-05-23,24.0,15.0,4.687826086956522,9.0,4.0
2026-05-16,01,1,baseline,2026-05-23,24.0,17.0,8.165217391304349,7.0,4.0
2026-05-16,01,2,ensemble,2026-05-30,18.0,14.0,2.893478260869565,4.0,2.0
2026-05-16,01,2,baseline,2026-05-30,18.0,17.0,10.601739130434783,1.0,2.0
2026-05-16,01,3,ensemble,2026-06-06,13.0,14.0,2.3421739130434784,1.0,7.0
2026-05-16,01,3,baseline,2026-06-06,13.0,17.0,13.067826086956527,4.0,7.0
2026-05-16,02,1,ensemble,2026-05-23,0.0,3.0,2.007826086956522,3.0,4.0
2026-05-16,02,1,baseline,2026-05-23,0.0,4.0,2.401304347826087,4.0,4.0
2026-05-16,02,2,ensemble,2026-05-30,2.0,3.0,0.7256521739130435,1.0,2.0
2026-05-16,02,2,baseline,2026-05-30,2.0,4.0,2.0795652173913046,2.0,2.0
2026-05-16,02,3,ensemble,2026-06-06,3.0,3.0,0.7600000000000001,0.0,1.0
2026-05-16,02,3,baseline,2026-06-06,3.0,4.0,2.2939130434782613,1.0,1.0
2026-05-16,04,1,ensemble,2026-05-23,54.0,37.0,8.394347826086957,17.0,3.0
2026-05-16,04,1,baseline,2026-05-23,54.0,47.0,14.973478260869568,7.0,3.0
2026-05-16,04,2,ensemble,2026-05-30,51.0,33.0,8.65304347826087,18.0,0.0
2026-05-16,04,2,baseline,2026-05-30,51.0,47.0,20.81130434782609,4.0,0.0
2026-05-16,04,3,ensemble,2026-06-06,45.0,29.0,7.7495652173913046,16.0,6.0
2026-05-16,04,3,baseline,2026-06-06,45.0,47.0,25.899130434782613,2.0,6.0
2026-05-16,05,1,ensemble,2026-05-23,10.0,5.0,2.453913043478261,5.0,3.0
2026-05-16,05,1,baseline,2026-05-23,10.0,6.0,5.957826086956522,4.0,3.0
2026-05-16,05,2,ensemble,2026-05-30,6.0,4.0,1.1991304347826086,2.0,1.0
2026-05-16,05,2,baseline,2026-05-30,6.0,6.0,7.600869565217395,0.0,1.0
2026-05-16,05,3,ensemble,2026-06-06,2.0,4.0,1.4173913043478261,2.0,5.0
2026-05-16,05,3,baseline,2026-06-06,2.0,6.0,9.334347826086958,4.0,5.0
2026-05-16,06,1,ensemble,2026-05-23,151.0,142.0,15.335217391304354,9.0,43.0
2026-05-16,06,1,baseline,2026-05-23,151.0,165.0,39.633913043478266,14.0,43.0
2026-05-16,06,2,ensemble,2026-05-30,139.0,133.0,15.81217391304348,6.0,55.0
2026-05-16,06,2,baseline,2026-05-30,139.0,165.0,58.065652173913044,26.0,55.0
2026-05-16,06,3,ensemble,2026-06-06,136.0,121.0,17.732608695652175,15.0,58.0
2026-05-16,06,3,baseline,2026-06-06,136.0,165.0,71.80565217391306,29.0,58.0
2026-05-16,08,1,ensemble,2026-05-23,9.0,13.0,2.9208695652173917,4.0,6.0
2026-05-16,08,1,baseline,2026-05-23,9.0,17.0,8.190434782608698,8.0,6.0
2026-05-16,08,2,ensemble,2026-05-30,9.0,11.0,2.5099999999999993,2.0,6.0
2026-05-16,08,2,baseline,2026-05-30,9.0,17.0,10.688260869565218,8.0,6.0
2026-05-16,08,3,ensemble,2026-06-06,5.0,10.0,3.210869565217391,5.0,10.0
2026-05-16,08,3,baseline,2026-06-06,5.0,17.0,13.414347826086958,12.0,10.0
2026-05-16,09,1,ensemble,2026-05-23,2.0,7.0,2.5817391304347828,5.0,6.0
2026-05-16,09,1,baseline,2026-05-23,2.0,8.0,6.3078260869565215,6.0,6.0
2026-05-16,09,2,ensemble,2026-05-30,2.0,6.0,2.279130434782609,4.0,6.0
2026-05-16,09,2,baseline,2026-05-30,2.0,8.0,8.297826086956523,6.0,6.0
2026-05-16,09,3,ensemble,2026-06-06,2.0,6.0,1.9834782608695654,4.0,6.0
2026-05-16,09,3,baseline,2026-06-06,2.0,8.0,10.023478260869567,6.0,6.0
2026-05-16,10,1,ensemble,2026-05-23,2.0,2.0,0.581304347826087,0.0,2.0
2026-05-16,10,1,baseline,2026-05-23,2.0,2.0,1.8382608695652178,0.0,2.0
2026-05-16,10,2,ensemble,2026-05-30,1.0,2.0,0.5378260869565219,1.0,3.0
2026-05-16,10,2,baseline,2026-05-30,1.0,2.0,2.6013043478260878,1.0,3.0
2026-05-16,10,3,ensemble,2026-06-06,0.0,1.0,0.72,1.0,4.0
2026-05-16,10,3,baseline,2026-06-06,0.0,2.0,3.4034782608695653,2.0,4.0
2026-05-16,11,1,ensemble,2026-05-23,2.0,1.0,0.6782608695652176,1.0,2.0
2026-05-16,11,1,baseline,2026-05-23,2.0,0.0,1.4626086956521742,2.0,2.0
2026-05-16,11,2,ensemble,2026-05-30,3.0,1.0,1.2282608695652173,2.0,3.0
2026-05-16,11,2,baseline,2026-05-30,3.0,0.0,2.085652173913044,3.0,3.0
2026-05-16,11,3,ensemble,2026-06-06,1.0,1.0,0.3626086956521739,0.0,1.0
2026-05-16,11,3,baseline,2026-06-06,1.0,0.0,2.334782608695653,1.0,1.0
2026-05-16,12,1,ensemble,2026-05-23,134.0,126.0,13.818695652173913,8.0,17.0
2026-05-16,12,1,baseline,2026-05-23,134.0,138.0,35.07347826086957,4.0,17.0
2026-05-16,12,2,ensemble,2026-05-30,133.0,124.0,14.478260869565217,9.0,18.0
2026-05-16,12,2,baseline,2026-05-30,133.0,138.0,47.85565217391306,5.0,18.0
2026-05-16,12,3,ensemble,2026-06-06,125.0,112.0,15.283478260869567,13.0,26.0
2026-05-16,12,3,baseline,2026-06-06,125.0,138.0,58.392608695652186,13.0,26.0
2026-05-16,13,1,ensemble,2026-05-23,33.0,16.0,9.287391304347825,17.0,17.0
2026-05-16,13,1,baseline,2026-05-23,33.0,15.0,14.046521739130437,18.0,17.0
2026-05-16,13,2,ensemble,2026-05-30,10.0,14.0,3.0652173913043472,4.0,6.0
2026-05-16,13,2,baseline,2026-05-30,10.0,15.0,16.15304347826087,5.0,6.0
2026-05-16,13,3,ensemble,2026-06-06,18.0,13.0,3.2695652173913046,5.0,2.0
2026-05-16,13,3,baseline,2026-06-06,18.0,15.0,20.141739130434786,3.0,2.0
2026-05-16,15,1,ensemble,2026-05-23,17.0,5.0,7.1265217391304345,12.0,12.0
2026-05-16,15,1,baseline,2026-05-23,17.0,5.0,6.046521739130435,12.0,12.0
2026-05-16,15,2,ensemble,2026-05-30,6.0,5.0,1.1547826086956523,1.0,1.0
2026-05-16,15,2,baseline,2026-05-30,6.0,5.0,2.299130434782609,1.0,1.0
2026-05-16,15,3,ensemble,2026-06-06,10.0,5.0,2.823913043478261,5.0,5.0
2026-05-16,15,3,baseline,2026-06-06,10.0,5.0,3.195652173913044,5.0,5.0
2026-05-16,16,1,ensemble,2026-05-23,6.0,6.0,1.2178260869565218,0.0,2.0
2026-05-16,16,1,baseline,2026-05-23,6.0,8.0,3.740434782608696,2.0,2.0
2026-05-16,16,2,ensemble,2026-05-30,2.0,5.0,1.6604347826086958,3.0,6.0
2026-05-16,16,2,baseline,2026-05-30,2.0,8.0,5.668260869565217,6.0,6.0
2026-05-16,16,3,ensemble,2026-06-06,3.0,4.0,1.1995652173913045,1.0,5.0
2026-05-16,16,3,baseline,2026-06-06,3.0,8.0,6.296956521739133,5.0,5.0
2026-05-16,17,1,ensemble,2026-05-23,21.0,26.0,4.598260869565218,5.0,24.0
2026-05-16,17,1,baseline,2026-05-23,21.0,45.0,21.00130434782609,24.0,24.0
2026-05-16,17,2,ensemble,2026-05-30,62.0,23.0,22.68086956521739,39.0,17.0
2026-05-16,17,2,baseline,2026-05-30,62.0,45.0,25.30217391304348,17.0,17.0
2026-05-16,17,3,ensemble,2026-06-06,18.0,24.0,4.804782608695653,6.0,27.0
2026-05-16,17,3,baseline,2026-06-06,18.0,45.0,32.54521739130435,27.0,27.0
2026-05-16,18,1,ensemble,2026-05-23,18.0,14.0,2.826956521739131,4.0,0.0
2026-05-16,18,1,baseline,2026-05-23,18.0,17.0,11.298695652173913,1.0,0.0
2026-05-16,18,2,ensemble,2026-05-30,11.0,14.0,2.384347826086957,3.0,7.0
2026-05-16,18,2,baseline,2026-05-30,11.0,17.0,16.35913043478261,6.0,7.0
2026-05-16,18,3,ensemble,2026-06-06,6.0,12.0,3.492608695652174,6.0,12.0
2026-05-16,18,3,baseline,2026-06-06,6.0,17.0,20.91956521739131,11.0,12.0
2026-05-16,19,1,ensemble,2026-05-23,3.0,2.0,0.8665217391304347,1.0,1.0
2026-05-16,19,1,baseline,2026-05-23,3.0,1.0,3.471739130434783,2.0,1.0
2026-05-16,19,2,ensemble,2026-05-30,0.0,2.0,1.1295652173913042,2.0,4.0
2026-05-16,19,2,baseline,2026-05-30,0.0,1.0,4.9647826086956535,1.0,4.0
2026-05-16,19,3,ensemble,2026-06-06,5.0,2.0,1.5152173913043478,3.0,1.0
2026-05-16,19,3,baseline,2026-06-06,5.0,1.0,6.556521739130437,4.0,1.0
2026-05-16,20,1,ensemble,2026-05-23,5.0,2.0,1.3969565217391307,3.0,2.0
2026-05-16,20,1,baseline,2026-05-23,5.0,2.0,3.7300000000000004,3.0,2.0
2026-05-16,20,2,ensemble,2026-05-30,4.0,2.0,1.0191304347826087,2.0,1.0
2026-05-16,20,2,baseline,2026-05-30,4.0,2.0,5.250869565217392,2.0,1.0
2026-05-16,20,3,ensemble,2026-06-06,3.0,2.0,0.8013043478260871,1.0,0.0
2026-05-16,20,3,baseline,2026-06-06,3.0,2.0,6.501739130434784,1.0,0.0
2026-05-16,21,1,ensemble,2026-05-23,16.0,6.0,5.975217391304348,10.0,1.0
2026-05-16,21,1,baseline,2026-05-23,16.0,3.0,9.543043478260872,13.0,1.0
2026-05-16,21,2,ensemble,2026-05-30,19.0,5.0,8.196956521739132,14.0,4.0
2026-05-16,21,2,baseline,2026-05-30,19.0,3.0,12.583478260869565,16.0,4.0
2026-05-16,21,3,ensemble,2026-06-06,21.0,5.0,9.730869565217391,16.0,6.0
2026-05-16,21,3,baseline,2026-06-06,21.0,3.0,15.21130434782609,18.0,6.0
2026-05-16,22,1,ensemble,2026-05-23,26.0,19.0,4.053478260869565,7.0,6.0
2026-05-16,22,1,baseline,2026-05-23,26.0,20.0,8.47086956521739,6.0,6.0
2026-05-16,22,2,ensemble,2026-05-30,29.0,18.0,6.109565217391306,11.0,9.0
2026-05-16,22,2,baseline,2026-05-30,29.0,20.0,11.666956521739133,9.0,9.0
2026-05-16,22,3,ensemble,2026-06-06,26.0,17.0,4.742608695652175,9.0,6.0
2026-05-16,22,3,baseline,2026-06-06,26.0,20.0,13.683478260869567,6.0,6.0
2026-05-16,23,1,ensemble,2026-05-23,3.0,2.0,0.673913043478261,1.0,0.0
2026-05-16,23,1,baseline,2026-05-23,3.0,3.0,2.2600000000000002,0.0,0.0
2026-05-16,23,2,ensemble,2026-05-30,3.0,2.0,0.6834782608695653,1.0,0.0
2026-05-16,23,2,baseline,2026-05-30,3.0,3.0,3.1104347826086958,0.0,0.0
2026-05-16,23,3,ensemble,2026-06-06,0.0,2.0,1.0373913043478262,2.0,3.0
2026-05-16,23,3,baseline,2026-06-06,0.0,3.0,4.056521739130436,3.0,3.0
2026-05-16,24,1,ensemble,2026-05-23,12.0,13.0,2.1821739130434787,1.0,8.0
2026-05-16,24,1,baseline,2026-05-23,12.0,20.0,8.932608695652174,8.0,8.0
2026-05-16,24,2,ensemble,2026-05-30,12.0,12.0,2.092608695652174,0.0,8.0
2026-05-16,24,2,baseline,2026-05-30,12.0,20.0,11.889130434782611,8.0,8.0
2026-05-16,24,3,ensemble,2026-06-06,17.0,12.0,3.4134782608695655,5.0,3.0
2026-05-16,24,3,baseline,2026-06-06,17.0,20.0,14.206521739130435,3.0,3.0
2026-05-16,25,1,ensemble,2026-05-23,10.0,15.0,3.228695652173913,5.0,6.0
2026-05-16,25,1,baseline,2026-05-23,10.0,19.0,12.681304347826087,9.0,6.0
2026-05-16,25,2,ensemble,2026-05-30,8.0,14.0,3.365217391304348,6.0,8.0
2026-05-16,25,2,baseline,2026-05-30,8.0,19.0,17.898695652173917,11.0,8.0
2026-05-16,25,3,ensemble,2026-06-06,3.0,12.0,5.24304347826087,9.0,13.0
2026-05-16,25,3,baseline,2026-06-06,3.0,19.0,22.844782608695656,16.0,13.0
2026-05-16,26,1,ensemble,2026-05-23,17.0,18.0,2.93608695652174,1.0,4.0
2026-05-16,26,1,baseline,2026-05-23,17.0,20.0,14.57913043478261,3.0,4.0
2026-05-16,26,2,ensemble,2026-05-30,18.0,15.0,3.082608695652175,3.0,3.0
2026-05-16,26,2,baseline,2026-05-30,18.0,20.0,20.975217391304348,2.0,3.0
2026-05-16,26,3,ensemble,2026-06-06,7.0,14.0,4.325217391304347,7.0,14.0
2026-05-16,26,3,baseline,2026-06-06,7.0,20.0,26.316086956521744,13.0,14.0
2026-05-16,27,1,ensemble,2026-05-23,11.0,11.0,2.119130434782609,0.0,5.0
2026-05-16,27,1,baseline,2026-05-23,11.0,16.0,7.403478260869565,5.0,5.0
2026-05-16,27,2,ensemble,2026-05-30,8.0,9.0,2.1047826086956523,1.0,8.0
2026-05-16,27,2,baseline,2026-05-30,8.0,16.0,10.75217391304348,8.0,8.0
2026-05-16,27,3,ensemble,2026-06-06,6.0,8.0,2.3686956521739133,2.0,10.0
2026-05-16,27,3,baseline,2026-06-06,6.0,16.0,13.559565217391304,10.0,10.0
2026-05-16,28,1,ensemble,2026-05-23,12.0,15.0,2.1695652173913045,3.0,6.0
2026-05-16,28,1,baseline,2026-05-23,12.0,17.0,6.082173913043479,5.0,6.0
2026-05-16,28,2,ensemble,2026-05-30,8.0,14.0,3.13,6.0,10.0
2026-05-16,28,2,baseline,2026-05-30,8.0,17.0,8.36608695652174,9.0,10.0
2026-05-16,28,3,ensemble,2026-06-06,8.0,13.0,2.9165217391304354,5.0,10.0
2026-05-16,28,3,baseline,2026-06-06,8.0,17.0,9.705217391304348,9.0,10.0
2026-05-16,29,1,ensemble,2026-05-23,13.0,7.0,3.0273913043478258,6.0,0.0
2026-05-16,29,1,baseline,2026-05-23,13.0,8.0,9.462608695652175,5.0,0.0
2026-05-16,29,2,ensemble,2026-05-30,19.0,7.0,6.143913043478261,12.0,6.0
2026-05-16,29,2,baseline,2026-05-30,19.0,8.0,14.090000000000002,11.0,6.0
2026-05-16,29,3,ensemble,2026-06-06,7.0,6.0,1.7704347826086957,1.0,6.0
2026-05-16,29,3,baseline,2026-06-06,7.0,8.0,16.916086956521738,1.0,6.0
2026-05-16,30,1,ensemble,2026-05-23,2.0,3.0,0.9304347826086957,1.0,6.0
2026-05-16,30,1,baseline,2026-05-23,2.0,5.0,2.7678260869565214,3.0,6.0
2026-05-16,30,2,ensemble,2026-05-30,1.0,2.0,0.9460869565217394,1.0,7.0
2026-05-16,30,2,baseline,2026-05-30,1.0,5.0,3.591739130434783,4.0,7.0
2026-05-16,30,3,ensemble,2026-06-06,0.0,2.0,1.337391304347826,2.0,8.0
2026-05-16,30,3,baseline,2026-06-06,0.0,5.0,4.50608695652174,5.0,8.0
2026-05-16,31,1,ensemble,2026-05-23,0.0,4.0,1.9056521739130434,4.0,7.0
2026-05-16,31,1,baseline,2026-05-23,0.0,5.0,3.508260869565218,5.0,7.0
2026-05-16,31,2,ensemble,2026-05-30,0.0,3.0,1.784782608695652,3.0,7.0
2026-05-16,31,2,baseline,2026-05-30,0.0,5.0,4.467391304347826,5.0,7.0
2026-05-16,31,3,ensemble,2026-06-06,0.0,3.0,1.5908695652173914,3.0,7.0
2026-05-16,31,3,baseline,2026-06-06,0.0,5.0,4.995217391304348,5.0,7.0
2026-05-16,32,1,ensemble,2026-05-23,30.0,31.0,4.079130434782607,1.0,16.0
2026-05-16,32,1,baseline,2026-05-23,30.0,46.0,9.930434782608698,16.0,16.0
2026-05-16,32,2,ensemble,2026-05-30,26.0,27.0,4.9021739130434785,1.0,20.0
2026-05-16,32,2,baseline,2026-05-30,26.0,46.0,12.357826086956523,20.0,20.0
2026-05-16,32,3,ensemble,2026-06-06,14.0,22.0,5.650434782608696,8.0,32.0
2026-05-16,32,3,baseline,2026-06-06,14.0,46.0,17.913478260869567,32.0,32.0
2026-05-16,33,1,ensemble,2026-05-23,2.0,2.0,0.5373913043478261,0.0,1.0
2026-05-16,33,1,baseline,2026-05-23,2.0,2.0,1.8343478260869568,0.0,1.0
2026-05-16,33,2,ensemble,2026-05-30,0.0,2.0,0.8556521739130435,2.0,3.0
2026-05-16,33,2,baseline,2026-05-30,0.0,2.0,2.843913043478261,2.0,3.0
2026-05-16,33,3,ensemble,2026-06-06,4.0,1.0,1.4560869565217391,3.0,1.0
2026-05-16,33,3,baseline,2026-06-06,4.0,2.0,3.35,2.0,1.0
2026-05-16,34,1,ensemble,2026-05-23,29.0,34.0,4.828695652173914,5.0,13.0
2026-05-16,34,1,baseline,2026-05-23,29.0,45.0,18.188695652173912,16.0,13.0
2026-05-16,34,2,ensemble,2026-05-30,20.0,29.0,5.390434782608696,9.0,22.0
2026-05-16,34,2,baseline,2026-05-30,20.0,45.0,26.13434782608696,25.0,22.0
2026-05-16,34,3,ensemble,2026-06-06,21.0,27.0,4.698695652173913,6.0,21.0
2026-05-16,34,3,baseline,2026-06-06,21.0,45.0,30.786956521739132,24.0,21.0
2026-05-16,35,1,ensemble,2026-05-23,5.0,8.0,1.5756521739130438,3.0,5.0
2026-05-16,35,1,baseline,2026-05-23,5.0,10.0,5.075217391304348,5.0,5.0
2026-05-16,35,2,ensemble,2026-05-30,4.0,7.0,1.6956521739130435,3.0,6.0
2026-05-16,35,2,baseline,2026-05-30,4.0,10.0,6.781739130434784,6.0,6.0
2026-05-16,35,3,ensemble,2026-06-06,1.0,7.0,2.4995652173913046,6.0,9.0
2026-05-16,35,3,baseline,2026-06-06,1.0,10.0,8.545652173913044,9.0,9.0
2026-05-16,36,1,ensemble,2026-05-23,53.0,47.0,8.15,6.0,28.0
2026-05-16,36,1,baseline,2026-05-23,53.0,65.0,28.713478260869568,12.0,28.0
2026-05-16,36,2,ensemble,2026-05-30,20.0,47.0,13.206521739130435,27.0,61.0
2026-05-16,36,2,baseline,2026-05-30,20.0,65.0,45.83260869565219,45.0,61.0
2026-05-16,36,3,ensemble,2026-06-06,32.0,44.0,9.428695652173912,12.0,49.0
2026-05-16,36,3,baseline,2026-06-06,32.0,65.0,51.66043478260871,33.0,49.0
2026-05-16,37,1,ensemble,2026-05-23,13.0,16.0,2.345217391304348,3.0,9.0
2026-05-16,37,1,baseline,2026-05-23,13.0,20.0,15.169565217391305,7.0,9.0
2026-05-16,37,2,ensemble,2026-05-30,7.0,14.0,3.8056521739130442,7.0,15.0
2026-05-16,37,2,baseline,2026-05-30,7.0,20.0,22.868260869565223,13.0,15.0
2026-05-16,37,3,ensemble,2026-06-06,12.0,13.0,2.4834782608695654,1.0,10.0
2026-05-16,37,3,baseline,2026-06-06,12.0,20.0,28.013043478260876,8.0,10.0
2026-05-16,38,1,ensemble,2026-05-23,10.0,2.0,5.308260869565218,8.0,7.0
2026-05-16,38,1,baseline,2026-05-23,10.0,3.0,3.445652173913044,7.0,7.0
2026-05-16,38,2,ensemble,2026-05-30,7.0,2.0,2.9726086956521733,5.0,4.0
2026-05-16,38,2,baseline,2026-05-30,7.0,3.0,2.6317391304347826,4.0,4.0
2026-05-16,38,3,ensemble,2026-06-06,2.0,2.0,0.4934782608695652,0.0,1.0
2026-05-16,38,3,baseline,2026-06-06,2.0,3.0,2.660869565217391,1.0,1.0
2026-05-16,39,1,ensemble,2026-05-23,14.0,17.0,3.260869565217392,3.0,8.0
2026-05-16,39,1,baseline,2026-05-23,14.0,22.0,19.44347826086957,8.0,8.0
2026-05-16,39,2,ensemble,2026-05-30,15.0,17.0,3.2400000000000007,2.0,7.0
2026-05-16,39,2,baseline,2026-05-30,15.0,22.0,28.0104347826087,7.0,7.0
2026-05-16,39,3,ensemble,2026-06-06,19.0,16.0,3.383478260869566,3.0,3.0
2026-05-16,39,3,baseline,2026-06-06,19.0,22.0,35.426956521739136,3.0,3.0
2026-05-16,40,1,ensemble,2026-05-23,8.0,6.0,1.5747826086956525,2.0,0.0
2026-05-16,40,1,baseline,2026-05-23,8.0,6.0,6.930434782608697,2.0,0.0
2026-05-16,40,2,ensemble,2026-05-30,8.0,6.0,1.6356521739130436,2.0,0.0
2026-05-16,40,2,baseline,2026-05-30,8.0,6.0,9.880869565217395,2.0,0.0
2026-05-16,40,3,ensemble,2026-06-06,13.0,6.0,4.008260869565217,7.0,5.0
2026-05-16,40,3,baseline,2026-06-06,13.0,6.0,12.55,7.0,5.0
2026-05-16,41,1,ensemble,2026-05-23,8.0,10.0,2.0504347826086957,2.0,6.0
2026-05-16,41,1,baseline,2026-05-23,8.0,14.0,6.987826086956523,6.0,6.0
2026-05-16,41,2,ensemble,2026-05-30,1.0,9.0,4.485652173913044,8.0,13.0
2026-05-16,41,2,baseline,2026-05-30,1.0,14.0,11.121304347826088,13.0,13.0
2026-05-16,41,3,ensemble,2026-06-06,3.0,8.0,2.769130434782609,5.0,11.0
2026-05-16,41,3,baseline,2026-06-06,3.0,14.0,12.27,11.0,11.0
2026-05-16,42,1,ensemble,2026-05-23,185.0,141.0,25.460869565217394,44.0,3.0
2026-05-16,42,1,baseline,2026-05-23,185.0,182.0,32.705217391304345,3.0,3.0
2026-05-16,42,2,ensemble,2026-05-30,139.0,131.0,13.190000000000003,8.0,43.0
2026-05-16,42,2,baseline,2026-05-30,139.0,182.0,52.39739130434783,43.0,43.0
2026-05-16,42,3,ensemble,2026-06-06,181.0,121.0,33.08782608695652,60.0,1.0
2026-05-16,42,3,baseline,2026-06-06,181.0,182.0,60.29565217391305,1.0,1.0
2026-05-16,44,1,ensemble,2026-05-23,4.0,4.0,0.8278260869565218,0.0,2.0
2026-05-16,44,1,baseline,2026-05-23,4.0,5.0,1.9960869565217394,1.0,2.0
2026-05-16,44,2,ensemble,2026-05-30,4.0,3.0,0.9034782608695653,1.0,2.0
2026-05-16,44,2,baseline,2026-05-30,4.0,5.0,2.7700000000000005,1.0,2.0
2026-05-16,44,3,ensemble,2026-06-06,0.0,3.0,1.2839130434782609,3.0,6.0
2026-05-16,44,3,baseline,2026-06-06,0.0,5.0,3.907826086956522,5.0,6.0
2026-05-16,45,1,ensemble,2026-05-23,11.0,8.0,2.0508695652173916,3.0,4.0
2026-05-16,45,1,baseline,2026-05-23,11.0,7.0,7.245217391304348,4.0,4.0
2026-05-16,45,2,ensemble,2026-05-30,7.0,8.0,1.5117391304347831,1.0,0.0
2026-05-16,45,2,baseline,2026-05-30,7.0,7.0,10.183913043478263,0.0,0.0
2026-05-16,45,3,ensemble,2026-06-06,3.0,7.0,2.323478260869565,4.0,4.0
2026-05-16,45,3,baseline,2026-06-06,3.0,7.0,13.216956521739133,4.0,4.0
2026-05-16,46,1,ensemble,2026-05-23,6.0,4.0,1.1821739130434785,2.0,1.0
2026-05-16,46,1,baseline,2026-05-23,6.0,6.0,2.0382608695652173,0.0,1.0
2026-05-16,46,2,ensemble,2026-05-30,0.0,3.0,1.8460869565217395,3.0,7.0
2026-05-16,46,2,baseline,2026-05-30,0.0,6.0,3.756521739130435,6.0,7.0
2026-05-16,46,3,ensemble,2026-06-06,2.0,3.0,0.7378260869565219,1.0,5.0
2026-05-16,46,3,baseline,2026-06-06,2.0,6.0,3.5978260869565224,4.0,5.0
2026-05-16,47,1,ensemble,2026-05-23,33.0,33.0,3.5269565217391308,0.0,12.0
2026-05-16,47,1,baseline,2026-05-23,33.0,43.0,12.533043478260868,10.0,12.0
2026-05-16,47,2,ensemble,2026-05-30,31.0,31.0,3.7947826086956518,0.0,14.0
2026-05-16,47,2,baseline,2026-05-30,31.0,43.0,17.14521739130435,12.0,14.0
2026-05-16,47,3,ensemble,2026-06-06,21.0,29.0,4.683913043478261,8.0,24.0
2026-05-16,47,3,baseline,2026-06-06,21.0,43.0,22.16739130434783,22.0,24.0
2026-05-16,48,1,ensemble,2026-05-23,106.0,109.0,11.472608695652173,3.0,30.0
2026-05-16,48,1,baseline,2026-05-23,106.0,132.0,41.79260869565218,26.0,30.0
2026-05-16,48,2,ensemble,2026-05-30,105.0,104.0,11.982608695652175,1.0,31.0
2026-05-16,48,2,baseline,2026-05-30,105.0,132.0,55.3508695652174,27.0,31.0
2026-05-16,48,3,ensemble,2026-06-06,102.0,101.0,11.182608695652176,1.0,34.0
2026-05-16,48,3,baseline,2026-06-06,102.0,132.0,66.45913043478262,30.0,34.0
2026-05-16,49,1,ensemble,2026-05-23,3.0,8.0,2.1352173913043484,5.0,8.0
2026-05-16,49,1,baseline,2026-05-23,3.0,10.0,4.707826086956523,7.0,8.0
2026-05-16,49,2,ensemble,2026-05-30,4.0,7.0,1.5956521739130436,3.0,7.0
2026-05-16,49,2,baseline,2026-05-30,4.0,10.0,4.961304347826087,6.0,7.0
2026-05-16,49,3,ensemble,2026-06-06,9.0,5.0,2.1643478260869564,4.0,2.0
2026-05-16,49,3,baseline,2026-06-06,9.0,10.0,5.17913043478261,1.0,2.0
2026-05-16,50,1,ensemble,2026-05-23,0.0,1.0,0.44086956521739135,1.0,1.0
2026-05-16,50,1,baseline,2026-05-23,0.0,1.0,1.1408695652173912,1.0,1.0
2026-05-16,50,2,ensemble,2026-05-30,2.0,1.0,0.7156521739130435,1.0,1.0
2026-05-16,50,2,baseline,2026-05-30,2.0,1.0,1.2326086956521742,1.0,1.0
2026-05-16,50,3,ensemble,2026-06-06,0.0,1.0,0.37608695652173924,1.0,1.0
2026-05-16,50,3,baseline,2026-06-06,0.0,1.0,1.5286956521739132,1.0,1.0
2026-05-16,51,1,ensemble,2026-05-23,13.0,15.0,2.2752173913043476,2.0,1.0
2026-05-16,51,1,baseline,2026-05-23,13.0,17.0,11.040869565217394,4.0,1.0
2026-05-16,51,2,ensemble,2026-05-30,14.0,14.0,2.181739130434783,0.0,0.0
2026-05-16,51,2,baseline,2026-05-30,14.0,17.0,15.203478260869568,3.0,0.0
2026-05-16,51,3,ensemble,2026-06-06,12.0,13.0,2.2917391304347827,1.0,2.0
2026-05-16,51,3,baseline,2026-06-06,12.0,17.0,18.86608695652174,5.0,2.0
2026-05-16,53,1,ensemble,2026-05-23,17.0,24.0,3.8504347826086955,7.0,12.0
2026-05-16,53,1,baseline,2026-05-23,17.0,30.0,9.95217391304348,13.0,12.0
2026-05-16,53,2,ensemble,2026-05-30,10.0,21.0,6.120000000000001,11.0,19.0
2026-05-16,53,2,baseline,2026-05-30,10.0,30.0,13.913913043478262,20.0,19.0
2026-05-16,53,3,ensemble,2026-06-06,9.0,22.0,6.364782608695651,13.0,20.0
2026-05-16,53,3,baseline,2026-06-06,9.0,31.0,15.70826086956522,22.0,20.0
2026-05-16,54,1,ensemble,2026-05-23,2.0,3.0,0.9117391304347827,1.0,1.0
2026-05-16,54,1,baseline,2026-05-23,2.0,3.0,4.088695652173914,1.0,1.0
2026-05-16,54,2,ensemble,2026-05-30,4.0,3.0,1.0582608695652176,1.0,1.0
2026-05-16,54,2,baseline,2026-05-30,4.0,3.0,5.515652173913045,1.0,1.0
2026-05-16,54,3,ensemble,2026-06-06,5.0,2.0,1.6108695652173914,3.0,2.0
2026-05-16,54,3,baseline,2026-06-06,5.0,3.0,6.9747826086956515,2.0,2.0
2026-05-16,55,1,ensemble,2026-05-23,3.0,4.0,1.4360869565217391,1.0,1.0
2026-05-16,55,1,baseline,2026-05-23,3.0,1.0,6.161739130434783,2.0,1.0
2026-05-16,55,2,ensemble,2026-05-30,4.0,3.0,1.3360869565217395,1.0,0.0
2026-05-16,55,2,baseline,2026-05-30,4.0,1.0,9.163913043478262,3.0,0.0
2026-05-16,55,3,ensemble,2026-06-06,4.0,3.0,1.330434782608696,1.0,0.0
2026-05-16,55,3,baseline,2026-06-06,4.0,1.0,11.85913043478261,3.0,0.0
2026-05-16,56,1,ensemble,2026-05-23,5.0,3.0,1.1291304347826085,2.0,0.0
2026-05-16,56,1,baseline,2026-05-23,5.0,5.0,1.6495652173913045,0.0,0.0
2026-05-16,56,2,ensemble,2026-05-30,2.0,3.0,0.7286956521739131,1.0,3.0
2026-05-16,56,2,baseline,2026-05-30,2.0,5.0,2.766521739130435,3.0,3.0
2026-05-16,56,3,ensemble,2026-06-06,1.0,3.0,0.8843478260869567,2.0,4.0
2026-05-16,56,3,baseline,2026-06-06,1.0,5.0,3.092608695652174,4.0,4.0
2026-05-23,01,1,ensemble,2026-05-30,18.0,17.0,2.250434782608696,1.0,6.0
2026-05-23,01,1,baseline,2026-05-30,18.0,19.0,7.730869565217392,1.0,6.0
2026-05-23,01,2,ensemble,2026-06-06,13.0,15.0,2.381739130434783,2.0,11.0
2026-05-23,01,2,baseline,2026-06-06,13.0,19.0,11.109565217391307,6.0,11.0
2026-05-23,01,3,ensemble,2026-06-13,14.0,14.0,2.3943478260869564,0.0,10.0
2026-05-23,01,3,baseline,2026-06-13,14.0,19.0,13.417826086956525,5.0,10.0
2026-05-23,02,1,ensemble,2026-05-30,2.0,1.0,0.617826086956522,1.0,2.0
2026-05-23,02,1,baseline,2026-05-30,2.0,0.0,1.0439130434782609,2.0,2.0
2026-05-23,02,2,ensemble,2026-06-06,3.0,1.0,1.008695652173913,2.0,3.0
2026-05-23,02,2,baseline,2026-06-06,3.0,0.0,1.48304347826087,3.0,3.0
2026-05-23,02,3,ensemble,2026-06-13,0.0,1.0,0.5047826086956523,1.0,0.0
2026-05-23,02,3,baseline,2026-06-13,0.0,0.0,1.4047826086956523,0.0,0.0
2026-05-23,04,1,ensemble,2026-05-30,51.0,34.0,7.7126086956521736,17.0,12.0
2026-05-23,04,1,baseline,2026-05-30,51.0,44.0,14.743043478260871,7.0,12.0
2026-05-23,04,2,ensemble,2026-06-06,45.0,31.0,7.154782608695652,14.0,18.0
2026-05-23,04,2,baseline,2026-06-06,45.0,44.0,20.355652173913043,1.0,18.0
2026-05-23,04,3,ensemble,2026-06-13,22.0,27.0,5.3673913043478265,5.0,41.0
2026-05-23,04,3,baseline,2026-06-13,22.0,44.0,27.228260869565222,22.0,41.0
2026-05-23,05,1,ensemble,2026-05-30,6.0,6.0,1.1565217391304348,0.0,3.0
2026-05-23,05,1,baseline,2026-05-30,6.0,7.0,5.727391304347827,1.0,3.0
2026-05-23,05,2,ensemble,2026-06-06,2.0,6.0,2.0808695652173914,4.0,7.0
2026-05-23,05,2,baseline,2026-06-06,2.0,7.0,8.002608695652174,5.0,7.0
2026-05-23,05,3,ensemble,2026-06-13,1.0,6.0,2.5295652173913044,5.0,8.0
2026-05-23,05,3,baseline,2026-06-13,1.0,7.0,9.583913043478262,6.0,8.0
2026-05-23,06,1,ensemble,2026-05-30,139.0,142.0,14.044347826086959,3.0,38.0
2026-05-23,06,1,baseline,2026-05-30,139.0,162.0,40.69173913043478,23.0,38.0
2026-05-23,06,2,ensemble,2026-06-06,136.0,122.0,15.40521739130435,14.0,41.0
2026-05-23,06,2,baseline,2026-06-06,136.0,162.0,57.53217391304348,26.0,41.0
2026-05-23,06,3,ensemble,2026-06-13,126.0,115.0,16.03695652173913,11.0,51.0
2026-05-23,06,3,baseline,2026-06-13,126.0,162.0,72.07869565217392,36.0,51.0
2026-05-23,08,1,ensemble,2026-05-30,9.0,10.0,1.8030434782608702,1.0,3.0
2026-05-23,08,1,baseline,2026-05-30,9.0,12.0,7.066521739130435,3.0,3.0
2026-05-23,08,2,ensemble,2026-06-06,5.0,9.0,2.151304347826087,4.0,7.0
2026-05-23,08,2,baseline,2026-06-06,5.0,12.0,9.997826086956524,7.0,7.0
2026-05-23,08,3,ensemble,2026-06-13,4.0,7.0,2.1791304347826084,3.0,8.0
2026-05-23,08,3,baseline,2026-06-13,4.0,12.0,12.14521739130435,8.0,8.0
2026-05-23,09,1,ensemble,2026-05-30,2.0,5.0,1.5217391304347827,3.0,3.0
2026-05-23,09,1,baseline,2026-05-30,2.0,5.0,5.410869565217392,3.0,3.0
2026-05-23,09,2,ensemble,2026-06-06,2.0,4.0,1.5130434782608695,2.0,3.0
2026-05-23,09,2,baseline,2026-06-06,2.0,5.0,7.320000000000002,3.0,3.0
2026-05-23,09,3,ensemble,2026-06-13,3.0,4.0,1.2647826086956524,1.0,2.0
2026-05-23,09,3,baseline,2026-06-13,3.0,5.0,9.200869565217394,2.0,2.0
2026-05-23,10,1,ensemble,2026-05-30,1.0,2.0,0.7330434782608696,1.0,4.0
2026-05-23,10,1,baseline,2026-05-30,1.0,3.0,2.2804347826086957,2.0,4.0
2026-05-23,10,2,ensemble,2026-06-06,0.0,2.0,1.047826086956522,2.0,5.0
2026-05-23,10,2,baseline,2026-06-06,0.0,3.0,3.0,3.0,5.0
2026-05-23,10,3,ensemble,2026-06-13,1.0,2.0,0.6082608695652174,1.0,4.0
2026-05-23,10,3,baseline,2026-06-13,1.0,3.0,3.551304347826087,2.0,4.0
2026-05-23,11,1,ensemble,2026-05-30,3.0,1.0,1.2078260869565218,2.0,2.0
2026-05-23,11,1,baseline,2026-05-30,3.0,0.0,1.7547826086956524,3.0,2.0
2026-05-23,11,2,ensemble,2026-06-06,1.0,1.0,0.28826086956521746,0.0,0.0
2026-05-23,11,2,baseline,2026-06-06,1.0,0.0,1.7247826086956526,1.0,0.0
2026-05-23,11,3,ensemble,2026-06-13,4.0,1.0,1.9400000000000006,3.0,3.0
2026-05-23,11,3,baseline,2026-06-13,4.0,0.0,2.631304347826087,4.0,3.0
2026-05-23,12,1,ensemble,2026-05-30,133.0,97.0,19.967826086956524,36.0,8.0
2026-05-23,12,1,baseline,2026-05-30,133.0,100.0,36.02782608695652,33.0,8.0
2026-05-23,12,2,ensemble,2026-06-06,125.0,93.0,18.21913043478261,32.0,0.0
2026-05-23,12,2,baseline,2026-06-06,125.0,100.0,45.719130434782606,25.0,0.0
2026-05-23,12,3,ensemble,2026-06-13,97.0,86.0,13.225217391304348,11.0,28.0
2026-05-23,12,3,baseline,2026-06-13,97.0,100.0,54.17391304347827,3.0,28.0
2026-05-23,13,1,ensemble,2026-05-30,10.0,18.0,5.226521739130436,8.0,18.0
2026-05-23,13,1,baseline,2026-05-30,10.0,24.0,13.926956521739132,14.0,18.0
2026-05-23,13,2,ensemble,2026-06-06,18.0,18.0,2.5921739130434784,0.0,10.0
2026-05-23,13,2,baseline,2026-06-06,18.0,24.0,17.214782608695653,6.0,10.0
2026-05-23,13,3,ensemble,2026-06-13,10.0,17.0,4.177391304347826,7.0,18.0
2026-05-23,13,3,baseline,2026-06-13,10.0,24.0,22.22826086956522,14.0,18.0
2026-05-23,15,1,ensemble,2026-05-30,6.0,5.0,1.1904347826086958,1.0,3.0
2026-05-23,15,1,baseline,2026-05-30,6.0,7.0,1.9917391304347831,1.0,3.0
2026-05-23,15,2,ensemble,2026-06-06,10.0,5.0,2.2882608695652173,5.0,1.0
2026-05-23,15,2,baseline,2026-06-06,10.0,7.0,2.7652173913043474,3.0,1.0
2026-05-23,15,3,ensemble,2026-06-13,5.0,5.0,1.3669565217391306,0.0,4.0
2026-05-23,15,3,baseline,2026-06-13,5.0,7.0,2.9160869565217395,2.0,4.0
2026-05-23,16,1,ensemble,2026-05-30,2.0,5.0,1.6147826086956525,3.0,6.0
2026-05-23,16,1,baseline,2026-05-30,2.0,7.0,4.370869565217391,5.0,6.0
2026-05-23,16,2,ensemble,2026-06-06,3.0,5.0,1.1130434782608698,2.0,5.0
2026-05-23,16,2,baseline,2026-06-06,3.0,7.0,5.125217391304347,4.0,5.0
2026-05-23,16,3,ensemble,2026-06-13,1.0,4.0,1.5504347826086955,3.0,7.0
2026-05-23,16,3,baseline,2026-06-13,1.0,7.0,6.404347826086956,6.0,7.0
2026-05-23,17,1,ensemble,2026-05-30,62.0,13.0,32.95173913043478,49.0,38.0
2026-05-23,17,1,baseline,2026-05-30,62.0,16.0,26.07,46.0,38.0
2026-05-23,17,2,ensemble,2026-06-06,18.0,12.0,3.3421739130434784,6.0,6.0
2026-05-23,17,2,baseline,2026-06-06,18.0,16.0,20.751739130434782,2.0,6.0
2026-05-23,17,3,ensemble,2026-06-13,7.0,12.0,3.4443478260869567,5.0,17.0
2026-05-23,17,3,baseline,2026-06-13,7.0,16.0,26.419999999999998,9.0,17.0
2026-05-23,18,1,ensemble,2026-05-30,11.0,16.0,2.7604347826086952,5.0,7.0
2026-05-23,18,1,baseline,2026-05-30,11.0,18.0,11.941304347826089,7.0,7.0
2026-05-23,18,2,ensemble,2026-06-06,6.0,15.0,4.546521739130435,9.0,12.0
2026-05-23,18,2,baseline,2026-06-06,6.0,18.0,17.101739130434783,12.0,12.0
2026-05-23,18,3,ensemble,2026-06-13,9.0,14.0,3.090434782608696,5.0,9.0
2026-05-23,18,3,baseline,2026-06-13,9.0,18.0,20.718695652173917,9.0,9.0
2026-05-23,19,1,ensemble,2026-05-30,0.0,3.0,1.773913043478261,3.0,4.0
2026-05-23,19,1,baseline,2026-05-30,0.0,4.0,4.3047826086956515,4.0,4.0
2026-05-23,19,2,ensemble,2026-06-06,5.0,3.0,1.138695652173913,2.0,1.0
2026-05-23,19,2,baseline,2026-06-06,5.0,4.0,5.532608695652175,1.0,1.0
2026-05-23,19,3,ensemble,2026-06-13,2.0,3.0,0.7969565217391306,1.0,2.0
2026-05-23,19,3,baseline,2026-06-13,2.0,4.0,7.054347826086958,2.0,2.0
2026-05-23,20,1,ensemble,2026-05-30,4.0,3.0,0.8886956521739131,1.0,1.0
2026-05-23,20,1,baseline,2026-05-30,4.0,2.0,3.6221739130434782,2.0,1.0
2026-05-23,20,2,ensemble,2026-06-06,3.0,2.0,0.661304347826087,1.0,0.0
2026-05-23,20,2,baseline,2026-06-06,3.0,2.0,5.191304347826088,1.0,0.0
2026-05-23,20,3,ensemble,2026-06-13,2.0,2.0,0.7534782608695653,0.0,1.0
2026-05-23,20,3,baseline,2026-06-13,2.0,2.0,6.434782608695653,0.0,1.0
2026-05-23,21,1,ensemble,2026-05-30,19.0,10.0,4.914782608695652,9.0,0.0
2026-05-23,21,1,baseline,2026-05-30,19.0,13.0,9.176521739130436,6.0,0.0
2026-05-23,21,2,ensemble,2026-06-06,21.0,9.0,6.691304347826088,12.0,2.0
2026-05-23,21,2,baseline,2026-06-06,21.0,13.0,12.933478260869563,8.0,2.0
2026-05-23,21,3,ensemble,2026-06-13,18.0,9.0,5.06391304347826,9.0,1.0
2026-05-23,21,3,baseline,2026-06-13,18.0,13.0,15.52956521739131,5.0,1.0
2026-05-23,22,1,ensemble,2026-05-30,29.0,17.0,6.056956521739131,12.0,9.0
2026-05-23,22,1,baseline,2026-05-30,29.0,19.0,9.084347826086958,10.0,9.0
2026-05-23,22,2,ensemble,2026-06-06,26.0,18.0,4.71304347826087,8.0,6.0
2026-05-23,22,2,baseline,2026-06-06,26.0,19.0,11.310434782608697,7.0,6.0
2026-05-23,22,3,ensemble,2026-06-13,31.0,17.0,7.986086956521739,14.0,11.0
2026-05-23,22,3,baseline,2026-06-13,31.0,19.0,14.097826086956522,12.0,11.0
2026-05-23,23,1,ensemble,2026-05-30,3.0,3.0,0.7008695652173913,0.0,1.0
2026-05-23,23,1,baseline,2026-05-30,3.0,4.0,2.3573913043478267,1.0,1.0
2026-05-23,23,2,ensemble,2026-06-06,0.0,3.0,1.4178260869565218,3.0,4.0
2026-05-23,23,2,baseline,2026-06-06,0.0,4.0,3.6926086956521735,4.0,4.0
2026-05-23,23,3,ensemble,2026-06-13,1.0,2.0,0.8130434782608696,1.0,3.0
2026-05-23,23,3,baseline,2026-06-13,1.0,4.0,4.327826086956523,3.0,3.0
2026-05-23,24,1,ensemble,2026-05-30,12.0,12.0,1.7943478260869568,0.0,1.0
2026-05-23,24,1,baseline,2026-05-30,12.0,13.0,7.426086956521741,1.0,1.0
2026-05-23,24,2,ensemble,2026-06-06,17.0,10.0,3.4008695652173917,7.0,4.0
2026-05-23,24,2,baseline,2026-06-06,17.0,13.0,10.704782608695652,4.0,4.0
2026-05-23,24,3,ensemble,2026-06-13,12.0,10.0,2.195652173913043,2.0,1.0
2026-05-23,24,3,baseline,2026-06-13,12.0,13.0,13.15434782608696,1.0,1.0
2026-05-23,25,1,ensemble,2026-05-30,8.0,14.0,3.0604347826086955,6.0,8.0
2026-05-23,25,1,baseline,2026-05-30,8.0,17.0,12.484782608695657,9.0,8.0
2026-05-23,25,2,ensemble,2026-06-06,3.0,13.0,5.09695652173913,10.0,13.0
2026-05-23,25,2,baseline,2026-06-06,3.0,17.0,18.105217391304354,14.0,13.0
2026-05-23,25,3,ensemble,2026-06-13,3.0,12.0,4.6173913043478265,9.0,13.0
2026-05-23,25,3,baseline,2026-06-13,3.0,17.0,21.97217391304348,14.0,13.0
2026-05-23,26,1,ensemble,2026-05-30,18.0,21.0,2.9065217391304343,3.0,5.0
2026-05-23,26,1,baseline,2026-05-30,18.0,23.0,14.887826086956522,5.0,5.0
2026-05-23,26,2,ensemble,2026-06-06,7.0,18.0,6.163478260869566,11.0,16.0
2026-05-23,26,2,baseline,2026-06-06,7.0,23.0,22.476956521739133,16.0,16.0
2026-05-23,26,3,ensemble,2026-06-13,5.0,17.0,6.634347826086957,12.0,18.0
2026-05-23,26,3,baseline,2026-06-13,5.0,23.0,27.28173913043479,18.0,18.0
2026-05-23,27,1,ensemble,2026-05-30,8.0,13.0,2.7056521739130432,5.0,10.0
2026-05-23,27,1,baseline,2026-05-30,8.0,18.0,8.881304347826088,10.0,10.0
2026-05-23,27,2,ensemble,2026-06-06,6.0,12.0,3.117391304347827,6.0,12.0
2026-05-23,27,2,baseline,2026-06-06,6.0,18.0,11.894782608695653,12.0,12.0
2026-05-23,27,3,ensemble,2026-06-13,3.0,10.0,3.8686956521739133,7.0,15.0
2026-05-23,27,3,baseline,2026-06-13,3.0,18.0,14.683478260869569,15.0,15.0
2026-05-23,28,1,ensemble,2026-05-30,8.0,12.0,2.223913043478261,4.0,7.0
2026-05-23,28,1,baseline,2026-05-30,8.0,12.0,5.4247826086956525,4.0,7.0
2026-05-23,28,2,ensemble,2026-06-06,8.0,11.0,2.225217391304348,3.0,7.0
2026-05-23,28,2,baseline,2026-06-06,8.0,12.0,7.103478260869565,4.0,7.0
2026-05-23,28,3,ensemble,2026-06-13,4.0,11.0,3.823913043478261,7.0,11.0
2026-05-23,28,3,baseline,2026-06-13,4.0,12.0,8.995652173913044,8.0,11.0
2026-05-23,29,1,ensemble,2026-05-30,19.0,10.0,5.217391304347825,9.0,10.0
2026-05-23,29,1,baseline,2026-05-30,19.0,10.0,10.345652173913045,9.0,10.0
2026-05-23,29,2,ensemble,2026-06-06,7.0,9.0,1.85,2.0,2.0
2026-05-23,29,2,baseline,2026-06-06,7.0,10.0,13.692608695652178,3.0,2.0
2026-05-23,29,3,ensemble,2026-06-13,16.0,8.0,4.000869565217393,8.0,7.0
2026-05-23,29,3,baseline,2026-06-13,16.0,10.0,17.184347826086956,6.0,7.0
2026-05-23,30,1,ensemble,2026-05-30,1.0,2.0,0.5365217391304349,1.0,1.0
2026-05-23,30,1,baseline,2026-05-30,1.0,2.0,2.0404347826086955,1.0,1.0
2026-05-23,30,2,ensemble,2026-06-06,0.0,2.0,0.8204347826086955,2.0,2.0
2026-05-23,30,2,baseline,2026-06-06,0.0,2.0,2.9586956521739127,2.0,2.0
2026-05-23,30,3,ensemble,2026-06-13,5.0,1.0,1.9243478260869566,4.0,3.0
2026-05-23,30,3,baseline,2026-06-13,5.0,2.0,3.574347826086957,3.0,3.0
2026-05-23,31,1,ensemble,2026-05-30,0.0,2.0,1.1556521739130436,2.0,3.0
2026-05-23,31,1,baseline,2026-05-30,0.0,2.0,2.595652173913044,2.0,3.0
2026-05-23,31,2,ensemble,2026-06-06,0.0,2.0,1.0708695652173914,2.0,3.0
2026-05-23,31,2,baseline,2026-06-06,0.0,2.0,3.3734782608695655,2.0,3.0
2026-05-23,31,3,ensemble,2026-06-13,0.0,2.0,1.0534782608695654,2.0,3.0
2026-05-23,31,3,baseline,2026-06-13,0.0,2.0,4.104782608695653,2.0,3.0
2026-05-23,32,1,ensemble,2026-05-30,26.0,20.0,3.483043478260869,6.0,9.0
2026-05-23,32,1,baseline,2026-05-30,26.0,29.0,5.382173913043479,3.0,9.0
2026-05-23,32,2,ensemble,2026-06-06,14.0,17.0,2.6373913043478265,3.0,21.0
2026-05-23,32,2,baseline,2026-06-06,14.0,29.0,9.990869565217391,15.0,21.0
2026-05-23,32,3,ensemble,2026-06-13,20.0,15.0,3.3847826086956525,5.0,15.0
2026-05-23,32,3,baseline,2026-06-13,20.0,29.0,9.699565217391303,9.0,15.0
2026-05-23,33,1,ensemble,2026-05-30,0.0,3.0,1.345217391304348,3.0,3.0
2026-05-23,33,1,baseline,2026-05-30,0.0,3.0,2.67304347826087,3.0,3.0
2026-05-23,33,2,ensemble,2026-06-06,4.0,2.0,0.9634782608695653,2.0,1.0
2026-05-23,33,2,baseline,2026-06-06,4.0,3.0,2.833913043478262,1.0,1.0
2026-05-23,33,3,ensemble,2026-06-13,2.0,2.0,0.6356521739130436,0.0,1.0
2026-05-23,33,3,baseline,2026-06-13,2.0,3.0,3.664782608695653,1.0,1.0
2026-05-23,34,1,ensemble,2026-05-30,20.0,32.0,5.7956521739130435,12.0,17.0
2026-05-23,34,1,baseline,2026-05-30,20.0,40.0,19.10478260869565,20.0,17.0
2026-05-23,34,2,ensemble,2026-06-06,21.0,28.0,4.510869565217392,7.0,16.0
2026-05-23,34,2,baseline,2026-06-06,21.0,40.0,24.445652173913054,19.0,16.0
2026-05-23,34,3,ensemble,2026-06-13,21.0,26.0,4.324782608695652,5.0,16.0
2026-05-23,34,3,baseline,2026-06-13,21.0,40.0,29.6108695652174,19.0,16.0
2026-05-23,35,1,ensemble,2026-05-30,4.0,4.0,0.8808695652173913,0.0,0.0
2026-05-23,35,1,baseline,2026-05-30,4.0,4.0,3.8230434782608698,0.0,0.0
2026-05-23,35,2,ensemble,2026-06-06,1.0,4.0,1.3947826086956525,3.0,3.0
2026-05-23,35,2,baseline,2026-06-06,1.0,4.0,5.5086956521739125,3.0,3.0
2026-05-23,35,3,ensemble,2026-06-13,2.0,3.0,0.99,1.0,2.0
2026-05-23,35,3,baseline,2026-06-13,2.0,4.0,6.7434782608695665,2.0,2.0
2026-05-23,36,1,ensemble,2026-05-30,20.0,34.0,8.770000000000001,14.0,30.0
2026-05-23,36,1,baseline,2026-05-30,20.0,41.0,28.57739130434783,21.0,30.0
2026-05-23,36,2,ensemble,2026-06-06,32.0,32.0,5.926956521739132,0.0,18.0
2026-05-23,36,2,baseline,2026-06-06,32.0,41.0,37.43000000000001,9.0,18.0
2026-05-23,36,3,ensemble,2026-06-13,23.0,31.0,6.885652173913045,8.0,27.0
2026-05-23,36,3,baseline,2026-06-13,23.0,41.0,46.638695652173915,18.0,27.0
2026-05-23,37,1,ensemble,2026-05-30,7.0,14.0,3.5869565217391304,7.0,8.0
2026-05-23,37,1,baseline,2026-05-30,7.0,15.0,14.777391304347828,8.0,8.0
2026-05-23,37,2,ensemble,2026-06-06,12.0,13.0,2.221739130434783,1.0,3.0
2026-05-23,37,2,baseline,2026-06-06,12.0,15.0,21.153478260869566,3.0,3.0
2026-05-23,37,3,ensemble,2026-06-13,10.0,13.0,2.6704347826086963,3.0,5.0
2026-05-23,37,3,baseline,2026-06-13,10.0,15.0,26.912173913043485,5.0,5.0
2026-05-23,38,1,ensemble,2026-05-30,7.0,5.0,1.4465217391304346,2.0,0.0
2026-05-23,38,1,baseline,2026-05-30,7.0,7.0,1.9708695652173913,0.0,0.0
2026-05-23,38,2,ensemble,2026-06-06,2.0,4.0,0.9634782608695653,2.0,5.0
2026-05-23,38,2,baseline,2026-06-06,2.0,7.0,3.4091304347826084,5.0,5.0
2026-05-23,38,3,ensemble,2026-06-13,3.0,3.0,0.8860869565217394,0.0,4.0
2026-05-23,38,3,baseline,2026-06-13,3.0,7.0,3.431739130434784,4.0,4.0
2026-05-23,39,1,ensemble,2026-05-30,15.0,13.0,2.419130434782609,2.0,1.0
2026-05-23,39,1,baseline,2026-05-30,15.0,12.0,17.770869565217396,3.0,1.0
2026-05-23,39,2,ensemble,2026-06-06,19.0,12.0,3.8152173913043486,7.0,5.0
2026-05-23,39,2,baseline,2026-06-06,19.0,12.0,26.378695652173914,7.0,5.0
2026-05-23,39,3,ensemble,2026-06-13,9.0,11.0,2.66304347826087,2.0,5.0
2026-05-23,39,3,baseline,2026-06-13,9.0,12.0,33.69478260869566,3.0,5.0
2026-05-23,40,1,ensemble,2026-05-30,8.0,10.0,1.5747826086956525,2.0,3.0
2026-05-23,40,1,baseline,2026-05-30,8.0,10.0,7.428260869565219,2.0,3.0
2026-05-23,40,2,ensemble,2026-06-06,13.0,8.0,2.4356521739130437,5.0,2.0
2026-05-23,40,2,baseline,2026-06-06,13.0,10.0,10.464347826086957,3.0,2.0
2026-05-23,40,3,ensemble,2026-06-13,11.0,8.0,2.016086956521739,3.0,0.0
2026-05-23,40,3,baseline,2026-06-13,11.0,10.0,12.918260869565215,1.0,0.0
2026-05-23,41,1,ensemble,2026-05-30,1.0,9.0,4.524347826086958,8.0,11.0
2026-05-23,41,1,baseline,2026-05-30,1.0,10.0,7.630434782608695,9.0,11.0
2026-05-23,41,2,ensemble,2026-06-06,3.0,8.0,2.386956521739131,5.0,9.0
2026-05-23,41,2,baseline,2026-06-06,3.0,10.0,9.138260869565219,7.0,9.0
2026-05-23,41,3,ensemble,2026-06-13,3.0,6.0,1.9239130434782612,3.0,9.0
2026-05-23,41,3,baseline,2026-06-13,3.0,10.0,11.094782608695652,7.0,9.0
2026-05-23,42,1,ensemble,2026-05-30,139.0,117.0,13.850434782608696,22.0,2.0
2026-05-23,42,1,baseline,2026-05-30,139.0,139.0,31.052173913043486,0.0,2.0
2026-05-23,42,2,ensemble,2026-06-06,181.0,110.0,42.93521739130435,71.0,40.0
2026-05-23,42,2,baseline,2026-06-06,181.0,139.0,49.31347826086958,42.0,40.0
2026-05-23,42,3,ensemble,2026-06-13,144.0,100.0,24.423913043478272,44.0,3.0
2026-05-23,42,3,baseline,2026-06-13,144.0,139.0,57.06130434782609,5.0,3.0
2026-05-23,44,1,ensemble,2026-05-30,4.0,5.0,1.048695652173913,1.0,6.0
2026-05-23,44,1,baseline,2026-05-30,4.0,8.0,2.9347826086956528,4.0,6.0
2026-05-23,44,2,ensemble,2026-06-06,0.0,4.0,2.306956521739131,4.0,10.0
2026-05-23,44,2,baseline,2026-06-06,0.0,8.0,5.058260869565219,8.0,10.0
2026-05-23,44,3,ensemble,2026-06-13,1.0,3.0,1.4965217391304346,2.0,9.0
2026-05-23,44,3,baseline,2026-06-13,1.0,8.0,4.826521739130436,7.0,9.0
2026-05-23,45,1,ensemble,2026-05-30,7.0,8.0,1.4221739130434783,1.0,1.0
2026-05-23,45,1,baseline,2026-05-30,7.0,8.0,7.038260869565218,1.0,1.0
2026-05-23,45,2,ensemble,2026-06-06,3.0,7.0,2.279565217391304,4.0,5.0
2026-05-23,45,2,baseline,2026-06-06,3.0,8.0,10.53521739130435,5.0,5.0
2026-05-23,45,3,ensemble,2026-06-13,8.0,8.0,1.7669565217391305,0.0,0.0
2026-05-23,45,3,baseline,2026-06-13,8.0,8.0,13.18826086956522,0.0,0.0
2026-05-23,46,1,ensemble,2026-05-30,0.0,2.0,1.093913043478261,2.0,4.0
2026-05-23,46,1,baseline,2026-05-30,0.0,2.0,1.7839130434782613,2.0,4.0
2026-05-23,46,2,ensemble,2026-06-06,2.0,2.0,0.4782608695652174,0.0,2.0
2026-05-23,46,2,baseline,2026-06-06,2.0,2.0,2.2030434782608697,0.0,2.0
2026-05-23,46,3,ensemble,2026-06-13,3.0,2.0,0.8795652173913042,1.0,1.0
2026-05-23,46,3,baseline,2026-06-13,3.0,2.0,2.7399999999999998,1.0,1.0
2026-05-23,47,1,ensemble,2026-05-30,31.0,30.0,3.367391304347826,1.0,5.0
2026-05-23,47,1,baseline,2026-05-30,31.0,35.0,11.333913043478262,4.0,5.0
2026-05-23,47,2,ensemble,2026-06-06,21.0,28.0,4.464347826086957,7.0,15.0
2026-05-23,47,2,baseline,2026-06-06,21.0,35.0,16.73478260869565,14.0,15.0
2026-05-23,47,3,ensemble,2026-06-13,24.0,26.0,3.941304347826087,2.0,12.0
2026-05-23,47,3,baseline,2026-06-13,24.0,35.0,19.80130434782609,11.0,12.0
2026-05-23,48,1,ensemble,2026-05-30,105.0,98.0,11.955652173913045,7.0,17.0
2026-05-23,48,1,baseline,2026-05-30,105.0,108.0,38.310869565217395,3.0,17.0
2026-05-23,48,2,ensemble,2026-06-06,102.0,90.0,12.508695652173918,12.0,20.0
2026-05-23,48,2,baseline,2026-06-06,102.0,108.0,51.92130434782609,6.0,20.0
2026-05-23,48,3,ensemble,2026-06-13,84.0,92.0,13.492173913043484,8.0,38.0
2026-05-23,48,3,baseline,2026-06-13,84.0,108.0,63.51391304347827,24.0,38.0
2026-05-23,49,1,ensemble,2026-05-30,4.0,6.0,1.0830434782608693,2.0,3.0
2026-05-23,49,1,baseline,2026-05-30,4.0,7.0,3.228260869565218,3.0,3.0
2026-05-23,49,2,ensemble,2026-06-06,9.0,4.0,2.446086956521739,5.0,2.0
2026-05-23,49,2,baseline,2026-06-06,9.0,7.0,3.9217391304347826,2.0,2.0
2026-05-23,49,3,ensemble,2026-06-13,5.0,4.0,1.0634782608695652,1.0,2.0
2026-05-23,49,3,baseline,2026-06-13,5.0,7.0,4.8069565217391315,2.0,2.0
2026-05-23,50,1,ensemble,2026-05-30,2.0,1.0,0.8043478260869567,1.0,2.0
2026-05-23,50,1,baseline,2026-05-30,2.0,0.0,1.071739130434783,2.0,2.0
2026-05-23,50,2,ensemble,2026-06-06,0.0,1.0,0.29869565217391303,1.0,0.0
2026-05-23,50,2,baseline,2026-06-06,0.0,0.0,1.0556521739130438,0.0,0.0
2026-05-23,50,3,ensemble,2026-06-13,0.0,0.0,0.2734782608695653,0.0,0.0
2026-05-23,50,3,baseline,2026-06-13,0.0,0.0,1.3221739130434786,0.0,0.0
2026-05-23,51,1,ensemble,2026-05-30,14.0,17.0,2.5182608695652178,3.0,4.0
2026-05-23,51,1,baseline,2026-05-30,14.0,20.0,11.378695652173915,6.0,4.0
2026-05-23,51,2,ensemble,2026-06-06,12.0,15.0,2.666956521739131,3.0,6.0
2026-05-23,51,2,baseline,2026-06-06,12.0,20.0,15.731739130434784,8.0,6.0
2026-05-23,51,3,ensemble,2026-06-13,20.0,15.0,3.6021739130434782,5.0,2.0
2026-05-23,51,3,baseline,2026-06-13,20.0,20.0,19.00956521739131,0.0,2.0
2026-05-23,53,1,ensemble,2026-05-30,10.0,23.0,6.721304347826087,13.0,18.0
2026-05-23,53,1,baseline,2026-05-30,10.0,28.0,11.594347826086958,18.0,18.0
2026-05-23,53,2,ensemble,2026-06-06,9.0,20.0,5.950869565217391,11.0,19.0
2026-05-23,53,2,baseline,2026-06-06,9.0,28.0,13.494347826086956,19.0,19.0
2026-05-23,53,3,ensemble,2026-06-13,11.0,19.0,4.153478260869566,8.0,17.0
2026-05-23,53,3,baseline,2026-06-13,11.0,28.0,14.5004347826087,17.0,17.0
2026-05-23,54,1,ensemble,2026-05-30,4.0,3.0,0.9482608695652175,1.0,1.0
2026-05-23,54,1,baseline,2026-05-30,4.0,5.0,4.242608695652175,1.0,1.0
2026-05-23,54,2,ensemble,2026-06-06,5.0,3.0,1.2956521739130433,2.0,0.0
2026-05-23,54,2,baseline,2026-06-06,5.0,5.0,5.803043478260871,0.0,0.0
2026-05-23,54,3,ensemble,2026-06-13,3.0,3.0,0.9521739130434783,0.0,2.0
2026-05-23,54,3,baseline,2026-06-13,3.0,5.0,7.333043478260871,2.0,2.0
2026-05-23,55,1,ensemble,2026-05-30,4.0,6.0,1.413913043478261,2.0,3.0
2026-05-23,55,1,baseline,2026-05-30,4.0,7.0,7.227826086956522,3.0,3.0
2026-05-23,55,2,ensemble,2026-06-06,4.0,6.0,1.3334782608695654,2.0,3.0
2026-05-23,55,2,baseline,2026-06-06,4.0,7.0,10.235652173913044,3.0,3.0
2026-05-23,55,3,ensemble,2026-06-13,0.0,5.0,2.955217391304348,5.0,7.0
2026-05-23,55,3,baseline,2026-06-13,0.0,7.0,13.322173913043477,7.0,7.0
2026-05-23,56,1,ensemble,2026-05-30,2.0,5.0,1.5117391304347827,3.0,6.0
2026-05-23,56,1,baseline,2026-05-30,2.0,8.0,3.656521739130435,6.0,6.0
2026-05-23,56,2,ensemble,2026-06-06,1.0,4.0,1.7060869565217391,3.0,7.0
2026-05-23,56,2,baseline,2026-06-06,1.0,8.0,4.188695652173914,7.0,7.0
2026-05-23,56,3,ensemble,2026-06-13,0.0,4.0,1.9343478260869562,4.0,8.0
2026-05-23,56,3,baseline,2026-06-13,0.0,8.0,4.614782608695651,8.0,8.0
2026-05-30,01,1,ensemble,2026-06-06,13.0,13.0,1.9660869565217391,0.0,11.0
2026-05-30,01,1,baseline,2026-06-06,13.0,14.0,7.351739130434782,1.0,11.0
2026-05-30,01,2,ensemble,2026-06-13,14.0,12.0,2.2560869565217394,2.0,10.0
2026-05-30,01,2,baseline,2026-06-13,14.0,14.0,10.034782608695652,0.0,10.0
2026-05-30,01,3,ensemble,2026-06-20,23.0,11.0,6.024782608695652,12.0,1.0
2026-05-30,01,3,baseline,2026-06-20,23.0,14.0,12.96086956521739,9.0,1.0
2026-05-30,02,1,ensemble,2026-06-06,3.0,1.0,1.0408695652173912,2.0,3.0
2026-05-30,02,1,baseline,2026-06-06,3.0,0.0,1.327391304347826,3.0,3.0
2026-05-30,02,2,ensemble,2026-06-13,0.0,1.0,0.4708695652173913,1.0,0.0
2026-05-30,02,2,baseline,2026-06-13,0.0,0.0,1.078695652173913,0.0,0.0
2026-05-30,02,3,ensemble,2026-06-20,3.0,1.0,1.0791304347826085,2.0,3.0
2026-05-30,02,3,baseline,2026-06-20,3.0,0.0,1.7091304347826088,3.0,3.0
2026-05-30,04,1,ensemble,2026-06-06,45.0,41.0,5.255217391304349,4.0,9.0
2026-05-30,04,1,baseline,2026-06-06,45.0,53.0,15.185652173913045,8.0,9.0
2026-05-30,04,2,ensemble,2026-06-13,22.0,34.0,7.383478260869565,12.0,32.0
2026-05-30,04,2,baseline,2026-06-13,22.0,53.0,25.669130434782613,31.0,32.0
2026-05-30,04,3,ensemble,2026-06-20,19.0,31.0,7.54913043478261,12.0,35.0
2026-05-30,04,3,baseline,2026-06-20,19.0,53.0,30.249130434782614,34.0,35.0
2026-05-30,05,1,ensemble,2026-06-06,2.0,7.0,2.854347826086957,5.0,8.0
2026-05-30,05,1,baseline,2026-06-06,2.0,8.0,6.4791304347826095,6.0,8.0
2026-05-30,05,2,ensemble,2026-06-13,1.0,7.0,3.2591304347826084,6.0,9.0
2026-05-30,05,2,baseline,2026-06-13,1.0,8.0,8.454782608695654,7.0,9.0
2026-05-30,05,3,ensemble,2026-06-20,1.0,7.0,3.2,6.0,9.0
2026-05-30,05,3,baseline,2026-06-20,1.0,8.0,9.728260869565217,7.0,9.0
2026-05-30,06,1,ensemble,2026-06-06,136.0,112.0,15.422608695652173,24.0,15.0
2026-05-30,06,1,baseline,2026-06-06,136.0,126.0,36.80130434782609,10.0,15.0
2026-05-30,06,2,ensemble,2026-06-13,126.0,102.0,15.65652173913044,24.0,25.0
2026-05-30,06,2,baseline,2026-06-13,126.0,126.0,52.55130434782609,0.0,25.0
2026-05-30,06,3,ensemble,2026-06-20,118.0,94.0,15.66,24.0,33.0
2026-05-30,06,3,baseline,2026-06-20,118.0,126.0,66.31695652173913,8.0,33.0
2026-05-30,08,1,ensemble,2026-06-06,5.0,7.0,1.6669565217391307,2.0,4.0
2026-05-30,08,1,baseline,2026-06-06,5.0,8.0,6.592608695652175,3.0,4.0
2026-05-30,08,2,ensemble,2026-06-13,4.0,7.0,1.8056521739130436,3.0,5.0
2026-05-30,08,2,baseline,2026-06-13,4.0,8.0,9.110434782608696,4.0,5.0
2026-05-30,08,3,ensemble,2026-06-20,3.0,6.0,1.87304347826087,3.0,6.0
2026-05-30,08,3,baseline,2026-06-20,3.0,8.0,11.083478260869565,5.0,6.0
2026-05-30,09,1,ensemble,2026-06-06,2.0,3.0,0.8926086956521742,1.0,0.0
2026-05-30,09,1,baseline,2026-06-06,2.0,2.0,4.584782608695653,0.0,0.0
2026-05-30,09,2,ensemble,2026-06-13,3.0,3.0,0.900434782608696,0.0,1.0
2026-05-30,09,2,baseline,2026-06-13,3.0,2.0,6.584782608695653,1.0,1.0
2026-05-30,09,3,ensemble,2026-06-20,2.0,2.0,0.9460869565217394,0.0,0.0
2026-05-30,09,3,baseline,2026-06-20,2.0,2.0,8.454782608695654,0.0,0.0
2026-05-30,10,1,ensemble,2026-06-06,0.0,2.0,0.9269565217391301,2.0,2.0
2026-05-30,10,1,baseline,2026-06-06,0.0,2.0,2.2295652173913045,2.0,2.0
2026-05-30,10,2,ensemble,2026-06-13,1.0,2.0,0.6560869565217393,1.0,1.0
2026-05-30,10,2,baseline,2026-06-13,1.0,2.0,2.5826086956521745,1.0,1.0
2026-05-30,10,3,ensemble,2026-06-20,0.0,2.0,0.8439130434782609,2.0,2.0
2026-05-30,10,3,baseline,2026-06-20,0.0,2.0,3.474347826086957,2.0,2.0
2026-05-30,11,1,ensemble,2026-06-06,1.0,1.0,0.2952173913043479,0.0,1.0
2026-05-30,11,1,baseline,2026-06-06,1.0,0.0,1.2321739130434788,1.0,1.0
2026-05-30,11,2,ensemble,2026-06-13,4.0,1.0,1.9478260869565216,3.0,2.0
2026-05-30,11,2,baseline,2026-06-13,4.0,0.0,2.289130434782609,4.0,2.0
2026-05-30,11,3,ensemble,2026-06-20,0.0,1.0,0.3747826086956522,1.0,2.0
2026-05-30,11,3,baseline,2026-06-20,0.0,0.0,2.2834782608695656,0.0,2.0
2026-05-30,12,1,ensemble,2026-06-06,125.0,118.0,11.31826086956522,7.0,9.0
2026-05-30,12,1,baseline,2026-06-06,125.0,117.0,33.910000000000004,8.0,9.0
2026-05-30,12,2,ensemble,2026-06-13,97.0,105.0,12.61826086956522,8.0,37.0
2026-05-30,12,2,baseline,2026-06-13,97.0,117.0,46.42869565217393,20.0,37.0
2026-05-30,12,3,ensemble,2026-06-20,107.0,112.0,12.933478260869567,5.0,27.0
2026-05-30,12,3,baseline,2026-06-20,107.0,117.0,55.76260869565219,10.0,27.0
2026-05-30,13,1,ensemble,2026-06-06,18.0,22.0,3.2460869565217396,4.0,15.0
2026-05-30,13,1,baseline,2026-06-06,18.0,27.0,13.07217391304348,9.0,15.0
2026-05-30,13,2,ensemble,2026-06-13,10.0,20.0,5.458260869565217,10.0,23.0
2026-05-30,13,2,baseline,2026-06-13,10.0,27.0,18.90913043478261,17.0,23.0
2026-05-30,13,3,ensemble,2026-06-20,8.0,18.0,5.506521739130434,10.0,25.0
2026-05-30,13,3,baseline,2026-06-20,8.0,27.0,23.221304347826088,19.0,25.0
2026-05-30,15,1,ensemble,2026-06-06,10.0,10.0,1.622173913043478,0.0,7.0
2026-05-30,15,1,baseline,2026-06-06,10.0,16.0,3.510434782608696,6.0,7.0
2026-05-30,15,2,ensemble,2026-06-13,5.0,9.0,2.422173913043478,4.0,12.0
2026-05-30,15,2,baseline,2026-06-13,5.0,16.0,5.8826086956521735,11.0,12.0
2026-05-30,15,3,ensemble,2026-06-20,6.0,9.0,1.9613043478260872,3.0,11.0
2026-05-30,15,3,baseline,2026-06-20,6.0,16.0,5.546521739130435,10.0,11.0
2026-05-30,16,1,ensemble,2026-06-06,3.0,4.0,0.841304347826087,1.0,3.0
2026-05-30,16,1,baseline,2026-06-06,3.0,3.0,2.98608695652174,0.0,3.0
2026-05-30,16,2,ensemble,2026-06-13,1.0,3.0,1.0504347826086957,2.0,5.0
2026-05-30,16,2,baseline,2026-06-13,1.0,3.0,4.194782608695653,2.0,5.0
2026-05-30,16,3,ensemble,2026-06-20,6.0,3.0,1.6373913043478259,3.0,0.0
2026-05-30,16,3,baseline,2026-06-20,6.0,3.0,5.254782608695653,3.0,0.0
2026-05-30,17,1,ensemble,2026-06-06,18.0,16.0,2.9134782608695655,2.0,3.0
2026-05-30,17,1,baseline,2026-06-06,18.0,21.0,14.624782608695655,3.0,3.0
2026-05-30,17,2,ensemble,2026-06-13,7.0,15.0,4.430434782608696,8.0,14.0
2026-05-30,17,2,baseline,2026-06-13,7.0,21.0,22.39521739130435,14.0,14.0
2026-05-30,17,3,ensemble,2026-06-20,18.0,14.0,3.3795652173913053,4.0,3.0
2026-05-30,17,3,baseline,2026-06-20,18.0,21.0,26.753913043478263,3.0,3.0
2026-05-30,18,1,ensemble,2026-06-06,6.0,13.0,3.757826086956521,7.0,12.0
2026-05-30,18,1,baseline,2026-06-06,6.0,14.0,11.589565217391307,8.0,12.0
2026-05-30,18,2,ensemble,2026-06-13,9.0,12.0,2.251304347826087,3.0,9.0
2026-05-30,18,2,baseline,2026-06-13,9.0,14.0,15.823478260869567,5.0,9.0
2026-05-30,18,3,ensemble,2026-06-20,4.0,11.0,4.4226086956521735,7.0,14.0
2026-05-30,18,3,baseline,2026-06-20,4.0,14.0,20.123043478260872,10.0,14.0
2026-05-30,19,1,ensemble,2026-06-06,5.0,2.0,1.7182608695652175,3.0,2.0
2026-05-30,19,1,baseline,2026-06-06,5.0,0.0,3.8286956521739137,5.0,2.0
2026-05-30,19,2,ensemble,2026-06-13,2.0,2.0,0.6278260869565218,0.0,1.0
2026-05-30,19,2,baseline,2026-06-13,2.0,0.0,4.8530434782608705,2.0,1.0
2026-05-30,19,3,ensemble,2026-06-20,2.0,2.0,0.6460869565217393,0.0,1.0
2026-05-30,19,3,baseline,2026-06-20,2.0,0.0,6.254782608695652,2.0,1.0
2026-05-30,20,1,ensemble,2026-06-06,3.0,4.0,0.7730434782608697,1.0,2.0
2026-05-30,20,1,baseline,2026-06-06,3.0,5.0,3.8878260869565224,2.0,2.0
2026-05-30,20,2,ensemble,2026-06-13,2.0,3.0,0.8843478260869564,1.0,3.0
2026-05-30,20,2,baseline,2026-06-13,2.0,5.0,5.765652173913044,3.0,3.0
2026-05-30,20,3,ensemble,2026-06-20,2.0,3.0,0.9186956521739131,1.0,3.0
2026-05-30,20,3,baseline,2026-06-20,2.0,5.0,7.055217391304348,3.0,3.0
2026-05-30,21,1,ensemble,2026-06-06,21.0,7.0,8.170434782608694,14.0,5.0
2026-05-30,21,1,baseline,2026-06-06,21.0,6.0,10.583478260869567,15.0,5.0
2026-05-30,21,2,ensemble,2026-06-13,18.0,6.0,6.478695652173914,12.0,2.0
2026-05-30,21,2,baseline,2026-06-13,18.0,6.0,12.367391304347825,12.0,2.0
2026-05-30,21,3,ensemble,2026-06-20,11.0,6.0,2.57695652173913,5.0,5.0
2026-05-30,21,3,baseline,2026-06-20,11.0,6.0,14.377391304347828,5.0,5.0
2026-05-30,22,1,ensemble,2026-06-06,26.0,21.0,3.160434782608696,5.0,0.0
2026-05-30,22,1,baseline,2026-06-06,26.0,25.0,8.277826086956523,1.0,0.0
2026-05-30,22,2,ensemble,2026-06-13,31.0,20.0,5.691739130434785,11.0,5.0
2026-05-30,22,2,baseline,2026-06-13,31.0,25.0,11.684347826086958,6.0,5.0
2026-05-30,22,3,ensemble,2026-06-20,18.0,21.0,2.9417391304347826,3.0,8.0
2026-05-30,22,3,baseline,2026-06-20,18.0,25.0,14.23739130434783,7.0,8.0
2026-05-30,23,1,ensemble,2026-06-06,0.0,2.0,0.9843478260869566,2.0,3.0
2026-05-30,23,1,baseline,2026-06-06,0.0,2.0,2.187391304347827,2.0,3.0
2026-05-30,23,2,ensemble,2026-06-13,1.0,2.0,0.6004347826086958,1.0,2.0
2026-05-30,23,2,baseline,2026-06-13,1.0,2.0,3.034347826086957,1.0,2.0
2026-05-30,23,3,ensemble,2026-06-20,0.0,2.0,0.8991304347826088,2.0,3.0
2026-05-30,23,3,baseline,2026-06-20,0.0,2.0,3.7352173913043485,2.0,3.0
2026-05-30,24,1,ensemble,2026-06-06,17.0,10.0,3.9082608695652175,7.0,5.0
2026-05-30,24,1,baseline,2026-06-06,17.0,11.0,7.653043478260871,6.0,5.0
2026-05-30,24,2,ensemble,2026-06-13,12.0,9.0,2.1039130434782614,3.0,0.0
2026-05-30,24,2,baseline,2026-06-13,12.0,11.0,10.249130434782609,1.0,0.0
2026-05-30,24,3,ensemble,2026-06-20,9.0,8.0,1.7391304347826086,1.0,3.0
2026-05-30,24,3,baseline,2026-06-20,9.0,11.0,12.751304347826089,2.0,3.0
2026-05-30,25,1,ensemble,2026-06-06,3.0,10.0,3.640869565217391,7.0,7.0
2026-05-30,25,1,baseline,2026-06-06,3.0,10.0,11.27217391304348,7.0,7.0
2026-05-30,25,2,ensemble,2026-06-13,3.0,9.0,3.217391304347826,6.0,7.0
2026-05-30,25,2,baseline,2026-06-13,3.0,10.0,15.960869565217392,7.0,7.0
2026-05-30,25,3,ensemble,2026-06-20,0.0,8.0,4.5547826086956515,8.0,10.0
2026-05-30,25,3,baseline,2026-06-20,0.0,10.0,20.185217391304352,10.0,10.0
2026-05-30,26,1,ensemble,2026-06-06,7.0,17.0,4.971739130434783,10.0,10.0
2026-05-30,26,1,baseline,2026-06-06,7.0,17.0,15.111304347826087,10.0,10.0
2026-05-30,26,2,ensemble,2026-06-13,5.0,14.0,5.003913043478262,9.0,12.0
2026-05-30,26,2,baseline,2026-06-13,5.0,17.0,21.081739130434784,12.0,12.0
2026-05-30,26,3,ensemble,2026-06-20,10.0,14.0,3.0834782608695654,4.0,7.0
2026-05-30,26,3,baseline,2026-06-20,10.0,17.0,25.186521739130434,7.0,7.0
2026-05-30,27,1,ensemble,2026-06-06,6.0,8.0,1.7656521739130437,2.0,5.0
2026-05-30,27,1,baseline,2026-06-06,6.0,11.0,7.096521739130436,5.0,5.0
2026-05-30,27,2,ensemble,2026-06-13,3.0,7.0,2.3721739130434782,4.0,8.0
2026-05-30,27,2,baseline,2026-06-13,3.0,11.0,10.278695652173914,8.0,8.0
2026-05-30,27,3,ensemble,2026-06-20,1.0,6.0,3.3773913043478263,5.0,10.0
2026-05-30,27,3,baseline,2026-06-20,1.0,11.0,12.770434782608698,10.0,10.0
2026-05-30,28,1,ensemble,2026-06-06,8.0,8.0,1.5213043478260868,0.0,4.0
2026-05-30,28,1,baseline,2026-06-06,8.0,7.0,4.815652173913044,1.0,4.0
2026-05-30,28,2,ensemble,2026-06-13,4.0,8.0,2.360434782608696,4.0,8.0
2026-05-30,28,2,baseline,2026-06-13,4.0,7.0,6.3426086956521734,3.0,8.0
2026-05-30,28,3,ensemble,2026-06-20,7.0,7.0,1.773478260869565,0.0,5.0
2026-05-30,28,3,baseline,2026-06-20,7.0,7.0,7.523913043478262,0.0,5.0
2026-05-30,29,1,ensemble,2026-06-06,7.0,11.0,2.500434782608696,4.0,6.0
2026-05-30,29,1,baseline,2026-06-06,7.0,13.0,10.205217391304348,6.0,6.0
2026-05-30,29,2,ensemble,2026-06-13,16.0,11.0,2.9617391304347827,5.0,3.0
2026-05-30,29,2,baseline,2026-06-13,16.0,13.0,13.953043478260875,3.0,3.0
2026-05-30,29,3,ensemble,2026-06-20,10.0,11.0,2.133913043478261,1.0,3.0
2026-05-30,29,3,baseline,2026-06-20,10.0,13.0,17.648260869565217,3.0,3.0
2026-05-30,30,1,ensemble,2026-06-06,0.0,2.0,0.9043478260869565,2.0,2.0
2026-05-30,30,1,baseline,2026-06-06,0.0,2.0,2.1069565217391304,2.0,2.0
2026-05-30,30,2,ensemble,2026-06-13,5.0,1.0,1.9056521739130434,4.0,3.0
2026-05-30,30,2,baseline,2026-06-13,5.0,2.0,3.008695652173914,3.0,3.0
2026-05-30,30,3,ensemble,2026-06-20,6.0,1.0,2.78695652173913,5.0,4.0
2026-05-30,30,3,baseline,2026-06-20,6.0,2.0,3.675652173913044,4.0,4.0
2026-05-30,31,1,ensemble,2026-06-06,0.0,2.0,0.6565217391304349,2.0,0.0
2026-05-30,31,1,baseline,2026-06-06,0.0,0.0,1.9373913043478266,0.0,0.0
2026-05-30,31,2,ensemble,2026-06-13,0.0,1.0,0.5760869565217392,1.0,0.0
2026-05-30,31,2,baseline,2026-06-13,0.0,0.0,2.830434782608696,0.0,0.0
2026-05-30,31,3,ensemble,2026-06-20,7.0,1.0,3.62,6.0,7.0
2026-05-30,31,3,baseline,2026-06-20,7.0,1.0,4.336956521739131,6.0,7.0
2026-05-30,32,1,ensemble,2026-06-06,14.0,16.0,2.3682608695652174,2.0,16.0
2026-05-30,32,1,baseline,2026-06-06,14.0,22.0,6.2630434782608715,8.0,16.0
2026-05-30,32,2,ensemble,2026-06-13,20.0,13.0,3.4743478260869556,7.0,10.0
2026-05-30,32,2,baseline,2026-06-13,20.0,22.0,6.980869565217392,2.0,10.0
2026-05-30,32,3,ensemble,2026-06-20,11.0,12.0,2.1917391304347826,1.0,19.0
2026-05-30,32,3,baseline,2026-06-20,11.0,22.0,9.590434782608698,11.0,19.0
2026-05-30,33,1,ensemble,2026-06-06,4.0,2.0,1.1695652173913043,2.0,2.0
2026-05-30,33,1,baseline,2026-06-06,4.0,2.0,2.1386956521739138,2.0,2.0
2026-05-30,33,2,ensemble,2026-06-13,2.0,2.0,0.5026086956521739,0.0,0.0
2026-05-30,33,2,baseline,2026-06-13,2.0,2.0,2.6482608695652172,0.0,0.0
2026-05-30,33,3,ensemble,2026-06-20,0.0,2.0,0.8447826086956521,2.0,2.0
2026-05-30,33,3,baseline,2026-06-20,0.0,2.0,3.4204347826086963,2.0,2.0
2026-05-30,34,1,ensemble,2026-06-06,21.0,24.0,3.503478260869566,3.0,8.0
2026-05-30,34,1,baseline,2026-06-06,21.0,31.0,15.972608695652177,10.0,8.0
2026-05-30,34,2,ensemble,2026-06-13,21.0,21.0,3.533913043478261,0.0,8.0
2026-05-30,34,2,baseline,2026-06-13,21.0,31.0,21.993478260869566,10.0,8.0
2026-05-30,34,3,ensemble,2026-06-20,16.0,19.0,3.680869565217391,3.0,13.0
2026-05-30,34,3,baseline,2026-06-20,16.0,31.0,27.685217391304352,15.0,13.0
2026-05-30,35,1,ensemble,2026-06-06,1.0,3.0,1.218695652173913,2.0,4.0
2026-05-30,35,1,baseline,2026-06-06,1.0,4.0,4.12,3.0,4.0
2026-05-30,35,2,ensemble,2026-06-13,2.0,3.0,0.8482608695652176,1.0,3.0
2026-05-30,35,2,baseline,2026-06-13,2.0,4.0,5.46217391304348,2.0,3.0
2026-05-30,35,3,ensemble,2026-06-20,1.0,3.0,1.1452173913043482,2.0,4.0
2026-05-30,35,3,baseline,2026-06-20,1.0,4.0,6.788260869565218,3.0,4.0
2026-05-30,36,1,ensemble,2026-06-06,32.0,35.0,5.373043478260869,3.0,21.0
2026-05-30,36,1,baseline,2026-06-06,32.0,44.0,26.791739130434784,12.0,21.0
2026-05-30,36,2,ensemble,2026-06-13,23.0,30.0,6.114347826086957,7.0,30.0
2026-05-30,36,2,baseline,2026-06-13,23.0,44.0,38.85739130434782,21.0,30.0
2026-05-30,36,3,ensemble,2026-06-20,18.0,29.0,6.90913043478261,11.0,35.0
2026-05-30,36,3,baseline,2026-06-20,18.0,44.0,47.63260869565217,26.0,35.0
2026-05-30,37,1,ensemble,2026-06-06,12.0,11.0,1.9230434782608694,1.0,1.0
2026-05-30,37,1,baseline,2026-06-06,12.0,11.0,13.615652173913046,1.0,1.0
2026-05-30,37,2,ensemble,2026-06-13,10.0,10.0,2.15304347826087,0.0,3.0
2026-05-30,37,2,baseline,2026-06-13,10.0,11.0,20.120000000000005,1.0,3.0
2026-05-30,37,3,ensemble,2026-06-20,5.0,10.0,2.9321739130434787,5.0,8.0
2026-05-30,37,3,baseline,2026-06-20,5.0,11.0,25.98391304347826,6.0,8.0
2026-05-30,38,1,ensemble,2026-06-06,2.0,4.0,1.2269565217391307,2.0,8.0
2026-05-30,38,1,baseline,2026-06-06,2.0,7.0,3.0621739130434777,5.0,8.0
2026-05-30,38,2,ensemble,2026-06-13,3.0,4.0,0.8860869565217392,1.0,7.0
2026-05-30,38,2,baseline,2026-06-13,3.0,7.0,3.1926086956521735,4.0,7.0
2026-05-30,38,3,ensemble,2026-06-20,3.0,3.0,0.869130434782609,0.0,7.0
2026-05-30,38,3,baseline,2026-06-20,3.0,7.0,3.4221739130434785,4.0,7.0
2026-05-30,39,1,ensemble,2026-06-06,19.0,13.0,3.4465217391304352,6.0,5.0
2026-05-30,39,1,baseline,2026-06-06,19.0,14.0,17.995652173913047,5.0,5.0
2026-05-30,39,2,ensemble,2026-06-13,9.0,12.0,2.5926086956521743,3.0,5.0
2026-05-30,39,2,baseline,2026-06-13,9.0,14.0,26.453043478260874,5.0,5.0
2026-05-30,39,3,ensemble,2026-06-20,11.0,12.0,2.3065217391304356,1.0,3.0
2026-05-30,39,3,baseline,2026-06-20,11.0,14.0,33.955652173913045,3.0,3.0
2026-05-30,40,1,ensemble,2026-06-06,13.0,7.0,2.9347826086956523,6.0,5.0
2026-05-30,40,1,baseline,2026-06-06,13.0,7.0,7.512608695652175,6.0,5.0
2026-05-30,40,2,ensemble,2026-06-13,11.0,7.0,2.152173913043478,4.0,3.0
2026-05-30,40,2,baseline,2026-06-13,11.0,7.0,10.006521739130436,4.0,3.0
2026-05-30,40,3,ensemble,2026-06-20,3.0,7.0,2.0156521739130433,4.0,5.0
2026-05-30,40,3,baseline,2026-06-20,3.0,7.0,12.528260869565216,4.0,5.0
2026-05-30,41,1,ensemble,2026-06-06,3.0,6.0,1.27,3.0,5.0
2026-05-30,41,1,baseline,2026-06-06,3.0,4.0,5.239565217391305,1.0,5.0
2026-05-30,41,2,ensemble,2026-06-13,3.0,5.0,1.12,2.0,5.0
2026-05-30,41,2,baseline,2026-06-13,3.0,4.0,7.60217391304348,1.0,5.0
2026-05-30,41,3,ensemble,2026-06-20,7.0,4.0,1.6639130434782607,3.0,1.0
2026-05-30,41,3,baseline,2026-06-20,7.0,4.0,9.680869565217392,3.0,1.0
2026-05-30,42,1,ensemble,2026-06-06,181.0,125.0,32.31347826086957,56.0,4.0
2026-05-30,42,1,baseline,2026-06-06,181.0,156.0,34.26347826086957,25.0,4.0
2026-05-30,42,2,ensemble,2026-06-13,144.0,115.0,17.87086956521739,29.0,41.0
2026-05-30,42,2,baseline,2026-06-13,144.0,156.0,46.22695652173913,12.0,41.0
2026-05-30,42,3,ensemble,2026-06-20,142.0,109.0,19.563043478260873,33.0,43.0
2026-05-30,42,3,baseline,2026-06-20,142.0,156.0,58.49695652173912,14.0,43.0
2026-05-30,44,1,ensemble,2026-06-06,0.0,3.0,1.5969565217391304,3.0,4.0
2026-05-30,44,1,baseline,2026-06-06,0.0,4.0,2.861739130434783,4.0,4.0
2026-05-30,44,2,ensemble,2026-06-13,1.0,3.0,0.9660869565217393,2.0,3.0
2026-05-30,44,2,baseline,2026-06-13,1.0,4.0,2.9352173913043482,3.0,3.0
2026-05-30,44,3,ensemble,2026-06-20,1.0,3.0,0.9156521739130435,2.0,3.0
2026-05-30,44,3,baseline,2026-06-20,1.0,4.0,3.3800000000000003,3.0,3.0
2026-05-30,45,1,ensemble,2026-06-06,3.0,9.0,3.213043478260869,6.0,8.0
2026-05-30,45,1,baseline,2026-06-06,3.0,11.0,8.511739130434785,8.0,8.0
2026-05-30,45,2,ensemble,2026-06-13,8.0,8.0,1.378695652173913,0.0,3.0
2026-05-30,45,2,baseline,2026-06-13,8.0,11.0,10.774782608695652,3.0,3.0
2026-05-30,45,3,ensemble,2026-06-20,3.0,8.0,2.8847826086956525,5.0,8.0
2026-05-30,45,3,baseline,2026-06-20,3.0,11.0,14.021739130434785,8.0,8.0
2026-05-30,46,1,ensemble,2026-06-06,2.0,3.0,0.5852173913043479,1.0,4.0
2026-05-30,46,1,baseline,2026-06-06,2.0,4.0,2.14,2.0,4.0
2026-05-30,46,2,ensemble,2026-06-13,3.0,3.0,0.6100000000000001,0.0,3.0
2026-05-30,46,2,baseline,2026-06-13,3.0,4.0,2.502608695652174,1.0,3.0
2026-05-30,46,3,ensemble,2026-06-20,1.0,2.0,0.6743478260869565,1.0,5.0
2026-05-30,46,3,baseline,2026-06-20,1.0,4.0,3.220869565217392,3.0,5.0
2026-05-30,47,1,ensemble,2026-06-06,21.0,28.0,4.101304347826087,7.0,12.0
2026-05-30,47,1,baseline,2026-06-06,21.0,33.0,12.414347826086958,12.0,12.0
2026-05-30,47,2,ensemble,2026-06-13,24.0,26.0,3.3486956521739133,2.0,9.0
2026-05-30,47,2,baseline,2026-06-13,24.0,33.0,15.898260869565217,9.0,9.0
2026-05-30,47,3,ensemble,2026-06-20,23.0,24.0,3.659565217391305,1.0,10.0
2026-05-30,47,3,baseline,2026-06-20,23.0,33.0,19.34913043478261,10.0,10.0
2026-05-30,48,1,ensemble,2026-06-06,102.0,85.0,12.58304347826087,17.0,4.0
2026-05-30,48,1,baseline,2026-06-06,102.0,89.0,37.17,13.0,4.0
2026-05-30,48,2,ensemble,2026-06-13,84.0,81.0,11.222173913043479,3.0,22.0
2026-05-30,48,2,baseline,2026-06-13,84.0,89.0,49.802608695652175,5.0,22.0
2026-05-30,48,3,ensemble,2026-06-20,82.0,80.0,11.455217391304348,2.0,24.0
2026-05-30,48,3,baseline,2026-06-20,82.0,89.0,59.956521739130444,7.0,24.0
2026-05-30,49,1,ensemble,2026-06-06,9.0,3.0,3.603478260869565,6.0,6.0
2026-05-30,49,1,baseline,2026-06-06,9.0,3.0,3.603043478260871,6.0,6.0
2026-05-30,49,2,ensemble,2026-06-13,5.0,3.0,1.2782608695652176,2.0,2.0
2026-05-30,49,2,baseline,2026-06-13,5.0,3.0,3.4669565217391303,2.0,2.0
2026-05-30,49,3,ensemble,2026-06-20,5.0,2.0,1.3121739130434782,3.0,2.0
2026-05-30,49,3,baseline,2026-06-20,5.0,3.0,4.155652173913044,2.0,2.0
2026-05-30,50,1,ensemble,2026-06-06,0.0,1.0,0.3130434782608696,1.0,0.0
2026-05-30,50,1,baseline,2026-06-06,0.0,0.0,0.6369565217391306,0.0,0.0
2026-05-30,50,2,ensemble,2026-06-13,0.0,1.0,0.3378260869565218,1.0,0.0
2026-05-30,50,2,baseline,2026-06-13,0.0,0.0,1.0795652173913046,0.0,0.0
2026-05-30,50,3,ensemble,2026-06-20,0.0,0.0,0.2952173913043479,0.0,0.0
2026-05-30,50,3,baseline,2026-06-20,0.0,0.0,1.3439130434782611,0.0,0.0
2026-05-30,51,1,ensemble,2026-06-06,12.0,13.0,1.7660869565217396,1.0,1.0
2026-05-30,51,1,baseline,2026-06-06,12.0,15.0,10.623478260869565,3.0,1.0
2026-05-30,51,2,ensemble,2026-06-13,20.0,13.0,3.980434782608694,7.0,7.0
2026-05-30,51,2,baseline,2026-06-13,20.0,15.0,14.82826086956522,5.0,7.0
2026-05-30,51,3,ensemble,2026-06-20,7.0,12.0,2.825652173913044,5.0,6.0
2026-05-30,51,3,baseline,2026-06-20,7.0,15.0,18.382173913043484,8.0,6.0
2026-05-30,53,1,ensemble,2026-06-06,9.0,14.0,3.1199999999999997,5.0,8.0
2026-05-30,53,1,baseline,2026-06-06,9.0,15.0,7.195217391304349,6.0,8.0
2026-05-30,53,2,ensemble,2026-06-13,11.0,12.0,2.5760869565217392,1.0,6.0
2026-05-30,53,2,baseline,2026-06-13,11.0,15.0,9.28130434782609,4.0,6.0
2026-05-30,53,3,ensemble,2026-06-20,15.0,11.0,2.7943478260869563,4.0,2.0
2026-05-30,53,3,baseline,2026-06-20,15.0,15.0,11.186521739130436,0.0,2.0
2026-05-30,54,1,ensemble,2026-06-06,5.0,2.0,1.5995652173913046,3.0,3.0
2026-05-30,54,1,baseline,2026-06-06,5.0,2.0,3.9895652173913057,3.0,3.0
2026-05-30,54,2,ensemble,2026-06-13,3.0,2.0,0.8486956521739131,1.0,1.0
2026-05-30,54,2,baseline,2026-06-13,3.0,2.0,5.309565217391304,1.0,1.0
2026-05-30,54,3,ensemble,2026-06-20,2.0,2.0,0.6682608695652175,0.0,0.0
2026-05-30,54,3,baseline,2026-06-20,2.0,2.0,6.640434782608696,0.0,0.0
2026-05-30,55,1,ensemble,2026-06-06,4.0,4.0,1.0478260869565221,0.0,1.0
2026-05-30,55,1,baseline,2026-06-06,4.0,3.0,6.414782608695653,1.0,1.0
2026-05-30,55,2,ensemble,2026-06-13,0.0,3.0,1.851304347826087,3.0,3.0
2026-05-30,55,2,baseline,2026-06-13,0.0,3.0,9.439565217391307,3.0,3.0
2026-05-30,55,3,ensemble,2026-06-20,0.0,3.0,1.895217391304348,3.0,3.0
2026-05-30,55,3,baseline,2026-06-20,0.0,3.0,12.11826086956522,3.0,3.0
2026-05-30,56,1,ensemble,2026-06-06,1.0,4.0,1.321304347826087,3.0,4.0
2026-05-30,56,1,baseline,2026-06-06,1.0,5.0,2.6908695652173917,4.0,4.0
2026-05-30,56,2,ensemble,2026-06-13,0.0,3.0,1.736521739130435,3.0,5.0
2026-05-30,56,2,baseline,2026-06-13,0.0,5.0,3.4056521739130434,5.0,5.0
2026-05-30,56,3,ensemble,2026-06-20,1.0,3.0,0.861304347826087,2.0,4.0
2026-05-30,56,3,baseline,2026-06-20,1.0,5.0,3.0904347826086958,4.0,4.0
