reference_date,location,horizon,model,target_end_date,truth,point,wis,mae,persistence_mae
2024-11-23,01,1,ensemble,2024-11-30,65.0,59.0,6.557391304347827,6.0,21.0
2024-11-23,01,1,baseline,2024-11-30,65.0,44.0,12.197826086956523,21.0,21.0
2024-11-23,01,2,ensemble,2024-12-07,102.0,70.0,15.564347826086957,32.0,58.0
2024-11-23,01,2,baseline,2024-12-07,102.0,44.0,32.237826086956524,58.0,58.0
2024-11-23,01,3,ensemble,2024-12-14,193.0,88.0,63.22956521739129,105.0,149.0
2024-11-23,01,3,baseline,2024-12-14,193.0,44.0,93.86173913043478,149.0,149.0
2024-11-23,02,1,ensemble,2024-11-30,9.0,9.0,1.2852173913043479,0.0,0.0
2024-11-23,02,1,baseline,2024-11-30,9.0,7.0,1.5621739130434782,2.0,0.0
2024-11-23,02,2,ensemble,2024-12-07,17.0,9.0,4.072173913043478,8.0,8.0
2024-11-23,02,2,baseline,2024-12-07,17.0,7.0,5.361304347826087,10.0,8.0
2024-11-23,02,3,ensemble,2024-12-14,25.0,10.0,8.624347826086957,15.0,16.0
2024-11-23,02,3,baseline,2024-12-14,25.0,7.0,10.20608695652174,18.0,16.0
2024-11-23,04,1,ensemble,2024-11-30,541.0,430.0,56.51652173913043,111.0,212.0
2024-11-23,04,1,baseline,2024-11-30,541.0,357.0,117.55695652173912,184.0,212.0
2024-11-23,04,2,ensemble,2024-12-07,829.0,451.0,204.68652173913043,378.0,500.0
2024-11-23,04,2,baseline,2024-12-07,829.0,357.0,359.03826086956525,472.0,500.0
2024-11-23,04,3,ensemble,2024-12-14,960.0,479.0,283.52260869565214,481.0,631.0
2024-11-23,04,3,baseline,2024-12-14,960.0,357.0,471.4730434782608,603.0,631.0
2024-11-23,05,1,ensemble,2024-11-30,11.0,20.0,5.564782608695652,9.0,2.0
2024-11-23,05,1,baseline,2024-11-30,11.0,13.0,5.315217391304349,2.0,2.0
2024-11-23,05,2,ensemble,2024-12-07,32.0,22.0,6.427826086956521,10.0,19.0
2024-11-23,05,2,baseline,2024-12-07,32.0,13.0,10.34608695652174,19.0,19.0
2024-11-23,05,3,ensemble,2024-12-14,42.0,25.0,9.037826086956521,17.0,29.0
2024-11-23,05,3,baseline,2024-12-14,42.0,13.0,13.857826086956523,29.0,29.0
2024-11-23,06,1,ensemble,2024-11-30,684.0,475.0,102.79695652173913,209.0,373.0
2024-11-23,06,1,baseline,2024-11-30,684.0,303.0,238.10739130434783,381.0,373.0
2024-11-23,06,2,ensemble,2024-12-07,1059.0,582.0,273.1626086956522,477.0,748.0
2024-11-23,06,2,baseline,2024-12-07,1059.0,303.0,493.7630434782609,756.0,748.0
2024-11-23,06,3,ensemble,2024-12-14,1395.0,660.0,440.5017391304347,735.0,1084.0
2024-11-23,06,3,baseline,2024-12-14,1395.0,303.0,756.3239130434783,1092.0,1084.0
2024-11-23,08,1,ensemble,2024-11-30,67.0,42.0,12.999565217391307,25.0,38.0
2024-11-23,08,1,baseline,2024-11-30,67.0,29.0,21.246521739130436,38.0,38.0
2024-11-23,08,2,ensemble,2024-12-07,90.0,49.0,20.603478260869565,41.0,61.0
2024-11-23,08,2,baseline,2024-12-07,90.0,29.0,33.5904347826087,61.0,61.0
2024-11-23,08,3,ensemble,2024-12-14,129.0,59.0,39.8104347826087,70.0,100.0
2024-11-23,08,3,baseline,2024-12-14,129.0,29.0,58.24826086956521,100.0,100.0
2024-11-23,09,1,ensemble,2024-11-30,10.0,12.0,3.2626086956521743,2.0,5.0
2024-11-23,09,1,baseline,2024-11-30,10.0,5.0,4.308695652173913,5.0,5.0
2024-11-23,09,2,ensemble,2024-12-07,13.0,15.0,3.8073913043478265,2.0,8.0
2024-11-23,09,2,baseline,2024-12-07,13.0,5.0,6.0752173913043475,8.0,8.0
2024-11-23,09,3,ensemble,2024-12-14,24.0,21.0,5.375217391304349,3.0,19.0
2024-11-23,09,3,baseline,2024-12-14,24.0,5.0,9.482173913043479,19.0,19.0
2024-11-23,10,1,ensemble,2024-11-30,5.0,10.0,2.269565217391305,5.0,1.0
2024-11-23,10,1,baseline,2024-11-30,5.0,6.0,1.4304347826086958,1.0,1.0
2024-11-23,10,2,ensemble,2024-12-07,15.0,10.0,2.5369565217391306,5.0,11.0
2024-11-23,10,2,baseline,2024-12-07,15.0,6.0,4.857826086956522,9.0,11.0
2024-11-23,10,3,ensemble,2024-12-14,15.0,11.0,2.5208695652173914,4.0,11.0
2024-11-23,10,3,baseline,2024-12-14,15.0,6.0,4.572173913043478,9.0,11.0
2024-11-23,11,1,ensemble,2024-11-30,5.0,3.0,0.9421739130434783,2.0,4.0
2024-11-23,11,1,baseline,2024-11-30,5.0,1.0,1.917826086956522,4.0,4.0
2024-11-23,11,2,ensemble,2024-12-07,2.0,4.0,1.8173913043478263,2.0,1.0
2024-11-23,11,2,baseline,2024-12-07,2.0,1.0,1.3004347826086957,1.0,1.0
2024-11-23,11,3,ensemble,2024-12-14,4.0,6.0,1.6552173913043482,2.0,3.0
2024-11-23,11,3,baseline,2024-12-14,4.0,1.0,1.8656521739130436,3.0,3.0
2024-11-23,12,1,ensemble,2024-11-30,605.0,441.0,90.72304347826088,164.0,230.0
2024-11-23,12,1,baseline,2024-11-30,605.0,324.0,187.2760869565217,281.0,230.0
2024-11-23,12,2,ensemble,2024-12-07,700.0,481.0,117.71565217391304,219.0,325.0
2024-11-23,12,2,baseline,2024-12-07,700.0,324.0,251.79173913043473,376.0,325.0
2024-11-23,12,3,ensemble,2024-12-14,872.0,501.0,209.7986956521739,371.0,497.0
2024-11-23,12,3,baseline,2024-12-14,872.0,324.0,392.7134782608696,548.0,497.0
2024-11-23,13,1,ensemble,2024-11-30,56.0,63.0,8.460434782608697,7.0,12.0
2024-11-23,13,1,baseline,2024-11-30,56.0,39.0,12.367826086956523,17.0,12.0
2024-11-23,13,2,ensemble,2024-12-07,88.0,77.0,13.888695652173915,11.0,44.0
2024-11-23,13,2,baseline,2024-12-07,88.0,39.0,26.306086956521742,49.0,44.0
2024-11-23,13,3,ensemble,2024-12-14,214.0,90.0,64.54521739130435,124.0,170.0
2024-11-23,13,3,baseline,2024-12-14,214.0,39.0,101.2304347826087,175.0,170.0
2024-11-23,15,1,ensemble,2024-11-30,14.0,16.0,1.7799999999999998,2.0,1.0
2024-11-23,15,1,baseline,2024-11-30,14.0,15.0,1.575217391304348,1.0,1.0
2024-11-23,15,2,ensemble,2024-12-07,20.0,16.0,2.629565217391305,4.0,5.0
2024-11-23,15,2,baseline,2024-12-07,20.0,15.0,2.9430434782608694,5.0,5.0
2024-11-23,15,3,ensemble,2024-12-14,34.0,17.0,10.13173913043478,17.0,19.0
2024-11-23,15,3,baseline,2024-12-14,34.0,15.0,11.353043478260872,19.0,19.0
2024-11-23,16,1,ensemble,2024-11-30,63.0,18.0,32.84434782608695,45.0,51.0
2024-11-23,16,1,baseline,2024-11-30,63.0,12.0,32.67260869565217,51.0,51.0
2024-11-23,16,2,ensemble,2024-12-07,77.0,22.0,37.786086956521736,55.0,65.0
2024-11-23,16,2,baseline,2024-12-07,77.0,12.0,40.12608695652174,65.0,65.0
2024-11-23,16,3,ensemble,2024-12-14,107.0,27.0,57.19999999999999,80.0,95.0
2024-11-23,16,3,baseline,2024-12-14,107.0,12.0,60.39260869565217,95.0,95.0
2024-11-23,17,1,ensemble,2024-11-30,83.0,53.0,16.51782608695652,30.0,49.0
2024-11-23,17,1,baseline,2024-11-30,83.0,25.0,31.23173913043478,58.0,49.0
2024-11-23,17,2,ensemble,2024-12-07,106.0,68.0,20.522608695652178,38.0,72.0
2024-11-23,17,2,baseline,2024-12-07,106.0,25.0,41.073043478260864,81.0,72.0
2024-11-23,17,3,ensemble,2024-12-14,240.0,84.0,94.10478260869567,156.0,206.0
2024-11-23,17,3,baseline,2024-12-14,240.0,25.0,123.88869565217392,215.0,206.0
2024-11-23,18,1,ensemble,2024-11-30,41.0,49.0,7.857826086956521,8.0,15.0
2024-11-23,18,1,baseline,2024-11-30,41.0,26.0,10.884347826086957,15.0,15.0
2024-11-23,18,2,ensemble,2024-12-07,65.0,62.0,10.389565217391308,3.0,39.0
2024-11-23,18,2,baseline,2024-12-07,65.0,26.0,20.711739130434783,39.0,39.0
2024-11-23,18,3,ensemble,2024-12-14,140.0,70.0,31.458695652173915,70.0,114.0
2024-11-23,18,3,baseline,2024-12-14,140.0,26.0,58.72347826086958,114.0,114.0
2024-11-23,19,1,ensemble,2024-11-30,4.0,9.0,3.1439130434782614,5.0,1.0
2024-11-23,19,1,baseline,2024-11-30,4.0,4.0,2.6447826086956527,0.0,1.0
2024-11-23,19,2,ensemble,2024-12-07,13.0,14.0,3.0973913043478265,1.0,8.0
2024-11-23,19,2,baseline,2024-12-07,13.0,4.0,5.197826086956522,9.0,8.0
2024-11-23,19,3,ensemble,2024-12-14,23.0,19.0,5.576086956521739,4.0,18.0
2024-11-23,19,3,baseline,2024-12-14,23.0,4.0,9.132173913043479,19.0,18.0
2024-11-23,20,1,ensemble,2024-11-30,20.0,19.0,2.707391304347826,1.0,9.0
2024-11-23,20,1,baseline,2024-11-30,20.0,11.0,5.269130434782609,9.0,9.0
2024-11-23,20,2,ensemble,2024-12-07,35.0,23.0,6.122173913043477,12.0,24.0
2024-11-23,20,2,baseline,2024-12-07,35.0,11.0,12.351304347826089,24.0,24.0
2024-11-23,20,3,ensemble,2024-12-14,90.0,30.0,38.43869565217391,60.0,79.0
2024-11-23,20,3,baseline,2024-12-14,90.0,11.0,49.41652173913044,79.0,79.0
2024-11-23,21,1,ensemble,2024-11-30,24.0,33.0,5.78695652173913,9.0,6.0
2024-11-23,21,1,baseline,2024-11-30,24.0,17.0,7.558695652173914,7.0,6.0
2024-11-23,21,2,ensemble,2024-12-07,53.0,41.0,8.719130434782608,12.0,35.0
2024-11-23,21,2,baseline,2024-12-07,53.0,17.0,18.430869565217392,36.0,35.0
2024-11-23,21,3,ensemble,2024-12-14,79.0,52.0,16.02565217391305,27.0,61.0
2024-11-23,21,3,baseline,2024-12-14,79.0,17.0,29.97043478260869,62.0,61.0
2024-11-23,22,1,ensemble,2024-11-30,135.0,106.0,14.649999999999995,29.0,56.0
2024-11-23,22,1,baseline,2024-11-30,135.0,83.0,31.434347826086956,52.0,56.0
2024-11-23,22,2,ensemble,2024-12-07,153.0,112.0,20.093913043478256,41.0,74.0
2024-11-23,22,2,baseline,2024-12-07,153.0,83.0,40.92217391304347,70.0,74.0
2024-11-23,22,3,ensemble,2024-12-14,249.0,116.0,85.97999999999999,133.0,170.0
2024-11-23,22,3,baseline,2024-12-14,249.0,83.0,111.59913043478258,166.0,170.0
2024-11-23,23,1,ensemble,2024-11-30,2.0,4.0,1.6908695652173913,2.0,2.0
2024-11-23,23,1,baseline,2024-11-30,2.0,0.0,1.4417391304347829,2.0,2.0
2024-11-23,23,2,ensemble,2024-12-07,3.0,6.0,1.952608695652174,3.0,3.0
2024-11-23,23,2,baseline,2024-12-07,3.0,0.0,2.0852173913043486,3.0,3.0
2024-11-23,23,3,ensemble,2024-12-14,2.0,8.0,2.8921739130434783,6.0,2.0
2024-11-23,23,3,baseline,2024-12-14,2.0,0.0,2.4069565217391315,2.0,2.0
2024-11-23,24,1,ensemble,2024-11-30,21.0,21.0,3.7169565217391307,0.0,10.0
2024-11-23,24,1,baseline,2024-11-30,21.0,12.0,6.401304347826085,9.0,10.0
2024-11-23,24,2,ensemble,2024-12-07,37.0,25.0,6.706086956521741,12.0,26.0
2024-11-23,24,2,baseline,2024-12-07,37.0,12.0,12.57521739130435,25.0,26.0
2024-11-23,24,3,ensemble,2024-12-14,73.0,32.0,21.359130434782614,41.0,62.0
2024-11-23,24,3,baseline,2024-12-14,73.0,12.0,29.047391304347826,61.0,62.0
2024-11-23,25,1,ensemble,2024-11-30,63.0,43.0,10.237826086956522,20.0,47.0
2024-11-23,25,1,baseline,2024-11-30,63.0,16.0,24.437826086956523,47.0,47.0
2024-11-23,25,2,ensemble,2024-12-07,83.0,48.0,15.218260869565219,35.0,67.0
2024-11-23,25,2,baseline,2024-12-07,83.0,16.0,31.797391304347826,67.0,67.0
2024-11-23,25,3,ensemble,2024-12-14,126.0,71.0,26.983913043478257,55.0,110.0
2024-11-23,25,3,baseline,2024-12-14,126.0,16.0,52.06391304347827,110.0,110.0
2024-11-23,26,1,ensemble,2024-11-30,65.0,89.0,15.540434782608699,24.0,19.0
2024-11-23,26,1,baseline,2024-11-30,65.0,54.0,14.536956521739128,11.0,19.0
2024-11-23,26,2,ensemble,2024-12-07,91.0,111.0,17.268260869565214,20.0,45.0
2024-11-23,26,2,baseline,2024-12-07,91.0,54.0,25.84739130434783,37.0,45.0
2024-11-23,26,3,ensemble,2024-12-14,170.0,138.0,24.466956521739124,32.0,124.0
2024-11-23,26,3,baseline,2024-12-14,170.0,54.0,56.67826086956522,116.0,124.0
2024-11-23,27,1,ensemble,2024-11-30,18.0,40.0,12.207391304347828,22.0,10.0
2024-11-23,27,1,baseline,2024-11-30,18.0,26.0,6.022173913043478,8.0,10.0
2024-11-23,27,2,ensemble,2024-12-07,40.0,55.0,11.002173913043478,15.0,32.0
2024-11-23,27,2,baseline,2024-12-07,40.0,26.0,9.108260869565216,14.0,32.0
2024-11-23,27,3,ensemble,2024-12-14,92.0,65.0,16.0195652173913,27.0,84.0
2024-11-23,27,3,baseline,2024-12-14,92.0,26.0,36.21347826086957,66.0,84.0
2024-11-23,28,1,ensemble,2024-11-30,28.0,39.0,6.73391304347826,11.0,4.0
2024-11-23,28,1,baseline,2024-11-30,28.0,24.0,5.274347826086958,4.0,4.0
2024-11-23,28,2,ensemble,2024-12-07,39.0,47.0,6.418260869565217,8.0,15.0
2024-11-23,28,2,baseline,2024-12-07,39.0,24.0,9.166956521739131,15.0,15.0
2024-11-23,28,3,ensemble,2024-12-14,61.0,64.0,8.137826086956524,3.0,37.0
2024-11-23,28,3,baseline,2024-12-14,61.0,24.0,18.73217391304348,37.0,37.0
2024-11-23,29,1,ensemble,2024-11-30,41.0,60.0,10.85086956521739,19.0,12.0
2024-11-23,29,1,baseline,2024-11-30,41.0,29.0,9.800869565217392,12.0,12.0
2024-11-23,29,2,ensemble,2024-12-07,54.0,79.0,15.938695652173909,25.0,25.0
2024-11-23,29,2,baseline,2024-12-07,54.0,29.0,15.845217391304347,25.0,25.0
2024-11-23,29,3,ensemble,2024-12-14,88.0,90.0,15.297826086956523,2.0,59.0
2024-11-23,29,3,baseline,2024-12-14,88.0,29.0,30.03521739130435,59.0,59.0
2024-11-23,30,1,ensemble,2024-11-30,1.0,6.0,2.823478260869565,5.0,3.0
2024-11-23,30,1,baseline,2024-11-30,1.0,4.0,2.333478260869566,3.0,3.0
2024-11-23,30,2,ensemble,2024-12-07,2.0,8.0,3.198260869565218,6.0,2.0
2024-11-23,30,2,baseline,2024-12-07,2.0,4.0,2.711739130434783,2.0,2.0
2024-11-23,30,3,ensemble,2024-12-14,6.0,11.0,3.3717391304347832,5.0,2.0
2024-11-23,30,3,baseline,2024-12-14,6.0,4.0,3.252608695652174,2.0,2.0
2024-11-23,31,1,ensemble,2024-11-30,11.0,10.0,1.8073913043478265,1.0,5.0
2024-11-23,31,1,baseline,2024-11-30,11.0,6.0,3.009565217391305,5.0,5.0
2024-11-23,31,2,ensemble,2024-12-07,10.0,12.0,2.402173913043478,2.0,4.0
2024-11-23,31,2,baseline,2024-12-07,10.0,6.0,3.2600000000000002,4.0,4.0
2024-11-23,31,3,ensemble,2024-12-14,19.0,16.0,3.3530434782608696,3.0,13.0
2024-11-23,31,3,baseline,2024-12-14,19.0,6.0,6.320000000000002,13.0,13.0
2024-11-23,32,1,ensemble,2024-11-30,61.0,59.0,6.36304347826087,2.0,18.0
2024-11-23,32,1,baseline,2024-11-30,61.0,40.0,12.286956521739132,21.0,18.0
2024-11-23,32,2,ensemble,2024-12-07,81.0,68.0,9.81391304347826,13.0,38.0
2024-11-23,32,2,baseline,2024-12-07,81.0,40.0,22.96391304347826,41.0,38.0
2024-11-23,32,3,ensemble,2024-12-14,113.0,73.0,20.47478260869565,40.0,70.0
2024-11-23,32,3,baseline,2024-12-14,113.0,40.0,41.839999999999996,73.0,70.0
2024-11-23,33,1,ensemble,2024-11-30,14.0,16.0,2.118695652173913,2.0,8.0
2024-11-23,33,1,baseline,2024-11-30,14.0,11.0,2.2039130434782606,3.0,8.0
2024-11-23,33,2,ensemble,2024-12-07,16.0,19.0,3.018695652173913,3.0,10.0
2024-11-23,33,2,baseline,2024-12-07,16.0,11.0,3.1904347826086954,5.0,10.0
2024-11-23,33,3,ensemble,2024-12-14,22.0,21.0,3.4160869565217395,1.0,16.0
2024-11-23,33,3,baseline,2024-12-14,22.0,11.0,5.7708695652173905,11.0,16.0
2024-11-23,34,1,ensemble,2024-11-30,67.0,63.0,9.15304347826087,4.0,30.0
2024-11-23,34,1,baseline,2024-11-30,67.0,36.0,18.17739130434783,31.0,30.0
2024-11-23,34,2,ensemble,2024-12-07,109.0,75.0,18.132608695652173,34.0,72.0
2024-11-23,34,2,baseline,2024-12-07,109.0,36.0,37.09652173913043,73.0,72.0
2024-11-23,34,3,ensemble,2024-12-14,174.0,90.0,41.53478260869566,84.0,137.0
2024-11-23,34,3,baseline,2024-12-14,174.0,36.0,70.24173913043478,138.0,137.0
2024-11-23,35,1,ensemble,2024-11-30,55.0,29.0,14.456086956521743,26.0,34.0
2024-11-23,35,1,baseline,2024-11-30,55.0,18.0,21.43521739130435,37.0,34.0
2024-11-23,35,2,ensemble,2024-12-07,103.0,37.0,44.16608695652173,66.0,82.0
2024-11-23,35,2,baseline,2024-12-07,103.0,18.0,52.1704347826087,85.0,82.0
2024-11-23,35,3,ensemble,2024-12-14,108.0,44.0,37.59434782608695,64.0,87.0
2024-11-23,35,3,baseline,2024-12-14,108.0,18.0,52.83608695652172,90.0,87.0
2024-11-23,36,1,ensemble,2024-11-30,145.0,109.0,21.110000000000003,36.0,82.0
2024-11-23,36,1,baseline,2024-11-30,145.0,59.0,46.86260869565217,86.0,82.0
2024-11-23,36,2,ensemble,2024-12-07,275.0,137.0,70.47043478260869,138.0,212.0
2024-11-23,36,2,baseline,2024-12-07,275.0,59.0,110.66782608695652,216.0,212.0
2024-11-23,36,3,ensemble,2024-12-14,432.0,176.0,151.69565217391303,256.0,369.0
2024-11-23,36,3,baseline,2024-12-14,432.0,59.0,210.71521739130435,373.0,369.0
2024-11-23,37,1,ensemble,2024-11-30,43.0,70.0,15.89782608695652,27.0,5.0
2024-11-23,37,1,baseline,2024-11-30,43.0,37.0,10.048260869565217,6.0,5.0
2024-11-23,37,2,ensemble,2024-12-07,65.0,92.0,18.055217391304346,27.0,27.0
2024-11-23,37,2,baseline,2024-12-07,65.0,37.0,18.82434782608696,28.0,27.0
2024-11-23,37,3,ensemble,2024-12-14,173.0,112.0,33.85217391304347,61.0,135.0
2024-11-23,37,3,baseline,2024-12-14,173.0,37.0,72.07608695652173,136.0,135.0
2024-11-23,38,1,ensemble,2024-11-30,1.0,4.0,1.4082608695652177,3.0,0.0
2024-11-23,38,1,baseline,2024-11-30,1.0,1.0,1.183478260869565,0.0,0.0
2024-11-23,38,2,ensemble,2024-12-07,2.0,5.0,1.706086956521739,3.0,1.0
2024-11-23,38,2,baseline,2024-12-07,2.0,1.0,1.5973913043478265,1.0,1.0
2024-11-23,38,3,ensemble,2024-12-14,5.0,6.0,1.6882608695652173,1.0,4.0
2024-11-23,38,3,baseline,2024-12-14,5.0,1.0,2.089130434782609,4.0,4.0
2024-11-23,39,1,ensemble,2024-11-30,53.0,592.0,446.0621739130436,539.0,15.0
2024-11-23,39,1,baseline,2024-11-30,53.0,579.0,437.55086956521745,526.0,15.0
2024-11-23,39,2,ensemble,2024-12-07,88.0,583.0,381.4673913043478,495.0,50.0
2024-11-23,39,2,baseline,2024-12-07,88.0,579.0,382.17913043478256,491.0,50.0
2024-11-23,39,3,ensemble,2024-12-14,151.0,578.0,285.41739130434786,427.0,113.0
2024-11-23,39,3,baseline,2024-12-14,151.0,579.0,302.36608695652177,428.0,113.0
2024-11-23,40,1,ensemble,2024-11-30,40.0,29.0,6.627826086956523,11.0,27.0
2024-11-23,40,1,baseline,2024-11-30,40.0,12.0,14.631304347826086,28.0,27.0
2024-11-23,40,2,ensemble,2024-12-07,40.0,39.0,6.7239130434782615,1.0,27.0
2024-11-23,40,2,baseline,2024-12-07,40.0,12.0,14.679565217391307,28.0,27.0
2024-11-23,40,3,ensemble,2024-12-14,57.0,51.0,9.823913043478264,6.0,44.0
2024-11-23,40,3,baseline,2024-12-14,57.0,12.0,21.526956521739134,45.0,44.0
2024-11-23,41,1,ensemble,2024-11-30,80.0,36.0,24.066521739130433,44.0,45.0
2024-11-23,41,1,baseline,2024-11-30,80.0,26.0,34.38217391304348,54.0,45.0
2024-11-23,41,2,ensemble,2024-12-07,118.0,50.0,39.82826086956523,68.0,83.0
2024-11-23,41,2,baseline,2024-12-07,118.0,26.0,57.954347826086966,92.0,83.0
2024-11-23,41,3,ensemble,2024-12-14,233.0,59.0,127.27130434782607,174.0,198.0
2024-11-23,41,3,baseline,2024-12-14,233.0,26.0,140.02217391304347,207.0,198.0
2024-11-23,42,1,ensemble,2024-11-30,115.0,173.0,32.246521739130436,58.0,4.0
2024-11-23,42,1,baseline,2024-11-30,115.0,111.0,16.164347826086956,4.0,4.0
2024-11-23,42,2,ensemble,2024-12-07,176.0,226.0,36.20434782608696,50.0,65.0
2024-11-23,42,2,baseline,2024-12-07,176.0,111.0,37.65434782608696,65.0,65.0
2024-11-23,42,3,ensemble,2024-12-14,268.0,331.0,49.27260869565216,63.0,157.0
2024-11-23,42,3,baseline,2024-12-14,268.0,111.0,83.88652173913043,157.0,157.0
2024-11-23,44,1,ensemble,2024-11-30,6.0,2.0,1.795652173913043,4.0,6.0
2024-11-23,44,1,baseline,2024-11-30,6.0,0.0,2.941304347826087,6.0,6.0
2024-11-23,44,2,ensemble,2024-12-07,10.0,4.0,3.233478260869565,6.0,10.0
2024-11-23,44,2,baseline,2024-12-07,10.0,0.0,4.830869565217391,10.0,10.0
2024-11-23,44,3,ensemble,2024-12-14,28.0,4.0,16.69739130434783,24.0,28.0
2024-11-23,44,3,baseline,2024-12-14,28.0,0.0,17.260434782608694,28.0,28.0
2024-11-23,45,1,ensemble,2024-11-30,18.0,25.0,4.915652173913044,7.0,5.0
2024-11-23,45,1,baseline,2024-11-30,18.0,13.0,5.728695652173914,5.0,5.0
2024-11-23,45,2,ensemble,2024-12-07,40.0,30.0,7.163043478260868,10.0,27.0
2024-11-23,45,2,baseline,2024-12-07,40.0,13.0,14.03,27.0,27.0
2024-11-23,45,3,ensemble,2024-12-14,79.0,35.0,22.13434782608696,44.0,66.0
2024-11-23,45,3,baseline,2024-12-14,79.0,13.0,33.56478260869566,66.0,66.0
2024-11-23,46,1,ensemble,2024-11-30,5.0,3.0,1.1530434782608696,2.0,5.0
2024-11-23,46,1,baseline,2024-11-30,5.0,0.0,2.12304347826087,5.0,5.0
2024-11-23,46,2,ensemble,2024-12-07,1.0,5.0,2.2543478260869567,4.0,1.0
2024-11-23,46,2,baseline,2024-12-07,1.0,0.0,1.3978260869565218,1.0,1.0
2024-11-23,46,3,ensemble,2024-12-14,8.0,5.0,2.1847826086956523,3.0,8.0
2024-11-23,46,3,baseline,2024-12-14,8.0,0.0,3.183478260869566,8.0,8.0
2024-11-23,47,1,ensemble,2024-11-30,60.0,115.0,37.307391304347824,55.0,34.0
2024-11-23,47,1,baseline,2024-11-30,60.0,91.0,18.415652173913042,31.0,34.0
2024-11-23,47,2,ensemble,2024-12-07,115.0,132.0,15.057826086956524,17.0,21.0
2024-11-23,47,2,baseline,2024-12-07,115.0,91.0,17.194782608695654,24.0,21.0
2024-11-23,47,3,ensemble,2024-12-14,217.0,151.0,31.69347826086957,66.0,123.0
2024-11-23,47,3,baseline,2024-12-14,217.0,91.0,72.5395652173913,126.0,123.0
2024-11-23,48,1,ensemble,2024-11-30,402.0,310.0,52.06956521739131,92.0,179.0
2024-11-23,48,1,baseline,2024-11-30,402.0,213.0,102.94695652173912,189.0,179.0
2024-11-23,48,2,ensemble,2024-12-07,526.0,372.0,79.39130434782606,154.0,303.0
2024-11-23,48,2,baseline,2024-12-07,526.0,213.0,171.97652173913042,313.0,303.0
2024-11-23,48,3,ensemble,2024-12-14,701.0,409.0,143.55695652173912,292.0,478.0
2024-11-23,48,3,baseline,2024-12-14,701.0,213.0,285.01347826086953,488.0,478.0
2024-11-23,49,1,ensemble,2024-11-30,20.0,13.0,3.709565217391304,7.0,10.0
2024-11-23,49,1,baseline,2024-11-30,20.0,10.0,5.567826086956522,10.0,10.0
2024-11-23,49,2,ensemble,2024-12-07,64.0,16.0,39.063043478260866,48.0,54.0
2024-11-23,49,2,baseline,2024-12-07,64.0,10.0,41.30478260869564,54.0,54.0
2024-11-23,49,3,ensemble,2024-12-14,87.0,18.0,56.99565217391305,69.0,77.0
2024-11-23,49,3,baseline,2024-12-14,87.0,10.0,62.291739130434784,77.0,77.0
2024-11-23,50,1,ensemble,2024-11-30,3.0,5.0,1.1686956521739134,2.0,0.0
2024-11-23,50,1,baseline,2024-11-30,3.0,3.0,0.8556521739130436,0.0,0.0
2024-11-23,50,2,ensemble,2024-12-07,0.0,5.0,2.8147826086956527,5.0,3.0
2024-11-23,50,2,baseline,2024-12-07,0.0,3.0,1.8286956521739126,3.0,3.0
2024-11-23,50,3,ensemble,2024-12-14,8.0,7.0,1.5552173913043479,1.0,5.0
2024-11-23,50,3,baseline,2024-12-14,8.0,3.0,2.5,5.0,5.0
2024-11-23,51,1,ensemble,2024-11-30,46.0,47.0,6.116956521739132,1.0,20.0
2024-11-23,51,1,baseline,2024-11-30,46.0,25.0,12.388260869565217,21.0,20.0
2024-11-23,51,2,ensemble,2024-12-07,68.0,47.0,11.229565217391302,21.0,42.0
2024-11-23,51,2,baseline,2024-12-07,68.0,25.0,21.972608695652173,43.0,42.0
2024-11-23,51,3,ensemble,2024-12-14,140.0,71.0,35.00086956521739,69.0,114.0
2024-11-23,51,3,baseline,2024-12-14,140.0,25.0,59.47000000000003,115.0,114.0
2024-11-23,53,1,ensemble,2024-11-30,46.0,40.0,5.768260869565218,6.0,24.0
2024-11-23,53,1,baseline,2024-11-30,46.0,22.0,13.124782608695652,24.0,24.0
2024-11-23,53,2,ensemble,2024-12-07,78.0,49.0,14.296086956521739,29.0,56.0
2024-11-23,53,2,baseline,2024-12-07,78.0,22.0,31.26695652173913,56.0,56.0
2024-11-23,53,3,ensemble,2024-12-14,188.0,58.0,76.18391304347826,130.0,166.0
2024-11-23,53,3,baseline,2024-12-14,188.0,22.0,106.61695652173917,166.0,166.0
2024-11-23,54,1,ensemble,2024-11-30,3.0,9.0,3.469130434782609,6.0,1.0
2024-11-23,54,1,baseline,2024-11-30,3.0,3.0,2.854347826086957,0.0,1.0
2024-11-23,54,2,ensemble,2024-12-07,13.0,12.0,2.46,1.0,9.0
2024-11-23,54,2,baseline,2024-12-07,13.0,3.0,5.6613043478260865,10.0,9.0
2024-11-23,54,3,ensemble,2024-12-14,21.0,15.0,3.986521739130435,6.0,17.0
2024-11-23,54,3,baseline,2024-12-14,21.0,3.0,8.415217391304349,18.0,17.0
2024-11-23,55,1,ensemble,2024-11-30,12.0,16.0,4.68304347826087,4.0,6.0
2024-11-23,55,1,baseline,2024-11-30,12.0,5.0,5.1400000000000015,7.0,6.0
2024-11-23,55,2,ensemble,2024-12-07,27.0,18.0,5.733043478260871,9.0,21.0
2024-11-23,55,2,baseline,2024-12-07,27.0,5.0,10.912608695652171,22.0,21.0
2024-11-23,55,3,ensemble,2024-12-14,66.0,28.0,20.62173913043478,38.0,60.0
2024-11-23,55,3,baseline,2024-12-14,66.0,5.0,29.974347826086966,61.0,60.0
2024-11-23,56,1,ensemble,2024-11-30,7.0,10.0,1.8747826086956527,3.0,3.0
2024-11-23,56,1,baseline,2024-11-30,7.0,5.0,1.65,2.0,3.0
2024-11-23,56,2,ensemble,2024-12-07,5.0,13.0,4.381304347826087,8.0,1.0
2024-11-23,56,2,baseline,2024-12-07,5.0,5.0,2.011739130434783,0.0,1.0
2024-11-23,56,3,ensemble,2024-12-14,31.0,14.0,9.966956521739132,17.0,27.0
2024-11-23,56,3,baseline,2024-12-14,31.0,5.0,14.124347826086957,26.0,27.0
2024-11-30,01,1,ensemble,2024-12-07,102.0,68.0,18.46782608695652,34.0,52.0
2024-11-30,01,1,baseline,2024-12-07,102.0,50.0,30.990869565217398,52.0,52.0
2024-11-30,01,2,ensemble,2024-12-14,193.0,78.0,80.39782608695653,115.0,143.0
2024-11-30,01,2,baseline,2024-12-14,193.0,50.0,94.49521739130434,143.0,143.0
2024-11-30,01,3,ensemble,2024-12-21,437.0,85.0,304.88086956521744,352.0,387.0
2024-11-30,01,3,baseline,2024-12-21,437.0,50.0,326.64652173913043,387.0,387.0
2024-11-30,02,1,ensemble,2024-12-07,17.0,7.0,6.4052173913043475,10.0,12.0
2024-11-30,02,1,baseline,2024-12-07,17.0,5.0,7.186521739130434,12.0,12.0
2024-11-30,02,2,ensemble,2024-12-14,25.0,7.0,12.425217391304347,18.0,20.0
2024-11-30,02,2,baseline,2024-12-14,25.0,5.0,12.329130434782611,20.0,20.0
2024-11-30,02,3,ensemble,2024-12-21,18.0,7.0,6.029565217391303,11.0,13.0
2024-11-30,02,3,baseline,2024-12-21,18.0,5.0,6.6173913043478265,13.0,13.0
2024-11-30,04,1,ensemble,2024-12-07,829.0,645.0,101.4508695652174,184.0,354.0
2024-11-30,04,1,baseline,2024-12-07,829.0,498.0,240.01130434782607,331.0,354.0
2024-11-30,04,2,ensemble,2024-12-14,960.0,668.0,163.93739130434784,292.0,485.0
2024-11-30,04,2,baseline,2024-12-14,960.0,498.0,348.6982608695652,462.0,485.0
2024-11-30,04,3,ensemble,2024-12-21,1492.0,665.0,626.4760869565218,827.0,1017.0
2024-11-30,04,3,baseline,2024-12-21,1492.0,498.0,862.3826086956522,994.0,1017.0
2024-11-30,05,1,ensemble,2024-12-07,32.0,14.0,9.620000000000001,18.0,24.0
2024-11-30,05,1,baseline,2024-12-07,32.0,6.0,12.592608695652176,26.0,24.0
2024-11-30,05,2,ensemble,2024-12-14,42.0,17.0,13.33869565217391,25.0,34.0
2024-11-30,05,2,baseline,2024-12-14,42.0,6.0,16.446956521739136,36.0,34.0
2024-11-30,05,3,ensemble,2024-12-21,59.0,20.0,21.815217391304344,39.0,51.0
2024-11-30,05,3,baseline,2024-12-21,59.0,6.0,24.12826086956522,53.0,51.0
2024-11-30,06,1,ensemble,2024-12-07,1059.0,634.0,243.63739130434783,425.0,584.0
2024-11-30,06,1,baseline,2024-12-07,1059.0,435.0,424.26347826086953,624.0,584.0
2024-11-30,06,2,ensemble,2024-12-14,1395.0,757.0,359.3339130434783,638.0,920.0
2024-11-30,06,2,baseline,2024-12-14,1395.0,435.0,676.6791304347827,960.0,920.0
2024-11-30,06,3,ensemble,2024-12-21,2438.0,886.0,1220.634347826087,1552.0,1963.0
2024-11-30,06,3,baseline,2024-12-21,2438.0,435.0,1666.9191304347823,2003.0,1963.0
2024-11-30,08,1,ensemble,2024-12-07,90.0,41.0,32.7686956521739,49.0,59.0
2024-11-30,08,1,baseline,2024-12-07,90.0,28.0,37.38913043478261,62.0,59.0
2024-11-30,08,2,ensemble,2024-12-14,129.0,49.0,53.94434782608696,80.0,98.0
2024-11-30,08,2,baseline,2024-12-14,129.0,28.0,62.51478260869566,101.0,98.0
2024-11-30,08,3,ensemble,2024-12-21,179.0,50.0,87.54260869565218,129.0,148.0
2024-11-30,08,3,baseline,2024-12-21,179.0,28.0,99.49782608695651,151.0,148.0
2024-11-30,09,1,ensemble,2024-12-07,13.0,9.0,2.8917391304347824,4.0,9.0
2024-11-30,09,1,baseline,2024-12-07,13.0,4.0,5.265217391304349,9.0,9.0
2024-11-30,09,2,ensemble,2024-12-14,24.0,13.0,5.891739130434783,11.0,20.0
2024-11-30,09,2,baseline,2024-12-14,24.0,4.0,9.436521739130436,20.0,20.0
2024-11-30,09,3,ensemble,2024-12-21,41.0,21.0,9.279130434782608,20.0,37.0
2024-11-30,09,3,baseline,2024-12-21,41.0,4.0,16.493478260869566,37.0,37.0
2024-11-30,10,1,ensemble,2024-12-07,15.0,14.0,1.4991304347826089,1.0,8.0
2024-11-30,10,1,baseline,2024-12-07,15.0,11.0,2.491304347826087,4.0,8.0
2024-11-30,10,2,ensemble,2024-12-14,15.0,14.0,1.8700000000000003,1.0,8.0
2024-11-30,10,2,baseline,2024-12-14,15.0,11.0,2.7295652173913045,4.0,8.0
2024-11-30,10,3,ensemble,2024-12-21,43.0,17.0,17.33130434782609,26.0,36.0
2024-11-30,10,3,baseline,2024-12-21,43.0,11.0,20.143913043478264,32.0,36.0
2024-11-30,11,1,ensemble,2024-12-07,2.0,8.0,2.87,6.0,6.0
2024-11-30,11,1,baseline,2024-12-07,2.0,6.0,2.328695652173913,4.0,6.0
2024-11-30,11,2,ensemble,2024-12-14,4.0,9.0,2.6082608695652176,5.0,4.0
2024-11-30,11,2,baseline,2024-12-14,4.0,6.0,1.9969565217391307,2.0,4.0
2024-11-30,11,3,ensemble,2024-12-21,16.0,9.0,3.255652173913043,7.0,8.0
2024-11-30,11,3,baseline,2024-12-21,16.0,6.0,4.838260869565217,10.0,8.0
2024-11-30,12,1,ensemble,2024-12-07,700.0,485.0,126.30173913043477,215.0,277.0
2024-11-30,12,1,baseline,2024-12-07,700.0,399.0,204.07652173913044,301.0,277.0
2024-11-30,12,2,ensemble,2024-12-14,872.0,539.0,196.78608695652173,333.0,449.0
2024-11-30,12,2,baseline,2024-12-14,872.0,399.0,341.1660869565217,473.0,449.0
2024-11-30,12,3,ensemble,2024-12-21,1251.0,577.0,475.3917391304348,674.0,828.0
2024-11-30,12,3,baseline,2024-12-21,1251.0,399.0,697.0143478260869,852.0,828.0
2024-11-30,13,1,ensemble,2024-12-07,88.0,62.0,12.539565217391305,26.0,41.0
2024-11-30,13,1,baseline,2024-12-07,88.0,44.0,24.465652173913046,44.0,41.0
2024-11-30,13,2,ensemble,2024-12-14,214.0,77.0,88.4408695652174,137.0,167.0
2024-11-30,13,2,baseline,2024-12-14,214.0,44.0,104.53782608695651,170.0,167.0
2024-11-30,13,3,ensemble,2024-12-21,388.0,101.0,223.03000000000003,287.0,341.0
2024-11-30,13,3,baseline,2024-12-21,388.0,44.0,234.26304347826087,344.0,341.0
2024-11-30,15,1,ensemble,2024-12-07,20.0,10.0,5.848695652173915,10.0,12.0
2024-11-30,15,1,baseline,2024-12-07,20.0,7.0,7.6726086956521735,13.0,12.0
2024-11-30,15,2,ensemble,2024-12-14,34.0,10.0,16.250434782608696,24.0,26.0
2024-11-30,15,2,baseline,2024-12-14,34.0,7.0,18.69695652173913,27.0,26.0
2024-11-30,15,3,ensemble,2024-12-21,42.0,11.0,21.744347826086955,31.0,34.0
2024-11-30,15,3,baseline,2024-12-21,42.0,7.0,25.311304347826084,35.0,34.0
2024-11-30,16,1,ensemble,2024-12-07,77.0,37.0,24.14304347826087,40.0,46.0
2024-11-30,16,1,baseline,2024-12-07,77.0,28.0,31.80608695652174,49.0,46.0
2024-11-30,16,2,ensemble,2024-12-14,107.0,42.0,39.93347826086958,65.0,76.0
2024-11-30,16,2,baseline,2024-12-14,107.0,28.0,51.23347826086958,79.0,76.0
2024-11-30,16,3,ensemble,2024-12-21,188.0,49.0,105.7669565217391,139.0,157.0
2024-11-30,16,3,baseline,2024-12-21,188.0,28.0,122.58478260869565,160.0,157.0
2024-11-30,17,1,ensemble,2024-12-07,106.0,99.0,10.658695652173913,7.0,20.0
2024-11-30,17,1,baseline,2024-12-07,106.0,70.0,21.56869565217392,36.0,20.0
2024-11-30,17,2,ensemble,2024-12-14,240.0,123.0,60.96260869565218,117.0,154.0
2024-11-30,17,2,baseline,2024-12-14,240.0,70.0,102.28652173913042,170.0,154.0
2024-11-30,17,3,ensemble,2024-12-21,488.0,148.0,220.8130434782609,340.0,402.0
2024-11-30,17,3,baseline,2024-12-21,488.0,70.0,301.114347826087,418.0,402.0
2024-11-30,18,1,ensemble,2024-12-07,65.0,51.0,8.568260869565218,14.0,33.0
2024-11-30,18,1,baseline,2024-12-07,65.0,32.0,18.301304347826086,33.0,33.0
2024-11-30,18,2,ensemble,2024-12-14,140.0,63.0,43.67826086956522,77.0,108.0
2024-11-30,18,2,baseline,2024-12-14,140.0,32.0,59.83739130434782,108.0,108.0
2024-11-30,18,3,ensemble,2024-12-21,284.0,72.0,142.61999999999998,212.0,252.0
2024-11-30,18,3,baseline,2024-12-21,284.0,32.0,162.27826086956523,252.0,252.0
2024-11-30,19,1,ensemble,2024-12-07,13.0,7.0,3.3330434782608687,6.0,9.0
2024-11-30,19,1,baseline,2024-12-07,13.0,3.0,5.47304347826087,10.0,9.0
2024-11-30,19,2,ensemble,2024-12-14,23.0,11.0,6.297826086956522,12.0,19.0
2024-11-30,19,2,baseline,2024-12-14,23.0,3.0,9.799130434782612,20.0,19.0
2024-11-30,19,3,ensemble,2024-12-21,42.0,12.0,15.345652173913045,30.0,38.0
2024-11-30,19,3,baseline,2024-12-21,42.0,3.0,19.681304347826085,39.0,38.0
2024-11-30,20,1,ensemble,2024-12-07,35.0,20.0,7.124347826086957,15.0,18.0
2024-11-30,20,1,baseline,2024-12-07,35.0,15.0,11.257391304347827,20.0,18.0
2024-11-30,20,2,ensemble,2024-12-14,90.0,26.0,46.179130434782614,64.0,73.0
2024-11-30,20,2,baseline,2024-12-14,90.0,15.0,49.19913043478262,75.0,73.0
2024-11-30,20,3,ensemble,2024-12-21,120.0,30.0,65.5213043478261,90.0,103.0
2024-11-30,20,3,baseline,2024-12-21,120.0,15.0,71.83260869565218,105.0,103.0
2024-11-30,21,1,ensemble,2024-12-07,53.0,29.0,13.117826086956521,24.0,33.0
2024-11-30,21,1,baseline,2024-12-07,53.0,17.0,19.06130434782609,36.0,33.0
2024-11-30,21,2,ensemble,2024-12-14,79.0,34.0,26.754782608695653,45.0,59.0
2024-11-30,21,2,baseline,2024-12-14,79.0,17.0,31.72652173913043,62.0,59.0
2024-11-30,21,3,ensemble,2024-12-21,200.0,35.0,124.59565217391305,165.0,180.0
2024-11-30,21,3,baseline,2024-12-21,200.0,17.0,110.51391304347825,183.0,180.0
2024-11-30,22,1,ensemble,2024-12-07,153.0,94.0,30.61913043478261,59.0,76.0
2024-11-30,22,1,baseline,2024-12-07,153.0,76.0,49.31304347826088,77.0,76.0
2024-11-30,22,2,ensemble,2024-12-14,249.0,104.0,96.83304347826088,145.0,172.0
2024-11-30,22,2,baseline,2024-12-14,249.0,76.0,123.99,173.0,172.0
2024-11-30,22,3,ensemble,2024-12-21,413.0,116.0,235.10173913043482,297.0,336.0
2024-11-30,22,3,baseline,2024-12-21,413.0,76.0,279.56086956521733,337.0,336.0
2024-11-30,23,1,ensemble,2024-12-07,3.0,4.0,1.3630434782608696,1.0,3.0
2024-11-30,23,1,baseline,2024-12-07,3.0,0.0,1.6765217391304352,3.0,3.0
2024-11-30,23,2,ensemble,2024-12-14,2.0,4.0,2.1852173913043482,2.0,2.0
2024-11-30,23,2,baseline,2024-12-14,2.0,0.0,1.9034782608695653,2.0,2.0
2024-11-30,23,3,ensemble,2024-12-21,10.0,5.0,3.0278260869565217,5.0,10.0
2024-11-30,23,3,baseline,2024-12-21,10.0,0.0,4.406956521739132,10.0,10.0
2024-11-30,24,1,ensemble,2024-12-07,37.0,26.0,5.424347826086957,11.0,21.0
2024-11-30,24,1,baseline,2024-12-07,37.0,18.0,10.49130434782609,19.0,21.0
2024-11-30,24,2,ensemble,2024-12-14,73.0,36.0,19.801304347826086,37.0,57.0
2024-11-30,24,2,baseline,2024-12-14,73.0,18.0,27.96739130434783,55.0,57.0
2024-11-30,24,3,ensemble,2024-12-21,131.0,43.0,55.88478260869566,88.0,115.0
2024-11-30,24,3,baseline,2024-12-21,131.0,18.0,66.85478260869566,113.0,115.0
2024-11-30,25,1,ensemble,2024-12-07,83.0,65.0,10.563043478260873,18.0,38.0
2024-11-30,25,1,baseline,2024-12-07,83.0,44.0,22.249130434782614,39.0,38.0
2024-11-30,25,2,ensemble,2024-12-14,126.0,79.0,23.967826086956517,47.0,81.0
2024-11-30,25,2,baseline,2024-12-14,126.0,44.0,42.380434782608695,82.0,81.0
2024-11-30,25,3,ensemble,2024-12-21,137.0,95.0,22.966086956521735,42.0,92.0
2024-11-30,25,3,baseline,2024-12-21,137.0,44.0,46.132173913043474,93.0,92.0
2024-11-30,26,1,ensemble,2024-12-07,91.0,87.0,10.632173913043479,4.0,34.0
2024-11-30,26,1,baseline,2024-12-07,91.0,56.0,22.580000000000005,35.0,34.0
2024-11-30,26,2,ensemble,2024-12-14,170.0,106.0,31.340869565217393,64.0,113.0
2024-11-30,26,2,baseline,2024-12-14,170.0,56.0,58.47347826086957,114.0,113.0
2024-11-30,26,3,ensemble,2024-12-21,213.0,119.0,42.98739130434784,94.0,156.0
2024-11-30,26,3,baseline,2024-12-21,213.0,56.0,78.42434782608696,157.0,156.0
2024-11-30,27,1,ensemble,2024-12-07,40.0,30.0,6.9647826086956535,10.0,29.0
2024-11-30,27,1,baseline,2024-12-07,40.0,16.0,13.121304347826085,24.0,29.0
2024-11-30,27,2,ensemble,2024-12-14,92.0,38.0,29.63173913043478,54.0,81.0
2024-11-30,27,2,baseline,2024-12-14,92.0,16.0,45.04695652173914,76.0,81.0
2024-11-30,27,3,ensemble,2024-12-21,227.0,46.0,135.25913043478258,181.0,216.0
2024-11-30,27,3,baseline,2024-12-21,227.0,16.0,163.2691304347826,211.0,216.0
2024-11-30,28,1,ensemble,2024-12-07,39.0,25.0,7.518260869565217,14.0,4.0
2024-11-30,28,1,baseline,2024-12-07,39.0,16.0,12.110869565217392,23.0,4.0
2024-11-30,28,2,ensemble,2024-12-14,61.0,30.0,16.95826086956522,31.0,26.0
2024-11-30,28,2,baseline,2024-12-14,61.0,16.0,24.113043478260874,45.0,26.0
2024-11-30,28,3,ensemble,2024-12-21,95.0,35.0,38.029565217391315,60.0,60.0
2024-11-30,28,3,baseline,2024-12-21,95.0,16.0,45.681739130434785,79.0,60.0
2024-11-30,29,1,ensemble,2024-12-07,54.0,58.0,7.701304347826088,4.0,14.0
2024-11-30,29,1,baseline,2024-12-07,54.0,38.0,11.348260869565218,16.0,14.0
2024-11-30,29,2,ensemble,2024-12-14,88.0,70.0,12.675652173913045,18.0,48.0
2024-11-30,29,2,baseline,2024-12-14,88.0,38.0,27.012608695652176,50.0,48.0
2024-11-30,29,3,ensemble,2024-12-21,249.0,80.0,104.55521739130437,169.0,209.0
2024-11-30,29,3,baseline,2024-12-21,249.0,38.0,129.04608695652175,211.0,209.0
2024-11-30,30,1,ensemble,2024-12-07,2.0,3.0,1.192173913043478,1.0,1.0
2024-11-30,30,1,baseline,2024-12-07,2.0,1.0,1.5134782608695654,1.0,1.0
2024-11-30,30,2,ensemble,2024-12-14,6.0,4.0,1.5230434782608697,2.0,5.0
2024-11-30,30,2,baseline,2024-12-14,6.0,1.0,3.0213043478260873,5.0,5.0
2024-11-30,30,3,ensemble,2024-12-21,23.0,5.0,10.781739130434783,18.0,22.0
2024-11-30,30,3,baseline,2024-12-21,23.0,1.0,9.933478260869565,22.0,22.0
2024-11-30,31,1,ensemble,2024-12-07,10.0,6.0,2.09,4.0,6.0
2024-11-30,31,1,baseline,2024-12-07,10.0,3.0,3.5756521739130434,7.0,6.0
2024-11-30,31,2,ensemble,2024-12-14,19.0,9.0,4.811304347826087,10.0,15.0
2024-11-30,31,2,baseline,2024-12-14,19.0,3.0,7.516086956521738,16.0,15.0
2024-11-30,31,3,ensemble,2024-12-21,78.0,12.0,53.69869565217391,66.0,74.0
2024-11-30,31,3,baseline,2024-12-21,78.0,3.0,53.427391304347836,75.0,74.0
2024-11-30,32,1,ensemble,2024-12-07,81.0,55.0,12.5,26.0,34.0
2024-11-30,32,1,baseline,2024-12-07,81.0,42.0,23.529130434782616,39.0,34.0
2024-11-30,32,2,ensemble,2024-12-14,113.0,64.0,26.896521739130435,49.0,66.0
2024-11-30,32,2,baseline,2024-12-14,113.0,42.0,43.03782608695653,71.0,66.0
2024-11-30,32,3,ensemble,2024-12-21,208.0,73.0,96.15782608695655,135.0,161.0
2024-11-30,32,3,baseline,2024-12-21,208.0,42.0,117.61478260869566,166.0,161.0
2024-11-30,33,1,ensemble,2024-12-07,16.0,16.0,1.6765217391304352,0.0,5.0
2024-11-30,33,1,baseline,2024-12-07,16.0,11.0,2.973478260869565,5.0,5.0
2024-11-30,33,2,ensemble,2024-12-14,22.0,19.0,2.819565217391305,3.0,11.0
2024-11-30,33,2,baseline,2024-12-14,22.0,11.0,5.97304347826087,11.0,11.0
2024-11-30,33,3,ensemble,2024-12-21,24.0,22.0,3.484347826086957,2.0,13.0
2024-11-30,33,3,baseline,2024-12-21,24.0,11.0,6.761304347826085,13.0,13.0
2024-11-30,34,1,ensemble,2024-12-07,109.0,43.0,35.63086956521739,66.0,62.0
2024-11-30,34,1,baseline,2024-12-07,109.0,3.0,58.08782608695651,106.0,62.0
2024-11-30,34,2,ensemble,2024-12-14,174.0,42.0,74.3895652173913,132.0,127.0
2024-11-30,34,2,baseline,2024-12-14,174.0,3.0,95.27,171.0,127.0
2024-11-30,34,3,ensemble,2024-12-21,335.0,51.0,209.10739130434783,284.0,288.0
2024-11-30,34,3,baseline,2024-12-21,335.0,3.0,216.41956521739132,332.0,288.0
2024-11-30,35,1,ensemble,2024-12-07,103.0,34.0,50.64521739130436,69.0,75.0
2024-11-30,35,1,baseline,2024-12-07,103.0,22.0,53.71826086956521,81.0,75.0
2024-11-30,35,2,ensemble,2024-12-14,108.0,41.0,43.04130434782609,67.0,80.0
2024-11-30,35,2,baseline,2024-12-14,108.0,22.0,53.21434782608697,86.0,80.0
2024-11-30,35,3,ensemble,2024-12-21,207.0,47.0,118.2569565217391,160.0,179.0
2024-11-30,35,3,baseline,2024-12-21,207.0,22.0,135.57739130434783,185.0,179.0
2024-11-30,36,1,ensemble,2024-12-07,275.0,146.0,78.67217391304348,129.0,172.0
2024-11-30,36,1,baseline,2024-12-07,275.0,93.0,101.90130434782608,182.0,172.0
2024-11-30,36,2,ensemble,2024-12-14,432.0,186.0,150.63304347826084,246.0,329.0
2024-11-30,36,2,baseline,2024-12-14,432.0,93.0,201.54347826086956,339.0,329.0
2024-11-30,36,3,ensemble,2024-12-21,733.0,238.0,326.02521739130435,495.0,630.0
2024-11-30,36,3,baseline,2024-12-21,733.0,93.0,444.44652173913045,640.0,630.0
2024-11-30,37,1,ensemble,2024-12-07,65.0,52.0,10.42304347826087,13.0,34.0
2024-11-30,37,1,baseline,2024-12-07,65.0,31.0,19.649565217391306,34.0,34.0
2024-11-30,37,2,ensemble,2024-12-14,173.0,67.0,60.95304347826086,106.0,142.0
2024-11-30,37,2,baseline,2024-12-14,173.0,31.0,80.97130434782608,142.0,142.0
2024-11-30,37,3,ensemble,2024-12-21,292.0,73.0,139.24,219.0,261.0
2024-11-30,37,3,baseline,2024-12-21,292.0,31.0,158.54695652173913,261.0,261.0
2024-11-30,38,1,ensemble,2024-12-07,2.0,5.0,1.5791304347826087,3.0,1.0
2024-11-30,38,1,baseline,2024-12-07,2.0,3.0,1.5360869565217394,1.0,1.0
2024-11-30,38,2,ensemble,2024-12-14,5.0,6.0,1.2482608695652175,1.0,2.0
2024-11-30,38,2,baseline,2024-12-14,5.0,3.0,1.9634782608695658,2.0,2.0
2024-11-30,38,3,ensemble,2024-12-21,8.0,7.0,1.744347826086957,1.0,5.0
2024-11-30,38,3,baseline,2024-12-21,8.0,3.0,2.6713043478260867,5.0,5.0
2024-11-30,39,1,ensemble,2024-12-07,88.0,637.0,443.08434782608697,549.0,48.0
2024-11-30,39,1,baseline,2024-12-07,88.0,629.0,452.7739130434782,541.0,48.0
2024-11-30,39,2,ensemble,2024-12-14,151.0,635.0,347.60391304347826,484.0,111.0
2024-11-30,39,2,baseline,2024-12-14,151.0,629.0,368.67956521739126,478.0,111.0
2024-11-30,39,3,ensemble,2024-12-21,297.0,662.0,204.54565217391306,365.0,257.0
2024-11-30,39,3,baseline,2024-12-21,297.0,629.0,216.40434782608696,332.0,257.0
2024-11-30,40,1,ensemble,2024-12-07,40.0,22.0,8.616086956521738,18.0,26.0
2024-11-30,40,1,baseline,2024-12-07,40.0,12.0,14.736521739130437,28.0,26.0
2024-11-30,40,2,ensemble,2024-12-14,57.0,30.0,13.296086956521739,27.0,43.0
2024-11-30,40,2,baseline,2024-12-14,57.0,12.0,22.220434782608695,45.0,43.0
2024-11-30,40,3,ensemble,2024-12-21,106.0,36.0,37.37000000000001,70.0,92.0
2024-11-30,40,3,baseline,2024-12-21,106.0,12.0,48.27652173913043,94.0,92.0
2024-11-30,41,1,ensemble,2024-12-07,118.0,56.0,37.68304347826087,62.0,56.0
2024-11-30,41,1,baseline,2024-12-07,118.0,41.0,51.73260869565217,77.0,56.0
2024-11-30,41,2,ensemble,2024-12-14,233.0,65.0,128.60521739130436,168.0,171.0
2024-11-30,41,2,baseline,2024-12-14,233.0,41.0,135.78608695652173,192.0,171.0
2024-11-30,41,3,ensemble,2024-12-21,386.0,74.0,254.234347826087,312.0,324.0
2024-11-30,41,3,baseline,2024-12-21,386.0,41.0,271.79304347826087,345.0,324.0
2024-11-30,42,1,ensemble,2024-12-07,176.0,186.0,14.717826086956524,10.0,42.0
2024-11-30,42,1,baseline,2024-12-07,176.0,129.0,28.414347826086956,47.0,42.0
2024-11-30,42,2,ensemble,2024-12-14,268.0,221.0,28.264782608695654,47.0,134.0
2024-11-30,42,2,baseline,2024-12-14,268.0,129.0,77.21782608695653,139.0,134.0
2024-11-30,42,3,ensemble,2024-12-21,492.0,249.0,158.05391304347827,243.0,358.0
2024-11-30,42,3,baseline,2024-12-21,492.0,129.0,232.3452173913043,363.0,358.0
2024-11-30,44,1,ensemble,2024-12-07,10.0,3.0,4.2882608695652165,7.0,8.0
2024-11-30,44,1,baseline,2024-12-07,10.0,2.0,4.187391304347826,8.0,8.0
2024-11-30,44,2,ensemble,2024-12-14,28.0,4.0,18.885652173913048,24.0,26.0
2024-11-30,44,2,baseline,2024-12-14,28.0,2.0,16.846521739130434,26.0,26.0
2024-11-30,44,3,ensemble,2024-12-21,23.0,5.0,12.261739130434785,18.0,21.0
2024-11-30,44,3,baseline,2024-12-21,23.0,2.0,12.176521739130434,21.0,21.0
2024-11-30,45,1,ensemble,2024-12-07,40.0,20.0,10.282173913043476,20.0,28.0
2024-11-30,45,1,baseline,2024-12-07,40.0,12.0,14.942173913043485,28.0,28.0
2024-11-30,45,2,ensemble,2024-12-14,79.0,23.0,33.68565217391305,56.0,67.0
2024-11-30,45,2,baseline,2024-12-14,79.0,12.0,36.829565217391306,67.0,67.0
2024-11-30,45,3,ensemble,2024-12-21,160.0,28.0,97.30260869565218,132.0,148.0
2024-11-30,45,3,baseline,2024-12-21,160.0,12.0,90.69130434782609,148.0,148.0
2024-11-30,46,1,ensemble,2024-12-07,1.0,2.0,0.905217391304348,1.0,1.0
2024-11-30,46,1,baseline,2024-12-07,1.0,0.0,1.1186956521739133,1.0,1.0
2024-11-30,46,2,ensemble,2024-12-14,8.0,3.0,2.2873913043478256,5.0,8.0
2024-11-30,46,2,baseline,2024-12-14,8.0,0.0,3.3260869565217392,8.0,8.0
2024-11-30,46,3,ensemble,2024-12-21,14.0,4.0,5.046956521739131,10.0,14.0
2024-11-30,46,3,baseline,2024-12-21,14.0,0.0,5.791304347826086,14.0,14.0
2024-11-30,47,1,ensemble,2024-12-07,115.0,74.0,23.83869565217391,41.0,57.0
2024-11-30,47,1,baseline,2024-12-07,115.0,47.0,39.14565217391304,68.0,57.0
2024-11-30,47,2,ensemble,2024-12-14,217.0,79.0,99.56521739130433,138.0,159.0
2024-11-30,47,2,baseline,2024-12-14,217.0,47.0,108.34434782608696,170.0,159.0
2024-11-30,47,3,ensemble,2024-12-21,372.0,96.0,228.76043478260877,276.0,314.0
2024-11-30,47,3,baseline,2024-12-21,372.0,47.0,236.81391304347827,325.0,314.0
2024-11-30,48,1,ensemble,2024-12-07,526.0,377.0,89.89086956521739,149.0,256.0
2024-11-30,48,1,baseline,2024-12-07,526.0,256.0,155.49478260869566,270.0,256.0
2024-11-30,48,2,ensemble,2024-12-14,701.0,423.0,163.77521739130435,278.0,431.0
2024-11-30,48,2,baseline,2024-12-14,701.0,256.0,267.88173913043477,445.0,431.0
2024-11-30,48,3,ensemble,2024-12-21,1169.0,471.0,483.644347826087,698.0,899.0
2024-11-30,48,3,baseline,2024-12-21,1169.0,256.0,671.1986956521739,913.0,899.0
2024-11-30,49,1,ensemble,2024-12-07,64.0,24.0,30.950869565217392,40.0,44.0
2024-11-30,49,1,baseline,2024-12-07,64.0,19.0,35.038695652173914,45.0,44.0
2024-11-30,49,2,ensemble,2024-12-14,87.0,28.0,45.45173913043479,59.0,67.0
2024-11-30,49,2,baseline,2024-12-14,87.0,19.0,55.71695652173913,68.0,67.0
2024-11-30,49,3,ensemble,2024-12-21,163.0,31.0,114.88347826086957,132.0,143.0
2024-11-30,49,3,baseline,2024-12-21,163.0,19.0,129.74434782608697,144.0,143.0
2024-11-30,50,1,ensemble,2024-12-07,0.0,2.0,1.0230434782608697,2.0,0.0
2024-11-30,50,1,baseline,2024-12-07,0.0,0.0,0.5030434782608697,0.0,0.0
2024-11-30,50,2,ensemble,2024-12-14,8.0,2.0,2.8339130434782613,6.0,8.0
2024-11-30,50,2,baseline,2024-12-14,8.0,0.0,3.9404347826086963,8.0,8.0
2024-11-30,50,3,ensemble,2024-12-21,8.0,2.0,2.716521739130435,6.0,8.0
2024-11-30,50,3,baseline,2024-12-21,8.0,0.0,3.556086956521739,8.0,8.0
2024-11-30,51,1,ensemble,2024-12-07,68.0,42.0,10.458260869565219,26.0,33.0
2024-11-30,51,1,baseline,2024-12-07,68.0,27.0,21.850434782608694,41.0,33.0
2024-11-30,51,2,ensemble,2024-12-14,140.0,55.0,50.68130434782609,85.0,105.0
2024-11-30,51,2,baseline,2024-12-14,140.0,27.0,62.69086956521738,113.0,105.0
2024-11-30,51,3,ensemble,2024-12-21,192.0,72.0,76.79217391304348,120.0,157.0
2024-11-30,51,3,baseline,2024-12-21,192.0,27.0,95.27043478260866,165.0,157.0
2024-11-30,53,1,ensemble,2024-12-07,78.0,42.0,18.496521739130436,36.0,49.0
2024-11-30,53,1,baseline,2024-12-07,78.0,29.0,28.963478260869564,49.0,49.0
2024-11-30,53,2,ensemble,2024-12-14,188.0,47.0,93.65521739130433,141.0,159.0
2024-11-30,53,2,baseline,2024-12-14,188.0,29.0,106.51434782608693,159.0,159.0
2024-11-30,53,3,ensemble,2024-12-21,416.0,58.0,295.3113043478261,358.0,387.0
2024-11-30,53,3,baseline,2024-12-21,416.0,29.0,302.4295652173913,387.0,387.0
2024-11-30,54,1,ensemble,2024-12-07,13.0,8.0,2.4213043478260876,5.0,9.0
2024-11-30,54,1,baseline,2024-12-07,13.0,5.0,4.851739130434783,8.0,9.0
2024-11-30,54,2,ensemble,2024-12-14,21.0,11.0,5.176521739130435,10.0,17.0
2024-11-30,54,2,baseline,2024-12-14,21.0,5.0,8.079565217391306,16.0,17.0
2024-11-30,54,3,ensemble,2024-12-21,37.0,12.0,12.947391304347827,25.0,33.0
2024-11-30,54,3,baseline,2024-12-21,37.0,5.0,14.514347826086953,32.0,33.0
2024-11-30,55,1,ensemble,2024-12-07,27.0,27.0,4.090434782608696,0.0,9.0
2024-11-30,55,1,baseline,2024-12-07,27.0,18.0,6.525652173913044,9.0,9.0
2024-11-30,55,2,ensemble,2024-12-14,66.0,38.0,13.97304347826087,28.0,48.0
2024-11-30,55,2,baseline,2024-12-14,66.0,18.0,25.544782608695655,48.0,48.0
2024-11-30,55,3,ensemble,2024-12-21,120.0,45.0,36.923478260869565,75.0,102.0
2024-11-30,55,3,baseline,2024-12-21,120.0,18.0,58.9,102.0,102.0
2024-11-30,56,1,ensemble,2024-12-07,5.0,10.0,2.862173913043478,5.0,3.0
2024-11-30,56,1,baseline,2024-12-07,5.0,8.0,2.159130434782609,3.0,3.0
2024-11-30,56,2,ensemble,2024-12-14,31.0,12.0,11.510434782608698,19.0,23.0
2024-11-30,56,2,baseline,2024-12-14,31.0,8.0,13.316521739130431,23.0,23.0
2024-11-30,56,3,ensemble,2024-12-21,14.0,14.0,2.6969565217391303,0.0,6.0
2024-11-30,56,3,baseline,2024-12-21,14.0,8.0,3.6304347826086962,6.0,6.0
2024-12-07,01,1,ensemble,2024-12-14,193.0,85.0,79.70304347826087,108.0,128.0
2024-12-07,01,1,baseline,2024-12-14,193.0,65.0,88.35608695652175,128.0,128.0
2024-12-07,01,2,ensemble,2024-12-21,437.0,92.0,303.56739130434784,345.0,372.0
2024-12-07,01,2,baseline,2024-12-21,437.0,65.0,320.485652173913,372.0,372.0
2024-12-07,01,3,ensemble,2024-12-28,667.0,101.0,516.7891304347825,566.0,602.0
2024-12-07,01,3,baseline,2024-12-28,667.0,65.0,542.5569565217392,602.0,602.0
2024-12-07,02,1,ensemble,2024-12-14,25.0,10.0,9.455652173913045,15.0,16.0
2024-12-07,02,1,baseline,2024-12-14,25.0,9.0,10.300869565217392,16.0,16.0
2024-12-07,02,2,ensemble,2024-12-21,18.0,11.0,3.6691304347826086,7.0,9.0
2024-12-07,02,2,baseline,2024-12-21,18.0,9.0,4.871739130434783,9.0,9.0
2024-12-07,02,3,ensemble,2024-12-28,32.0,11.0,13.09478260869565,21.0,23.0
2024-12-07,02,3,baseline,2024-12-28,32.0,9.0,14.094782608695652,23.0,23.0
2024-12-07,04,1,ensemble,2024-12-14,960.0,697.0,169.27347826086955,263.0,419.0
2024-12-07,04,1,baseline,2024-12-14,960.0,587.0,282.1995652173913,373.0,419.0
2024-12-07,04,2,ensemble,2024-12-21,1492.0,708.0,630.6869565217391,784.0,951.0
2024-12-07,04,2,baseline,2024-12-21,1492.0,587.0,790.9521739130433,905.0,951.0
2024-12-07,04,3,ensemble,2024-12-28,2241.0,664.0,1370.1717391304346,1577.0,1700.0
2024-12-07,04,3,baseline,2024-12-28,2241.0,587.0,1521.7447826086955,1654.0,1700.0
2024-12-07,05,1,ensemble,2024-12-14,42.0,19.0,12.88391304347826,23.0,31.0
2024-12-07,05,1,baseline,2024-12-14,42.0,12.0,15.313913043478262,30.0,31.0
2024-12-07,05,2,ensemble,2024-12-21,59.0,22.0,20.704347826086956,37.0,48.0
2024-12-07,05,2,baseline,2024-12-21,59.0,12.0,23.161304347826082,47.0,48.0
2024-12-07,05,3,ensemble,2024-12-28,127.0,25.0,71.43478260869566,102.0,116.0
2024-12-07,05,3,baseline,2024-12-28,127.0,12.0,68.85130434782609,115.0,116.0
2024-12-07,06,1,ensemble,2024-12-14,1395.0,864.0,291.2795652173913,531.0,711.0
2024-12-07,06,1,baseline,2024-12-14,1395.0,653.0,524.1534782608696,742.0,711.0
2024-12-07,06,2,ensemble,2024-12-21,2438.0,955.0,1091.8621739130435,1483.0,1754.0
2024-12-07,06,2,baseline,2024-12-21,2438.0,653.0,1495.7573913043477,1785.0,1754.0
2024-12-07,06,3,ensemble,2024-12-28,3478.0,966.0,2040.597391304348,2512.0,2794.0
2024-12-07,06,3,baseline,2024-12-28,3478.0,653.0,2491.1647826086955,2825.0,2794.0
2024-12-07,08,1,ensemble,2024-12-14,129.0,82.0,25.53217391304348,47.0,62.0
2024-12-07,08,1,baseline,2024-12-14,129.0,64.0,40.35217391304348,65.0,62.0
2024-12-07,08,2,ensemble,2024-12-21,179.0,97.0,47.18130434782609,82.0,112.0
2024-12-07,08,2,baseline,2024-12-21,179.0,64.0,75.01478260869565,115.0,112.0
2024-12-07,08,3,ensemble,2024-12-28,475.0,110.0,318.0613043478261,365.0,408.0
2024-12-07,08,3,baseline,2024-12-28,475.0,64.0,358.5321739130435,411.0,408.0
2024-12-07,09,1,ensemble,2024-12-14,24.0,17.0,4.056521739130435,7.0,14.0
2024-12-07,09,1,baseline,2024-12-14,24.0,10.0,7.719130434782608,14.0,14.0
2024-12-07,09,2,ensemble,2024-12-21,41.0,21.0,10.335217391304347,20.0,31.0
2024-12-07,09,2,baseline,2024-12-21,41.0,10.0,15.037391304347825,31.0,31.0
2024-12-07,09,3,ensemble,2024-12-28,148.0,31.0,91.48,117.0,138.0
2024-12-07,09,3,baseline,2024-12-28,148.0,10.0,89.97217391304348,138.0,138.0
2024-12-07,10,1,ensemble,2024-12-14,15.0,17.0,1.827826086956522,2.0,10.0
2024-12-07,10,1,baseline,2024-12-14,15.0,13.0,1.806086956521739,2.0,10.0
2024-12-07,10,2,ensemble,2024-12-21,43.0,19.0,14.669565217391304,24.0,38.0
2024-12-07,10,2,baseline,2024-12-21,43.0,13.0,19.896521739130435,30.0,38.0
2024-12-07,10,3,ensemble,2024-12-28,96.0,21.0,59.55782608695652,75.0,91.0
2024-12-07,10,3,baseline,2024-12-28,96.0,13.0,67.15434782608695,83.0,91.0
2024-12-07,11,1,ensemble,2024-12-14,4.0,7.0,1.6730434782608696,3.0,1.0
2024-12-07,11,1,baseline,2024-12-14,4.0,5.0,1.3960869565217393,1.0,1.0
2024-12-07,11,2,ensemble,2024-12-21,16.0,9.0,4.237826086956522,7.0,11.0
2024-12-07,11,2,baseline,2024-12-21,16.0,5.0,5.589565217391304,11.0,11.0
2024-12-07,11,3,ensemble,2024-12-28,38.0,10.0,19.259130434782612,28.0,33.0
2024-12-07,11,3,baseline,2024-12-28,38.0,5.0,21.47,33.0,33.0
2024-12-07,12,1,ensemble,2024-12-14,872.0,650.0,114.00521739130434,222.0,267.0
2024-12-07,12,1,baseline,2024-12-14,872.0,535.0,235.2013043478261,337.0,267.0
2024-12-07,12,2,ensemble,2024-12-21,1251.0,697.0,380.7086956521739,554.0,646.0
2024-12-07,12,2,baseline,2024-12-21,1251.0,535.0,581.5291304347826,716.0,646.0
2024-12-07,12,3,ensemble,2024-12-28,2081.0,731.0,1140.605652173913,1350.0,1476.0
2024-12-07,12,3,baseline,2024-12-28,2081.0,535.0,1390.8895652173912,1546.0,1476.0
2024-12-07,13,1,ensemble,2024-12-14,214.0,80.0,92.39608695652174,134.0,158.0
2024-12-07,13,1,baseline,2024-12-14,214.0,53.0,106.9091304347826,161.0,158.0
2024-12-07,13,2,ensemble,2024-12-21,388.0,100.0,221.33521739130435,288.0,332.0
2024-12-07,13,2,baseline,2024-12-21,388.0,53.0,240.16304347826087,335.0,332.0
2024-12-07,13,3,ensemble,2024-12-28,800.0,112.0,604.6334782608695,688.0,744.0
2024-12-07,13,3,baseline,2024-12-28,800.0,53.0,631.514347826087,747.0,744.0
2024-12-07,15,1,ensemble,2024-12-14,34.0,17.0,11.609130434782609,17.0,20.0
2024-12-07,15,1,baseline,2024-12-14,34.0,14.0,13.70260869565217,20.0,20.0
2024-12-07,15,2,ensemble,2024-12-21,42.0,18.0,15.53521739130435,24.0,28.0
2024-12-07,15,2,baseline,2024-12-21,42.0,14.0,19.883478260869566,28.0,28.0
2024-12-07,15,3,ensemble,2024-12-28,57.0,19.0,28.628260869565214,38.0,43.0
2024-12-07,15,3,baseline,2024-12-28,57.0,14.0,33.68478260869565,43.0,43.0
2024-12-07,16,1,ensemble,2024-12-14,107.0,35.0,58.11086956521739,72.0,44.0
2024-12-07,16,1,baseline,2024-12-14,107.0,21.0,60.944782608695654,86.0,44.0
2024-12-07,16,2,ensemble,2024-12-21,188.0,41.0,127.61043478260869,147.0,125.0
2024-12-07,16,2,baseline,2024-12-21,188.0,21.0,134.45478260869567,167.0,125.0
2024-12-07,16,3,ensemble,2024-12-28,333.0,46.0,261.3952173913044,287.0,270.0
2024-12-07,16,3,baseline,2024-12-28,333.0,21.0,274.35043478260866,312.0,270.0
2024-12-07,17,1,ensemble,2024-12-14,240.0,116.0,75.80956521739131,124.0,157.0
2024-12-07,17,1,baseline,2024-12-14,240.0,81.0,102.44565217391306,159.0,157.0
2024-12-07,17,2,ensemble,2024-12-21,488.0,142.0,251.23304347826087,346.0,405.0
2024-12-07,17,2,baseline,2024-12-21,488.0,81.0,307.4043478260869,407.0,405.0
2024-12-07,17,3,ensemble,2024-12-28,1143.0,159.0,859.6582608695652,984.0,1060.0
2024-12-07,17,3,baseline,2024-12-28,1143.0,81.0,946.4543478260869,1062.0,1060.0
2024-12-07,18,1,ensemble,2024-12-14,140.0,63.0,46.0386956521739,77.0,99.0
2024-12-07,18,1,baseline,2024-12-14,140.0,40.0,60.201739130434774,100.0,99.0
2024-12-07,18,2,ensemble,2024-12-21,284.0,84.0,145.8821739130435,200.0,243.0
2024-12-07,18,2,baseline,2024-12-21,284.0,40.0,165.97739130434783,244.0,243.0
2024-12-07,18,3,ensemble,2024-12-28,590.0,81.0,444.5760869565218,509.0,549.0
2024-12-07,18,3,baseline,2024-12-28,590.0,40.0,452.7895652173914,550.0,549.0
2024-12-07,19,1,ensemble,2024-12-14,23.0,8.0,8.923043478260867,15.0,19.0
2024-12-07,19,1,baseline,2024-12-14,23.0,3.0,11.006956521739133,20.0,19.0
2024-12-07,19,2,ensemble,2024-12-21,42.0,10.0,20.75869565217391,32.0,38.0
2024-12-07,19,2,baseline,2024-12-21,42.0,3.0,21.30782608695652,39.0,38.0
2024-12-07,19,3,ensemble,2024-12-28,118.0,11.0,90.40217391304348,107.0,114.0
2024-12-07,19,3,baseline,2024-12-28,118.0,3.0,76.10086956521738,115.0,114.0
2024-12-07,20,1,ensemble,2024-12-14,90.0,23.0,54.65956521739131,67.0,70.0
2024-12-07,20,1,baseline,2024-12-14,90.0,15.0,53.445652173913054,75.0,70.0
2024-12-07,20,2,ensemble,2024-12-21,120.0,30.0,71.24956521739132,90.0,100.0
2024-12-07,20,2,baseline,2024-12-21,120.0,15.0,75.9604347826087,105.0,100.0
2024-12-07,20,3,ensemble,2024-12-28,225.0,33.0,165.40521739130435,192.0,205.0
2024-12-07,20,3,baseline,2024-12-28,225.0,15.0,175.3047826086957,210.0,205.0
2024-12-07,21,1,ensemble,2024-12-14,79.0,32.0,29.55913043478261,47.0,55.0
2024-12-07,21,1,baseline,2024-12-14,79.0,22.0,31.71,57.0,55.0
2024-12-07,21,2,ensemble,2024-12-21,200.0,35.0,135.14913043478265,165.0,176.0
2024-12-07,21,2,baseline,2024-12-21,200.0,22.0,113.43000000000002,178.0,176.0
2024-12-07,21,3,ensemble,2024-12-28,515.0,41.0,435.1217391304348,474.0,491.0
2024-12-07,21,3,baseline,2024-12-28,515.0,22.0,400.5282608695652,493.0,491.0
2024-12-07,22,1,ensemble,2024-12-14,249.0,167.0,45.99565217391305,82.0,114.0
2024-12-07,22,1,baseline,2024-12-14,249.0,137.0,76.28130434782608,112.0,114.0
2024-12-07,22,2,ensemble,2024-12-21,413.0,171.0,180.05695652173915,242.0,278.0
2024-12-07,22,2,baseline,2024-12-21,413.0,137.0,226.75173913043477,276.0,278.0
2024-12-07,22,3,ensemble,2024-12-28,585.0,176.0,332.09000000000003,409.0,450.0
2024-12-07,22,3,baseline,2024-12-28,585.0,137.0,391.13043478260863,448.0,450.0
2024-12-07,23,1,ensemble,2024-12-14,2.0,4.0,1.7278260869565218,2.0,0.0
2024-12-07,23,1,baseline,2024-12-14,2.0,2.0,1.5260869565217394,0.0,0.0
2024-12-07,23,2,ensemble,2024-12-21,10.0,6.0,2.3721739130434782,4.0,8.0
2024-12-07,23,2,baseline,2024-12-21,10.0,2.0,4.0313043478260875,8.0,8.0
2024-12-07,23,3,ensemble,2024-12-28,30.0,7.0,12.449565217391301,23.0,28.0
2024-12-07,23,3,baseline,2024-12-28,30.0,2.0,14.456521739130437,28.0,28.0
2024-12-07,24,1,ensemble,2024-12-14,73.0,30.0,27.716521739130435,43.0,52.0
2024-12-07,24,1,baseline,2024-12-14,73.0,19.0,30.199565217391296,54.0,52.0
2024-12-07,24,2,ensemble,2024-12-21,131.0,37.0,67.85739130434781,94.0,110.0
2024-12-07,24,2,baseline,2024-12-21,131.0,19.0,70.11521739130436,112.0,110.0
2024-12-07,24,3,ensemble,2024-12-28,195.0,44.0,117.3904347826087,151.0,174.0
2024-12-07,24,3,baseline,2024-12-28,195.0,19.0,124.6186956521739,176.0,174.0
2024-12-07,25,1,ensemble,2024-12-14,126.0,90.0,18.176521739130436,36.0,63.0
2024-12-07,25,1,baseline,2024-12-14,126.0,63.0,35.54608695652175,63.0,63.0
2024-12-07,25,2,ensemble,2024-12-21,137.0,104.0,18.139565217391304,33.0,74.0
2024-12-07,25,2,baseline,2024-12-21,137.0,63.0,39.322608695652185,74.0,74.0
2024-12-07,25,3,ensemble,2024-12-28,256.0,113.0,81.80173913043478,143.0,193.0
2024-12-07,25,3,baseline,2024-12-28,256.0,63.0,115.09739130434785,193.0,193.0
2024-12-07,26,1,ensemble,2024-12-14,170.0,87.0,49.960000000000015,83.0,105.0
2024-12-07,26,1,baseline,2024-12-14,170.0,50.0,67.34826086956522,120.0,105.0
2024-12-07,26,2,ensemble,2024-12-21,213.0,103.0,66.70173913043477,110.0,148.0
2024-12-07,26,2,baseline,2024-12-21,213.0,50.0,86.97391304347825,163.0,148.0
2024-12-07,26,3,ensemble,2024-12-28,429.0,109.0,228.0908695652174,320.0,364.0
2024-12-07,26,3,baseline,2024-12-28,429.0,50.0,237.14956521739128,379.0,364.0
2024-12-07,27,1,ensemble,2024-12-14,92.0,47.0,22.468260869565217,45.0,74.0
2024-12-07,27,1,baseline,2024-12-14,92.0,35.0,36.08,57.0,74.0
2024-12-07,27,2,ensemble,2024-12-21,227.0,57.0,128.54304347826087,170.0,209.0
2024-12-07,27,2,baseline,2024-12-21,227.0,35.0,152.1217391304348,192.0,209.0
2024-12-07,27,3,ensemble,2024-12-28,545.0,61.0,432.67869565217393,484.0,527.0
2024-12-07,27,3,baseline,2024-12-28,545.0,35.0,463.96434782608696,510.0,527.0
2024-12-07,28,1,ensemble,2024-12-14,61.0,40.0,12.051304347826088,21.0,33.0
2024-12-07,28,1,baseline,2024-12-14,61.0,28.0,18.584347826086955,33.0,33.0
2024-12-07,28,2,ensemble,2024-12-21,95.0,48.0,29.18304347826087,47.0,67.0
2024-12-07,28,2,baseline,2024-12-21,95.0,28.0,40.35739130434783,67.0,67.0
2024-12-07,28,3,ensemble,2024-12-28,212.0,59.0,127.84739130434784,153.0,184.0
2024-12-07,28,3,baseline,2024-12-28,212.0,28.0,142.14086956521737,184.0,184.0
2024-12-07,29,1,ensemble,2024-12-14,88.0,63.0,13.059565217391304,25.0,47.0
2024-12-07,29,1,baseline,2024-12-14,88.0,39.0,27.751739130434782,49.0,47.0
2024-12-07,29,2,ensemble,2024-12-21,249.0,80.0,117.16999999999999,169.0,208.0
2024-12-07,29,2,baseline,2024-12-21,249.0,39.0,136.08521739130433,210.0,208.0
2024-12-07,29,3,ensemble,2024-12-28,611.0,94.0,444.10478260869564,517.0,570.0
2024-12-07,29,3,baseline,2024-12-28,611.0,39.0,469.86652173913046,572.0,570.0
2024-12-07,30,1,ensemble,2024-12-14,6.0,4.0,1.3169565217391306,2.0,5.0
2024-12-07,30,1,baseline,2024-12-14,6.0,2.0,2.401304347826087,4.0,5.0
2024-12-07,30,2,ensemble,2024-12-21,23.0,6.0,11.237826086956526,17.0,22.0
2024-12-07,30,2,baseline,2024-12-21,23.0,2.0,10.698260869565217,21.0,22.0
2024-12-07,30,3,ensemble,2024-12-28,52.0,7.0,34.407826086956526,45.0,51.0
2024-12-07,30,3,baseline,2024-12-28,52.0,2.0,29.600869565217387,50.0,51.0
2024-12-07,31,1,ensemble,2024-12-14,19.0,14.0,2.781739130434783,5.0,8.0
2024-12-07,31,1,baseline,2024-12-14,19.0,10.0,4.813043478260871,9.0,8.0
2024-12-07,31,2,ensemble,2024-12-21,78.0,16.0,46.84608695652174,62.0,67.0
2024-12-07,31,2,baseline,2024-12-21,78.0,10.0,49.89173913043477,68.0,67.0
2024-12-07,31,3,ensemble,2024-12-28,131.0,18.0,95.49,113.0,120.0
2024-12-07,31,3,baseline,2024-12-28,131.0,10.0,100.11478260869566,121.0,120.0
2024-12-07,32,1,ensemble,2024-12-14,113.0,73.0,22.37913043478261,40.0,52.0
2024-12-07,32,1,baseline,2024-12-14,113.0,56.0,36.404782608695655,57.0,52.0
2024-12-07,32,2,ensemble,2024-12-21,208.0,85.0,91.42782608695653,123.0,147.0
2024-12-07,32,2,baseline,2024-12-21,208.0,56.0,111.1086956521739,152.0,147.0
2024-12-07,32,3,ensemble,2024-12-28,255.0,82.0,128.73521739130436,173.0,194.0
2024-12-07,32,3,baseline,2024-12-28,255.0,56.0,149.76478260869564,199.0,194.0
2024-12-07,33,1,ensemble,2024-12-14,22.0,19.0,2.2426086956521742,3.0,8.0
2024-12-07,33,1,baseline,2024-12-14,22.0,14.0,4.604347826086958,8.0,8.0
2024-12-07,33,2,ensemble,2024-12-21,24.0,24.0,2.8443478260869566,0.0,10.0
2024-12-07,33,2,baseline,2024-12-21,24.0,14.0,5.473478260869566,10.0,10.0
2024-12-07,33,3,ensemble,2024-12-28,53.0,25.0,15.992173913043478,28.0,39.0
2024-12-07,33,3,baseline,2024-12-28,53.0,14.0,25.097391304347827,39.0,39.0
2024-12-07,34,1,ensemble,2024-12-14,174.0,91.0,46.63304347826088,83.0,107.0
2024-12-07,34,1,baseline,2024-12-14,174.0,67.0,62.83782608695651,107.0,107.0
2024-12-07,34,2,ensemble,2024-12-21,335.0,105.0,162.3539130434783,230.0,268.0
2024-12-07,34,2,baseline,2024-12-21,335.0,67.0,177.83826086956523,268.0,268.0
2024-12-07,34,3,ensemble,2024-12-28,723.0,121.0,506.06652173913045,602.0,656.0
2024-12-07,34,3,baseline,2024-12-28,723.0,67.0,540.4817391304349,656.0,656.0
2024-12-07,35,1,ensemble,2024-12-14,108.0,67.0,22.71565217391304,41.0,53.0
2024-12-07,35,1,baseline,2024-12-14,108.0,49.0,37.670434782608694,59.0,53.0
2024-12-07,35,2,ensemble,2024-12-21,207.0,76.0,87.28086956521739,131.0,152.0
2024-12-07,35,2,baseline,2024-12-21,207.0,49.0,116.65086956521738,158.0,152.0
2024-12-07,35,3,ensemble,2024-12-28,234.0,83.0,99.23434782608697,151.0,179.0
2024-12-07,35,3,baseline,2024-12-28,234.0,49.0,136.98347826086956,185.0,179.0
2024-12-07,36,1,ensemble,2024-12-14,432.0,210.0,142.9691304347826,222.0,287.0
2024-12-07,36,1,baseline,2024-12-14,432.0,140.0,183.30260869565217,292.0,287.0
2024-12-07,36,2,ensemble,2024-12-21,733.0,266.0,329.9604347826087,467.0,588.0
2024-12-07,36,2,baseline,2024-12-21,733.0,140.0,428.4334782608696,593.0,588.0
2024-12-07,36,3,ensemble,2024-12-28,1528.0,304.0,1050.8447826086956,1224.0,1383.0
2024-12-07,36,3,baseline,2024-12-28,1528.0,140.0,1197.8826086956522,1388.0,1383.0
2024-12-07,37,1,ensemble,2024-12-14,173.0,58.0,73.7786956521739,115.0,130.0
2024-12-07,37,1,baseline,2024-12-14,173.0,42.0,82.39304347826086,131.0,130.0
2024-12-07,37,2,ensemble,2024-12-21,292.0,69.0,165.24478260869563,223.0,249.0
2024-12-07,37,2,baseline,2024-12-21,292.0,42.0,160.6113043478261,250.0,249.0
2024-12-07,37,3,ensemble,2024-12-28,611.0,87.0,450.1447826086955,524.0,568.0
2024-12-07,37,3,baseline,2024-12-28,611.0,42.0,445.8360869565218,569.0,568.0
2024-12-07,38,1,ensemble,2024-12-14,5.0,4.0,1.0917391304347825,1.0,4.0
2024-12-07,38,1,baseline,2024-12-14,5.0,1.0,1.8660869565217395,4.0,4.0
2024-12-07,38,2,ensemble,2024-12-21,8.0,4.0,2.007826086956522,4.0,7.0
2024-12-07,38,2,baseline,2024-12-21,8.0,1.0,2.957391304347826,7.0,7.0
2024-12-07,38,3,ensemble,2024-12-28,22.0,6.0,9.916086956521738,16.0,21.0
2024-12-07,38,3,baseline,2024-12-28,22.0,1.0,10.828260869565218,21.0,21.0
2024-12-07,39,1,ensemble,2024-12-14,151.0,91.0,29.983913043478257,60.0,98.0
2024-12-07,39,1,baseline,2024-12-14,151.0,54.0,55.28478260869565,97.0,98.0
2024-12-07,39,2,ensemble,2024-12-21,297.0,108.0,106.8595652173913,189.0,244.0
2024-12-07,39,2,baseline,2024-12-21,297.0,54.0,148.4121739130435,243.0,244.0
2024-12-07,39,3,ensemble,2024-12-28,691.0,125.0,428.5734782608696,566.0,638.0
2024-12-07,39,3,baseline,2024-12-28,691.0,54.0,504.8747826086956,637.0,638.0
2024-12-07,40,1,ensemble,2024-12-14,57.0,54.0,7.3756521739130445,3.0,17.0
2024-12-07,40,1,baseline,2024-12-14,57.0,40.0,11.393043478260873,17.0,17.0
2024-12-07,40,2,ensemble,2024-12-21,106.0,61.0,20.936521739130434,45.0,66.0
2024-12-07,40,2,baseline,2024-12-21,106.0,40.0,35.88999999999999,66.0,66.0
2024-12-07,40,3,ensemble,2024-12-28,284.0,76.0,145.43695652173915,208.0,244.0
2024-12-07,40,3,baseline,2024-12-28,284.0,40.0,160.8582608695652,244.0,244.0
2024-12-07,41,1,ensemble,2024-12-14,233.0,52.0,157.75782608695653,181.0,153.0
2024-12-07,41,1,baseline,2024-12-14,233.0,36.0,149.36652173913046,197.0,153.0
2024-12-07,41,2,ensemble,2024-12-21,386.0,63.0,288.19130434782613,323.0,306.0
2024-12-07,41,2,baseline,2024-12-21,386.0,36.0,286.28391304347826,350.0,306.0
2024-12-07,41,3,ensemble,2024-12-28,552.0,67.0,431.6113043478261,485.0,472.0
2024-12-07,41,3,baseline,2024-12-28,552.0,36.0,442.8639130434782,516.0,472.0
2024-12-07,42,1,ensemble,2024-12-14,268.0,173.0,55.224782608695655,95.0,153.0
2024-12-07,42,1,baseline,2024-12-14,268.0,114.0,93.63260869565218,154.0,153.0
2024-12-07,42,2,ensemble,2024-12-21,492.0,216.0,192.81782608695653,276.0,377.0
2024-12-07,42,2,baseline,2024-12-21,492.0,114.0,257.7591304347826,378.0,377.0
2024-12-07,42,3,ensemble,2024-12-28,1005.0,263.0,618.8652173913043,742.0,890.0
2024-12-07,42,3,baseline,2024-12-28,1005.0,114.0,739.5586956521738,891.0,890.0
2024-12-07,44,1,ensemble,2024-12-14,28.0,8.0,14.520869565217392,20.0,22.0
2024-12-07,44,1,baseline,2024-12-14,28.0,6.0,15.086521739130433,22.0,22.0
2024-12-07,44,2,ensemble,2024-12-21,23.0,8.0,7.987826086956523,15.0,17.0
2024-12-07,44,2,baseline,2024-12-21,23.0,6.0,10.247826086956522,17.0,17.0
2024-12-07,44,3,ensemble,2024-12-28,45.0,11.0,23.780434782608697,34.0,39.0
2024-12-07,44,3,baseline,2024-12-28,45.0,6.0,28.01347826086956,39.0,39.0
2024-12-07,45,1,ensemble,2024-12-14,79.0,31.0,31.356956521739136,48.0,61.0
2024-12-07,45,1,baseline,2024-12-14,79.0,18.0,36.26478260869566,61.0,61.0
2024-12-07,45,2,ensemble,2024-12-21,160.0,34.0,94.77521739130434,126.0,142.0
2024-12-07,45,2,baseline,2024-12-21,160.0,18.0,91.39521739130433,142.0,142.0
2024-12-07,45,3,ensemble,2024-12-28,327.0,41.0,242.92565217391305,286.0,309.0
2024-12-07,45,3,baseline,2024-12-28,327.0,18.0,237.38739130434786,309.0,309.0
2024-12-07,46,1,ensemble,2024-12-14,8.0,7.0,1.3530434782608696,1.0,3.0
2024-12-07,46,1,baseline,2024-12-14,8.0,5.0,2.078260869565218,3.0,3.0
2024-12-07,46,2,ensemble,2024-12-21,14.0,9.0,3.023478260869564,5.0,9.0
2024-12-07,46,2,baseline,2024-12-21,14.0,5.0,4.344347826086956,9.0,9.0
2024-12-07,46,3,ensemble,2024-12-28,33.0,9.0,14.529130434782607,24.0,28.0
2024-12-07,46,3,baseline,2024-12-28,33.0,5.0,15.923913043478262,28.0,28.0
2024-12-07,47,1,ensemble,2024-12-14,217.0,80.0,106.11347826086957,137.0,157.0
2024-12-07,47,1,baseline,2024-12-14,217.0,58.0,107.86086956521741,159.0,157.0
2024-12-07,47,2,ensemble,2024-12-21,372.0,87.0,245.2221739130435,285.0,312.0
2024-12-07,47,2,baseline,2024-12-21,372.0,58.0,238.70217391304342,314.0,312.0
2024-12-07,47,3,ensemble,2024-12-28,747.0,94.0,598.1904347826087,653.0,687.0
2024-12-07,47,3,baseline,2024-12-28,747.0,58.0,602.158695652174,689.0,687.0
2024-12-07,48,1,ensemble,2024-12-14,701.0,536.0,92.43173913043478,165.0,299.0
2024-12-07,48,1,baseline,2024-12-14,701.0,386.0,189.47869565217397,315.0,299.0
2024-12-07,48,2,ensemble,2024-12-21,1169.0,596.0,368.7086956521739,573.0,767.0
2024-12-07,48,2,baseline,2024-12-21,1169.0,386.0,576.3704347826086,783.0,767.0
2024-12-07,48,3,ensemble,2024-12-28,2046.0,658.0,1095.736956521739,1388.0,1644.0
2024-12-07,48,3,baseline,2024-12-28,2046.0,386.0,1420.836956521739,1660.0,1644.0
2024-12-07,49,1,ensemble,2024-12-14,87.0,26.0,51.20173913043479,61.0,67.0
2024-12-07,49,1,baseline,2024-12-14,87.0,20.0,57.12,67.0,67.0
2024-12-07,49,2,ensemble,2024-12-21,163.0,30.0,118.86521739130436,133.0,143.0
2024-12-07,49,2,baseline,2024-12-21,163.0,20.0,130.63956521739132,143.0,143.0
2024-12-07,49,3,ensemble,2024-12-28,287.0,34.0,237.68347826086955,253.0,267.0
2024-12-07,49,3,baseline,2024-12-28,287.0,20.0,252.75260869565219,267.0,267.0
2024-12-07,50,1,ensemble,2024-12-14,8.0,4.0,1.9647826086956517,4.0,5.0
2024-12-07,50,1,baseline,2024-12-14,8.0,3.0,2.599130434782609,5.0,5.0
2024-12-07,50,2,ensemble,2024-12-21,8.0,5.0,1.6013043478260875,3.0,5.0
2024-12-07,50,2,baseline,2024-12-21,8.0,3.0,2.5243478260869567,5.0,5.0
2024-12-07,50,3,ensemble,2024-12-28,19.0,6.0,7.783478260869565,13.0,16.0
2024-12-07,50,3,baseline,2024-12-28,19.0,3.0,9.226086956521739,16.0,16.0
2024-12-07,51,1,ensemble,2024-12-14,140.0,59.0,54.12652173913043,81.0,94.0
2024-12-07,51,1,baseline,2024-12-14,140.0,39.0,60.80739130434783,101.0,94.0
2024-12-07,51,2,ensemble,2024-12-21,192.0,78.0,77.60347826086957,114.0,146.0
2024-12-07,51,2,baseline,2024-12-21,192.0,39.0,92.91260869565217,153.0,146.0
2024-12-07,51,3,ensemble,2024-12-28,371.0,94.0,214.33652173913043,277.0,325.0
2024-12-07,51,3,baseline,2024-12-28,371.0,39.0,243.75652173913045,332.0,325.0
2024-12-07,53,1,ensemble,2024-12-14,188.0,54.0,98.5708695652174,134.0,142.0
2024-12-07,53,1,baseline,2024-12-14,188.0,41.0,105.42304347826087,147.0,142.0
2024-12-07,53,2,ensemble,2024-12-21,416.0,61.0,300.32652173913044,355.0,370.0
2024-12-07,53,2,baseline,2024-12-21,416.0,41.0,302.2508695652174,375.0,370.0
2024-12-07,53,3,ensemble,2024-12-28,541.0,71.0,399.20478260869567,470.0,495.0
2024-12-07,53,3,baseline,2024-12-28,541.0,41.0,416.31608695652176,500.0,495.0
2024-12-07,54,1,ensemble,2024-12-14,21.0,8.0,7.326086956521739,13.0,18.0
2024-12-07,54,1,baseline,2024-12-14,21.0,3.0,9.14695652173913,18.0,18.0
2024-12-07,54,2,ensemble,2024-12-21,37.0,10.0,17.27217391304348,27.0,34.0
2024-12-07,54,2,baseline,2024-12-21,37.0,3.0,16.473478260869566,34.0,34.0
2024-12-07,54,3,ensemble,2024-12-28,102.0,11.0,74.6413043478261,91.0,99.0
2024-12-07,54,3,baseline,2024-12-28,102.0,3.0,61.41695652173912,99.0,99.0
2024-12-07,55,1,ensemble,2024-12-14,66.0,21.0,27.08608695652175,45.0,54.0
2024-12-07,55,1,baseline,2024-12-14,66.0,12.0,31.679999999999996,54.0,54.0
2024-12-07,55,2,ensemble,2024-12-21,120.0,31.0,60.595652173913045,89.0,108.0
2024-12-07,55,2,baseline,2024-12-21,120.0,12.0,67.40173913043478,108.0,108.0
2024-12-07,55,3,ensemble,2024-12-28,253.0,39.0,171.16434782608695,214.0,241.0
2024-12-07,55,3,baseline,2024-12-28,253.0,12.0,177.27,241.0,241.0
2024-12-07,56,1,ensemble,2024-12-14,31.0,6.0,19.153478260869566,25.0,24.0
2024-12-07,56,1,baseline,2024-12-14,31.0,4.0,17.43826086956522,27.0,24.0
2024-12-07,56,2,ensemble,2024-12-21,14.0,7.0,3.5039130434782617,7.0,7.0
2024-12-07,56,2,baseline,2024-12-21,14.0,4.0,5.1000000000000005,10.0,7.0
2024-12-07,56,3,ensemble,2024-12-28,84.0,7.0,66.32782608695652,77.0,77.0
2024-12-07,56,3,baseline,2024-12-28,84.0,4.0,63.81304347826087,80.0,77.0
2024-12-14,01,1,ensemble,2024-12-21,437.0,136.0,261.89043478260874,301.0,335.0
2024-12-14,01,1,baseline,2024-12-21,437.0,102.0,292.3686956521739,335.0,335.0
2024-12-14,01,2,ensemble,2024-12-28,667.0,141.0,460.8734782608695,526.0,565.0
2024-12-14,01,2,baseline,2024-12-28,667.0,102.0,513.9504347826087,565.0,565.0
2024-12-14,01,3,ensemble,2025-01-04,690.0,151.0,464.7608695652174,539.0,588.0
2024-12-14,01,3,baseline,2025-01-04,690.0,102.0,528.6721739130435,588.0,588.0
2024-12-14,02,1,ensemble,2024-12-21,18.0,18.0,1.8604347826086955,0.0,1.0
2024-12-14,02,1,baseline,2024-12-21,18.0,14.0,2.3443478260869566,4.0,1.0
2024-12-14,02,2,ensemble,2024-12-28,32.0,18.0,8.191304347826087,14.0,15.0
2024-12-14,02,2,baseline,2024-12-28,32.0,14.0,11.095652173913043,18.0,15.0
2024-12-14,02,3,ensemble,2025-01-04,62.0,18.0,33.01739130434782,44.0,45.0
2024-12-14,02,3,baseline,2025-01-04,62.0,14.0,37.59695652173913,48.0,45.0
2024-12-14,04,1,ensemble,2024-12-21,1492.0,910.0,411.81565217391295,582.0,663.0
2024-12-14,04,1,baseline,2024-12-21,1492.0,880.0,516.7856521739129,612.0,663.0
2024-12-14,04,2,ensemble,2024-12-28,2241.0,850.0,1104.7208695652173,1391.0,1412.0
2024-12-14,04,2,baseline,2024-12-28,2241.0,880.0,1241.3639130434783,1361.0,1412.0
2024-12-14,04,3,ensemble,2025-01-04,2742.0,740.0,1682.2669565217395,2002.0,1913.0
2024-12-14,04,3,baseline,2025-01-04,2742.0,880.0,1722.9291304347828,1862.0,1913.0
2024-12-14,05,1,ensemble,2024-12-21,59.0,28.0,18.649130434782606,31.0,27.0
2024-12-14,05,1,baseline,2024-12-21,59.0,18.0,21.89869565217391,41.0,27.0
2024-12-14,05,2,ensemble,2024-12-28,127.0,33.0,69.21260869565218,94.0,95.0
2024-12-14,05,2,baseline,2024-12-28,127.0,18.0,68.52782608695652,109.0,95.0
2024-12-14,05,3,ensemble,2025-01-04,212.0,40.0,140.7617391304348,172.0,180.0
2024-12-14,05,3,baseline,2025-01-04,212.0,18.0,140.96304347826086,194.0,180.0
2024-12-14,06,1,ensemble,2024-12-21,2438.0,1276.0,858.735652173913,1162.0,1379.0
2024-12-14,06,1,baseline,2024-12-21,2438.0,918.0,1286.3243478260868,1520.0,1379.0
2024-12-14,06,2,ensemble,2024-12-28,3478.0,1285.0,1665.9017391304346,2193.0,2419.0
2024-12-14,06,2,baseline,2024-12-28,3478.0,918.0,2269.7873913043477,2560.0,2419.0
2024-12-14,06,3,ensemble,2025-01-04,3821.0,1304.0,1975.671739130435,2517.0,2762.0
2024-12-14,06,3,baseline,2025-01-04,3821.0,918.0,2569.633913043478,2903.0,2762.0
2024-12-14,08,1,ensemble,2024-12-21,179.0,123.0,31.460869565217397,56.0,89.0
2024-12-14,08,1,baseline,2024-12-21,179.0,89.0,59.69217391304348,90.0,89.0
2024-12-14,08,2,ensemble,2024-12-28,475.0,138.0,291.05826086956523,337.0,385.0
2024-12-14,08,2,baseline,2024-12-28,475.0,89.0,340.9534782608695,386.0,385.0
2024-12-14,08,3,ensemble,2025-01-04,760.0,141.0,562.3169565217391,619.0,670.0
2024-12-14,08,3,baseline,2025-01-04,760.0,89.0,619.2582608695651,671.0,670.0
2024-12-14,09,1,ensemble,2024-12-21,41.0,22.0,9.81913043478261,19.0,28.0
2024-12-14,09,1,baseline,2024-12-21,41.0,13.0,14.727826086956522,28.0,28.0
2024-12-14,09,2,ensemble,2024-12-28,148.0,25.0,103.99869565217392,123.0,135.0
2024-12-14,09,2,baseline,2024-12-28,148.0,13.0,93.86521739130436,135.0,135.0
2024-12-14,09,3,ensemble,2025-01-04,294.0,26.0,237.69869565217394,268.0,281.0
2024-12-14,09,3,baseline,2025-01-04,294.0,13.0,228.49478260869566,281.0,281.0
2024-12-14,10,1,ensemble,2024-12-21,43.0,22.0,12.72434782608696,21.0,28.0
2024-12-14,10,1,baseline,2024-12-21,43.0,15.0,19.65130434782609,28.0,28.0
2024-12-14,10,2,ensemble,2024-12-28,96.0,26.0,57.12347826086957,70.0,81.0
2024-12-14,10,2,baseline,2024-12-28,96.0,15.0,67.11565217391305,81.0,81.0
2024-12-14,10,3,ensemble,2025-01-04,185.0,25.0,145.4408695652174,160.0,170.0
2024-12-14,10,3,baseline,2025-01-04,185.0,15.0,154.13652173913042,170.0,170.0
2024-12-14,11,1,ensemble,2024-12-21,16.0,6.0,7.20695652173913,10.0,14.0
2024-12-14,11,1,baseline,2024-12-21,16.0,2.0,7.895652173913043,14.0,14.0
2024-12-14,11,2,ensemble,2024-12-28,38.0,6.0,26.493913043478262,32.0,36.0
2024-12-14,11,2,baseline,2024-12-28,38.0,2.0,25.925217391304347,36.0,36.0
2024-12-14,11,3,ensemble,2025-01-04,96.0,6.0,81.32217391304347,90.0,94.0
2024-12-14,11,3,baseline,2025-01-04,96.0,2.0,81.96,94.0,94.0
2024-12-14,12,1,ensemble,2024-12-21,1251.0,828.0,277.18217391304347,423.0,551.0
2024-12-14,12,1,baseline,2024-12-21,1251.0,660.0,481.7113043478261,591.0,551.0
2024-12-14,12,2,ensemble,2024-12-28,2081.0,880.0,997.6191304347827,1201.0,1381.0
2024-12-14,12,2,baseline,2024-12-28,2081.0,660.0,1286.596956521739,1421.0,1381.0
2024-12-14,12,3,ensemble,2025-01-04,2862.0,896.0,1661.4895652173911,1966.0,2162.0
2024-12-14,12,3,baseline,2025-01-04,2862.0,660.0,2047.2108695652175,2202.0,2162.0
2024-12-14,13,1,ensemble,2024-12-21,388.0,124.0,217.715652173913,264.0,300.0
2024-12-14,13,1,baseline,2024-12-21,388.0,83.0,230.38565217391303,305.0,300.0
2024-12-14,13,2,ensemble,2024-12-28,800.0,150.0,568.4686956521739,650.0,712.0
2024-12-14,13,2,baseline,2024-12-28,800.0,83.0,618.5039130434784,717.0,712.0
2024-12-14,13,3,ensemble,2025-01-04,1144.0,151.0,879.9617391304347,993.0,1056.0
2024-12-14,13,3,baseline,2025-01-04,1144.0,83.0,947.3495652173914,1061.0,1056.0
2024-12-14,15,1,ensemble,2024-12-21,42.0,24.0,11.160869565217391,18.0,22.0
2024-12-14,15,1,baseline,2024-12-21,42.0,20.0,15.568695652173917,22.0,22.0
2024-12-14,15,2,ensemble,2024-12-28,57.0,25.0,21.605217391304347,32.0,37.0
2024-12-14,15,2,baseline,2024-12-28,57.0,20.0,28.945217391304347,37.0,37.0
2024-12-14,15,3,ensemble,2025-01-04,125.0,26.0,87.43434782608696,99.0,105.0
2024-12-14,15,3,baseline,2025-01-04,125.0,20.0,95.62478260869565,105.0,105.0
2024-12-14,16,1,ensemble,2024-12-21,188.0,94.0,62.49217391304347,94.0,111.0
2024-12-14,16,1,baseline,2024-12-21,188.0,68.0,94.20086956521739,120.0,111.0
2024-12-14,16,2,ensemble,2024-12-28,333.0,99.0,195.11043478260873,234.0,256.0
2024-12-14,16,2,baseline,2024-12-28,333.0,68.0,233.56521739130434,265.0,256.0
2024-12-14,16,3,ensemble,2025-01-04,242.0,94.0,98.27478260869566,148.0,165.0
2024-12-14,16,3,baseline,2025-01-04,242.0,68.0,137.69695652173914,174.0,165.0
2024-12-14,17,1,ensemble,2024-12-21,488.0,152.0,290.5673913043478,336.0,382.0
2024-12-14,17,1,baseline,2024-12-21,488.0,98.0,309.3613043478261,390.0,382.0
2024-12-14,17,2,ensemble,2024-12-28,1143.0,171.0,892.9039130434783,972.0,1037.0
2024-12-14,17,2,baseline,2024-12-28,1143.0,98.0,945.8939130434782,1045.0,1037.0
2024-12-14,17,3,ensemble,2025-01-04,1562.0,175.0,1279.5104347826089,1387.0,1456.0
2024-12-14,17,3,baseline,2025-01-04,1562.0,98.0,1349.5243478260868,1464.0,1456.0
2024-12-14,18,1,ensemble,2024-12-21,284.0,98.0,148.4930434782609,186.0,219.0
2024-12-14,18,1,baseline,2024-12-21,284.0,64.0,157.20695652173913,220.0,219.0
2024-12-14,18,2,ensemble,2024-12-28,590.0,111.0,424.6695652173914,479.0,525.0
2024-12-14,18,2,baseline,2024-12-28,590.0,64.0,443.44173913043477,526.0,525.0
2024-12-14,18,3,ensemble,2025-01-04,814.0,118.0,620.7852173913043,696.0,749.0
2024-12-14,18,3,baseline,2025-01-04,814.0,64.0,654.3165217391305,750.0,749.0
2024-12-14,19,1,ensemble,2024-12-21,42.0,19.0,12.640434782608693,23.0,29.0
2024-12-14,19,1,baseline,2024-12-21,42.0,13.0,17.23608695652174,29.0,29.0
2024-12-14,19,2,ensemble,2024-12-28,118.0,24.0,75.10652173913043,94.0,105.0
2024-12-14,19,2,baseline,2024-12-28,118.0,13.0,72.04260869565218,105.0,105.0
2024-12-14,19,3,ensemble,2025-01-04,171.0,25.0,118.02652173913042,146.0,158.0
2024-12-14,19,3,baseline,2025-01-04,171.0,13.0,118.69565217391306,158.0,158.0
2024-12-14,20,1,ensemble,2024-12-21,120.0,48.0,53.600000000000016,72.0,85.0
2024-12-14,20,1,baseline,2024-12-21,120.0,33.0,64.89956521739131,87.0,85.0
2024-12-14,20,2,ensemble,2024-12-28,225.0,55.0,139.49695652173915,170.0,190.0
2024-12-14,20,2,baseline,2024-12-28,225.0,33.0,162.83608695652177,192.0,190.0
2024-12-14,20,3,ensemble,2025-01-04,353.0,67.0,251.0569565217391,286.0,318.0
2024-12-14,20,3,baseline,2025-01-04,353.0,33.0,285.97826086956525,320.0,318.0
2024-12-14,21,1,ensemble,2024-12-21,200.0,62.0,107.13652173913043,138.0,147.0
2024-12-14,21,1,baseline,2024-12-21,200.0,45.0,106.14565217391304,155.0,147.0
2024-12-14,21,2,ensemble,2024-12-28,515.0,75.0,399.14434782608697,440.0,462.0
2024-12-14,21,2,baseline,2024-12-28,515.0,45.0,392.21347826086946,470.0,462.0
2024-12-14,21,3,ensemble,2025-01-04,678.0,82.0,542.5243478260869,596.0,625.0
2024-12-14,21,3,baseline,2025-01-04,678.0,45.0,542.9178260869566,633.0,625.0
2024-12-14,22,1,ensemble,2024-12-21,413.0,194.0,169.3908695652174,219.0,260.0
2024-12-14,22,1,baseline,2024-12-21,413.0,153.0,220.01478260869567,260.0,260.0
2024-12-14,22,2,ensemble,2024-12-28,585.0,195.0,317.3908695652173,390.0,432.0
2024-12-14,22,2,baseline,2024-12-28,585.0,153.0,382.664347826087,432.0,432.0
2024-12-14,22,3,ensemble,2025-01-04,713.0,199.0,429.4552173913043,514.0,560.0
2024-12-14,22,3,baseline,2025-01-04,713.0,153.0,503.134347826087,560.0,560.0
2024-12-14,23,1,ensemble,2024-12-21,10.0,5.0,2.3873913043478256,5.0,7.0
2024-12-14,23,1,baseline,2024-12-21,10.0,3.0,3.734347826086956,7.0,7.0
2024-12-14,23,2,ensemble,2024-12-28,30.0,7.0,15.010869565217394,23.0,27.0
2024-12-14,23,2,baseline,2024-12-28,30.0,3.0,15.17782608695652,27.0,27.0
2024-12-14,23,3,ensemble,2025-01-04,88.0,8.0,68.08,80.0,85.0
2024-12-14,23,3,baseline,2025-01-04,88.0,3.0,59.78130434782609,85.0,85.0
2024-12-14,24,1,ensemble,2024-12-21,131.0,47.0,64.23739130434782,84.0,94.0
2024-12-14,24,1,baseline,2024-12-21,131.0,28.0,68.82826086956521,103.0,94.0
2024-12-14,24,2,ensemble,2024-12-28,195.0,54.0,108.59608695652172,141.0,158.0
2024-12-14,24,2,baseline,2024-12-28,195.0,28.0,123.70260869565219,167.0,158.0
2024-12-14,24,3,ensemble,2025-01-04,457.0,61.0,354.4730434782608,396.0,420.0
2024-12-14,24,3,baseline,2025-01-04,457.0,28.0,378.6365217391304,429.0,420.0
2024-12-14,25,1,ensemble,2024-12-21,137.0,123.0,12.156521739130433,14.0,54.0
2024-12-14,25,1,baseline,2024-12-21,137.0,81.0,32.13565217391304,56.0,54.0
2024-12-14,25,2,ensemble,2024-12-28,256.0,140.0,62.57043478260868,116.0,173.0
2024-12-14,25,2,baseline,2024-12-28,256.0,81.0,108.87782608695655,175.0,173.0
2024-12-14,25,3,ensemble,2025-01-04,520.0,145.0,281.38956521739135,375.0,437.0
2024-12-14,25,3,baseline,2025-01-04,520.0,81.0,338.8239130434783,439.0,437.0
2024-12-14,26,1,ensemble,2024-12-21,213.0,123.0,48.63173913043479,90.0,122.0
2024-12-14,26,1,baseline,2024-12-21,213.0,76.0,79.81478260869565,137.0,122.0
2024-12-14,26,2,ensemble,2024-12-28,429.0,133.0,209.6960869565217,296.0,338.0
2024-12-14,26,2,baseline,2024-12-28,429.0,76.0,231.70043478260868,353.0,338.0
2024-12-14,26,3,ensemble,2025-01-04,555.0,146.0,305.54043478260866,409.0,464.0
2024-12-14,26,3,baseline,2025-01-04,555.0,76.0,329.208695652174,479.0,464.0
2024-12-14,27,1,ensemble,2024-12-21,227.0,81.0,114.45695652173914,146.0,187.0
2024-12-14,27,1,baseline,2024-12-21,227.0,58.0,137.16173913043477,169.0,187.0
2024-12-14,27,2,ensemble,2024-12-28,545.0,91.0,405.3565217391304,454.0,505.0
2024-12-14,27,2,baseline,2024-12-28,545.0,58.0,447.83956521739134,487.0,505.0
2024-12-14,27,3,ensemble,2025-01-04,952.0,99.0,797.0339130434783,853.0,912.0
2024-12-14,27,3,baseline,2025-01-04,952.0,58.0,848.3730434782609,894.0,912.0
2024-12-14,28,1,ensemble,2024-12-21,95.0,58.0,21.475217391304348,37.0,56.0
2024-12-14,28,1,baseline,2024-12-21,95.0,39.0,35.33173913043479,56.0,56.0
2024-12-14,28,2,ensemble,2024-12-28,212.0,68.0,106.3586956521739,144.0,173.0
2024-12-14,28,2,baseline,2024-12-28,212.0,39.0,137.1986956521739,173.0,173.0
2024-12-14,28,3,ensemble,2025-01-04,272.0,69.0,149.13347826086957,203.0,233.0
2024-12-14,28,3,baseline,2025-01-04,272.0,39.0,191.83347826086955,233.0,233.0
2024-12-14,29,1,ensemble,2024-12-21,249.0,82.0,132.16608695652175,167.0,195.0
2024-12-14,29,1,baseline,2024-12-21,249.0,52.0,137.08739130434785,197.0,195.0
2024-12-14,29,2,ensemble,2024-12-28,611.0,105.0,455.73434782608695,506.0,557.0
2024-12-14,29,2,baseline,2024-12-28,611.0,52.0,472.09304347826094,559.0,557.0
2024-12-14,29,3,ensemble,2025-01-04,826.0,110.0,638.3847826086958,716.0,772.0
2024-12-14,29,3,baseline,2025-01-04,826.0,52.0,673.775652173913,774.0,772.0
2024-12-14,30,1,ensemble,2024-12-21,23.0,5.0,12.842608695652174,18.0,21.0
2024-12-14,30,1,baseline,2024-12-21,23.0,2.0,11.835217391304349,21.0,21.0
2024-12-14,30,2,ensemble,2024-12-28,52.0,6.0,37.749130434782614,46.0,50.0
2024-12-14,30,2,baseline,2024-12-28,52.0,2.0,31.9591304347826,50.0,50.0
2024-12-14,30,3,ensemble,2025-01-04,62.0,7.0,42.283913043478265,55.0,60.0
2024-12-14,30,3,baseline,2025-01-04,62.0,2.0,38.331304347826084,60.0,60.0
2024-12-14,31,1,ensemble,2024-12-21,78.0,17.0,51.45869565217392,61.0,68.0
2024-12-14,31,1,baseline,2024-12-21,78.0,9.0,54.24478260869564,69.0,68.0
2024-12-14,31,2,ensemble,2024-12-28,131.0,19.0,97.85652173913043,112.0,121.0
2024-12-14,31,2,baseline,2024-12-28,131.0,9.0,104.07782608695652,122.0,121.0
2024-12-14,31,3,ensemble,2025-01-04,211.0,20.0,175.54521739130433,191.0,201.0
2024-12-14,31,3,baseline,2025-01-04,211.0,9.0,181.30217391304348,202.0,201.0
2024-12-14,32,1,ensemble,2024-12-21,208.0,96.0,82.04608695652175,112.0,127.0
2024-12-14,32,1,baseline,2024-12-21,208.0,68.0,106.86304347826086,140.0,127.0
2024-12-14,32,2,ensemble,2024-12-28,255.0,106.0,112.74782608695651,149.0,174.0
2024-12-14,32,2,baseline,2024-12-28,255.0,68.0,144.83739130434782,187.0,174.0
2024-12-14,32,3,ensemble,2025-01-04,387.0,105.0,239.6595652173913,282.0,306.0
2024-12-14,32,3,baseline,2025-01-04,387.0,68.0,270.0026086956522,319.0,306.0
2024-12-14,33,1,ensemble,2024-12-21,24.0,24.0,2.4891304347826093,0.0,8.0
2024-12-14,33,1,baseline,2024-12-21,24.0,16.0,4.616956521739131,8.0,8.0
2024-12-14,33,2,ensemble,2024-12-28,53.0,27.0,15.161739130434784,26.0,37.0
2024-12-14,33,2,baseline,2024-12-28,53.0,16.0,24.922173913043476,37.0,37.0
2024-12-14,33,3,ensemble,2025-01-04,108.0,28.0,63.81608695652175,80.0,92.0
2024-12-14,33,3,baseline,2025-01-04,108.0,16.0,76.21782608695652,92.0,92.0
2024-12-14,34,1,ensemble,2024-12-21,335.0,160.0,126.31304347826087,175.0,226.0
2024-12-14,34,1,baseline,2024-12-21,335.0,109.0,155.20695652173913,226.0,226.0
2024-12-14,34,2,ensemble,2024-12-28,723.0,190.0,460.0817391304348,533.0,614.0
2024-12-14,34,2,baseline,2024-12-28,723.0,109.0,517.067391304348,614.0,614.0
2024-12-14,34,3,ensemble,2025-01-04,1326.0,202.0,1023.8413043478262,1124.0,1217.0
2024-12-14,34,3,baseline,2025-01-04,1326.0,109.0,1103.8539130434783,1217.0,1217.0
2024-12-14,35,1,ensemble,2024-12-21,207.0,130.0,43.755217391304356,77.0,104.0
2024-12-14,35,1,baseline,2024-12-21,207.0,94.0,81.98782608695653,113.0,104.0
2024-12-14,35,2,ensemble,2024-12-28,234.0,139.0,52.37391304347825,95.0,131.0
2024-12-14,35,2,baseline,2024-12-28,234.0,94.0,100.45869565217394,140.0,131.0
2024-12-14,35,3,ensemble,2025-01-04,320.0,144.0,112.17086956521739,176.0,217.0
2024-12-14,35,3,baseline,2025-01-04,320.0,94.0,178.53782608695653,226.0,217.0
2024-12-14,36,1,ensemble,2024-12-21,733.0,395.0,208.47478260869565,338.0,458.0
2024-12-14,36,1,baseline,2024-12-21,733.0,264.0,338.28521739130434,469.0,458.0
2024-12-14,36,2,ensemble,2024-12-28,1528.0,469.0,866.7904347826087,1059.0,1253.0
2024-12-14,36,2,baseline,2024-12-28,1528.0,264.0,1102.8721739130435,1264.0,1253.0
2024-12-14,36,3,ensemble,2025-01-04,2594.0,543.0,1814.9691304347828,2051.0,2319.0
2024-12-14,36,3,baseline,2025-01-04,2594.0,264.0,2143.0169565217393,2330.0,2319.0
2024-12-14,37,1,ensemble,2024-12-21,292.0,98.0,156.09478260869565,194.0,227.0
2024-12-14,37,1,baseline,2024-12-21,292.0,64.0,156.10260869565218,228.0,227.0
2024-12-14,37,2,ensemble,2024-12-28,611.0,110.0,438.305652173913,501.0,546.0
2024-12-14,37,2,baseline,2024-12-28,611.0,64.0,442.80652173913046,547.0,546.0
2024-12-14,37,3,ensemble,2025-01-04,942.0,130.0,730.3108695652174,812.0,877.0
2024-12-14,37,3,baseline,2025-01-04,942.0,64.0,757.3852173913045,878.0,877.0
2024-12-14,38,1,ensemble,2024-12-21,8.0,4.0,1.9956521739130435,4.0,6.0
2024-12-14,38,1,baseline,2024-12-21,8.0,2.0,2.7604347826086952,6.0,6.0
2024-12-14,38,2,ensemble,2024-12-28,22.0,6.0,10.297826086956523,16.0,20.0
2024-12-14,38,2,baseline,2024-12-28,22.0,2.0,11.10391304347826,20.0,20.0
2024-12-14,38,3,ensemble,2025-01-04,56.0,7.0,40.100869565217394,49.0,54.0
2024-12-14,38,3,baseline,2025-01-04,56.0,2.0,40.86260869565218,54.0,54.0
2024-12-14,39,1,ensemble,2024-12-21,297.0,141.0,103.7126086956522,156.0,209.0
2024-12-14,39,1,baseline,2024-12-21,297.0,84.0,139.18130434782609,213.0,209.0
2024-12-14,39,2,ensemble,2024-12-28,691.0,172.0,423.60608695652184,519.0,603.0
2024-12-14,39,2,baseline,2024-12-28,691.0,84.0,495.84260869565213,607.0,603.0
2024-12-14,39,3,ensemble,2025-01-04,1302.0,196.0,947.4508695652175,1106.0,1214.0
2024-12-14,39,3,baseline,2025-01-04,1302.0,84.0,1088.5504347826086,1218.0,1214.0
2024-12-14,40,1,ensemble,2024-12-21,106.0,57.0,27.0,49.0,66.0
2024-12-14,40,1,baseline,2024-12-21,106.0,31.0,44.35782608695652,75.0,66.0
2024-12-14,40,2,ensemble,2024-12-28,284.0,70.0,167.3326086956522,214.0,244.0
2024-12-14,40,2,baseline,2024-12-28,284.0,31.0,176.91173913043482,253.0,244.0
2024-12-14,40,3,ensemble,2025-01-04,405.0,81.0,267.7234782608696,324.0,365.0
2024-12-14,40,3,baseline,2025-01-04,405.0,32.0,278.0647826086957,373.0,365.0
2024-12-14,41,1,ensemble,2024-12-21,386.0,118.0,222.7613043478261,268.0,268.0
2024-12-14,41,1,baseline,2024-12-21,386.0,79.0,256.03826086956525,307.0,268.0
2024-12-14,41,2,ensemble,2024-12-28,552.0,122.0,366.89304347826084,430.0,434.0
2024-12-14,41,2,baseline,2024-12-28,552.0,79.0,410.2039130434783,473.0,434.0
2024-12-14,41,3,ensemble,2025-01-04,536.0,126.0,331.99304347826086,410.0,418.0
2024-12-14,41,3,baseline,2025-01-04,536.0,79.0,384.8343478260869,457.0,418.0
2024-12-14,42,1,ensemble,2024-12-21,492.0,236.0,177.78782608695653,256.0,316.0
2024-12-14,42,1,baseline,2024-12-21,492.0,173.0,223.61652173913043,319.0,316.0
2024-12-14,42,2,ensemble,2024-12-28,1005.0,279.0,586.1478260869565,726.0,829.0
2024-12-14,42,2,baseline,2024-12-28,1005.0,173.0,703.5904347826087,832.0,829.0
2024-12-14,42,3,ensemble,2025-01-04,1674.0,335.0,1164.3008695652175,1339.0,1498.0
2024-12-14,42,3,baseline,2025-01-04,1674.0,173.0,1352.1521739130437,1501.0,1498.0
2024-12-14,44,1,ensemble,2024-12-21,23.0,12.0,6.191739130434781,11.0,13.0
2024-12-14,44,1,baseline,2024-12-21,23.0,8.0,9.503478260869565,15.0,13.0
2024-12-14,44,2,ensemble,2024-12-28,45.0,14.0,23.023043478260867,31.0,35.0
2024-12-14,44,2,baseline,2024-12-28,45.0,8.0,27.766086956521736,37.0,35.0
2024-12-14,44,3,ensemble,2025-01-04,93.0,15.0,67.87173913043479,78.0,83.0
2024-12-14,44,3,baseline,2025-01-04,93.0,8.0,74.13260869565217,85.0,83.0
2024-12-14,45,1,ensemble,2024-12-21,160.0,55.0,77.50695652173913,105.0,120.0
2024-12-14,45,1,baseline,2024-12-21,160.0,39.0,83.80913043478262,121.0,120.0
2024-12-14,45,2,ensemble,2024-12-28,327.0,70.0,211.49260869565217,257.0,287.0
2024-12-14,45,2,baseline,2024-12-28,327.0,39.0,227.44739130434783,288.0,287.0
2024-12-14,45,3,ensemble,2025-01-04,520.0,72.0,392.6686956521739,448.0,480.0
2024-12-14,45,3,baseline,2025-01-04,520.0,39.0,411.6347826086957,481.0,480.0
2024-12-14,46,1,ensemble,2024-12-21,14.0,3.0,6.061304347826087,11.0,13.0
2024-12-14,46,1,baseline,2024-12-21,14.0,1.0,6.606521739130437,13.0,13.0
2024-12-14,46,2,ensemble,2024-12-28,33.0,5.0,20.356521739130436,28.0,32.0
2024-12-14,46,2,baseline,2024-12-28,33.0,1.0,19.46260869565217,32.0,32.0
2024-12-14,46,3,ensemble,2025-01-04,47.0,6.0,30.450434782608696,41.0,46.0
2024-12-14,46,3,baseline,2025-01-04,47.0,1.0,30.574782608695653,46.0,46.0
2024-12-14,47,1,ensemble,2024-12-21,372.0,128.0,199.11869565217393,244.0,257.0
2024-12-14,47,1,baseline,2024-12-21,372.0,102.0,208.67521739130433,270.0,257.0
2024-12-14,47,2,ensemble,2024-12-28,747.0,147.0,528.2904347826087,600.0,632.0
2024-12-14,47,2,baseline,2024-12-28,747.0,102.0,570.0978260869566,645.0,632.0
2024-12-14,47,3,ensemble,2025-01-04,1063.0,170.0,815.4839130434783,893.0,948.0
2024-12-14,47,3,baseline,2025-01-04,1063.0,102.0,875.3739130434782,961.0,948.0
2024-12-14,48,1,ensemble,2024-12-21,1169.0,692.0,319.2778260869565,477.0,643.0
2024-12-14,48,1,baseline,2024-12-21,1169.0,493.0,508.77217391304333,676.0,643.0
2024-12-14,48,2,ensemble,2024-12-28,2046.0,769.0,998.1100000000001,1277.0,1520.0
2024-12-14,48,2,baseline,2024-12-28,2046.0,493.0,1349.2191304347828,1553.0,1520.0
2024-12-14,48,3,ensemble,2025-01-04,2514.0,804.0,1347.1117391304347,1710.0,1988.0
2024-12-14,48,3,baseline,2025-01-04,2514.0,493.0,1785.0478260869568,2021.0,1988.0
2024-12-14,49,1,ensemble,2024-12-21,163.0,72.0,69.75608695652174,91.0,99.0
2024-12-14,49,1,baseline,2024-12-21,163.0,64.0,87.85391304347826,99.0,99.0
2024-12-14,49,2,ensemble,2024-12-28,287.0,70.0,184.38000000000002,217.0,223.0
2024-12-14,49,2,baseline,2024-12-28,287.0,64.0,209.4739130434783,223.0,223.0
2024-12-14,49,3,ensemble,2025-01-04,388.0,74.0,280.5813043478261,314.0,324.0
2024-12-14,49,3,baseline,2025-01-04,388.0,64.0,308.4313043478261,324.0,324.0
2024-12-14,50,1,ensemble,2024-12-21,8.0,3.0,2.65304347826087,5.0,8.0
2024-12-14,50,1,baseline,2024-12-21,8.0,0.0,4.479130434782609,8.0,8.0
2024-12-14,50,2,ensemble,2024-12-28,19.0,4.0,10.705217391304346,15.0,19.0
2024-12-14,50,2,baseline,2024-12-28,19.0,0.0,12.068695652173915,19.0,19.0
2024-12-14,50,3,ensemble,2025-01-04,33.0,4.0,22.936521739130434,29.0,33.0
2024-12-14,50,3,baseline,2025-01-04,33.0,0.0,23.07478260869565,33.0,33.0
2024-12-14,51,1,ensemble,2024-12-21,192.0,93.0,63.049130434782604,99.0,124.0
2024-12-14,51,1,baseline,2024-12-21,192.0,62.0,83.27956521739131,130.0,124.0
2024-12-14,51,2,ensemble,2024-12-28,371.0,109.0,194.71739130434779,262.0,303.0
2024-12-14,51,2,baseline,2024-12-28,371.0,62.0,234.49347826086958,309.0,303.0
2024-12-14,51,3,ensemble,2025-01-04,669.0,133.0,444.3821739130435,536.0,601.0
2024-12-14,51,3,baseline,2025-01-04,669.0,62.0,520.9352173913045,607.0,601.0
2024-12-14,53,1,ensemble,2024-12-21,416.0,91.0,295.5404347826087,325.0,338.0
2024-12-14,53,1,baseline,2024-12-21,416.0,57.0,301.64260869565214,359.0,338.0
2024-12-14,53,2,ensemble,2024-12-28,541.0,103.0,389.08217391304345,438.0,463.0
2024-12-14,53,2,baseline,2024-12-28,541.0,57.0,412.09869565217394,484.0,463.0
2024-12-14,53,3,ensemble,2025-01-04,530.0,110.0,352.0382608695652,420.0,452.0
2024-12-14,53,3,baseline,2025-01-04,530.0,57.0,390.2426086956522,473.0,452.0
2024-12-14,54,1,ensemble,2024-12-21,37.0,19.0,10.241304347826086,18.0,24.0
2024-12-14,54,1,baseline,2024-12-21,37.0,12.0,13.602608695652172,25.0,24.0
2024-12-14,54,2,ensemble,2024-12-28,102.0,22.0,64.62173913043478,80.0,89.0
2024-12-14,54,2,baseline,2024-12-28,102.0,12.0,58.67173913043479,90.0,89.0
2024-12-14,54,3,ensemble,2025-01-04,198.0,23.0,154.99,175.0,185.0
2024-12-14,54,3,baseline,2025-01-04,198.0,12.0,146.10695652173914,186.0,185.0
2024-12-14,55,1,ensemble,2024-12-21,120.0,41.0,56.35086956521739,79.0,93.0
2024-12-14,55,1,baseline,2024-12-21,120.0,27.0,61.358695652173914,93.0,93.0
2024-12-14,55,2,ensemble,2024-12-28,253.0,52.0,167.88304347826084,201.0,226.0
2024-12-14,55,2,baseline,2024-12-28,253.0,27.0,171.87782608695653,226.0,226.0
2024-12-14,55,3,ensemble,2025-01-04,389.0,62.0,286.00913043478266,327.0,362.0
2024-12-14,55,3,baseline,2025-01-04,389.0,27.0,299.8569565217391,362.0,362.0
2024-12-14,56,1,ensemble,2024-12-21,14.0,8.0,2.9034782608695653,6.0,9.0
2024-12-14,56,1,baseline,2024-12-21,14.0,5.0,4.945652173913043,9.0,9.0
2024-12-14,56,2,ensemble,2024-12-28,84.0,9.0,66.98956521739129,75.0,79.0
2024-12-14,56,2,baseline,2024-12-28,84.0,5.0,65.15434782608695,79.0,79.0
2024-12-14,56,3,ensemble,2025-01-04,115.0,9.0,95.97739130434783,106.0,110.0
2024-12-14,56,3,baseline,2025-01-04,115.0,5.0,93.74739130434783,110.0,110.0
2024-12-21,01,1,ensemble,2024-12-28,667.0,258.0,336.68869565217386,409.0,474.0
2024-12-21,01,1,baseline,2024-12-28,667.0,189.0,435.0165217391305,478.0,474.0
2024-12-21,01,2,ensemble,2025-01-04,690.0,259.0,328.5978260869566,431.0,497.0
2024-12-21,01,2,baseline,2025-01-04,690.0,189.0,449.1386956521739,501.0,497.0
2024-12-21,01,3,ensemble,2025-01-11,477.0,245.0,136.38608695652172,232.0,284.0
2024-12-21,01,3,baseline,2025-01-11,477.0,189.0,228.06869565217391,288.0,284.0
2024-12-21,02,1,ensemble,2024-12-28,32.0,27.0,3.4747826086956524,5.0,7.0
2024-12-21,02,1,baseline,2024-12-28,32.0,23.0,5.282608695652175,9.0,7.0
2024-12-21,02,2,ensemble,2025-01-04,62.0,25.0,23.86173913043478,37.0,37.0
2024-12-21,02,2,baseline,2025-01-04,62.0,23.0,30.001304347826085,39.0,37.0
2024-12-21,02,3,ensemble,2025-01-11,39.0,25.0,6.999130434782609,14.0,14.0
2024-12-21,02,3,baseline,2025-01-11,39.0,23.0,9.25478260869565,16.0,14.0
2024-12-21,04,1,ensemble,2024-12-28,2241.0,937.0,1092.964347826087,1304.0,1281.0
2024-12-21,04,1,baseline,2024-12-28,2241.0,992.0,1152.870434782609,1249.0,1281.0
2024-12-21,04,2,ensemble,2025-01-04,2742.0,878.0,1581.576956521739,1864.0,1782.0
2024-12-21,04,2,baseline,2025-01-04,2742.0,992.0,1629.6534782608694,1750.0,1782.0
2024-12-21,04,3,ensemble,2025-01-11,1419.0,780.0,364.2256521739129,639.0,459.0
2024-12-21,04,3,baseline,2025-01-11,1419.0,992.0,290.8569565217391,427.0,459.0
2024-12-21,05,1,ensemble,2024-12-28,127.0,59.0,41.4495652173913,68.0,85.0
2024-12-21,05,1,baseline,2024-12-28,127.0,39.0,57.29304347826087,88.0,85.0
2024-12-21,05,2,ensemble,2025-01-04,212.0,65.0,101.27347826086957,147.0,170.0
2024-12-21,05,2,baseline,2025-01-04,212.0,39.0,128.5086956521739,173.0,170.0
2024-12-21,05,3,ensemble,2025-01-11,158.0,74.0,44.14173913043478,84.0,116.0
2024-12-21,05,3,baseline,2025-01-11,158.0,39.0,74.42565217391304,119.0,116.0
2024-12-21,06,1,ensemble,2024-12-28,3478.0,1715.0,1289.4530434782607,1763.0,2083.0
2024-12-21,06,1,baseline,2024-12-28,3478.0,1366.0,1876.5947826086954,2112.0,2083.0
2024-12-21,06,2,ensemble,2025-01-04,3821.0,1775.0,1527.4560869565219,2046.0,2426.0
2024-12-21,06,2,baseline,2025-01-04,3821.0,1366.0,2162.128695652174,2455.0,2426.0
2024-12-21,06,3,ensemble,2025-01-11,3064.0,1479.0,1017.1282608695655,1585.0,1669.0
2024-12-21,06,3,baseline,2025-01-11,3064.0,1366.0,1360.2526086956523,1698.0,1669.0
2024-12-21,08,1,ensemble,2024-12-28,475.0,178.0,237.87173913043475,297.0,346.0
2024-12-21,08,1,baseline,2024-12-28,475.0,129.0,308.94695652173914,346.0,346.0
2024-12-21,08,2,ensemble,2025-01-04,760.0,179.0,508.941304347826,581.0,631.0
2024-12-21,08,2,baseline,2025-01-04,760.0,129.0,586.0686956521738,631.0,631.0
2024-12-21,08,3,ensemble,2025-01-11,499.0,183.0,242.17217391304348,316.0,370.0
2024-12-21,08,3,baseline,2025-01-11,499.0,129.0,318.25608695652176,370.0,370.0
2024-12-21,09,1,ensemble,2024-12-28,148.0,37.0,87.2804347826087,111.0,124.0
2024-12-21,09,1,baseline,2024-12-28,148.0,24.0,91.39565217391306,124.0,124.0
2024-12-21,09,2,ensemble,2025-01-04,294.0,45.0,215.59217391304352,249.0,270.0
2024-12-21,09,2,baseline,2025-01-04,294.0,24.0,226.66347826086957,270.0,270.0
2024-12-21,09,3,ensemble,2025-01-11,247.0,52.0,151.5730434782609,195.0,223.0
2024-12-21,09,3,baseline,2025-01-11,247.0,24.0,171.70565217391305,223.0,223.0
2024-12-21,10,1,ensemble,2024-12-28,96.0,23.0,63.82043478260869,73.0,81.0
2024-12-21,10,1,baseline,2024-12-28,96.0,15.0,69.86869565217391,81.0,81.0
2024-12-21,10,2,ensemble,2025-01-04,185.0,24.0,148.9295652173913,161.0,170.0
2024-12-21,10,2,baseline,2025-01-04,185.0,15.0,156.26999999999998,170.0,170.0
2024-12-21,10,3,ensemble,2025-01-11,87.0,24.0,51.61869565217391,63.0,72.0
2024-12-21,10,3,baseline,2025-01-11,87.0,15.0,56.186521739130434,72.0,72.0
2024-12-21,11,1,ensemble,2024-12-28,38.0,9.0,22.622173913043476,29.0,34.0
2024-12-21,11,1,baseline,2024-12-28,38.0,6.0,23.88086956521739,32.0,34.0
2024-12-21,11,2,ensemble,2025-01-04,96.0,9.0,80.19086956521737,87.0,92.0
2024-12-21,11,2,baseline,2025-01-04,96.0,6.0,79.73608695652173,90.0,92.0
2024-12-21,11,3,ensemble,2025-01-11,44.0,9.0,26.687826086956523,35.0,40.0
2024-12-21,11,3,baseline,2025-01-11,44.0,6.0,26.10782608695653,38.0,40.0
2024-12-21,12,1,ensemble,2024-12-28,2081.0,990.0,859.031304347826,1091.0,1209.0
2024-12-21,12,1,baseline,2024-12-28,2081.0,851.0,1119.6504347826087,1230.0,1209.0
2024-12-21,12,2,ensemble,2025-01-04,2862.0,1021.0,1589.48,1841.0,1990.0
2024-12-21,12,2,baseline,2025-01-04,2862.0,851.0,1874.546086956522,2011.0,1990.0
2024-12-21,12,3,ensemble,2025-01-11,2411.0,961.0,1118.8239130434783,1450.0,1539.0
2024-12-21,12,3,baseline,2025-01-11,2411.0,851.0,1402.9191304347828,1560.0,1539.0
2024-12-21,13,1,ensemble,2024-12-28,800.0,273.0,418.70130434782607,527.0,586.0
2024-12-21,13,1,baseline,2024-12-28,800.0,203.0,517.2495652173913,597.0,586.0
2024-12-21,13,2,ensemble,2025-01-04,1144.0,295.0,696.4708695652174,849.0,930.0
2024-12-21,13,2,baseline,2025-01-04,1144.0,203.0,843.2139130434782,941.0,930.0
2024-12-21,13,3,ensemble,2025-01-11,823.0,316.0,352.2460869565217,507.0,609.0
2024-12-21,13,3,baseline,2025-01-11,823.0,203.0,507.9482608695651,620.0,609.0
2024-12-21,15,1,ensemble,2024-12-28,57.0,34.0,13.483478260869566,23.0,23.0
2024-12-21,15,1,baseline,2024-12-28,57.0,30.0,20.39826086956522,27.0,23.0
2024-12-21,15,2,ensemble,2025-01-04,125.0,36.0,78.4804347826087,89.0,91.0
2024-12-21,15,2,baseline,2025-01-04,125.0,30.0,86.9608695652174,95.0,91.0
2024-12-21,15,3,ensemble,2025-01-11,113.0,35.0,61.97391304347826,78.0,79.0
2024-12-21,15,3,baseline,2025-01-11,113.0,30.0,73.61826086956522,83.0,79.0
2024-12-21,16,1,ensemble,2024-12-28,333.0,112.0,178.90565217391304,221.0,226.0
2024-12-21,16,1,baseline,2024-12-28,333.0,93.0,214.27999999999997,240.0,226.0
2024-12-21,16,2,ensemble,2025-01-04,242.0,110.0,97.37347826086955,132.0,135.0
2024-12-21,16,2,baseline,2025-01-04,242.0,93.0,117.53000000000002,149.0,135.0
2024-12-21,16,3,ensemble,2025-01-11,136.0,100.0,19.094782608695652,36.0,29.0
2024-12-21,16,3,baseline,2025-01-11,136.0,93.0,24.448695652173914,43.0,29.0
2024-12-21,17,1,ensemble,2024-12-28,1143.0,302.0,718.6673913043478,841.0,903.0
2024-12-21,17,1,baseline,2024-12-28,1143.0,224.0,839.1965217391306,919.0,903.0
2024-12-21,17,2,ensemble,2025-01-04,1562.0,330.0,1055.102608695652,1232.0,1322.0
2024-12-21,17,2,baseline,2025-01-04,1562.0,224.0,1239.9578260869566,1338.0,1322.0
2024-12-21,17,3,ensemble,2025-01-11,1399.0,338.0,892.6634782608695,1061.0,1159.0
2024-12-21,17,3,baseline,2025-01-11,1399.0,224.0,1061.874347826087,1175.0,1159.0
2024-12-21,18,1,ensemble,2024-12-28,590.0,195.0,317.95260869565215,395.0,450.0
2024-12-21,18,1,baseline,2024-12-28,590.0,137.0,387.76521739130436,453.0,450.0
2024-12-21,18,2,ensemble,2025-01-04,814.0,222.0,469.4869565217391,592.0,674.0
2024-12-21,18,2,baseline,2025-01-04,814.0,137.0,595.8178260869565,677.0,674.0
2024-12-21,18,3,ensemble,2025-01-11,511.0,220.0,155.80565217391305,291.0,371.0
2024-12-21,18,3,baseline,2025-01-11,511.0,137.0,279.8126086956522,374.0,371.0
2024-12-21,19,1,ensemble,2024-12-28,118.0,37.0,61.34782608695653,81.0,95.0
2024-12-21,19,1,baseline,2024-12-28,118.0,23.0,68.78086956521739,95.0,95.0
2024-12-21,19,2,ensemble,2025-01-04,171.0,44.0,98.27217391304349,127.0,148.0
2024-12-21,19,2,baseline,2025-01-04,171.0,23.0,114.38434782608694,148.0,148.0
2024-12-21,19,3,ensemble,2025-01-11,264.0,48.0,174.96565217391307,216.0,241.0
2024-12-21,19,3,baseline,2025-01-11,264.0,23.0,202.07695652173916,241.0,241.0
2024-12-21,20,1,ensemble,2024-12-28,225.0,108.0,76.64304347826088,117.0,135.0
2024-12-21,20,1,baseline,2024-12-28,225.0,83.0,118.61260869565216,142.0,135.0
2024-12-21,20,2,ensemble,2025-01-04,353.0,105.0,184.30260869565222,248.0,263.0
2024-12-21,20,2,baseline,2025-01-04,353.0,83.0,240.63478260869567,270.0,263.0
2024-12-21,20,3,ensemble,2025-01-11,236.0,128.0,66.59130434782607,108.0,146.0
2024-12-21,20,3,baseline,2025-01-11,236.0,83.0,118.97782608695651,153.0,146.0
2024-12-21,21,1,ensemble,2024-12-28,515.0,101.0,361.37130434782614,414.0,436.0
2024-12-21,21,1,baseline,2024-12-28,515.0,75.0,377.99652173913046,440.0,436.0
2024-12-21,21,2,ensemble,2025-01-04,678.0,112.0,491.0904347826088,566.0,599.0
2024-12-21,21,2,baseline,2025-01-04,678.0,75.0,526.3908695652175,603.0,599.0
2024-12-21,21,3,ensemble,2025-01-11,463.0,113.0,259.54173913043473,350.0,384.0
2024-12-21,21,3,baseline,2025-01-11,463.0,75.0,299.51260869565215,388.0,384.0
2024-12-21,22,1,ensemble,2024-12-28,585.0,290.0,203.20086956521737,295.0,336.0
2024-12-21,22,1,baseline,2024-12-28,585.0,246.0,298.0347826086956,339.0,336.0
2024-12-21,22,2,ensemble,2025-01-04,713.0,286.0,321.93391304347824,427.0,464.0
2024-12-21,22,2,baseline,2025-01-04,713.0,246.0,416.5239130434782,467.0,464.0
2024-12-21,22,3,ensemble,2025-01-11,446.0,277.0,88.80260869565217,169.0,197.0
2024-12-21,22,3,baseline,2025-01-11,446.0,246.0,142.20260869565217,200.0,197.0
2024-12-21,23,1,ensemble,2024-12-28,30.0,5.0,20.121304347826086,25.0,28.0
2024-12-21,23,1,baseline,2024-12-28,30.0,2.0,17.795652173913044,28.0,28.0
2024-12-21,23,2,ensemble,2025-01-04,88.0,5.0,74.58826086956522,83.0,86.0
2024-12-21,23,2,baseline,2025-01-04,88.0,2.0,64.3695652173913,86.0,86.0
2024-12-21,23,3,ensemble,2025-01-11,92.0,6.0,76.8391304347826,86.0,90.0
2024-12-21,23,3,baseline,2025-01-11,92.0,2.0,64.70782608695652,90.0,90.0
2024-12-21,24,1,ensemble,2024-12-28,195.0,101.0,55.701739130434774,94.0,122.0
2024-12-21,24,1,baseline,2024-12-28,195.0,70.0,90.90304347826087,125.0,122.0
2024-12-21,24,2,ensemble,2025-01-04,457.0,116.0,278.5639130434783,341.0,384.0
2024-12-21,24,2,baseline,2025-01-04,457.0,70.0,344.81304347826085,387.0,384.0
2024-12-21,24,3,ensemble,2025-01-11,372.0,128.0,180.24739130434781,244.0,299.0
2024-12-21,24,3,baseline,2025-01-11,372.0,70.0,253.33043478260868,302.0,299.0
2024-12-21,25,1,ensemble,2024-12-28,256.0,178.0,38.74782608695652,78.0,130.0
2024-12-21,25,1,baseline,2024-12-28,256.0,123.0,84.37652173913044,133.0,130.0
2024-12-21,25,2,ensemble,2025-01-04,520.0,194.0,224.96478260869563,326.0,394.0
2024-12-21,25,2,baseline,2025-01-04,520.0,123.0,311.2213043478261,397.0,394.0
2024-12-21,25,3,ensemble,2025-01-11,585.0,206.0,273.56304347826085,379.0,459.0
2024-12-21,25,3,baseline,2025-01-11,585.0,123.0,363.1121739130435,462.0,459.0
2024-12-21,26,1,ensemble,2024-12-28,429.0,268.0,88.81565217391305,161.0,259.0
2024-12-21,26,1,baseline,2024-12-28,429.0,168.0,174.09826086956522,261.0,259.0
2024-12-21,26,2,ensemble,2025-01-04,555.0,293.0,152.09695652173914,262.0,385.0
2024-12-21,26,2,baseline,2025-01-04,555.0,168.0,265.7291304347826,387.0,385.0
2024-12-21,26,3,ensemble,2025-01-11,625.0,306.0,180.33434782608697,319.0,455.0
2024-12-21,26,3,baseline,2025-01-11,625.0,168.0,314.7578260869565,457.0,455.0
2024-12-21,27,1,ensemble,2024-12-28,545.0,157.0,335.3069565217391,388.0,453.0
2024-12-21,27,1,baseline,2024-12-28,545.0,116.0,397.07217391304346,429.0,453.0
2024-12-21,27,2,ensemble,2025-01-04,952.0,175.0,714.6821739130436,777.0,860.0
2024-12-21,27,2,baseline,2025-01-04,952.0,116.0,796.7504347826086,836.0,860.0
2024-12-21,27,3,ensemble,2025-01-11,896.0,176.0,656.9247826086956,720.0,804.0
2024-12-21,27,3,baseline,2025-01-11,896.0,116.0,734.6547826086955,780.0,804.0
2024-12-21,28,1,ensemble,2024-12-28,212.0,71.0,106.14999999999999,141.0,151.0
2024-12-21,28,1,baseline,2024-12-28,212.0,52.0,130.78565217391306,160.0,151.0
2024-12-21,28,2,ensemble,2025-01-04,272.0,71.0,146.55695652173915,201.0,211.0
2024-12-21,28,2,baseline,2025-01-04,272.0,52.0,184.4695652173913,220.0,211.0
2024-12-21,28,3,ensemble,2025-01-11,216.0,75.0,90.51347826086956,141.0,155.0
2024-12-21,28,3,baseline,2025-01-11,216.0,52.0,123.16217391304346,164.0,155.0
2024-12-21,29,1,ensemble,2024-12-28,611.0,124.0,446.88260869565215,487.0,523.0
2024-12-21,29,1,baseline,2024-12-28,611.0,79.0,462.7086956521739,532.0,523.0
2024-12-21,29,2,ensemble,2025-01-04,826.0,140.0,617.708695652174,686.0,738.0
2024-12-21,29,2,baseline,2025-01-04,826.0,79.0,661.7056521739132,747.0,738.0
2024-12-21,29,3,ensemble,2025-01-11,647.0,150.0,405.51695652173913,497.0,559.0
2024-12-21,29,3,baseline,2025-01-11,647.0,79.0,469.6539130434782,568.0,559.0
2024-12-21,30,1,ensemble,2024-12-28,52.0,10.0,34.373913043478254,42.0,46.0
2024-12-21,30,1,baseline,2024-12-28,52.0,6.0,31.671304347826084,46.0,46.0
2024-12-21,30,2,ensemble,2025-01-04,62.0,12.0,39.55956521739131,50.0,56.0
2024-12-21,30,2,baseline,2025-01-04,62.0,6.0,37.62347826086957,56.0,56.0
2024-12-21,30,3,ensemble,2025-01-11,60.0,12.0,33.37782608695652,48.0,54.0
2024-12-21,30,3,baseline,2025-01-11,60.0,6.0,33.413043478260875,54.0,54.0
2024-12-21,31,1,ensemble,2024-12-28,131.0,26.0,93.54565217391306,105.0,112.0
2024-12-21,31,1,baseline,2024-12-28,131.0,16.0,100.76521739130435,115.0,112.0
2024-12-21,31,2,ensemble,2025-01-04,211.0,29.0,165.48130434782607,182.0,192.0
2024-12-21,31,2,baseline,2025-01-04,211.0,16.0,177.4391304347826,195.0,192.0
2024-12-21,31,3,ensemble,2025-01-11,171.0,31.0,121.45217391304347,140.0,152.0
2024-12-21,31,3,baseline,2025-01-11,171.0,16.0,134.58086956521737,155.0,152.0
2024-12-21,32,1,ensemble,2024-12-28,255.0,109.0,107.6704347826087,146.0,142.0
2024-12-21,32,1,baseline,2024-12-28,255.0,85.0,136.85695652173916,170.0,142.0
2024-12-21,32,2,ensemble,2025-01-04,387.0,106.0,234.79956521739132,281.0,274.0
2024-12-21,32,2,baseline,2025-01-04,387.0,85.0,260.3939130434782,302.0,274.0
2024-12-21,32,3,ensemble,2025-01-11,260.0,102.0,111.69434782608697,158.0,147.0
2024-12-21,32,3,baseline,2025-01-11,260.0,85.0,127.3086956521739,175.0,147.0
2024-12-21,33,1,ensemble,2024-12-28,53.0,29.0,14.486086956521744,24.0,31.0
2024-12-21,33,1,baseline,2024-12-28,53.0,21.0,22.488695652173913,32.0,31.0
2024-12-21,33,2,ensemble,2025-01-04,108.0,27.0,64.54173913043478,81.0,86.0
2024-12-21,33,2,baseline,2025-01-04,108.0,21.0,73.40913043478261,87.0,86.0
2024-12-21,33,3,ensemble,2025-01-11,90.0,27.0,46.25739130434782,63.0,68.0
2024-12-21,33,3,baseline,2025-01-11,90.0,21.0,53.25478260869565,69.0,68.0
2024-12-21,34,1,ensemble,2024-12-28,723.0,285.0,360.4452173913043,438.0,549.0
2024-12-21,34,1,baseline,2024-12-28,723.0,174.0,471.6982608695652,549.0,549.0
2024-12-21,34,2,ensemble,2025-01-04,1326.0,314.0,899.5865217391307,1012.0,1152.0
2024-12-21,34,2,baseline,2025-01-04,1326.0,174.0,1056.098695652174,1152.0,1152.0
2024-12-21,34,3,ensemble,2025-01-11,1074.0,331.0,609.7743478260869,743.0,900.0
2024-12-21,34,3,baseline,2025-01-11,1074.0,174.0,788.6117391304348,900.0,900.0
2024-12-21,35,1,ensemble,2024-12-28,234.0,138.0,54.507826086956534,96.0,126.0
2024-12-21,35,1,baseline,2024-12-28,234.0,97.0,104.00782608695651,137.0,126.0
2024-12-21,35,2,ensemble,2025-01-04,320.0,144.0,121.86043478260869,176.0,212.0
2024-12-21,35,2,baseline,2025-01-04,320.0,97.0,182.18608695652173,223.0,212.0
2024-12-21,35,3,ensemble,2025-01-11,249.0,136.0,66.1195652173913,113.0,141.0
2024-12-21,35,3,baseline,2025-01-11,249.0,97.0,106.54260869565215,152.0,141.0
2024-12-21,36,1,ensemble,2024-12-28,1528.0,621.0,695.7773913043478,907.0,1096.0
2024-12-21,36,1,baseline,2024-12-28,1528.0,404.0,992.4365217391305,1124.0,1096.0
2024-12-21,36,2,ensemble,2025-01-04,2594.0,702.0,1654.1439130434785,1892.0,2162.0
2024-12-21,36,2,baseline,2025-01-04,2594.0,404.0,2029.2634782608698,2190.0,2162.0
2024-12-21,36,3,ensemble,2025-01-11,2240.0,680.0,1238.264347826087,1560.0,1808.0
2024-12-21,36,3,baseline,2025-01-11,2240.0,404.0,1650.5078260869561,1836.0,1808.0
2024-12-21,37,1,ensemble,2024-12-28,611.0,231.0,267.0386956521739,380.0,438.0
2024-12-21,37,1,baseline,2024-12-28,611.0,165.0,360.74260869565217,446.0,438.0
2024-12-21,37,2,ensemble,2025-01-04,942.0,242.0,544.828695652174,700.0,769.0
2024-12-21,37,2,baseline,2025-01-04,942.0,165.0,674.377391304348,777.0,769.0
2024-12-21,37,3,ensemble,2025-01-11,832.0,271.0,379.6747826086957,561.0,659.0
2024-12-21,37,3,baseline,2025-01-11,832.0,165.0,547.8599999999999,667.0,659.0
2024-12-21,38,1,ensemble,2024-12-28,22.0,3.0,15.895652173913042,19.0,17.0
2024-12-21,38,1,baseline,2024-12-28,22.0,0.0,13.410869565217391,22.0,17.0
2024-12-21,38,2,ensemble,2025-01-04,56.0,3.0,47.08304347826086,53.0,51.0
2024-12-21,38,2,baseline,2025-01-04,56.0,0.0,44.89478260869566,56.0,51.0
2024-12-21,38,3,ensemble,2025-01-11,38.0,4.0,28.21478260869565,34.0,33.0
2024-12-21,38,3,baseline,2025-01-11,38.0,0.0,24.96,38.0,33.0
2024-12-21,39,1,ensemble,2024-12-28,691.0,212.0,389.6373913043479,479.0,540.0
2024-12-21,39,1,baseline,2024-12-28,691.0,147.0,456.18565217391307,544.0,540.0
2024-12-21,39,2,ensemble,2025-01-04,1302.0,224.0,937.0821739130434,1078.0,1151.0
2024-12-21,39,2,baseline,2025-01-04,1302.0,147.0,1046.2234782608696,1155.0,1151.0
2024-12-21,39,3,ensemble,2025-01-11,1043.0,238.0,666.3878260869566,805.0,892.0
2024-12-21,39,3,baseline,2025-01-11,1043.0,147.0,769.7352173913043,896.0,892.0
2024-12-21,40,1,ensemble,2024-12-28,284.0,76.0,170.8413043478261,208.0,227.0
2024-12-21,40,1,baseline,2024-12-28,284.0,49.0,173.8173913043478,235.0,227.0
2024-12-21,40,2,ensemble,2025-01-04,405.0,85.0,260.93086956521745,320.0,348.0
2024-12-21,40,2,baseline,2025-01-04,405.0,49.0,275.6004347826087,356.0,348.0
2024-12-21,40,3,ensemble,2025-01-11,285.0,94.0,125.45000000000002,191.0,228.0
2024-12-21,40,3,baseline,2025-01-11,285.0,49.0,155.3891304347826,236.0,228.0
2024-12-21,41,1,ensemble,2024-12-28,552.0,242.0,237.5873913043478,310.0,319.0
2024-12-21,41,1,baseline,2024-12-28,552.0,192.0,308.9421739130435,360.0,319.0
2024-12-21,41,2,ensemble,2025-01-04,536.0,250.0,207.6913043478261,286.0,303.0
2024-12-21,41,2,baseline,2025-01-04,536.0,192.0,280.83000000000004,344.0,303.0
2024-12-21,41,3,ensemble,2025-01-11,320.0,239.0,45.50434782608696,81.0,87.0
2024-12-21,41,3,baseline,2025-01-11,320.0,192.0,82.23913043478261,128.0,87.0
2024-12-21,42,1,ensemble,2024-12-28,1005.0,376.0,485.0460869565217,629.0,737.0
2024-12-21,42,1,baseline,2024-12-28,1005.0,267.0,635.0160869565217,738.0,737.0
2024-12-21,42,2,ensemble,2025-01-04,1674.0,407.0,1061.7878260869566,1267.0,1406.0
2024-12-21,42,2,baseline,2025-01-04,1674.0,267.0,1279.8995652173915,1407.0,1406.0
2024-12-21,42,3,ensemble,2025-01-11,1594.0,428.0,935.314347826087,1166.0,1326.0
2024-12-21,42,3,baseline,2025-01-11,1594.0,267.0,1180.6965217391305,1327.0,1326.0
2024-12-21,44,1,ensemble,2024-12-28,45.0,32.0,6.3930434782608705,13.0,17.0
2024-12-21,44,1,baseline,2024-12-28,45.0,27.0,11.885217391304348,18.0,17.0
2024-12-21,44,2,ensemble,2025-01-04,93.0,30.0,46.35521739130435,63.0,65.0
2024-12-21,44,2,baseline,2025-01-04,93.0,27.0,56.702173913043474,66.0,65.0
2024-12-21,44,3,ensemble,2025-01-11,69.0,31.0,23.834347826086958,38.0,41.0
2024-12-21,44,3,baseline,2025-01-11,69.0,27.0,31.295652173913048,42.0,41.0
2024-12-21,45,1,ensemble,2024-12-28,327.0,100.0,182.21521739130438,227.0,248.0
2024-12-21,45,1,baseline,2024-12-28,327.0,61.0,217.43826086956523,266.0,248.0
2024-12-21,45,2,ensemble,2025-01-04,520.0,108.0,349.0643478260869,412.0,441.0
2024-12-21,45,2,baseline,2025-01-04,520.0,61.0,399.1708695652174,459.0,441.0
2024-12-21,45,3,ensemble,2025-01-11,430.0,118.0,227.17173913043482,312.0,351.0
2024-12-21,45,3,baseline,2025-01-11,430.0,61.0,300.425652173913,369.0,351.0
2024-12-21,46,1,ensemble,2024-12-28,33.0,13.0,13.502608695652174,20.0,25.0
2024-12-21,46,1,baseline,2024-12-28,33.0,8.0,15.916956521739133,25.0,25.0
2024-12-21,46,2,ensemble,2025-01-04,47.0,14.0,22.84869565217391,33.0,39.0
2024-12-21,46,2,baseline,2025-01-04,47.0,8.0,26.327391304347824,39.0,39.0
2024-12-21,46,3,ensemble,2025-01-11,50.0,15.0,23.47521739130435,35.0,42.0
2024-12-21,46,3,baseline,2025-01-11,50.0,8.0,27.559130434782606,42.0,42.0
2024-12-21,47,1,ensemble,2024-12-28,747.0,272.0,380.835652173913,475.0,530.0
2024-12-21,47,1,baseline,2024-12-28,747.0,195.0,490.6104347826087,552.0,530.0
2024-12-21,47,2,ensemble,2025-01-04,1063.0,273.0,652.2139130434782,790.0,846.0
2024-12-21,47,2,baseline,2025-01-04,1063.0,195.0,793.545652173913,868.0,846.0
2024-12-21,47,3,ensemble,2025-01-11,684.0,284.0,259.36434782608694,400.0,467.0
2024-12-21,47,3,baseline,2025-01-11,684.0,195.0,403.84478260869565,489.0,467.0
2024-12-21,48,1,ensemble,2024-12-28,2046.0,882.0,931.7065217391306,1164.0,1345.0
2024-12-21,48,1,baseline,2024-12-28,2046.0,639.0,1239.6195652173913,1407.0,1345.0
2024-12-21,48,2,ensemble,2025-01-04,2514.0,898.0,1269.6200000000001,1616.0,1813.0
2024-12-21,48,2,baseline,2025-01-04,2514.0,639.0,1668.463043478261,1875.0,1813.0
2024-12-21,48,3,ensemble,2025-01-11,2005.0,883.0,678.857391304348,1122.0,1304.0
2024-12-21,48,3,baseline,2025-01-11,2005.0,639.0,1128.2921739130436,1366.0,1304.0
2024-12-21,49,1,ensemble,2024-12-28,287.0,101.0,160.3282608695652,186.0,200.0
2024-12-21,49,1,baseline,2024-12-28,287.0,87.0,188.64173913043476,200.0,200.0
2024-12-21,49,2,ensemble,2025-01-04,388.0,96.0,259.24782608695654,292.0,301.0
2024-12-21,49,2,baseline,2025-01-04,388.0,87.0,287.30521739130427,301.0,301.0
2024-12-21,49,3,ensemble,2025-01-11,256.0,83.0,132.39782608695654,173.0,169.0
2024-12-21,49,3,baseline,2025-01-11,256.0,87.0,153.29304347826087,169.0,169.0
2024-12-21,50,1,ensemble,2024-12-28,19.0,8.0,6.64695652173913,11.0,11.0
2024-12-21,50,1,baseline,2024-12-28,19.0,6.0,8.347391304347827,13.0,11.0
2024-12-21,50,2,ensemble,2025-01-04,33.0,10.0,17.078260869565216,23.0,25.0
2024-12-21,50,2,baseline,2025-01-04,33.0,6.0,19.141304347826086,27.0,25.0
2024-12-21,50,3,ensemble,2025-01-11,35.0,11.0,16.81434782608696,24.0,27.0
2024-12-21,50,3,baseline,2025-01-11,35.0,6.0,19.891739130434786,29.0,27.0
2024-12-21,51,1,ensemble,2024-12-28,371.0,185.0,110.31869565217393,186.0,231.0
2024-12-21,51,1,baseline,2024-12-28,371.0,118.0,193.74869565217392,253.0,231.0
2024-12-21,51,2,ensemble,2025-01-04,669.0,210.0,356.3491304347826,459.0,529.0
2024-12-21,51,2,baseline,2025-01-04,669.0,118.0,477.591304347826,551.0,529.0
2024-12-21,51,3,ensemble,2025-01-11,464.0,244.0,135.2982608695652,220.0,324.0
2024-12-21,51,3,baseline,2025-01-11,464.0,118.0,261.434347826087,346.0,324.0
2024-12-21,53,1,ensemble,2024-12-28,541.0,230.0,212.31130434782605,311.0,353.0
2024-12-21,53,1,baseline,2024-12-28,541.0,181.0,302.1965217391304,360.0,353.0
2024-12-21,53,2,ensemble,2025-01-04,530.0,231.0,191.52304347826086,299.0,342.0
2024-12-21,53,2,baseline,2025-01-04,530.0,181.0,277.2313043478261,349.0,342.0
2024-12-21,53,3,ensemble,2025-01-11,389.0,243.0,79.5313043478261,146.0,201.0
2024-12-21,53,3,baseline,2025-01-11,389.0,181.0,141.7334782608696,208.0,201.0
2024-12-21,54,1,ensemble,2024-12-28,102.0,32.0,50.60826086956521,70.0,81.0
2024-12-21,54,1,baseline,2024-12-28,102.0,20.0,56.8908695652174,82.0,81.0
2024-12-21,54,2,ensemble,2025-01-04,198.0,36.0,136.25739130434783,162.0,177.0
2024-12-21,54,2,baseline,2025-01-04,198.0,20.0,144.3330434782609,178.0,177.0
2024-12-21,54,3,ensemble,2025-01-11,144.0,40.0,68.36521739130436,104.0,123.0
2024-12-21,54,3,baseline,2025-01-11,144.0,20.0,85.74999999999999,124.0,123.0
2024-12-21,55,1,ensemble,2024-12-28,253.0,101.0,115.10173913043481,152.0,187.0
2024-12-21,55,1,baseline,2024-12-28,253.0,62.0,147.78739130434784,191.0,187.0
2024-12-21,55,2,ensemble,2025-01-04,389.0,115.0,213.7295652173913,274.0,323.0
2024-12-21,55,2,baseline,2025-01-04,389.0,62.0,274.1152173913044,327.0,323.0
2024-12-21,55,3,ensemble,2025-01-11,388.0,143.0,183.77217391304347,245.0,322.0
2024-12-21,55,3,baseline,2025-01-11,388.0,62.0,265.1134782608696,326.0,322.0
2024-12-21,56,1,ensemble,2024-12-28,84.0,33.0,34.345217391304345,51.0,53.0
2024-12-21,56,1,baseline,2024-12-28,84.0,29.0,44.18826086956523,55.0,53.0
2024-12-21,56,2,ensemble,2025-01-04,115.0,35.0,61.203043478260874,80.0,84.0
2024-12-21,56,2,baseline,2025-01-04,115.0,29.0,72.63260869565217,86.0,84.0
2024-12-21,56,3,ensemble,2025-01-11,62.0,35.0,14.186956521739129,27.0,31.0
2024-12-21,56,3,baseline,2025-01-11,62.0,29.0,20.188695652173912,33.0,31.0
2024-12-28,01,1,ensemble,2025-01-04,690.0,441.0,157.9326086956522,249.0,253.0
2024-12-28,01,1,baseline,2025-01-04,690.0,430.0,212.32260869565218,260.0,253.0
2024-12-28,01,2,ensemble,2025-01-11,477.0,427.0,40.79652173913044,50.0,40.0
2024-12-28,01,2,baseline,2025-01-11,477.0,430.0,27.183913043478263,47.0,40.0
2024-12-28,01,3,ensemble,2025-01-18,490.0,377.0,61.15652173913044,113.0,53.0
2024-12-28,01,3,baseline,2025-01-18,490.0,430.0,33.97521739130434,60.0,53.0
2024-12-28,02,1,ensemble,2025-01-04,62.0,20.0,32.377826086956524,42.0,44.0
2024-12-28,02,1,baseline,2025-01-04,62.0,15.0,39.54086956521739,47.0,44.0
2024-12-28,02,2,ensemble,2025-01-11,39.0,20.0,10.669565217391305,19.0,21.0
2024-12-28,02,2,baseline,2025-01-11,39.0,15.0,15.737826086956522,24.0,21.0
2024-12-28,02,3,ensemble,2025-01-18,32.0,20.0,6.122608695652174,12.0,14.0
2024-12-28,02,3,baseline,2025-01-18,32.0,15.0,9.7,17.0,14.0
2024-12-28,04,1,ensemble,2025-01-04,2742.0,459.0,2135.9486956521737,2283.0,1250.0
2024-12-28,04,1,baseline,2025-01-04,2742.0,438.0,2194.8504347826088,2304.0,1250.0
2024-12-28,04,2,ensemble,2025-01-11,1419.0,438.0,732.9030434782608,981.0,73.0
2024-12-28,04,2,baseline,2025-01-11,1419.0,438.0,845.9569565217392,981.0,73.0
2024-12-28,04,3,ensemble,2025-01-18,1038.0,396.0,420.15000000000003,642.0,454.0
2024-12-28,04,3,baseline,2025-01-18,1038.0,438.0,442.88869565217385,600.0,454.0
2024-12-28,05,1,ensemble,2025-01-04,212.0,77.0,102.1178260869565,135.0,153.0
2024-12-28,05,1,baseline,2025-01-04,212.0,50.0,126.6095652173913,162.0,153.0
2024-12-28,05,2,ensemble,2025-01-11,158.0,89.0,34.0395652173913,69.0,99.0
2024-12-28,05,2,baseline,2025-01-11,158.0,50.0,69.87086956521739,108.0,99.0
2024-12-28,05,3,ensemble,2025-01-18,223.0,89.0,73.05739130434782,134.0,164.0
2024-12-28,05,3,baseline,2025-01-18,223.0,50.0,122.68565217391306,173.0,164.0
2024-12-28,06,1,ensemble,2025-01-04,3821.0,2395.0,968.4152173913043,1426.0,1383.0
2024-12-28,06,1,baseline,2025-01-04,3821.0,2240.0,1326.4226086956521,1581.0,1383.0
2024-12-28,06,2,ensemble,2025-01-11,3064.0,2360.0,409.0265217391304,704.0,626.0
2024-12-28,06,2,baseline,2025-01-11,3064.0,2240.0,544.8413043478259,824.0,626.0
2024-12-28,06,3,ensemble,2025-01-18,3464.0,2115.0,814.6791304347826,1349.0,1026.0
2024-12-28,06,3,baseline,2025-01-18,3464.0,2240.0,865.3869565217391,1224.0,1026.0
2024-12-28,08,1,ensemble,2025-01-04,760.0,205.0,508.43434782608693,555.0,581.0
2024-12-28,08,1,baseline,2025-01-04,760.0,157.0,566.0747826086957,603.0,581.0
2024-12-28,08,2,ensemble,2025-01-11,499.0,205.0,228.25652173913042,294.0,320.0
2024-12-28,08,2,baseline,2025-01-11,499.0,157.0,297.26260869565215,342.0,320.0
2024-12-28,08,3,ensemble,2025-01-18,441.0,202.0,169.44347826086957,239.0,262.0
2024-12-28,08,3,baseline,2025-01-18,441.0,157.0,232.43695652173915,284.0,262.0
2024-12-28,09,1,ensemble,2025-01-04,294.0,60.0,203.8608695652174,234.0,253.0
2024-12-28,09,1,baseline,2025-01-04,294.0,42.0,218.3347826086957,252.0,253.0
2024-12-28,09,2,ensemble,2025-01-11,247.0,66.0,141.92652173913044,181.0,206.0
2024-12-28,09,2,baseline,2025-01-11,247.0,42.0,162.29130434782607,205.0,206.0
2024-12-28,09,3,ensemble,2025-01-18,245.0,70.0,122.27391304347825,175.0,204.0
2024-12-28,09,3,baseline,2025-01-18,245.0,42.0,152.76260869565218,203.0,204.0
2024-12-28,10,1,ensemble,2025-01-04,185.0,49.0,123.81565217391304,136.0,142.0
2024-12-28,10,1,baseline,2025-01-04,185.0,43.0,130.44086956521738,142.0,142.0
2024-12-28,10,2,ensemble,2025-01-11,87.0,46.0,26.170434782608694,41.0,44.0
2024-12-28,10,2,baseline,2025-01-11,87.0,43.0,30.976956521739133,44.0,44.0
2024-12-28,10,3,ensemble,2025-01-18,66.0,43.0,12.460869565217392,23.0,23.0
2024-12-28,10,3,baseline,2025-01-18,66.0,43.0,13.832608695652175,23.0,23.0
2024-12-28,11,1,ensemble,2025-01-04,96.0,19.0,69.44478260869565,77.0,80.0
2024-12-28,11,1,baseline,2025-01-04,96.0,15.0,72.97869565217393,81.0,80.0
2024-12-28,11,2,ensemble,2025-01-11,44.0,20.0,15.700869565217394,24.0,28.0
2024-12-28,11,2,baseline,2025-01-11,44.0,15.0,19.41478260869565,29.0,28.0
2024-12-28,11,3,ensemble,2025-01-18,58.0,20.0,27.434782608695652,38.0,42.0
2024-12-28,11,3,baseline,2025-01-18,58.0,15.0,31.67347826086957,43.0,42.0
2024-12-28,12,1,ensemble,2025-01-04,2862.0,1234.0,1402.3217391304347,1628.0,1611.0
2024-12-28,12,1,baseline,2025-01-04,2862.0,1186.0,1559.6852173913044,1676.0,1611.0
2024-12-28,12,2,ensemble,2025-01-11,2411.0,1191.0,914.7160869565217,1220.0,1160.0
2024-12-28,12,2,baseline,2025-01-11,2411.0,1186.0,1081.8147826086956,1225.0,1160.0
2024-12-28,12,3,ensemble,2025-01-18,2663.0,1125.0,1184.9247826086958,1538.0,1412.0
2024-12-28,12,3,baseline,2025-01-18,2663.0,1186.0,1312.976956521739,1477.0,1412.0
2024-12-28,13,1,ensemble,2025-01-04,1144.0,411.0,564.4586956521739,733.0,756.0
2024-12-28,13,1,baseline,2025-01-04,1144.0,323.0,740.7347826086957,821.0,756.0
2024-12-28,13,2,ensemble,2025-01-11,823.0,421.0,244.6617391304348,402.0,435.0
2024-12-28,13,2,baseline,2025-01-11,823.0,323.0,401.7708695652173,500.0,435.0
2024-12-28,13,3,ensemble,2025-01-18,992.0,446.0,350.7526086956522,546.0,604.0
2024-12-28,13,3,baseline,2025-01-18,992.0,323.0,555.7600000000001,669.0,604.0
2024-12-28,15,1,ensemble,2025-01-04,125.0,41.0,75.13478260869566,84.0,83.0
2024-12-28,15,1,baseline,2025-01-04,125.0,38.0,80.25043478260868,87.0,83.0
2024-12-28,15,2,ensemble,2025-01-11,113.0,41.0,60.52695652173914,72.0,71.0
2024-12-28,15,2,baseline,2025-01-11,113.0,38.0,66.87478260869564,75.0,71.0
2024-12-28,15,3,ensemble,2025-01-18,91.0,38.0,38.24434782608696,53.0,49.0
2024-12-28,15,3,baseline,2025-01-18,91.0,38.0,43.62347826086956,53.0,49.0
2024-12-28,16,1,ensemble,2025-01-04,242.0,183.0,29.489565217391306,59.0,54.0
2024-12-28,16,1,baseline,2025-01-04,242.0,185.0,37.49217391304347,57.0,54.0
2024-12-28,16,2,ensemble,2025-01-11,136.0,172.0,19.582608695652173,36.0,52.0
2024-12-28,16,2,baseline,2025-01-11,136.0,185.0,29.436521739130438,49.0,52.0
2024-12-28,16,3,ensemble,2025-01-18,123.0,151.0,17.52304347826087,28.0,65.0
2024-12-28,16,3,baseline,2025-01-18,123.0,185.0,36.52956521739131,62.0,65.0
2024-12-28,17,1,ensemble,2025-01-04,1562.0,650.0,794.0139130434784,912.0,1074.0
2024-12-28,17,1,baseline,2025-01-04,1562.0,475.0,1003.1495652173912,1087.0,1074.0
2024-12-28,17,2,ensemble,2025-01-11,1399.0,582.0,617.8782608695652,817.0,911.0
2024-12-28,17,2,baseline,2025-01-11,1399.0,475.0,821.6326086956522,924.0,911.0
2024-12-28,17,3,ensemble,2025-01-18,1341.0,500.0,625.2904347826086,841.0,853.0
2024-12-28,17,3,baseline,2025-01-18,1341.0,475.0,747.8834782608695,866.0,853.0
2024-12-28,18,1,ensemble,2025-01-04,814.0,318.0,366.15130434782617,496.0,530.0
2024-12-28,18,1,baseline,2025-01-04,814.0,236.0,512.1713043478261,578.0,530.0
2024-12-28,18,2,ensemble,2025-01-11,511.0,361.0,68.00173913043479,150.0,227.0
2024-12-28,18,2,baseline,2025-01-11,511.0,236.0,196.4752173913043,275.0,227.0
2024-12-28,18,3,ensemble,2025-01-18,542.0,383.0,78.41478260869565,159.0,258.0
2024-12-28,18,3,baseline,2025-01-18,542.0,236.0,215.00086956521736,306.0,258.0
2024-12-28,19,1,ensemble,2025-01-04,171.0,54.0,93.69304347826088,117.0,129.0
2024-12-28,19,1,baseline,2025-01-04,171.0,39.0,104.60782608695652,132.0,129.0
2024-12-28,19,2,ensemble,2025-01-11,264.0,63.0,167.19086956521738,201.0,222.0
2024-12-28,19,2,baseline,2025-01-11,264.0,39.0,192.04478260869564,225.0,222.0
2024-12-28,19,3,ensemble,2025-01-18,237.0,72.0,128.69826086956525,165.0,195.0
2024-12-28,19,3,baseline,2025-01-18,237.0,39.0,159.90304347826086,198.0,195.0
2024-12-28,20,1,ensemble,2025-01-04,353.0,142.0,162.94739130434786,211.0,233.0
2024-12-28,20,1,baseline,2025-01-04,353.0,116.0,213.45304347826092,237.0,233.0
2024-12-28,20,2,ensemble,2025-01-11,236.0,138.0,54.37913043478261,98.0,116.0
2024-12-28,20,2,baseline,2025-01-11,236.0,116.0,90.50173913043479,120.0,116.0
2024-12-28,20,3,ensemble,2025-01-18,200.0,127.0,38.681304347826085,73.0,80.0
2024-12-28,20,3,baseline,2025-01-18,200.0,116.0,54.927391304347836,84.0,80.0
2024-12-28,21,1,ensemble,2025-01-04,678.0,242.0,359.77956521739134,436.0,478.0
2024-12-28,21,1,baseline,2025-01-04,678.0,177.0,439.3178260869566,501.0,478.0
2024-12-28,21,2,ensemble,2025-01-11,463.0,250.0,127.72130434782609,213.0,263.0
2024-12-28,21,2,baseline,2025-01-11,463.0,177.0,210.48695652173916,286.0,263.0
2024-12-28,21,3,ensemble,2025-01-18,397.0,248.0,78.76521739130435,149.0,197.0
2024-12-28,21,3,baseline,2025-01-18,397.0,177.0,144.48391304347828,220.0,197.0
2024-12-28,22,1,ensemble,2025-01-04,713.0,398.0,226.01695652173913,315.0,300.0
2024-12-28,22,1,baseline,2025-01-04,713.0,387.0,282.6113043478261,326.0,300.0
2024-12-28,22,2,ensemble,2025-01-11,446.0,375.0,43.22956521739131,71.0,33.0
2024-12-28,22,2,baseline,2025-01-11,446.0,387.0,33.81608695652174,59.0,33.0
2024-12-28,22,3,ensemble,2025-01-18,477.0,342.0,70.92869565217391,135.0,64.0
2024-12-28,22,3,baseline,2025-01-18,477.0,387.0,51.32260869565218,90.0,64.0
2024-12-28,23,1,ensemble,2025-01-04,88.0,9.0,70.23434782608695,79.0,78.0
2024-12-28,23,1,baseline,2025-01-04,88.0,6.0,64.6413043478261,82.0,78.0
2024-12-28,23,2,ensemble,2025-01-11,92.0,12.0,68.60000000000001,80.0,82.0
2024-12-28,23,2,baseline,2025-01-11,92.0,6.0,64.4608695652174,86.0,82.0
2024-12-28,23,3,ensemble,2025-01-18,88.0,12.0,62.272608695652174,76.0,78.0
2024-12-28,23,3,baseline,2025-01-18,88.0,6.0,57.58304347826086,82.0,78.0
2024-12-28,24,1,ensemble,2025-01-04,457.0,124.0,279.9352173913044,333.0,326.0
2024-12-28,24,1,baseline,2025-01-04,457.0,88.0,334.8521739130435,369.0,326.0
2024-12-28,24,2,ensemble,2025-01-11,372.0,146.0,158.24565217391302,226.0,241.0
2024-12-28,24,2,baseline,2025-01-11,372.0,88.0,242.0173913043478,284.0,241.0
2024-12-28,24,3,ensemble,2025-01-18,459.0,157.0,223.71434782608694,302.0,328.0
2024-12-28,24,3,baseline,2025-01-18,459.0,88.0,322.54695652173916,371.0,328.0
2024-12-28,25,1,ensemble,2025-01-04,520.0,176.0,269.4160869565217,344.0,383.0
2024-12-28,25,1,baseline,2025-01-04,520.0,134.0,316.1382608695652,386.0,383.0
2024-12-28,25,2,ensemble,2025-01-11,585.0,198.0,289.14608695652174,387.0,448.0
2024-12-28,25,2,baseline,2025-01-11,585.0,134.0,366.1830434782609,451.0,448.0
2024-12-28,25,3,ensemble,2025-01-18,735.0,210.0,406.7882608695652,525.0,598.0
2024-12-28,25,3,baseline,2025-01-18,735.0,134.0,502.94478260869573,601.0,598.0
2024-12-28,26,1,ensemble,2025-01-04,555.0,292.0,160.70565217391305,263.0,342.0
2024-12-28,26,1,baseline,2025-01-04,555.0,186.0,269.0552173913043,369.0,342.0
2024-12-28,26,2,ensemble,2025-01-11,625.0,327.0,176.89782608695654,298.0,412.0
2024-12-28,26,2,baseline,2025-01-11,625.0,186.0,314.0847826086956,439.0,412.0
2024-12-28,26,3,ensemble,2025-01-18,496.0,351.0,76.33565217391303,145.0,283.0
2024-12-28,26,3,baseline,2025-01-18,496.0,186.0,190.7760869565217,310.0,283.0
2024-12-28,27,1,ensemble,2025-01-04,952.0,283.0,580.7030434782608,669.0,725.0
2024-12-28,27,1,baseline,2025-01-04,952.0,249.0,668.044347826087,703.0,725.0
2024-12-28,27,2,ensemble,2025-01-11,896.0,248.0,526.735652173913,648.0,669.0
2024-12-28,27,2,baseline,2025-01-11,896.0,249.0,604.3634782608696,647.0,669.0
2024-12-28,27,3,ensemble,2025-01-18,927.0,223.0,583.3856521739132,704.0,700.0
2024-12-28,27,3,baseline,2025-01-18,927.0,249.0,628.2821739130434,678.0,700.0
2024-12-28,28,1,ensemble,2025-01-04,272.0,70.0,171.61782608695654,202.0,177.0
2024-12-28,28,1,baseline,2025-01-04,272.0,47.0,195.79652173913047,225.0,177.0
2024-12-28,28,2,ensemble,2025-01-11,216.0,73.0,102.05826086956522,143.0,121.0
2024-12-28,28,2,baseline,2025-01-11,216.0,47.0,133.56434782608693,169.0,121.0
2024-12-28,28,3,ensemble,2025-01-18,226.0,80.0,103.10000000000001,146.0,131.0
2024-12-28,28,3,baseline,2025-01-18,226.0,47.0,138.15130434782606,179.0,131.0
2024-12-28,29,1,ensemble,2025-01-04,826.0,268.0,443.80826086956523,558.0,577.0
2024-12-28,29,1,baseline,2025-01-04,826.0,194.0,563.1173913043478,632.0,577.0
2024-12-28,29,2,ensemble,2025-01-11,647.0,335.0,201.73304347826087,312.0,398.0
2024-12-28,29,2,baseline,2025-01-11,647.0,194.0,367.9952173913043,453.0,398.0
2024-12-28,29,3,ensemble,2025-01-18,559.0,321.0,139.25521739130437,238.0,310.0
2024-12-28,29,3,baseline,2025-01-18,559.0,194.0,267.1117391304348,365.0,310.0
2024-12-28,30,1,ensemble,2025-01-04,62.0,37.0,13.133478260869568,25.0,39.0
2024-12-28,30,1,baseline,2025-01-04,62.0,26.0,23.482173913043475,36.0,39.0
2024-12-28,30,2,ensemble,2025-01-11,60.0,40.0,10.133913043478264,20.0,37.0
2024-12-28,30,2,baseline,2025-01-11,60.0,26.0,20.171304347826087,34.0,37.0
2024-12-28,30,3,ensemble,2025-01-18,78.0,37.0,20.212173913043475,41.0,55.0
2024-12-28,30,3,baseline,2025-01-18,78.0,26.0,33.00086956521739,52.0,55.0
2024-12-28,31,1,ensemble,2025-01-04,211.0,85.0,96.94304347826088,126.0,133.0
2024-12-28,31,1,baseline,2025-01-04,211.0,75.0,120.88739130434782,136.0,133.0
2024-12-28,31,2,ensemble,2025-01-11,171.0,76.0,65.16739130434784,95.0,93.0
2024-12-28,31,2,baseline,2025-01-11,171.0,75.0,77.67391304347825,96.0,93.0
2024-12-28,31,3,ensemble,2025-01-18,128.0,78.0,26.614782608695652,50.0,50.0
2024-12-28,31,3,baseline,2025-01-18,128.0,75.0,33.82086956521739,53.0,50.0
2024-12-28,32,1,ensemble,2025-01-04,387.0,192.0,151.55217391304348,195.0,179.0
2024-12-28,32,1,baseline,2025-01-04,387.0,168.0,185.15347826086955,219.0,179.0
2024-12-28,32,2,ensemble,2025-01-11,260.0,181.0,40.412608695652175,79.0,52.0
2024-12-28,32,2,baseline,2025-01-11,260.0,168.0,59.05695652173913,92.0,52.0
2024-12-28,32,3,ensemble,2025-01-18,189.0,167.0,19.12217391304348,22.0,19.0
2024-12-28,32,3,baseline,2025-01-18,189.0,168.0,14.294782608695654,21.0,19.0
2024-12-28,33,1,ensemble,2025-01-04,108.0,19.0,79.46,89.0,84.0
2024-12-28,33,1,baseline,2025-01-04,108.0,12.0,84.94304347826088,96.0,84.0
2024-12-28,33,2,ensemble,2025-01-11,90.0,18.0,60.91173913043478,72.0,66.0
2024-12-28,33,2,baseline,2025-01-11,90.0,12.0,64.30782608695652,78.0,66.0
2024-12-28,33,3,ensemble,2025-01-18,86.0,19.0,54.833913043478255,67.0,62.0
2024-12-28,33,3,baseline,2025-01-18,86.0,12.0,58.15260869565218,74.0,62.0
2024-12-28,34,1,ensemble,2025-01-04,1326.0,448.0,737.6017391304348,878.0,991.0
2024-12-28,34,1,baseline,2025-01-04,1326.0,335.0,913.078695652174,991.0,991.0
2024-12-28,34,2,ensemble,2025-01-11,1074.0,470.0,443.49391304347836,604.0,739.0
2024-12-28,34,2,baseline,2025-01-11,1074.0,335.0,641.934347826087,739.0,739.0
2024-12-28,34,3,ensemble,2025-01-18,1259.0,450.0,602.4769565217391,809.0,924.0
2024-12-28,34,3,baseline,2025-01-18,1259.0,335.0,810.8604347826085,924.0,924.0
2024-12-28,35,1,ensemble,2025-01-04,320.0,163.0,122.8904347826087,157.0,113.0
2024-12-28,35,1,baseline,2025-01-04,320.0,138.0,149.00999999999996,182.0,113.0
2024-12-28,35,2,ensemble,2025-01-11,249.0,163.0,51.39565217391305,86.0,42.0
2024-12-28,35,2,baseline,2025-01-11,249.0,138.0,74.93043478260869,111.0,42.0
2024-12-28,35,3,ensemble,2025-01-18,251.0,148.0,59.994782608695665,103.0,44.0
2024-12-28,35,3,baseline,2025-01-18,251.0,138.0,72.88391304347827,113.0,44.0
2024-12-28,36,1,ensemble,2025-01-04,2594.0,948.0,1432.5526086956522,1646.0,1861.0
2024-12-28,36,1,baseline,2025-01-04,2594.0,711.0,1748.235217391304,1883.0,1861.0
2024-12-28,36,2,ensemble,2025-01-11,2240.0,1013.0,983.7652173913043,1227.0,1507.0
2024-12-28,36,2,baseline,2025-01-11,2240.0,711.0,1364.9739130434784,1529.0,1507.0
2024-12-28,36,3,ensemble,2025-01-18,2617.0,984.0,1368.7734782608695,1633.0,1884.0
2024-12-28,36,3,baseline,2025-01-18,2617.0,711.0,1715.8708695652174,1906.0,1884.0
2024-12-28,37,1,ensemble,2025-01-04,942.0,321.0,478.08695652173907,621.0,650.0
2024-12-28,37,1,baseline,2025-01-04,942.0,245.0,611.7760869565217,697.0,650.0
2024-12-28,37,2,ensemble,2025-01-11,832.0,322.0,322.78608695652173,510.0,540.0
2024-12-28,37,2,baseline,2025-01-11,832.0,245.0,484.9200000000001,587.0,540.0
2024-12-28,37,3,ensemble,2025-01-18,1104.0,302.0,571.0126086956523,802.0,812.0
2024-12-28,37,3,baseline,2025-01-18,1104.0,245.0,741.3965217391304,859.0,812.0
2024-12-28,38,1,ensemble,2025-01-04,56.0,12.0,38.05347826086957,44.0,48.0
2024-12-28,38,1,baseline,2025-01-04,56.0,8.0,39.143913043478264,48.0,48.0
2024-12-28,38,2,ensemble,2025-01-11,38.0,14.0,16.900869565217395,24.0,30.0
2024-12-28,38,2,baseline,2025-01-11,38.0,8.0,19.513478260869565,30.0,30.0
2024-12-28,38,3,ensemble,2025-01-18,61.0,15.0,35.76304347826086,46.0,53.0
2024-12-28,38,3,baseline,2025-01-18,61.0,8.0,40.18739130434783,53.0,53.0
2024-12-28,39,1,ensemble,2025-01-04,1302.0,363.0,796.8873913043478,939.0,1005.0
2024-12-28,39,1,baseline,2025-01-04,1302.0,279.0,935.4060869565216,1023.0,1005.0
2024-12-28,39,2,ensemble,2025-01-11,1043.0,426.0,474.76347826086953,617.0,746.0
2024-12-28,39,2,baseline,2025-01-11,1043.0,279.0,654.9321739130435,764.0,746.0
2024-12-28,39,3,ensemble,2025-01-18,1146.0,427.0,555.5382608695652,719.0,849.0
2024-12-28,39,3,baseline,2025-01-18,1146.0,279.0,740.7152173913043,867.0,849.0
2024-12-28,40,1,ensemble,2025-01-04,405.0,100.0,256.681304347826,305.0,299.0
2024-12-28,40,1,baseline,2025-01-04,405.0,59.0,282.51,346.0,299.0
2024-12-28,40,2,ensemble,2025-01-11,285.0,110.0,115.16826086956522,175.0,179.0
2024-12-28,40,2,baseline,2025-01-11,285.0,59.0,155.07478260869564,226.0,179.0
2024-12-28,40,3,ensemble,2025-01-18,439.0,117.0,227.35782608695655,322.0,333.0
2024-12-28,40,3,baseline,2025-01-18,439.0,59.0,286.9730434782609,380.0,333.0
2024-12-28,41,1,ensemble,2025-01-04,536.0,284.0,174.04913043478263,252.0,150.0
2024-12-28,41,1,baseline,2025-01-04,536.0,252.0,232.81608695652173,284.0,150.0
2024-12-28,41,2,ensemble,2025-01-11,320.0,279.0,25.97826086956522,41.0,66.0
2024-12-28,41,2,baseline,2025-01-11,320.0,252.0,41.668260869565216,68.0,66.0
2024-12-28,41,3,ensemble,2025-01-18,289.0,282.0,20.554782608695657,7.0,97.0
2024-12-28,41,3,baseline,2025-01-18,289.0,252.0,22.885652173913044,37.0,97.0
2024-12-28,42,1,ensemble,2025-01-04,1674.0,404.0,1118.106086956522,1270.0,1182.0
2024-12-28,42,1,baseline,2025-01-04,1674.0,321.0,1250.448695652174,1353.0,1182.0
2024-12-28,42,2,ensemble,2025-01-11,1594.0,447.0,943.8991304347826,1147.0,1102.0
2024-12-28,42,2,baseline,2025-01-11,1594.0,321.0,1146.2943478260872,1273.0,1102.0
2024-12-28,42,3,ensemble,2025-01-18,2476.0,499.0,1760.6626086956521,1977.0,1984.0
2024-12-28,42,3,baseline,2025-01-18,2476.0,321.0,2008.6626086956521,2155.0,1984.0
2024-12-28,44,1,ensemble,2025-01-04,93.0,23.0,59.366956521739134,70.0,70.0
2024-12-28,44,1,baseline,2025-01-04,93.0,15.0,70.13347826086957,78.0,70.0
2024-12-28,44,2,ensemble,2025-01-11,69.0,23.0,35.87608695652174,46.0,46.0
2024-12-28,44,2,baseline,2025-01-11,69.0,15.0,44.48739130434783,54.0,46.0
2024-12-28,44,3,ensemble,2025-01-18,107.0,25.0,69.91652173913045,82.0,84.0
2024-12-28,44,3,baseline,2025-01-18,107.0,15.0,80.98,92.0,84.0
2024-12-28,45,1,ensemble,2025-01-04,520.0,200.0,244.57391304347826,320.0,360.0
2024-12-28,45,1,baseline,2025-01-04,520.0,146.0,325.38391304347823,374.0,360.0
2024-12-28,45,2,ensemble,2025-01-11,430.0,221.0,126.95130434782607,209.0,270.0
2024-12-28,45,2,baseline,2025-01-11,430.0,146.0,224.5247826086956,284.0,270.0
2024-12-28,45,3,ensemble,2025-01-18,638.0,262.0,270.6960869565217,376.0,478.0
2024-12-28,45,3,baseline,2025-01-18,638.0,146.0,423.85,492.0,478.0
2024-12-28,46,1,ensemble,2025-01-04,47.0,17.0,20.83521739130435,30.0,33.0
2024-12-28,46,1,baseline,2025-01-04,47.0,10.0,26.675217391304347,37.0,33.0
2024-12-28,46,2,ensemble,2025-01-11,50.0,19.0,19.32130434782609,31.0,36.0
2024-12-28,46,2,baseline,2025-01-11,50.0,10.0,27.36826086956522,40.0,36.0
2024-12-28,46,3,ensemble,2025-01-18,55.0,22.0,22.74434782608696,33.0,41.0
2024-12-28,46,3,baseline,2025-01-18,55.0,10.0,30.3704347826087,45.0,41.0
2024-12-28,47,1,ensemble,2025-01-04,1063.0,417.0,541.6182608695651,646.0,691.0
2024-12-28,47,1,baseline,2025-01-04,1063.0,332.0,668.5456521739131,731.0,691.0
2024-12-28,47,2,ensemble,2025-01-11,684.0,415.0,165.40347826086958,269.0,312.0
2024-12-28,47,2,baseline,2025-01-11,684.0,332.0,276.20130434782607,352.0,312.0
2024-12-28,47,3,ensemble,2025-01-18,568.0,378.0,107.51260869565219,190.0,196.0
2024-12-28,47,3,baseline,2025-01-18,568.0,332.0,155.6717391304348,236.0,196.0
2024-12-28,48,1,ensemble,2025-01-04,2514.0,1250.0,951.6747826086956,1264.0,1345.0
2024-12-28,48,1,baseline,2025-01-04,2514.0,1009.0,1334.6160869565217,1505.0,1345.0
2024-12-28,48,2,ensemble,2025-01-11,2005.0,1253.0,417.23739130434785,752.0,836.0
2024-12-28,48,2,baseline,2025-01-11,2005.0,1009.0,786.5504347826087,996.0,836.0
2024-12-28,48,3,ensemble,2025-01-18,2423.0,1249.0,758.0034782608694,1174.0,1254.0
2024-12-28,48,3,baseline,2025-01-18,2423.0,1009.0,1173.2104347826087,1414.0,1254.0
2024-12-28,49,1,ensemble,2025-01-04,388.0,143.0,209.81304347826085,245.0,225.0
2024-12-28,49,1,baseline,2025-01-04,388.0,140.0,235.43565217391307,248.0,225.0
2024-12-28,49,2,ensemble,2025-01-11,256.0,135.0,85.12565217391304,121.0,93.0
2024-12-28,49,2,baseline,2025-01-11,256.0,140.0,100.68521739130433,116.0,93.0
2024-12-28,49,3,ensemble,2025-01-18,199.0,131.0,42.04086956521739,68.0,36.0
2024-12-28,49,3,baseline,2025-01-18,199.0,140.0,41.65565217391304,59.0,36.0
2024-12-28,50,1,ensemble,2025-01-04,33.0,11.0,16.167826086956524,22.0,25.0
2024-12-28,50,1,baseline,2025-01-04,33.0,7.0,19.711304347826086,26.0,25.0
2024-12-28,50,2,ensemble,2025-01-11,35.0,12.0,16.028695652173916,23.0,27.0
2024-12-28,50,2,baseline,2025-01-11,35.0,7.0,20.083478260869565,28.0,27.0
2024-12-28,50,3,ensemble,2025-01-18,41.0,13.0,20.620434782608694,28.0,33.0
2024-12-28,50,3,baseline,2025-01-18,41.0,7.0,24.503478260869564,34.0,33.0
2024-12-28,51,1,ensemble,2025-01-04,669.0,259.0,325.7578260869565,410.0,477.0
2024-12-28,51,1,baseline,2025-01-04,669.0,168.0,442.3308695652173,501.0,477.0
2024-12-28,51,2,ensemble,2025-01-11,464.0,284.0,110.79347826086959,180.0,272.0
2024-12-28,51,2,baseline,2025-01-11,464.0,168.0,223.5991304347826,296.0,272.0
2024-12-28,51,3,ensemble,2025-01-18,493.0,277.0,119.93565217391303,216.0,301.0
2024-12-28,51,3,baseline,2025-01-18,493.0,168.0,241.3734782608696,325.0,301.0
2024-12-28,53,1,ensemble,2025-01-04,530.0,456.0,40.58869565217392,74.0,114.0
2024-12-28,53,1,baseline,2025-01-04,530.0,380.0,104.97173913043478,150.0,114.0
2024-12-28,53,2,ensemble,2025-01-11,389.0,435.0,32.00913043478261,46.0,27.0
2024-12-28,53,2,baseline,2025-01-11,389.0,380.0,12.490434782608697,9.0,27.0
2024-12-28,53,3,ensemble,2025-01-18,360.0,414.0,35.68478260869566,54.0,56.0
2024-12-28,53,3,baseline,2025-01-18,360.0,380.0,17.78,20.0,56.0
2024-12-28,54,1,ensemble,2025-01-04,198.0,50.0,120.31999999999998,148.0,161.0
2024-12-28,54,1,baseline,2025-01-04,198.0,35.0,136.6630434782609,163.0,161.0
2024-12-28,54,2,ensemble,2025-01-11,144.0,54.0,52.959999999999994,90.0,107.0
2024-12-28,54,2,baseline,2025-01-11,144.0,35.0,77.02,109.0,107.0
2024-12-28,54,3,ensemble,2025-01-18,133.0,56.0,41.36391304347826,77.0,96.0
2024-12-28,54,3,baseline,2025-01-18,133.0,35.0,63.369565217391305,98.0,96.0
2024-12-28,55,1,ensemble,2025-01-04,389.0,155.0,174.22391304347826,234.0,269.0
2024-12-28,55,1,baseline,2025-01-04,389.0,107.0,238.6878260869565,282.0,269.0
2024-12-28,55,2,ensemble,2025-01-11,388.0,186.0,126.53,202.0,268.0
2024-12-28,55,2,baseline,2025-01-11,388.0,107.0,228.11217391304356,281.0,268.0
2024-12-28,55,3,ensemble,2025-01-18,593.0,212.0,326.884347826087,381.0,473.0
2024-12-28,55,3,baseline,2025-01-18,593.0,107.0,425.2682608695653,486.0,473.0
2024-12-28,56,1,ensemble,2025-01-04,115.0,17.0,85.33869565217393,98.0,101.0
2024-12-28,56,1,baseline,2025-01-04,115.0,6.0,97.4486956521739,109.0,101.0
2024-12-28,56,2,ensemble,2025-01-11,62.0,16.0,32.48652173913044,46.0,48.0
2024-12-28,56,2,baseline,2025-01-11,62.0,6.0,41.62869565217392,56.0,48.0
2024-12-28,56,3,ensemble,2025-01-18,84.0,18.0,51.84739130434782,66.0,70.0
2024-12-28,56,3,baseline,2025-01-18,84.0,6.0,61.19782608695653,78.0,70.0
2025-01-04,01,1,ensemble,2025-01-11,477.0,597.0,72.45521739130434,120.0,190.0
2025-01-04,01,1,baseline,2025-01-11,477.0,664.0,136.3691304347826,187.0,190.0
2025-01-04,01,2,ensemble,2025-01-18,490.0,509.0,51.61217391304348,19.0,177.0
2025-01-04,01,2,baseline,2025-01-18,490.0,664.0,116.52217391304349,174.0,177.0
2025-01-04,01,3,ensemble,2025-01-25,632.0,428.0,98.30782608695654,204.0,35.0
2025-01-04,01,3,baseline,2025-01-25,632.0,664.0,22.06521739130435,32.0,35.0
2025-01-04,02,1,ensemble,2025-01-11,39.0,20.0,11.90521739130435,19.0,7.0
2025-01-04,02,1,baseline,2025-01-11,39.0,17.0,15.12608695652174,22.0,7.0
2025-01-04,02,2,ensemble,2025-01-18,32.0,20.0,6.5034782608695645,12.0,0.0
2025-01-04,02,2,baseline,2025-01-18,32.0,17.0,8.85695652173913,15.0,0.0
2025-01-04,02,3,ensemble,2025-01-25,25.0,19.0,3.6473913043478254,6.0,7.0
2025-01-04,02,3,baseline,2025-01-25,25.0,17.0,4.384347826086957,8.0,7.0
2025-01-04,04,1,ensemble,2025-01-11,1419.0,1613.0,146.12304347826085,194.0,822.0
2025-01-04,04,1,baseline,2025-01-11,1419.0,2283.0,738.2156521739132,864.0,822.0
2025-01-04,04,2,ensemble,2025-01-18,1038.0,1567.0,287.2721739130435,529.0,1203.0
2025-01-04,04,2,baseline,2025-01-18,1038.0,2283.0,1085.4908695652175,1245.0,1203.0
2025-01-04,04,3,ensemble,2025-01-25,960.0,1462.0,235.04739130434788,502.0,1281.0
2025-01-04,04,3,baseline,2025-01-25,960.0,2283.0,1138.2699999999998,1323.0,1281.0
2025-01-04,05,1,ensemble,2025-01-11,158.0,157.0,14.277826086956523,1.0,31.0
2025-01-04,05,1,baseline,2025-01-11,158.0,121.0,21.085217391304347,37.0,31.0
2025-01-04,05,2,ensemble,2025-01-18,223.0,163.0,29.892173913043482,60.0,96.0
2025-01-04,05,2,baseline,2025-01-18,223.0,121.0,65.04217391304348,102.0,96.0
2025-01-04,05,3,ensemble,2025-01-25,388.0,159.0,136.46217391304347,229.0,261.0
2025-01-04,05,3,baseline,2025-01-25,388.0,121.0,216.49260869565217,267.0,261.0
2025-01-04,06,1,ensemble,2025-01-11,3064.0,2741.0,212.03304347826085,323.0,414.0
2025-01-04,06,1,baseline,2025-01-11,3064.0,3005.0,55.99521739130435,59.0,414.0
2025-01-04,06,2,ensemble,2025-01-18,3464.0,2637.0,482.1769565217391,827.0,14.0
2025-01-04,06,2,baseline,2025-01-18,3464.0,3005.0,270.23043478260877,459.0,14.0
2025-01-04,06,3,ensemble,2025-01-25,3864.0,2356.0,913.2473913043477,1508.0,386.0
2025-01-04,06,3,baseline,2025-01-25,3864.0,3005.0,535.7756521739129,859.0,386.0
2025-01-04,08,1,ensemble,2025-01-11,499.0,463.0,38.739130434782616,36.0,24.0
2025-01-04,08,1,baseline,2025-01-11,499.0,470.0,17.006521739130438,29.0,24.0
2025-01-04,08,2,ensemble,2025-01-18,441.0,429.0,41.848260869565216,12.0,34.0
2025-01-04,08,2,baseline,2025-01-18,441.0,470.0,17.747391304347826,29.0,34.0
2025-01-04,08,3,ensemble,2025-01-25,456.0,384.0,49.55652173913043,72.0,19.0
2025-01-04,08,3,baseline,2025-01-25,456.0,470.0,14.710000000000003,14.0,19.0
2025-01-04,09,1,ensemble,2025-01-11,247.0,180.0,34.76434782608696,67.0,99.0
2025-01-04,09,1,baseline,2025-01-11,247.0,148.0,68.44565217391305,99.0,99.0
2025-01-04,09,2,ensemble,2025-01-18,245.0,187.0,28.005217391304363,58.0,97.0
2025-01-04,09,2,baseline,2025-01-18,245.0,148.0,62.226521739130426,97.0,97.0
2025-01-04,09,3,ensemble,2025-01-25,378.0,202.0,101.93391304347824,176.0,230.0
2025-01-04,09,3,baseline,2025-01-25,378.0,148.0,178.73260869565215,230.0,230.0
2025-01-04,10,1,ensemble,2025-01-11,87.0,73.0,8.44391304347826,14.0,9.0
2025-01-04,10,1,baseline,2025-01-11,87.0,79.0,4.8591304347826085,8.0,9.0
2025-01-04,10,2,ensemble,2025-01-18,66.0,68.0,6.680000000000001,2.0,30.0
2025-01-04,10,2,baseline,2025-01-18,66.0,79.0,7.576521739130436,13.0,30.0
2025-01-04,10,3,ensemble,2025-01-25,88.0,64.0,13.608260869565212,24.0,8.0
2025-01-04,10,3,baseline,2025-01-25,88.0,79.0,5.5486956521739135,9.0,8.0
2025-01-04,11,1,ensemble,2025-01-11,44.0,26.0,10.860434782608696,18.0,6.0
2025-01-04,11,1,baseline,2025-01-11,44.0,22.0,14.716521739130439,22.0,6.0
2025-01-04,11,2,ensemble,2025-01-18,58.0,25.0,21.68608695652174,33.0,20.0
2025-01-04,11,2,baseline,2025-01-18,58.0,22.0,26.236086956521742,36.0,20.0
2025-01-04,11,3,ensemble,2025-01-25,207.0,21.0,169.95695652173913,186.0,169.0
2025-01-04,11,3,baseline,2025-01-25,207.0,22.0,173.6913043478261,185.0,169.0
2025-01-04,12,1,ensemble,2025-01-11,2411.0,1977.0,235.4504347826087,434.0,330.0
2025-01-04,12,1,baseline,2025-01-11,2411.0,1967.0,318.9534782608696,444.0,330.0
2025-01-04,12,2,ensemble,2025-01-18,2663.0,1779.0,483.9069565217392,884.0,582.0
2025-01-04,12,2,baseline,2025-01-18,2663.0,1967.0,523.6778260869565,696.0,582.0
2025-01-04,12,3,ensemble,2025-01-25,3158.0,1597.0,1020.5039130434783,1561.0,1077.0
2025-01-04,12,3,baseline,2025-01-25,3158.0,1967.0,992.1047826086955,1191.0,1077.0
2025-01-04,13,1,ensemble,2025-01-11,823.0,810.0,53.525217391304366,13.0,23.0
2025-01-04,13,1,baseline,2025-01-11,823.0,695.0,80.50652173913043,128.0,23.0
2025-01-04,13,2,ensemble,2025-01-18,992.0,789.0,128.07434782608695,203.0,192.0
2025-01-04,13,2,baseline,2025-01-18,992.0,695.0,202.42695652173916,297.0,192.0
2025-01-04,13,3,ensemble,2025-01-25,1186.0,712.0,285.2908695652174,474.0,386.0
2025-01-04,13,3,baseline,2025-01-25,1186.0,695.0,368.85739130434786,491.0,386.0
2025-01-04,15,1,ensemble,2025-01-11,113.0,54.0,48.17217391304348,59.0,56.0
2025-01-04,15,1,baseline,2025-01-11,113.0,54.0,52.11565217391305,59.0,56.0
2025-01-04,15,2,ensemble,2025-01-18,91.0,51.0,24.94304347826086,40.0,34.0
2025-01-04,15,2,baseline,2025-01-18,91.0,54.0,28.60956521739131,37.0,34.0
2025-01-04,15,3,ensemble,2025-01-25,88.0,47.0,24.43,41.0,31.0
2025-01-04,15,3,baseline,2025-01-25,88.0,54.0,24.355652173913047,34.0,31.0
2025-01-04,16,1,ensemble,2025-01-11,136.0,248.0,67.94652173913043,112.0,197.0
2025-01-04,16,1,baseline,2025-01-11,136.0,322.0,155.4721739130435,186.0,197.0
2025-01-04,16,2,ensemble,2025-01-18,123.0,216.0,56.16608695652174,93.0,210.0
2025-01-04,16,2,baseline,2025-01-18,123.0,322.0,162.29739130434783,199.0,210.0
2025-01-04,16,3,ensemble,2025-01-25,99.0,183.0,43.22956521739131,84.0,234.0
2025-01-04,16,3,baseline,2025-01-25,99.0,322.0,180.55043478260868,223.0,234.0
2025-01-04,17,1,ensemble,2025-01-11,1399.0,1028.0,208.95739130434785,371.0,256.0
2025-01-04,17,1,baseline,2025-01-11,1399.0,1050.0,258.1330434782609,349.0,256.0
2025-01-04,17,2,ensemble,2025-01-18,1341.0,928.0,232.97608695652173,413.0,198.0
2025-01-04,17,2,baseline,2025-01-18,1341.0,1050.0,192.94434782608695,291.0,198.0
2025-01-04,17,3,ensemble,2025-01-25,1727.0,884.0,545.6278260869566,843.0,584.0
2025-01-04,17,3,baseline,2025-01-25,1727.0,1050.0,536.5417391304347,677.0,584.0
2025-01-04,18,1,ensemble,2025-01-11,511.0,625.0,64.40739130434784,114.0,79.0
2025-01-04,18,1,baseline,2025-01-11,511.0,580.0,41.01869565217392,69.0,79.0
2025-01-04,18,2,ensemble,2025-01-18,542.0,607.0,70.16130434782609,65.0,48.0
2025-01-04,18,2,baseline,2025-01-18,542.0,580.0,25.91173913043479,38.0,48.0
2025-01-04,18,3,ensemble,2025-01-25,788.0,554.0,118.68565217391306,234.0,198.0
2025-01-04,18,3,baseline,2025-01-25,788.0,580.0,128.6891304347826,208.0,198.0
2025-01-04,19,1,ensemble,2025-01-11,264.0,123.0,98.8517391304348,141.0,146.0
2025-01-04,19,1,baseline,2025-01-11,264.0,104.0,132.50347826086957,160.0,146.0
2025-01-04,19,2,ensemble,2025-01-18,237.0,135.0,59.253478260869564,102.0,119.0
2025-01-04,19,2,baseline,2025-01-18,237.0,104.0,99.8578260869565,133.0,119.0
2025-01-04,19,3,ensemble,2025-01-25,304.0,141.0,102.75913043478259,163.0,186.0
2025-01-04,19,3,baseline,2025-01-25,304.0,104.0,161.7113043478261,200.0,186.0
2025-01-04,20,1,ensemble,2025-01-11,236.0,219.0,16.167391304347824,17.0,11.0
2025-01-04,20,1,baseline,2025-01-11,236.0,213.0,13.686086956521743,23.0,11.0
2025-01-04,20,2,ensemble,2025-01-18,200.0,211.0,18.317391304347826,11.0,25.0
2025-01-04,20,2,baseline,2025-01-18,200.0,213.0,8.998695652173913,13.0,25.0
2025-01-04,20,3,ensemble,2025-01-25,216.0,186.0,21.109130434782607,30.0,9.0
2025-01-04,20,3,baseline,2025-01-25,216.0,213.0,7.974347826086958,3.0,9.0
2025-01-04,21,1,ensemble,2025-01-11,463.0,534.0,43.68434782608696,71.0,52.0
2025-01-04,21,1,baseline,2025-01-11,463.0,455.0,11.137391304347828,8.0,52.0
2025-01-04,21,2,ensemble,2025-01-18,397.0,518.0,69.97608695652174,121.0,118.0
2025-01-04,21,2,baseline,2025-01-18,397.0,455.0,34.05260869565218,58.0,118.0
2025-01-04,21,3,ensemble,2025-01-25,434.0,498.0,55.81173913043479,64.0,81.0
2025-01-04,21,3,baseline,2025-01-25,434.0,455.0,21.592608695652178,21.0,81.0
2025-01-04,22,1,ensemble,2025-01-11,446.0,547.0,55.169130434782616,101.0,139.0
2025-01-04,22,1,baseline,2025-01-11,446.0,576.0,88.12,130.0,139.0
2025-01-04,22,2,ensemble,2025-01-18,477.0,485.0,32.21739130434783,8.0,108.0
2025-01-04,22,2,baseline,2025-01-18,477.0,576.0,59.24304347826087,99.0,108.0
2025-01-04,22,3,ensemble,2025-01-25,521.0,396.0,65.85217391304349,125.0,64.0
2025-01-04,22,3,baseline,2025-01-25,521.0,576.0,31.437826086956512,55.0,64.0
2025-01-04,23,1,ensemble,2025-01-11,92.0,31.0,48.72391304347826,61.0,62.0
2025-01-04,23,1,baseline,2025-01-11,92.0,25.0,50.216521739130435,67.0,62.0
2025-01-04,23,2,ensemble,2025-01-18,88.0,32.0,36.48521739130434,56.0,58.0
2025-01-04,23,2,baseline,2025-01-18,88.0,25.0,43.660869565217396,63.0,58.0
2025-01-04,23,3,ensemble,2025-01-25,110.0,33.0,56.15652173913043,77.0,80.0
2025-01-04,23,3,baseline,2025-01-25,110.0,25.0,61.28652173913044,85.0,80.0
2025-01-04,24,1,ensemble,2025-01-11,372.0,154.0,165.73608695652177,218.0,177.0
2025-01-04,24,1,baseline,2025-01-11,372.0,126.0,211.68391304347827,246.0,177.0
2025-01-04,24,2,ensemble,2025-01-18,459.0,162.0,233.4721739130435,297.0,264.0
2025-01-04,24,2,baseline,2025-01-18,459.0,126.0,290.9982608695653,333.0,264.0
2025-01-04,24,3,ensemble,2025-01-25,611.0,163.0,381.12260869565216,448.0,416.0
2025-01-04,24,3,baseline,2025-01-25,611.0,126.0,436.68782608695653,485.0,416.0
2025-01-04,25,1,ensemble,2025-01-11,585.0,287.0,201.90608695652173,298.0,329.0
2025-01-04,25,1,baseline,2025-01-11,585.0,243.0,271.9069565217391,342.0,329.0
2025-01-04,25,2,ensemble,2025-01-18,735.0,291.0,350.2595652173913,444.0,479.0
2025-01-04,25,2,baseline,2025-01-18,735.0,243.0,406.925652173913,492.0,479.0
2025-01-04,25,3,ensemble,2025-01-25,991.0,281.0,603.0952173913043,710.0,735.0
2025-01-04,25,3,baseline,2025-01-25,991.0,243.0,650.0573913043478,748.0,735.0
2025-01-04,26,1,ensemble,2025-01-11,625.0,520.0,58.956521739130444,105.0,196.0
2025-01-04,26,1,baseline,2025-01-11,625.0,441.0,115.23086956521739,184.0,196.0
2025-01-04,26,2,ensemble,2025-01-18,496.0,529.0,52.72608695652174,33.0,67.0
2025-01-04,26,2,baseline,2025-01-18,496.0,441.0,38.49260869565217,55.0,67.0
2025-01-04,26,3,ensemble,2025-01-25,863.0,576.0,160.08565217391305,287.0,434.0
2025-01-04,26,3,baseline,2025-01-25,863.0,441.0,282.3847826086956,422.0,434.0
2025-01-04,27,1,ensemble,2025-01-11,896.0,639.0,141.53304347826088,257.0,351.0
2025-01-04,27,1,baseline,2025-01-11,896.0,724.0,130.79130434782613,172.0,351.0
2025-01-04,27,2,ensemble,2025-01-18,927.0,556.0,206.10130434782607,371.0,382.0
2025-01-04,27,2,baseline,2025-01-18,927.0,724.0,151.48913043478262,203.0,382.0
2025-01-04,27,3,ensemble,2025-01-25,928.0,520.0,232.47217391304346,408.0,383.0
2025-01-04,27,3,baseline,2025-01-25,928.0,724.0,145.22652173913045,204.0,383.0
2025-01-04,28,1,ensemble,2025-01-11,216.0,224.0,17.212608695652175,8.0,4.0
2025-01-04,28,1,baseline,2025-01-11,216.0,212.0,6.309565217391303,4.0,4.0
2025-01-04,28,2,ensemble,2025-01-18,226.0,220.0,20.09913043478261,6.0,14.0
2025-01-04,28,2,baseline,2025-01-18,226.0,212.0,10.303478260869566,14.0,14.0
2025-01-04,28,3,ensemble,2025-01-25,323.0,199.0,64.54826086956521,124.0,111.0
2025-01-04,28,3,baseline,2025-01-25,323.0,212.0,71.76347826086956,111.0,111.0
2025-01-04,29,1,ensemble,2025-01-11,647.0,615.0,53.30304347826087,32.0,36.0
2025-01-04,29,1,baseline,2025-01-11,647.0,595.0,32.02478260869565,52.0,36.0
2025-01-04,29,2,ensemble,2025-01-18,559.0,652.0,57.44304347826087,93.0,52.0
2025-01-04,29,2,baseline,2025-01-18,559.0,595.0,25.30217391304348,36.0,52.0
2025-01-04,29,3,ensemble,2025-01-25,655.0,592.0,55.41217391304347,63.0,44.0
2025-01-04,29,3,baseline,2025-01-25,655.0,595.0,37.457826086956516,60.0,44.0
2025-01-04,30,1,ensemble,2025-01-11,60.0,69.0,7.3478260869565215,9.0,8.0
2025-01-04,30,1,baseline,2025-01-11,60.0,56.0,3.4404347826086967,4.0,8.0
2025-01-04,30,2,ensemble,2025-01-18,78.0,64.0,9.829130434782611,14.0,26.0
2025-01-04,30,2,baseline,2025-01-18,78.0,56.0,12.600434782608696,22.0,26.0
2025-01-04,30,3,ensemble,2025-01-25,67.0,53.0,8.953478260869565,14.0,15.0
2025-01-04,30,3,baseline,2025-01-25,67.0,56.0,7.250869565217393,11.0,15.0
2025-01-04,31,1,ensemble,2025-01-11,171.0,123.0,25.009130434782605,48.0,40.0
2025-01-04,31,1,baseline,2025-01-11,171.0,125.0,31.106086956521743,46.0,40.0
2025-01-04,31,2,ensemble,2025-01-18,128.0,122.0,9.983478260869564,6.0,3.0
2025-01-04,31,2,baseline,2025-01-18,128.0,125.0,4.493913043478262,3.0,3.0
2025-01-04,31,3,ensemble,2025-01-25,182.0,117.0,40.98434782608695,65.0,51.0
2025-01-04,31,3,baseline,2025-01-25,182.0,125.0,36.523043478260874,57.0,51.0
2025-01-04,32,1,ensemble,2025-01-11,260.0,215.0,26.13739130434783,45.0,5.0
2025-01-04,32,1,baseline,2025-01-11,260.0,217.0,26.268260869565214,43.0,5.0
2025-01-04,32,2,ensemble,2025-01-18,189.0,200.0,17.816956521739133,11.0,66.0
2025-01-04,32,2,baseline,2025-01-18,189.0,217.0,16.573478260869564,28.0,66.0
2025-01-04,32,3,ensemble,2025-01-25,196.0,175.0,20.484782608695657,21.0,59.0
2025-01-04,32,3,baseline,2025-01-25,196.0,217.0,14.365652173913045,21.0,59.0
2025-01-04,33,1,ensemble,2025-01-11,90.0,41.0,35.04173913043478,49.0,37.0
2025-01-04,33,1,baseline,2025-01-11,90.0,41.0,37.88,49.0,37.0
2025-01-04,33,2,ensemble,2025-01-18,86.0,36.0,31.91130434782609,50.0,33.0
2025-01-04,33,2,baseline,2025-01-18,86.0,41.0,31.96217391304348,45.0,33.0
2025-01-04,33,3,ensemble,2025-01-25,144.0,36.0,86.50565217391303,108.0,91.0
2025-01-04,33,3,baseline,2025-01-25,144.0,41.0,87.01,103.0,91.0
2025-01-04,34,1,ensemble,2025-01-11,1074.0,759.0,196.2808695652174,315.0,351.0
2025-01-04,34,1,baseline,2025-01-11,1074.0,723.0,264.73478260869564,351.0,351.0
2025-01-04,34,2,ensemble,2025-01-18,1259.0,766.0,308.9495652173913,493.0,536.0
2025-01-04,34,2,baseline,2025-01-18,1259.0,723.0,424.60739130434786,536.0,536.0
2025-01-04,34,3,ensemble,2025-01-25,1591.0,684.0,638.6834782608696,907.0,868.0
2025-01-04,34,3,baseline,2025-01-25,1591.0,723.0,739.9486956521739,868.0,868.0
2025-01-04,35,1,ensemble,2025-01-11,249.0,215.0,20.000434782608693,34.0,15.0
2025-01-04,35,1,baseline,2025-01-11,249.0,216.0,19.776956521739134,33.0,15.0
2025-01-04,35,2,ensemble,2025-01-18,251.0,188.0,31.52478260869566,63.0,17.0
2025-01-04,35,2,baseline,2025-01-18,251.0,216.0,20.227826086956522,35.0,17.0
2025-01-04,35,3,ensemble,2025-01-25,196.0,167.0,20.20217391304348,29.0,38.0
2025-01-04,35,3,baseline,2025-01-25,196.0,216.0,14.211739130434783,20.0,38.0
2025-01-04,36,1,ensemble,2025-01-11,2240.0,1515.0,411.44217391304346,725.0,712.0
2025-01-04,36,1,baseline,2025-01-11,2240.0,1491.0,596.9530434782608,749.0,712.0
2025-01-04,36,2,ensemble,2025-01-18,2617.0,1448.0,697.5591304347826,1169.0,1089.0
2025-01-04,36,2,baseline,2025-01-18,2617.0,1491.0,939.8369565217392,1126.0,1089.0
2025-01-04,36,3,ensemble,2025-01-25,2929.0,1307.0,1023.9173913043479,1622.0,1401.0
2025-01-04,36,3,baseline,2025-01-25,2929.0,1491.0,1223.8413043478263,1438.0,1401.0
2025-01-04,37,1,ensemble,2025-01-11,832.0,573.0,133.34217391304347,259.0,221.0
2025-01-04,37,1,baseline,2025-01-11,832.0,544.0,204.34782608695647,288.0,221.0
2025-01-04,37,2,ensemble,2025-01-18,1104.0,633.0,297.63695652173914,471.0,493.0
2025-01-04,37,2,baseline,2025-01-18,1104.0,544.0,453.12260869565216,560.0,493.0
2025-01-04,37,3,ensemble,2025-01-25,1582.0,581.0,738.4595652173913,1001.0,971.0
2025-01-04,37,3,baseline,2025-01-25,1582.0,544.0,914.6234782608694,1038.0,971.0
2025-01-04,38,1,ensemble,2025-01-11,38.0,26.0,6.295217391304349,12.0,16.0
2025-01-04,38,1,baseline,2025-01-11,38.0,22.0,9.690869565217392,16.0,16.0
2025-01-04,38,2,ensemble,2025-01-18,61.0,29.0,19.368260869565216,32.0,39.0
2025-01-04,38,2,baseline,2025-01-18,61.0,22.0,28.404782608695655,39.0,39.0
2025-01-04,38,3,ensemble,2025-01-25,89.0,29.0,43.38999999999999,60.0,67.0
2025-01-04,38,3,baseline,2025-01-25,89.0,22.0,54.80391304347826,67.0,67.0
2025-01-04,39,1,ensemble,2025-01-11,1043.0,692.0,198.09608695652173,351.0,352.0
2025-01-04,39,1,baseline,2025-01-11,1043.0,662.0,283.7547826086957,381.0,352.0
2025-01-04,39,2,ensemble,2025-01-18,1146.0,704.0,254.29086956521732,442.0,455.0
2025-01-04,39,2,baseline,2025-01-18,1146.0,662.0,365.68999999999994,484.0,455.0
2025-01-04,39,3,ensemble,2025-01-25,1699.0,662.0,750.9382608695652,1037.0,1008.0
2025-01-04,39,3,baseline,2025-01-25,1699.0,662.0,899.8691304347827,1037.0,1008.0
2025-01-04,40,1,ensemble,2025-01-11,285.0,289.0,25.15608695652174,4.0,1.0
2025-01-04,40,1,baseline,2025-01-11,285.0,248.0,22.21956521739131,37.0,1.0
2025-01-04,40,2,ensemble,2025-01-18,439.0,329.0,64.04695652173913,110.0,155.0
2025-01-04,40,2,baseline,2025-01-18,439.0,248.0,126.6504347826087,191.0,155.0
2025-01-04,40,3,ensemble,2025-01-25,698.0,331.0,240.14086956521743,367.0,414.0
2025-01-04,40,3,baseline,2025-01-25,698.0,248.0,356.8695652173913,450.0,414.0
2025-01-04,41,1,ensemble,2025-01-11,320.0,509.0,100.26913043478261,189.0,232.0
2025-01-04,41,1,baseline,2025-01-11,320.0,524.0,150.3595652173913,204.0,232.0
2025-01-04,41,2,ensemble,2025-01-18,289.0,460.0,89.49217391304346,171.0,263.0
2025-01-04,41,2,baseline,2025-01-18,289.0,524.0,169.18565217391304,235.0,263.0
2025-01-04,41,3,ensemble,2025-01-25,275.0,385.0,61.27565217391304,110.0,277.0
2025-01-04,41,3,baseline,2025-01-25,275.0,524.0,173.13391304347823,249.0,277.0
2025-01-04,42,1,ensemble,2025-01-11,1594.0,929.0,398.1860869565218,665.0,589.0
2025-01-04,42,1,baseline,2025-01-11,1594.0,985.0,484.5065217391304,609.0,589.0
2025-01-04,42,2,ensemble,2025-01-18,2476.0,951.0,1220.3334782608695,1525.0,1471.0
2025-01-04,42,2,baseline,2025-01-18,2476.0,985.0,1339.3469565217392,1491.0,1471.0
2025-01-04,42,3,ensemble,2025-01-25,3065.0,933.0,1758.309565217391,2132.0,2060.0
2025-01-04,42,3,baseline,2025-01-25,3065.0,985.0,1905.514782608696,2080.0,2060.0
2025-01-04,44,1,ensemble,2025-01-11,69.0,41.0,18.598695652173916,28.0,24.0
2025-01-04,44,1,baseline,2025-01-11,69.0,39.0,22.262608695652172,30.0,24.0
2025-01-04,44,2,ensemble,2025-01-18,107.0,42.0,55.09695652173913,65.0,62.0
2025-01-04,44,2,baseline,2025-01-18,107.0,39.0,58.41130434782608,68.0,62.0
2025-01-04,44,3,ensemble,2025-01-25,113.0,37.0,61.99260869565217,76.0,68.0
2025-01-04,44,3,baseline,2025-01-25,113.0,39.0,63.07043478260868,74.0,68.0
2025-01-04,45,1,ensemble,2025-01-11,430.0,355.0,41.34565217391304,75.0,103.0
2025-01-04,45,1,baseline,2025-01-11,430.0,309.0,81.99913043478261,121.0,103.0
2025-01-04,45,2,ensemble,2025-01-18,638.0,336.0,181.0895652173913,302.0,311.0
2025-01-04,45,2,baseline,2025-01-18,638.0,309.0,267.0273913043478,329.0,311.0
2025-01-04,45,3,ensemble,2025-01-25,823.0,356.0,285.59173913043475,467.0,496.0
2025-01-04,45,3,baseline,2025-01-25,823.0,309.0,442.9439130434783,514.0,496.0
2025-01-04,46,1,ensemble,2025-01-11,50.0,37.0,6.884782608695652,13.0,17.0
2025-01-04,46,1,baseline,2025-01-11,50.0,32.0,10.822608695652173,18.0,17.0
2025-01-04,46,2,ensemble,2025-01-18,55.0,37.0,8.666086956521738,18.0,22.0
2025-01-04,46,2,baseline,2025-01-18,55.0,32.0,13.687391304347827,23.0,22.0
2025-01-04,46,3,ensemble,2025-01-25,88.0,34.0,32.920434782608694,54.0,55.0
2025-01-04,46,3,baseline,2025-01-25,88.0,32.0,41.256956521739134,56.0,55.0
2025-01-04,47,1,ensemble,2025-01-11,684.0,700.0,54.15739130434783,16.0,63.0
2025-01-04,47,1,baseline,2025-01-11,684.0,707.0,16.565652173913044,23.0,63.0
2025-01-04,47,2,ensemble,2025-01-18,568.0,631.0,64.33173913043478,63.0,179.0
2025-01-04,47,2,baseline,2025-01-18,568.0,707.0,84.88521739130435,139.0,179.0
2025-01-04,47,3,ensemble,2025-01-25,646.0,583.0,66.80478260869565,63.0,101.0
2025-01-04,47,3,baseline,2025-01-25,646.0,707.0,36.32217391304348,61.0,101.0
2025-01-04,48,1,ensemble,2025-01-11,2005.0,2041.0,136.39,36.0,41.0
2025-01-04,48,1,baseline,2025-01-11,2005.0,1974.0,43.88869565217392,31.0,41.0
2025-01-04,48,2,ensemble,2025-01-18,2423.0,1981.0,237.92130434782604,442.0,377.0
2025-01-04,48,2,baseline,2025-01-18,2423.0,1974.0,268.65,449.0,377.0
2025-01-04,48,3,ensemble,2025-01-25,3302.0,1903.0,835.8565217391305,1399.0,1256.0
2025-01-04,48,3,baseline,2025-01-25,3302.0,1974.0,1057.9713043478262,1328.0,1256.0
2025-01-04,49,1,ensemble,2025-01-11,256.0,245.0,17.539565217391306,11.0,31.0
2025-01-04,49,1,baseline,2025-01-11,256.0,246.0,5.959999999999999,10.0,31.0
2025-01-04,49,2,ensemble,2025-01-18,199.0,225.0,23.909130434782607,26.0,88.0
2025-01-04,49,2,baseline,2025-01-18,199.0,246.0,31.51086956521738,47.0,88.0
2025-01-04,49,3,ensemble,2025-01-25,185.0,199.0,22.657391304347826,14.0,102.0
2025-01-04,49,3,baseline,2025-01-25,185.0,246.0,41.459999999999994,61.0,102.0
2025-01-04,50,1,ensemble,2025-01-11,35.0,21.0,7.896956521739129,14.0,16.0
2025-01-04,50,1,baseline,2025-01-11,35.0,19.0,10.923913043478262,16.0,16.0
2025-01-04,50,2,ensemble,2025-01-18,41.0,22.0,11.207391304347828,19.0,22.0
2025-01-04,50,2,baseline,2025-01-18,41.0,19.0,15.0004347826087,22.0,22.0
2025-01-04,50,3,ensemble,2025-01-25,58.0,22.0,26.245652173913044,36.0,39.0
2025-01-04,50,3,baseline,2025-01-25,58.0,19.0,29.529130434782612,39.0,39.0
2025-01-04,51,1,ensemble,2025-01-11,464.0,411.0,34.87608695652173,53.0,93.0
2025-01-04,51,1,baseline,2025-01-11,464.0,343.0,76.74217391304347,121.0,93.0
2025-01-04,51,2,ensemble,2025-01-18,493.0,391.0,57.93869565217392,102.0,122.0
2025-01-04,51,2,baseline,2025-01-18,493.0,343.0,92.5891304347826,150.0,122.0
2025-01-04,51,3,ensemble,2025-01-25,685.0,355.0,164.6113043478261,330.0,314.0
2025-01-04,51,3,baseline,2025-01-25,685.0,343.0,255.42260869565223,342.0,314.0
2025-01-04,53,1,ensemble,2025-01-11,389.0,521.0,72.26304347826088,132.0,152.0
2025-01-04,53,1,baseline,2025-01-11,389.0,524.0,92.67347826086957,135.0,152.0
2025-01-04,53,2,ensemble,2025-01-18,360.0,507.0,74.46652173913044,147.0,181.0
2025-01-04,53,2,baseline,2025-01-18,360.0,524.0,109.15260869565218,164.0,181.0
2025-01-04,53,3,ensemble,2025-01-25,417.0,428.0,43.58652173913044,11.0,124.0
2025-01-04,53,3,baseline,2025-01-25,417.0,524.0,64.33347826086958,107.0,124.0
2025-01-04,54,1,ensemble,2025-01-11,144.0,121.0,13.700869565217394,23.0,42.0
2025-01-04,54,1,baseline,2025-01-11,144.0,102.0,25.45173913043478,42.0,42.0
2025-01-04,54,2,ensemble,2025-01-18,133.0,127.0,14.829565217391304,6.0,31.0
2025-01-04,54,2,baseline,2025-01-18,133.0,102.0,17.566086956521737,31.0,31.0
2025-01-04,54,3,ensemble,2025-01-25,160.0,121.0,21.62217391304348,39.0,58.0
2025-01-04,54,3,baseline,2025-01-25,160.0,102.0,33.14913043478261,58.0,58.0
2025-01-04,55,1,ensemble,2025-01-11,388.0,295.0,47.484782608695646,93.0,135.0
2025-01-04,55,1,baseline,2025-01-11,388.0,246.0,101.02130434782607,142.0,135.0
2025-01-04,55,2,ensemble,2025-01-18,593.0,323.0,159.83347826086958,270.0,340.0
2025-01-04,55,2,baseline,2025-01-18,593.0,246.0,292.29086956521735,347.0,340.0
2025-01-04,55,3,ensemble,2025-01-25,857.0,328.0,393.22956521739127,529.0,604.0
2025-01-04,55,3,baseline,2025-01-25,857.0,246.0,548.2421739130434,611.0,604.0
2025-01-04,56,1,ensemble,2025-01-11,62.0,79.0,9.285652173913041,17.0,22.0
2025-01-04,56,1,baseline,2025-01-11,62.0,90.0,18.450434782608692,28.0,22.0
2025-01-04,56,2,ensemble,2025-01-18,84.0,80.0,8.433043478260867,4.0,0.0
2025-01-04,56,2,baseline,2025-01-18,84.0,90.0,4.301739130434783,6.0,0.0
2025-01-04,56,3,ensemble,2025-01-25,89.0,71.0,11.388695652173915,18.0,5.0
2025-01-04,56,3,baseline,2025-01-25,89.0,90.0,3.933913043478262,1.0,5.0
2025-01-11,01,1,ensemble,2025-01-18,490.0,582.0,53.76739130434782,92.0,200.0
2025-01-11,01,1,baseline,2025-01-18,490.0,669.0,129.21999999999997,179.0,200.0
2025-01-11,01,2,ensemble,2025-01-25,632.0,477.0,81.54695652173913,155.0,58.0
2025-01-11,01,2,baseline,2025-01-25,632.0,669.0,22.5995652173913,37.0,58.0
2025-01-11,01,3,ensemble,2025-02-01,742.0,409.0,199.0747826086957,333.0,52.0
2025-01-11,01,3,baseline,2025-02-01,742.0,669.0,41.66695652173913,73.0,52.0
2025-01-11,02,1,ensemble,2025-01-18,32.0,57.0,14.668260869565218,25.0,30.0
2025-01-11,02,1,baseline,2025-01-18,32.0,58.0,18.22739130434783,26.0,30.0
2025-01-11,02,2,ensemble,2025-01-25,25.0,58.0,18.03782608695652,33.0,37.0
2025-01-11,02,2,baseline,2025-01-25,25.0,58.0,23.138260869565215,33.0,37.0
2025-01-11,02,3,ensemble,2025-02-01,28.0,49.0,12.022608695652172,21.0,34.0
2025-01-11,02,3,baseline,2025-02-01,28.0,58.0,19.52782608695652,30.0,34.0
2025-01-11,04,1,ensemble,2025-01-18,1038.0,2096.0,633.7047826086957,1058.0,1704.0
2025-01-11,04,1,baseline,2025-01-18,1038.0,2827.0,1648.8486956521738,1789.0,1704.0
2025-01-11,04,2,ensemble,2025-01-25,960.0,1720.0,439.79173913043473,760.0,1782.0
2025-01-11,04,2,baseline,2025-01-25,960.0,2827.0,1692.43,1867.0,1782.0
2025-01-11,04,3,ensemble,2025-02-01,807.0,1607.0,454.87260869565216,800.0,1935.0
2025-01-11,04,3,baseline,2025-02-01,807.0,2827.0,1819.3813043478256,2020.0,1935.0
2025-01-11,05,1,ensemble,2025-01-18,223.0,262.0,23.13695652173913,39.0,11.0
2025-01-11,05,1,baseline,2025-01-18,223.0,199.0,14.27695652173913,24.0,11.0
2025-01-11,05,2,ensemble,2025-01-25,388.0,283.0,55.41043478260869,105.0,176.0
2025-01-11,05,2,baseline,2025-01-25,388.0,199.0,144.30739130434785,189.0,176.0
2025-01-11,05,3,ensemble,2025-02-01,513.0,287.0,148.96608695652176,226.0,301.0
2025-01-11,05,3,baseline,2025-02-01,513.0,199.0,262.70826086956515,314.0,301.0
2025-01-11,06,1,ensemble,2025-01-18,3464.0,2870.0,320.2152173913044,594.0,357.0
2025-01-11,06,1,baseline,2025-01-18,3464.0,3276.0,115.58782608695654,188.0,357.0
2025-01-11,06,2,ensemble,2025-01-25,3864.0,2439.0,824.2895652173911,1425.0,43.0
2025-01-11,06,2,baseline,2025-01-25,3864.0,3276.0,357.9217391304348,588.0,43.0
2025-01-11,06,3,ensemble,2025-02-01,4364.0,2105.0,1394.1704347826087,2259.0,543.0
2025-01-11,06,3,baseline,2025-02-01,4364.0,3276.0,716.6147826086958,1088.0,543.0
2025-01-11,08,1,ensemble,2025-01-18,441.0,569.0,69.8208695652174,128.0,319.0
2025-01-11,08,1,baseline,2025-01-18,441.0,590.0,107.32347826086955,149.0,319.0
2025-01-11,08,2,ensemble,2025-01-25,456.0,481.0,40.8904347826087,25.0,304.0
2025-01-11,08,2,baseline,2025-01-25,456.0,590.0,87.83434782608697,134.0,304.0
2025-01-11,08,3,ensemble,2025-02-01,543.0,414.0,60.84913043478261,129.0,217.0
2025-01-11,08,3,baseline,2025-02-01,543.0,590.0,26.813478260869566,47.0,217.0
2025-01-11,09,1,ensemble,2025-01-18,245.0,348.0,57.16391304347826,103.0,49.0
2025-01-11,09,1,baseline,2025-01-18,245.0,290.0,27.053478260869564,45.0,49.0
2025-01-11,09,2,ensemble,2025-01-25,378.0,354.0,31.686956521739127,24.0,84.0
2025-01-11,09,2,baseline,2025-01-25,378.0,290.0,54.906956521739126,88.0,84.0
2025-01-11,09,3,ensemble,2025-02-01,478.0,300.0,85.74608695652174,178.0,184.0
2025-01-11,09,3,baseline,2025-02-01,478.0,290.0,134.24521739130435,188.0,184.0
2025-01-11,10,1,ensemble,2025-01-18,66.0,165.0,70.52999999999999,99.0,119.0
2025-01-11,10,1,baseline,2025-01-18,66.0,185.0,104.44043478260868,119.0,119.0
2025-01-11,10,2,ensemble,2025-01-25,88.0,137.0,28.645217391304346,49.0,97.0
2025-01-11,10,2,baseline,2025-01-25,88.0,185.0,78.91826086956522,97.0,97.0
2025-01-11,10,3,ensemble,2025-02-01,140.0,112.0,14.790869565217394,28.0,45.0
2025-01-11,10,3,baseline,2025-02-01,140.0,185.0,29.08347826086957,45.0,45.0
2025-01-11,11,1,ensemble,2025-01-18,58.0,91.0,18.787826086956525,33.0,38.0
2025-01-11,11,1,baseline,2025-01-18,58.0,84.0,17.789565217391303,26.0,38.0
2025-01-11,11,2,ensemble,2025-01-25,207.0,84.0,96.80739130434783,123.0,111.0
2025-01-11,11,2,baseline,2025-01-25,207.0,84.0,111.76521739130436,123.0,111.0
2025-01-11,11,3,ensemble,2025-02-01,197.0,68.0,107.85739130434784,129.0,101.0
2025-01-11,11,3,baseline,2025-02-01,197.0,84.0,99.93478260869566,113.0,101.0
2025-01-11,12,1,ensemble,2025-01-18,2663.0,2163.0,259.1304347826087,500.0,199.0
2025-01-11,12,1,baseline,2025-01-18,2663.0,2285.0,257.48304347826087,378.0,199.0
2025-01-11,12,2,ensemble,2025-01-25,3158.0,1840.0,747.6308695652173,1318.0,296.0
2025-01-11,12,2,baseline,2025-01-25,3158.0,2285.0,696.8134782608695,873.0,296.0
2025-01-11,12,3,ensemble,2025-02-01,3627.0,1643.0,1304.8978260869567,1984.0,765.0
2025-01-11,12,3,baseline,2025-02-01,3627.0,2285.0,1139.8934782608696,1342.0,765.0
2025-01-11,13,1,ensemble,2025-01-18,992.0,1145.0,100.84739130434782,153.0,152.0
2025-01-11,13,1,baseline,2025-01-18,992.0,1052.0,36.75173913043478,60.0,152.0
2025-01-11,13,2,ensemble,2025-01-25,1186.0,994.0,115.32130434782609,192.0,42.0
2025-01-11,13,2,baseline,2025-01-25,1186.0,1052.0,79.29260869565218,134.0,42.0
2025-01-11,13,3,ensemble,2025-02-01,1373.0,795.0,334.2091304347826,578.0,229.0
2025-01-11,13,3,baseline,2025-02-01,1373.0,1052.0,207.86695652173918,321.0,229.0
2025-01-11,15,1,ensemble,2025-01-18,91.0,61.0,17.293913043478263,30.0,34.0
2025-01-11,15,1,baseline,2025-01-18,91.0,62.0,22.11565217391304,29.0,34.0
2025-01-11,15,2,ensemble,2025-01-25,88.0,57.0,17.63347826086957,31.0,37.0
2025-01-11,15,2,baseline,2025-01-25,88.0,62.0,17.774782608695656,26.0,37.0
2025-01-11,15,3,ensemble,2025-02-01,70.0,53.0,8.833478260869565,17.0,55.0
2025-01-11,15,3,baseline,2025-02-01,70.0,62.0,4.38608695652174,8.0,55.0
2025-01-11,16,1,ensemble,2025-01-18,123.0,161.0,21.211739130434786,38.0,119.0
2025-01-11,16,1,baseline,2025-01-18,123.0,185.0,40.55173913043478,62.0,119.0
2025-01-11,16,2,ensemble,2025-01-25,99.0,133.0,21.816521739130433,34.0,143.0
2025-01-11,16,2,baseline,2025-01-25,99.0,185.0,55.05695652173913,86.0,143.0
2025-01-11,16,3,ensemble,2025-02-01,159.0,120.0,23.692608695652165,39.0,83.0
2025-01-11,16,3,baseline,2025-02-01,159.0,185.0,16.088695652173914,26.0,83.0
2025-01-11,17,1,ensemble,2025-01-18,1341.0,1426.0,85.86739130434783,85.0,221.0
2025-01-11,17,1,baseline,2025-01-18,1341.0,1498.0,99.81086956521742,157.0,221.0
2025-01-11,17,2,ensemble,2025-01-25,1727.0,1260.0,236.58999999999997,467.0,165.0
2025-01-11,17,2,baseline,2025-01-25,1727.0,1498.0,143.0673913043478,229.0,165.0
2025-01-11,17,3,ensemble,2025-02-01,2137.0,1172.0,652.7917391304347,965.0,575.0
2025-01-11,17,3,baseline,2025-02-01,2137.0,1498.0,484.03000000000003,639.0,575.0
2025-01-11,18,1,ensemble,2025-01-18,542.0,839.0,148.86695652173913,297.0,272.0
2025-01-11,18,1,baseline,2025-01-18,542.0,801.0,186.06478260869565,259.0,272.0
2025-01-11,18,2,ensemble,2025-01-25,788.0,739.0,66.48782608695652,49.0,26.0
2025-01-11,18,2,baseline,2025-01-25,788.0,801.0,19.516521739130436,13.0,26.0
2025-01-11,18,3,ensemble,2025-02-01,1295.0,625.0,419.17217391304354,670.0,481.0
2025-01-11,18,3,baseline,2025-02-01,1295.0,801.0,384.48043478260865,494.0,481.0
2025-01-11,19,1,ensemble,2025-01-18,237.0,194.0,23.04434782608696,43.0,66.0
2025-01-11,19,1,baseline,2025-01-18,237.0,155.0,57.76478260869564,82.0,66.0
2025-01-11,19,2,ensemble,2025-01-25,304.0,194.0,61.38826086956524,110.0,133.0
2025-01-11,19,2,baseline,2025-01-25,304.0,155.0,114.9686956521739,149.0,133.0
2025-01-11,19,3,ensemble,2025-02-01,457.0,183.0,204.1869565217391,274.0,286.0
2025-01-11,19,3,baseline,2025-02-01,457.0,155.0,262.9404347826087,302.0,286.0
2025-01-11,20,1,ensemble,2025-01-18,200.0,340.0,78.62347826086958,140.0,153.0
2025-01-11,20,1,baseline,2025-01-18,200.0,324.0,95.19391304347826,124.0,153.0
2025-01-11,20,2,ensemble,2025-01-25,216.0,307.0,42.67173913043479,91.0,137.0
2025-01-11,20,2,baseline,2025-01-25,216.0,324.0,74.75565217391303,108.0,137.0
2025-01-11,20,3,ensemble,2025-02-01,388.0,247.0,77.2095652173913,141.0,35.0
2025-01-11,20,3,baseline,2025-02-01,388.0,324.0,37.77217391304348,64.0,35.0
2025-01-11,21,1,ensemble,2025-01-18,397.0,657.0,143.54565217391306,260.0,281.0
2025-01-11,21,1,baseline,2025-01-18,397.0,618.0,157.71391304347827,221.0,281.0
2025-01-11,21,2,ensemble,2025-01-25,434.0,599.0,93.9391304347826,165.0,244.0
2025-01-11,21,2,baseline,2025-01-25,434.0,618.0,118.85521739130435,184.0,244.0
2025-01-11,21,3,ensemble,2025-02-01,741.0,488.0,124.37478260869565,253.0,63.0
2025-01-11,21,3,baseline,2025-02-01,741.0,618.0,71.26043478260868,123.0,63.0
2025-01-11,22,1,ensemble,2025-01-18,477.0,522.0,34.452608695652174,45.0,236.0
2025-01-11,22,1,baseline,2025-01-18,477.0,572.0,60.92521739130434,95.0,236.0
2025-01-11,22,2,ensemble,2025-01-25,521.0,454.0,44.35304347826087,67.0,192.0
2025-01-11,22,2,baseline,2025-01-25,521.0,572.0,29.418260869565216,51.0,192.0
2025-01-11,22,3,ensemble,2025-02-01,620.0,380.0,128.00478260869565,240.0,93.0
2025-01-11,22,3,baseline,2025-02-01,620.0,572.0,28.073478260869564,48.0,93.0
2025-01-11,23,1,ensemble,2025-01-18,88.0,102.0,9.954347826086957,14.0,0.0
2025-01-11,23,1,baseline,2025-01-18,88.0,87.0,2.686086956521739,1.0,0.0
2025-01-11,23,2,ensemble,2025-01-25,110.0,99.0,9.442173913043481,11.0,22.0
2025-01-11,23,2,baseline,2025-01-25,110.0,87.0,13.640434782608693,23.0,22.0
2025-01-11,23,3,ensemble,2025-02-01,153.0,95.0,27.505217391304342,58.0,65.0
2025-01-11,23,3,baseline,2025-02-01,153.0,87.0,43.68782608695652,66.0,65.0
2025-01-11,24,1,ensemble,2025-01-18,459.0,383.0,38.79434782608696,76.0,2.0
2025-01-11,24,1,baseline,2025-01-18,459.0,354.0,70.19304347826088,105.0,2.0
2025-01-11,24,2,ensemble,2025-01-25,611.0,377.0,135.3182608695652,234.0,154.0
2025-01-11,24,2,baseline,2025-01-25,611.0,354.0,209.89391304347825,257.0,154.0
2025-01-11,24,3,ensemble,2025-02-01,810.0,343.0,341.6691304347826,467.0,353.0
2025-01-11,24,3,baseline,2025-02-01,810.0,354.0,401.7608695652174,456.0,353.0
2025-01-11,25,1,ensemble,2025-01-18,735.0,586.0,81.01826086956521,149.0,215.0
2025-01-11,25,1,baseline,2025-01-18,735.0,498.0,167.0513043478261,237.0,215.0
2025-01-11,25,2,ensemble,2025-01-25,991.0,535.0,282.7860869565218,456.0,471.0
2025-01-11,25,2,baseline,2025-01-25,991.0,498.0,402.4669565217392,493.0,471.0
2025-01-11,25,3,ensemble,2025-02-01,1290.0,509.0,605.0752173913044,781.0,770.0
2025-01-11,25,3,baseline,2025-02-01,1290.0,498.0,688.2226086956522,792.0,770.0
2025-01-11,26,1,ensemble,2025-01-18,496.0,738.0,127.28434782608691,242.0,59.0
2025-01-11,26,1,baseline,2025-01-18,496.0,563.0,41.42695652173913,67.0,59.0
2025-01-11,26,2,ensemble,2025-01-25,863.0,725.0,73.37652173913044,138.0,308.0
2025-01-11,26,2,baseline,2025-01-25,863.0,563.0,191.07347826086954,300.0,308.0
2025-01-11,26,3,ensemble,2025-02-01,1093.0,734.0,184.89173913043484,359.0,538.0
2025-01-11,26,3,baseline,2025-02-01,1093.0,563.0,382.12913043478255,530.0,538.0
2025-01-11,27,1,ensemble,2025-01-18,927.0,1221.0,157.0686956521739,294.0,25.0
2025-01-11,27,1,baseline,2025-01-18,927.0,1352.0,359.1147826086957,425.0,25.0
2025-01-11,27,2,ensemble,2025-01-25,928.0,919.0,72.62695652173915,9.0,24.0
2025-01-11,27,2,baseline,2025-01-25,928.0,1352.0,342.0604347826087,424.0,24.0
2025-01-11,27,3,ensemble,2025-02-01,882.0,713.0,95.11652173913045,169.0,70.0
2025-01-11,27,3,baseline,2025-02-01,882.0,1352.0,368.59391304347827,470.0,70.0
2025-01-11,28,1,ensemble,2025-01-18,226.0,302.0,41.728695652173926,76.0,46.0
2025-01-11,28,1,baseline,2025-01-18,226.0,264.0,22.226086956521737,38.0,46.0
2025-01-11,28,2,ensemble,2025-01-25,323.0,287.0,30.897826086956524,36.0,51.0
2025-01-11,28,2,baseline,2025-01-25,323.0,264.0,34.57652173913044,59.0,51.0
2025-01-11,28,3,ensemble,2025-02-01,537.0,237.0,205.41608695652175,300.0,265.0
2025-01-11,28,3,baseline,2025-02-01,537.0,264.0,228.5626086956522,273.0,265.0
2025-01-11,29,1,ensemble,2025-01-18,559.0,783.0,114.63478260869564,224.0,267.0
2025-01-11,29,1,baseline,2025-01-18,559.0,723.0,109.04043478260871,164.0,267.0
2025-01-11,29,2,ensemble,2025-01-25,655.0,709.0,62.67391304347826,54.0,171.0
2025-01-11,29,2,baseline,2025-01-25,655.0,723.0,40.43260869565218,68.0,171.0
2025-01-11,29,3,ensemble,2025-02-01,1039.0,564.0,304.17434782608694,475.0,213.0
2025-01-11,29,3,baseline,2025-02-01,1039.0,723.0,212.53565217391306,316.0,213.0
2025-01-11,30,1,ensemble,2025-01-18,78.0,81.0,7.69695652173913,3.0,16.0
2025-01-11,30,1,baseline,2025-01-18,78.0,67.0,6.875217391304347,11.0,16.0
2025-01-11,30,2,ensemble,2025-01-25,67.0,81.0,9.52,14.0,5.0
2025-01-11,30,2,baseline,2025-01-25,67.0,67.0,3.681304347826087,0.0,5.0
2025-01-11,30,3,ensemble,2025-02-01,103.0,74.0,15.083478260869565,29.0,41.0
2025-01-11,30,3,baseline,2025-02-01,103.0,67.0,20.739565217391306,36.0,41.0
2025-01-11,31,1,ensemble,2025-01-18,128.0,180.0,27.218695652173917,52.0,83.0
2025-01-11,31,1,baseline,2025-01-18,128.0,177.0,33.213913043478264,49.0,83.0
2025-01-11,31,2,ensemble,2025-01-25,182.0,168.0,16.278260869565216,14.0,29.0
2025-01-11,31,2,baseline,2025-01-25,182.0,177.0,5.012173913043479,5.0,29.0
2025-01-11,31,3,ensemble,2025-02-01,308.0,144.0,110.24478260869564,164.0,97.0
2025-01-11,31,3,baseline,2025-02-01,308.0,177.0,107.42608695652174,131.0,97.0
2025-01-11,32,1,ensemble,2025-01-18,189.0,335.0,87.42521739130434,146.0,198.0
2025-01-11,32,1,baseline,2025-01-18,189.0,354.0,128.1695652173913,165.0,198.0
2025-01-11,32,2,ensemble,2025-01-25,196.0,268.0,39.05347826086957,72.0,191.0
2025-01-11,32,2,baseline,2025-01-25,196.0,354.0,113.80608695652174,158.0,191.0
2025-01-11,32,3,ensemble,2025-02-01,178.0,241.0,32.64391304347826,63.0,209.0
2025-01-11,32,3,baseline,2025-02-01,178.0,354.0,124.73695652173915,176.0,209.0
2025-01-11,33,1,ensemble,2025-01-18,86.0,309.0,152.9582608695652,223.0,22.0
2025-01-11,33,1,baseline,2025-01-18,86.0,360.0,259.42739130434785,274.0,22.0
2025-01-11,33,2,ensemble,2025-01-25,144.0,259.0,59.952173913043474,115.0,36.0
2025-01-11,33,2,baseline,2025-01-25,144.0,360.0,192.5234782608696,216.0,36.0
2025-01-11,33,3,ensemble,2025-02-01,174.0,185.0,14.839565217391305,11.0,66.0
2025-01-11,33,3,baseline,2025-02-01,174.0,360.0,156.81043478260872,186.0,66.0
2025-01-11,34,1,ensemble,2025-01-18,1259.0,1342.0,99.4,83.0,67.0
2025-01-11,34,1,baseline,2025-01-18,1259.0,1350.0,54.068260869565215,91.0,67.0
2025-01-11,34,2,ensemble,2025-01-25,1591.0,1130.0,231.49652173913043,461.0,265.0
2025-01-11,34,2,baseline,2025-01-25,1591.0,1350.0,152.5578260869565,241.0,265.0
2025-01-11,34,3,ensemble,2025-02-01,1794.0,921.0,492.2621739130435,873.0,468.0
2025-01-11,34,3,baseline,2025-02-01,1794.0,1350.0,305.0795652173913,444.0,468.0
2025-01-11,35,1,ensemble,2025-01-18,251.0,261.0,13.73826086956522,10.0,69.0
2025-01-11,35,1,baseline,2025-01-18,251.0,285.0,20.070434782608697,34.0,69.0
2025-01-11,35,2,ensemble,2025-01-25,196.0,236.0,24.796521739130437,40.0,124.0
2025-01-11,35,2,baseline,2025-01-25,196.0,285.0,55.74086956521739,89.0,124.0
2025-01-11,35,3,ensemble,2025-02-01,214.0,206.0,18.59304347826087,8.0,106.0
2025-01-11,35,3,baseline,2025-02-01,214.0,285.0,40.711739130434786,71.0,106.0
2025-01-11,36,1,ensemble,2025-01-18,2617.0,2265.0,192.73478260869567,352.0,23.0
2025-01-11,36,1,baseline,2025-01-18,2617.0,2313.0,191.22826086956522,304.0,23.0
2025-01-11,36,2,ensemble,2025-01-25,2929.0,1877.0,476.6578260869565,1052.0,335.0
2025-01-11,36,2,baseline,2025-01-25,2929.0,2313.0,421.2117391304348,616.0,335.0
2025-01-11,36,3,ensemble,2025-02-01,3081.0,1545.0,866.6795652173912,1536.0,487.0
2025-01-11,36,3,baseline,2025-02-01,3081.0,2313.0,531.3508695652174,768.0,487.0
2025-01-11,37,1,ensemble,2025-01-18,1104.0,836.0,132.95608695652172,268.0,162.0
2025-01-11,37,1,baseline,2025-01-18,1104.0,860.0,166.15043478260873,244.0,162.0
2025-01-11,37,2,ensemble,2025-01-25,1582.0,809.0,491.1760869565217,773.0,640.0
2025-01-11,37,2,baseline,2025-01-25,1582.0,860.0,608.8439130434782,722.0,640.0
2025-01-11,37,3,ensemble,2025-02-01,1994.0,705.0,986.554347826087,1289.0,1052.0
2025-01-11,37,3,baseline,2025-02-01,1994.0,860.0,1002.8473913043479,1134.0,1052.0
2025-01-11,38,1,ensemble,2025-01-18,61.0,64.0,5.045217391304349,3.0,5.0
2025-01-11,38,1,baseline,2025-01-18,61.0,56.0,3.1243478260869564,5.0,5.0
2025-01-11,38,2,ensemble,2025-01-25,89.0,61.0,14.264782608695654,28.0,33.0
2025-01-11,38,2,baseline,2025-01-25,89.0,56.0,22.1504347826087,33.0,33.0
2025-01-11,38,3,ensemble,2025-02-01,104.0,55.0,27.209130434782605,49.0,48.0
2025-01-11,38,3,baseline,2025-02-01,104.0,56.0,34.80695652173913,48.0,48.0
2025-01-11,39,1,ensemble,2025-01-18,1146.0,1271.0,93.55347826086958,125.0,156.0
2025-01-11,39,1,baseline,2025-01-18,1146.0,1268.0,74.35521739130436,122.0,156.0
2025-01-11,39,2,ensemble,2025-01-25,1699.0,1050.0,316.54391304347826,649.0,397.0
2025-01-11,39,2,baseline,2025-01-25,1699.0,1268.0,301.5117391304347,431.0,397.0
2025-01-11,39,3,ensemble,2025-02-01,2467.0,912.0,1063.1439130434783,1555.0,1165.0
2025-01-11,39,3,baseline,2025-02-01,2467.0,1268.0,1041.1352173913044,1199.0,1165.0
2025-01-11,40,1,ensemble,2025-01-18,439.0,494.0,42.560869565217395,55.0,34.0
2025-01-11,40,1,baseline,2025-01-18,439.0,399.0,24.08304347826087,40.0,34.0
2025-01-11,40,2,ensemble,2025-01-25,698.0,489.0,113.90521739130433,209.0,293.0
2025-01-11,40,2,baseline,2025-01-25,698.0,399.0,219.54,299.0,293.0
2025-01-11,40,3,ensemble,2025-02-01,1116.0,468.0,482.54,648.0,711.0
2025-01-11,40,3,baseline,2025-02-01,1116.0,399.0,620.8543478260871,717.0,711.0
2025-01-11,41,1,ensemble,2025-01-18,289.0,488.0,113.61913043478262,199.0,247.0
2025-01-11,41,1,baseline,2025-01-18,289.0,523.0,177.95347826086953,234.0,247.0
2025-01-11,41,2,ensemble,2025-01-25,275.0,395.0,64.44869565217392,120.0,261.0
2025-01-11,41,2,baseline,2025-01-25,275.0,523.0,181.47782608695647,248.0,261.0
2025-01-11,41,3,ensemble,2025-02-01,497.0,329.0,81.30999999999999,168.0,39.0
2025-01-11,41,3,baseline,2025-02-01,497.0,523.0,19.47826086956522,26.0,39.0
2025-01-11,42,1,ensemble,2025-01-18,2476.0,1688.0,435.7421739130435,788.0,802.0
2025-01-11,42,1,baseline,2025-01-18,2476.0,1646.0,686.9608695652174,830.0,802.0
2025-01-11,42,2,ensemble,2025-01-25,3065.0,1639.0,982.0886956521739,1426.0,1391.0
2025-01-11,42,2,baseline,2025-01-25,3065.0,1646.0,1245.601304347826,1419.0,1391.0
2025-01-11,42,3,ensemble,2025-02-01,3778.0,1358.0,1979.8708695652174,2420.0,2104.0
2025-01-11,42,3,baseline,2025-02-01,3778.0,1646.0,1932.744347826087,2132.0,2104.0
2025-01-11,44,1,ensemble,2025-01-18,107.0,81.0,13.494347826086956,26.0,14.0
2025-01-11,44,1,baseline,2025-01-18,107.0,81.0,18.106956521739132,26.0,14.0
2025-01-11,44,2,ensemble,2025-01-25,113.0,81.0,18.066956521739133,32.0,20.0
2025-01-11,44,2,baseline,2025-01-25,113.0,81.0,21.883478260869563,32.0,20.0
2025-01-11,44,3,ensemble,2025-02-01,173.0,73.0,78.41695652173912,100.0,80.0
2025-01-11,44,3,baseline,2025-02-01,173.0,81.0,79.63478260869564,92.0,80.0
2025-01-11,45,1,ensemble,2025-01-18,638.0,518.0,64.69652173913045,120.0,118.0
2025-01-11,45,1,baseline,2025-01-18,638.0,489.0,102.31695652173913,149.0,118.0
2025-01-11,45,2,ensemble,2025-01-25,823.0,503.0,192.2513043478261,320.0,303.0
2025-01-11,45,2,baseline,2025-01-25,823.0,489.0,268.7134782608696,334.0,303.0
2025-01-11,45,3,ensemble,2025-02-01,1259.0,432.0,677.2169565217391,827.0,739.0
2025-01-11,45,3,baseline,2025-02-01,1259.0,489.0,695.0508695652173,770.0,739.0
2025-01-11,46,1,ensemble,2025-01-18,55.0,22.0,21.725652173913044,33.0,8.0
2025-01-11,46,1,baseline,2025-01-18,55.0,13.0,31.301739130434786,42.0,8.0
2025-01-11,46,2,ensemble,2025-01-25,88.0,24.0,49.830000000000005,64.0,41.0
2025-01-11,46,2,baseline,2025-01-25,88.0,13.0,61.64478260869565,75.0,41.0
2025-01-11,46,3,ensemble,2025-02-01,139.0,25.0,98.7895652173913,114.0,92.0
2025-01-11,46,3,baseline,2025-02-01,139.0,13.0,110.50347826086956,126.0,92.0
2025-01-11,47,1,ensemble,2025-01-18,568.0,1023.0,264.27652173913043,455.0,495.0
2025-01-11,47,1,baseline,2025-01-18,568.0,1018.0,373.634347826087,450.0,495.0
2025-01-11,47,2,ensemble,2025-01-25,646.0,849.0,116.72695652173913,203.0,417.0
2025-01-11,47,2,baseline,2025-01-25,646.0,1018.0,278.6786956521739,372.0,417.0
2025-01-11,47,3,ensemble,2025-02-01,944.0,695.0,125.53739130434784,249.0,119.0
2025-01-11,47,3,baseline,2025-02-01,944.0,1018.0,43.306086956521746,74.0,119.0
2025-01-11,48,1,ensemble,2025-01-18,2423.0,2424.0,140.31478260869565,1.0,91.0
2025-01-11,48,1,baseline,2025-01-18,2423.0,2406.0,43.1491304347826,17.0,91.0
2025-01-11,48,2,ensemble,2025-01-25,3302.0,2277.0,601.7478260869566,1025.0,788.0
2025-01-11,48,2,baseline,2025-01-25,3302.0,2406.0,656.7665217391304,896.0,788.0
2025-01-11,48,3,ensemble,2025-02-01,4692.0,1992.0,1990.2734782608695,2700.0,2178.0
2025-01-11,48,3,baseline,2025-02-01,4692.0,2406.0,2009.3426086956524,2286.0,2178.0
2025-01-11,49,1,ensemble,2025-01-18,199.0,352.0,87.26913043478261,153.0,189.0
2025-01-11,49,1,baseline,2025-01-18,199.0,378.0,159.68608695652173,179.0,189.0
2025-01-11,49,2,ensemble,2025-01-25,185.0,300.0,58.767826086956525,115.0,203.0
2025-01-11,49,2,baseline,2025-01-25,185.0,378.0,168.77913043478256,193.0,203.0
2025-01-11,49,3,ensemble,2025-02-01,195.0,243.0,34.415652173913045,48.0,193.0
2025-01-11,49,3,baseline,2025-02-01,195.0,378.0,154.8313043478261,183.0,193.0
2025-01-11,50,1,ensemble,2025-01-18,41.0,38.0,2.822173913043478,3.0,8.0
2025-01-11,50,1,baseline,2025-01-18,41.0,32.0,5.4399999999999995,9.0,8.0
2025-01-11,50,2,ensemble,2025-01-25,58.0,38.0,12.193913043478263,20.0,25.0
2025-01-11,50,2,baseline,2025-01-25,58.0,32.0,18.43130434782609,26.0,25.0
2025-01-11,50,3,ensemble,2025-02-01,84.0,34.0,35.86086956521739,50.0,51.0
2025-01-11,50,3,baseline,2025-02-01,84.0,32.0,42.240434782608695,52.0,51.0
2025-01-11,51,1,ensemble,2025-01-18,493.0,639.0,89.15130434782608,146.0,176.0
2025-01-11,51,1,baseline,2025-01-18,493.0,614.0,75.90260869565218,121.0,176.0
2025-01-11,51,2,ensemble,2025-01-25,685.0,624.0,47.173478260869565,61.0,16.0
2025-01-11,51,2,baseline,2025-01-25,685.0,614.0,40.27478260869566,71.0,16.0
2025-01-11,51,3,ensemble,2025-02-01,1083.0,559.0,376.63347826086954,524.0,414.0
2025-01-11,51,3,baseline,2025-02-01,1083.0,614.0,373.31608695652176,469.0,414.0
2025-01-11,53,1,ensemble,2025-01-18,360.0,464.0,63.32956521739131,104.0,170.0
2025-01-11,53,1,baseline,2025-01-18,360.0,489.0,88.18130434782609,129.0,170.0
2025-01-11,53,2,ensemble,2025-01-25,417.0,396.0,34.70478260869565,21.0,113.0
2025-01-11,53,2,baseline,2025-01-25,417.0,489.0,43.560434782608695,72.0,113.0
2025-01-11,53,3,ensemble,2025-02-01,578.0,349.0,131.60304347826087,229.0,48.0
2025-01-11,53,3,baseline,2025-02-01,578.0,489.0,52.51260869565218,89.0,48.0
2025-01-11,54,1,ensemble,2025-01-18,133.0,205.0,39.05608695652174,72.0,65.0
2025-01-11,54,1,baseline,2025-01-18,133.0,179.0,28.071304347826096,46.0,65.0
2025-01-11,54,2,ensemble,2025-01-25,160.0,206.0,28.908260869565222,46.0,38.0
2025-01-11,54,2,baseline,2025-01-25,160.0,179.0,12.02304347826087,19.0,38.0
2025-01-11,54,3,ensemble,2025-02-01,267.0,181.0,42.00304347826088,86.0,69.0
2025-01-11,54,3,baseline,2025-02-01,267.0,179.0,54.468260869565235,88.0,69.0
2025-01-11,55,1,ensemble,2025-01-18,593.0,420.0,83.12739130434784,173.0,204.0
2025-01-11,55,1,baseline,2025-01-18,593.0,386.0,159.98521739130433,207.0,204.0
2025-01-11,55,2,ensemble,2025-01-25,857.0,435.0,305.8330434782609,422.0,468.0
2025-01-11,55,2,baseline,2025-01-25,857.0,386.0,414.21478260869566,471.0,468.0
2025-01-11,55,3,ensemble,2025-02-01,1054.0,385.0,544.7082608695652,669.0,665.0
2025-01-11,55,3,baseline,2025-02-01,1054.0,386.0,602.5017391304348,668.0,665.0
2025-01-11,56,1,ensemble,2025-01-18,84.0,116.0,17.260434782608698,32.0,31.0
2025-01-11,56,1,baseline,2025-01-18,84.0,121.0,25.39043478260869,37.0,31.0
2025-01-11,56,2,ensemble,2025-01-25,89.0,89.0,7.5221739130434795,0.0,26.0
2025-01-11,56,2,baseline,2025-01-25,89.0,121.0,19.879565217391303,32.0,26.0
2025-01-11,56,3,ensemble,2025-02-01,102.0,79.0,12.058260869565217,23.0,13.0
2025-01-11,56,3,baseline,2025-02-01,102.0,121.0,10.674782608695653,19.0,13.0
2025-01-18,01,1,ensemble,2025-01-25,632.0,328.0,175.2786956521739,304.0,155.0
2025-01-18,01,1,baseline,2025-01-25,632.0,469.0,113.06043478260871,163.0,155.0
2025-01-18,01,2,ensemble,2025-02-01,742.0,319.0,305.3617391304348,423.0,265.0
2025-01-18,01,2,baseline,2025-02-01,742.0,469.0,201.69521739130434,273.0,265.0
2025-01-18,01,3,ensemble,2025-02-08,663.0,247.0,278.69347826086954,416.0,186.0
2025-01-18,01,3,baseline,2025-02-08,663.0,469.0,123.67739130434784,194.0,186.0
2025-01-18,02,1,ensemble,2025-01-25,25.0,33.0,4.731739130434782,8.0,14.0
2025-01-18,02,1,baseline,2025-01-25,25.0,36.0,6.557391304347827,11.0,14.0
2025-01-18,02,2,ensemble,2025-02-01,28.0,30.0,3.7086956521739136,2.0,11.0
2025-01-18,02,2,baseline,2025-02-01,28.0,36.0,4.546956521739131,8.0,11.0
2025-01-18,02,3,ensemble,2025-02-08,26.0,27.0,3.359130434782609,1.0,13.0
2025-01-18,02,3,baseline,2025-02-08,26.0,36.0,5.666521739130435,10.0,13.0
2025-01-18,04,1,ensemble,2025-01-25,960.0,870.0,91.11869565217391,90.0,459.0
2025-01-18,04,1,baseline,2025-01-25,960.0,1461.0,359.9078260869565,501.0,459.0
2025-01-18,04,2,ensemble,2025-02-01,807.0,695.0,103.17869565217391,112.0,612.0
2025-01-18,04,2,baseline,2025-02-01,807.0,1461.0,461.61739130434785,654.0,612.0
2025-01-18,04,3,ensemble,2025-02-08,785.0,572.0,130.8613043478261,213.0,634.0
2025-01-18,04,3,baseline,2025-02-08,785.0,1461.0,462.23173913043485,676.0,634.0
2025-01-18,05,1,ensemble,2025-01-25,388.0,120.0,206.235652173913,268.0,230.0
2025-01-18,05,1,baseline,2025-01-25,388.0,110.0,240.2147826086956,278.0,230.0
2025-01-18,05,2,ensemble,2025-02-01,513.0,134.0,318.7743478260869,379.0,355.0
2025-01-18,05,2,baseline,2025-02-01,513.0,110.0,356.5073913043478,403.0,355.0
2025-01-18,05,3,ensemble,2025-02-08,745.0,128.0,548.1421739130435,617.0,587.0
2025-01-18,05,3,baseline,2025-02-08,745.0,110.0,581.3491304347826,635.0,587.0
2025-01-18,06,1,ensemble,2025-01-25,3864.0,2076.0,1165.5465217391306,1788.0,800.0
2025-01-18,06,1,baseline,2025-01-25,3864.0,2981.0,615.5752173913044,883.0,800.0
2025-01-18,06,2,ensemble,2025-02-01,4364.0,1772.0,1799.6226086956522,2592.0,1300.0
2025-01-18,06,2,baseline,2025-02-01,4364.0,2981.0,1030.0760869565217,1383.0,1300.0
2025-01-18,06,3,ensemble,2025-02-08,3508.0,1485.0,1263.5647826086956,2023.0,444.0
2025-01-18,06,3,baseline,2025-02-08,3508.0,2981.0,298.5078260869565,527.0,444.0
2025-01-18,08,1,ensemble,2025-01-25,456.0,379.0,46.0808695652174,77.0,43.0
2025-01-18,08,1,baseline,2025-01-25,456.0,495.0,23.526956521739134,39.0,43.0
2025-01-18,08,2,ensemble,2025-02-01,543.0,333.0,116.58521739130437,210.0,44.0
2025-01-18,08,2,baseline,2025-02-01,543.0,495.0,28.169565217391302,48.0,44.0
2025-01-18,08,3,ensemble,2025-02-08,622.0,283.0,211.38695652173917,339.0,123.0
2025-01-18,08,3,baseline,2025-02-08,622.0,495.0,77.51913043478261,127.0,123.0
2025-01-18,09,1,ensemble,2025-01-25,378.0,264.0,60.39304347826087,114.0,131.0
2025-01-18,09,1,baseline,2025-01-25,378.0,277.0,69.38478260869564,101.0,131.0
2025-01-18,09,2,ensemble,2025-02-01,478.0,234.0,151.6334782608696,244.0,231.0
2025-01-18,09,2,baseline,2025-02-01,478.0,277.0,152.99869565217395,201.0,231.0
2025-01-18,09,3,ensemble,2025-02-08,538.0,184.0,252.42608695652166,354.0,291.0
2025-01-18,09,3,baseline,2025-02-08,538.0,277.0,205.50347826086957,261.0,291.0
2025-01-18,10,1,ensemble,2025-01-25,88.0,56.0,16.817826086956522,32.0,1.0
2025-01-18,10,1,baseline,2025-01-25,88.0,74.0,8.768695652173914,14.0,1.0
2025-01-18,10,2,ensemble,2025-02-01,140.0,53.0,59.503043478260864,87.0,53.0
2025-01-18,10,2,baseline,2025-02-01,140.0,74.0,46.76260869565218,66.0,53.0
2025-01-18,10,3,ensemble,2025-02-08,157.0,45.0,82.19434782608697,112.0,70.0
2025-01-18,10,3,baseline,2025-02-08,157.0,74.0,58.948260869565225,83.0,70.0
2025-01-18,11,1,ensemble,2025-01-25,207.0,37.0,153.10869565217388,170.0,163.0
2025-01-18,11,1,baseline,2025-01-25,207.0,40.0,155.72086956521738,167.0,163.0
2025-01-18,11,2,ensemble,2025-02-01,197.0,35.0,144.6295652173913,162.0,153.0
2025-01-18,11,2,baseline,2025-02-01,197.0,40.0,143.08086956521737,157.0,153.0
2025-01-18,11,3,ensemble,2025-02-08,259.0,29.0,210.25173913043477,230.0,215.0
2025-01-18,11,3,baseline,2025-02-08,259.0,40.0,202.86695652173913,219.0,215.0
2025-01-18,12,1,ensemble,2025-01-25,3158.0,1904.0,866.8234782608695,1254.0,747.0
2025-01-18,12,1,baseline,2025-01-25,3158.0,2280.0,727.946956521739,878.0,747.0
2025-01-18,12,2,ensemble,2025-02-01,3627.0,1456.0,1474.851739130435,2171.0,1216.0
2025-01-18,12,2,baseline,2025-02-01,3627.0,2280.0,1162.8960869565217,1347.0,1216.0
2025-01-18,12,3,ensemble,2025-02-08,3327.0,1313.0,1376.6886956521737,2014.0,916.0
2025-01-18,12,3,baseline,2025-02-08,3327.0,2280.0,836.3573913043479,1047.0,916.0
2025-01-18,13,1,ensemble,2025-01-25,1186.0,660.0,331.30826086956523,526.0,363.0
2025-01-18,13,1,baseline,2025-01-25,1186.0,793.0,290.6530434782609,393.0,363.0
2025-01-18,13,2,ensemble,2025-02-01,1373.0,586.0,523.501304347826,787.0,550.0
2025-01-18,13,2,baseline,2025-02-01,1373.0,793.0,457.1760869565218,580.0,550.0
2025-01-18,13,3,ensemble,2025-02-08,1301.0,471.0,542.4347826086956,830.0,478.0
2025-01-18,13,3,baseline,2025-02-08,1301.0,793.0,366.4917391304348,508.0,478.0
2025-01-18,15,1,ensemble,2025-01-25,88.0,56.0,22.436521739130434,32.0,25.0
2025-01-18,15,1,baseline,2025-01-25,88.0,58.0,23.11565217391305,30.0,25.0
2025-01-18,15,2,ensemble,2025-02-01,70.0,45.0,12.903043478260871,25.0,43.0
2025-01-18,15,2,baseline,2025-02-01,70.0,58.0,6.609565217391304,12.0,43.0
2025-01-18,15,3,ensemble,2025-02-08,83.0,40.0,24.97826086956522,43.0,30.0
2025-01-18,15,3,baseline,2025-02-08,83.0,58.0,15.994782608695653,25.0,30.0
2025-01-18,16,1,ensemble,2025-01-25,99.0,95.0,9.440000000000001,4.0,37.0
2025-01-18,16,1,baseline,2025-01-25,99.0,141.0,25.950434782608706,42.0,37.0
2025-01-18,16,2,ensemble,2025-02-01,159.0,82.0,47.2595652173913,77.0,23.0
2025-01-18,16,2,baseline,2025-02-01,159.0,141.0,12.196956521739132,18.0,23.0
2025-01-18,16,3,ensemble,2025-02-08,175.0,65.0,68.07,110.0,39.0
2025-01-18,16,3,baseline,2025-02-08,175.0,141.0,19.892608695652175,34.0,39.0
2025-01-18,17,1,ensemble,2025-01-25,1727.0,1030.0,412.30391304347825,697.0,328.0
2025-01-18,17,1,baseline,2025-01-25,1727.0,1285.0,331.19913043478266,442.0,328.0
2025-01-18,17,2,ensemble,2025-02-01,2137.0,867.0,929.362608695652,1270.0,738.0
2025-01-18,17,2,baseline,2025-02-01,2137.0,1285.0,712.29,852.0,738.0
2025-01-18,17,3,ensemble,2025-02-08,2306.0,714.0,1271.0095652173911,1592.0,907.0
2025-01-18,17,3,baseline,2025-02-08,2306.0,1285.0,859.244347826087,1021.0,907.0
2025-01-18,18,1,ensemble,2025-01-25,788.0,412.0,226.40347826086955,376.0,277.0
2025-01-18,18,1,baseline,2025-01-25,788.0,497.0,209.88,291.0,277.0
2025-01-18,18,2,ensemble,2025-02-01,1295.0,363.0,739.6321739130435,932.0,784.0
2025-01-18,18,2,baseline,2025-02-01,1295.0,497.0,695.2965217391305,798.0,784.0
2025-01-18,18,3,ensemble,2025-02-08,1711.0,328.0,1181.7247826086957,1383.0,1200.0
2025-01-18,18,3,baseline,2025-02-08,1711.0,497.0,1095.0395652173913,1214.0,1200.0
2025-01-18,19,1,ensemble,2025-01-25,304.0,253.0,29.899565217391302,51.0,40.0
2025-01-18,19,1,baseline,2025-01-25,304.0,248.0,36.92,56.0,40.0
2025-01-18,19,2,ensemble,2025-02-01,457.0,231.0,163.3539130434783,226.0,193.0
2025-01-18,19,2,baseline,2025-02-01,457.0,248.0,173.58913043478262,209.0,193.0
2025-01-18,19,3,ensemble,2025-02-08,596.0,175.0,334.7639130434782,421.0,332.0
2025-01-18,19,3,baseline,2025-02-08,596.0,248.0,306.8478260869565,348.0,332.0
2025-01-18,20,1,ensemble,2025-01-25,216.0,192.0,17.96695652173913,24.0,20.0
2025-01-18,20,1,baseline,2025-01-25,216.0,225.0,6.91,9.0,20.0
2025-01-18,20,2,ensemble,2025-02-01,388.0,163.0,159.95999999999998,225.0,152.0
2025-01-18,20,2,baseline,2025-02-01,388.0,225.0,123.4695652173913,163.0,152.0
2025-01-18,20,3,ensemble,2025-02-08,479.0,135.0,272.46913043478264,344.0,243.0
2025-01-18,20,3,baseline,2025-02-08,479.0,225.0,208.56608695652176,254.0,243.0
2025-01-18,21,1,ensemble,2025-01-25,434.0,337.0,56.40391304347826,97.0,29.0
2025-01-18,21,1,baseline,2025-01-25,434.0,397.0,23.46695652173913,37.0,29.0
2025-01-18,21,2,ensemble,2025-02-01,741.0,277.0,320.46304347826083,464.0,278.0
2025-01-18,21,2,baseline,2025-02-01,741.0,397.0,253.44956521739127,344.0,278.0
2025-01-18,21,3,ensemble,2025-02-08,1196.0,229.0,828.702608695652,967.0,733.0
2025-01-18,21,3,baseline,2025-02-08,1196.0,397.0,694.5895652173913,799.0,733.0
2025-01-18,22,1,ensemble,2025-01-25,521.0,330.0,109.33608695652173,191.0,75.0
2025-01-18,22,1,baseline,2025-01-25,521.0,458.0,38.37,63.0,75.0
2025-01-18,22,2,ensemble,2025-02-01,620.0,277.0,259.99999999999994,343.0,174.0
2025-01-18,22,2,baseline,2025-02-01,620.0,458.0,106.4686956521739,162.0,174.0
2025-01-18,22,3,ensemble,2025-02-08,494.0,233.0,171.02260869565217,261.0,48.0
2025-01-18,22,3,baseline,2025-02-08,494.0,458.0,23.51782608695652,36.0,48.0
2025-01-18,23,1,ensemble,2025-01-25,110.0,88.0,11.584347826086956,22.0,18.0
2025-01-18,23,1,baseline,2025-01-25,110.0,92.0,10.989565217391306,18.0,18.0
2025-01-18,23,2,ensemble,2025-02-01,153.0,84.0,40.3704347826087,69.0,61.0
2025-01-18,23,2,baseline,2025-02-01,153.0,92.0,41.44173913043478,61.0,61.0
2025-01-18,23,3,ensemble,2025-02-08,207.0,79.0,97.6291304347826,128.0,115.0
2025-01-18,23,3,baseline,2025-02-08,207.0,92.0,90.42695652173911,115.0,115.0
2025-01-18,24,1,ensemble,2025-01-25,611.0,324.0,195.02260869565217,287.0,239.0
2025-01-18,24,1,baseline,2025-01-25,611.0,348.0,223.7308695652174,263.0,239.0
2025-01-18,24,2,ensemble,2025-02-01,810.0,302.0,400.49695652173915,508.0,438.0
2025-01-18,24,2,baseline,2025-02-01,810.0,348.0,413.20652173913044,462.0,438.0
2025-01-18,24,3,ensemble,2025-02-08,1086.0,260.0,705.5373913043477,826.0,714.0
2025-01-18,24,3,baseline,2025-02-08,1086.0,348.0,681.4134782608696,738.0,714.0
2025-01-18,25,1,ensemble,2025-01-25,991.0,490.0,392.7560869565217,501.0,406.0
2025-01-18,25,1,baseline,2025-01-25,991.0,505.0,411.62695652173915,486.0,406.0
2025-01-18,25,2,ensemble,2025-02-01,1290.0,444.0,730.3539130434782,846.0,705.0
2025-01-18,25,2,baseline,2025-02-01,1290.0,505.0,693.5747826086957,785.0,705.0
2025-01-18,25,3,ensemble,2025-02-08,1580.0,390.0,1049.0491304347827,1190.0,995.0
2025-01-18,25,3,baseline,2025-02-08,1580.0,505.0,970.1878260869566,1075.0,995.0
2025-01-18,26,1,ensemble,2025-01-25,863.0,452.0,263.36434782608694,411.0,238.0
2025-01-18,26,1,baseline,2025-01-25,863.0,449.0,308.6565217391304,414.0,238.0
2025-01-18,26,2,ensemble,2025-02-01,1093.0,461.0,463.5821739130434,632.0,468.0
2025-01-18,26,2,baseline,2025-02-01,1093.0,449.0,516.0739130434782,644.0,468.0
2025-01-18,26,3,ensemble,2025-02-08,1265.0,397.0,660.1791304347826,868.0,640.0
2025-01-18,26,3,baseline,2025-02-08,1265.0,449.0,667.8952173913043,816.0,640.0
2025-01-18,27,1,ensemble,2025-01-25,928.0,956.0,72.54217391304347,28.0,32.0
2025-01-18,27,1,baseline,2025-01-25,928.0,1406.0,409.4704347826086,478.0,32.0
2025-01-18,27,2,ensemble,2025-02-01,882.0,687.0,94.8217391304348,195.0,14.0
2025-01-18,27,2,baseline,2025-02-01,882.0,1406.0,434.59521739130435,524.0,14.0
2025-01-18,27,3,ensemble,2025-02-08,689.0,611.0,79.69869565217392,78.0,207.0
2025-01-18,27,3,baseline,2025-02-08,689.0,1406.0,608.7547826086957,717.0,207.0
2025-01-18,28,1,ensemble,2025-01-25,323.0,205.0,70.07347826086956,118.0,107.0
2025-01-18,28,1,baseline,2025-01-25,323.0,216.0,75.68043478260869,107.0,107.0
2025-01-18,28,2,ensemble,2025-02-01,537.0,185.0,279.3752173913043,352.0,321.0
2025-01-18,28,2,baseline,2025-02-01,537.0,216.0,281.93913043478267,321.0,321.0
2025-01-18,28,3,ensemble,2025-02-08,467.0,159.0,227.97478260869565,308.0,251.0
2025-01-18,28,3,baseline,2025-02-08,467.0,216.0,206.064347826087,251.0,251.0
2025-01-18,29,1,ensemble,2025-01-25,655.0,405.0,137.77,250.0,8.0
2025-01-18,29,1,baseline,2025-01-25,655.0,474.0,120.5095652173913,181.0,8.0
2025-01-18,29,2,ensemble,2025-02-01,1039.0,367.0,508.78695652173917,672.0,392.0
2025-01-18,29,2,baseline,2025-02-01,1039.0,474.0,455.16043478260866,565.0,392.0
2025-01-18,29,3,ensemble,2025-02-08,1315.0,294.0,846.341304347826,1021.0,668.0
2025-01-18,29,3,baseline,2025-02-08,1315.0,474.0,713.6695652173913,841.0,668.0
2025-01-18,30,1,ensemble,2025-01-25,67.0,54.0,7.637826086956522,13.0,7.0
2025-01-18,30,1,baseline,2025-01-25,67.0,57.0,6.244782608695652,10.0,7.0
2025-01-18,30,2,ensemble,2025-02-01,103.0,55.0,28.303478260869564,48.0,43.0
2025-01-18,30,2,baseline,2025-02-01,103.0,57.0,29.66434782608696,46.0,43.0
2025-01-18,30,3,ensemble,2025-02-08,148.0,47.0,71.49826086956521,101.0,88.0
2025-01-18,30,3,baseline,2025-02-08,148.0,57.0,70.15826086956523,91.0,88.0
2025-01-18,31,1,ensemble,2025-01-25,182.0,145.0,20.65086956521739,37.0,11.0
2025-01-18,31,1,baseline,2025-01-25,182.0,165.0,9.949565217391303,17.0,11.0
2025-01-18,31,2,ensemble,2025-02-01,308.0,127.0,131.3091304347826,181.0,137.0
2025-01-18,31,2,baseline,2025-02-01,308.0,165.0,122.54173913043476,143.0,137.0
2025-01-18,31,3,ensemble,2025-02-08,319.0,108.0,159.31782608695653,211.0,148.0
2025-01-18,31,3,baseline,2025-02-08,319.0,165.0,130.20869565217393,154.0,148.0
2025-01-18,32,1,ensemble,2025-01-25,196.0,177.0,15.729130434782608,19.0,64.0
2025-01-18,32,1,baseline,2025-01-25,196.0,234.0,22.877826086956524,38.0,64.0
2025-01-18,32,2,ensemble,2025-02-01,178.0,144.0,20.48695652173913,34.0,82.0
2025-01-18,32,2,baseline,2025-02-01,178.0,234.0,32.595217391304345,56.0,82.0
2025-01-18,32,3,ensemble,2025-02-08,222.0,128.0,50.19391304347826,94.0,38.0
2025-01-18,32,3,baseline,2025-02-08,222.0,234.0,13.2704347826087,12.0,38.0
2025-01-18,33,1,ensemble,2025-01-25,144.0,69.0,47.52565217391306,75.0,54.0
2025-01-18,33,1,baseline,2025-01-25,144.0,69.0,59.09043478260869,75.0,54.0
2025-01-18,33,2,ensemble,2025-02-01,174.0,67.0,71.59434782608696,107.0,84.0
2025-01-18,33,2,baseline,2025-02-01,174.0,69.0,80.15217391304348,105.0,84.0
2025-01-18,33,3,ensemble,2025-02-08,203.0,62.0,96.79130434782608,141.0,113.0
2025-01-18,33,3,baseline,2025-02-08,203.0,69.0,101.90652173913045,134.0,113.0
2025-01-18,34,1,ensemble,2025-01-25,1591.0,865.0,453.4447826086958,726.0,517.0
2025-01-18,34,1,baseline,2025-01-25,1591.0,1074.0,405.34130434782617,517.0,517.0
2025-01-18,34,2,ensemble,2025-02-01,1794.0,682.0,773.6369565217391,1112.0,720.0
2025-01-18,34,2,baseline,2025-02-01,1794.0,1074.0,581.9404347826087,720.0,720.0
2025-01-18,34,3,ensemble,2025-02-08,1888.0,566.0,1008.685652173913,1322.0,814.0
2025-01-18,34,3,baseline,2025-02-08,1888.0,1074.0,655.0986956521739,814.0,814.0
2025-01-18,35,1,ensemble,2025-01-25,196.0,170.0,16.60782608695652,26.0,53.0
2025-01-18,35,1,baseline,2025-01-25,196.0,213.0,11.013913043478261,17.0,53.0
2025-01-18,35,2,ensemble,2025-02-01,214.0,136.0,41.63086956521739,78.0,35.0
2025-01-18,35,2,baseline,2025-02-01,214.0,213.0,8.929565217391303,1.0,35.0
2025-01-18,35,3,ensemble,2025-02-08,215.0,117.0,56.497391304347836,98.0,34.0
2025-01-18,35,3,baseline,2025-02-08,215.0,213.0,11.427826086956523,2.0,34.0
2025-01-18,36,1,ensemble,2025-01-25,2929.0,1649.0,811.5252173913044,1280.0,689.0
2025-01-18,36,1,baseline,2025-01-25,2929.0,2077.0,667.2521739130435,852.0,689.0
2025-01-18,36,2,ensemble,2025-02-01,3081.0,1336.0,1114.1108695652174,1745.0,841.0
2025-01-18,36,2,baseline,2025-02-01,3081.0,2077.0,777.8117391304348,1004.0,841.0
2025-01-18,36,3,ensemble,2025-02-08,2945.0,1145.0,1186.1152173913044,1800.0,705.0
2025-01-18,36,3,baseline,2025-02-08,2945.0,2077.0,613.8486956521739,868.0,705.0
2025-01-18,37,1,ensemble,2025-01-25,1582.0,573.0,749.27,1009.0,750.0
2025-01-18,37,1,baseline,2025-01-25,1582.0,730.0,756.7478260869566,852.0,750.0
2025-01-18,37,2,ensemble,2025-02-01,1994.0,519.0,1186.2908695652172,1475.0,1162.0
2025-01-18,37,2,baseline,2025-02-01,1994.0,730.0,1147.4804347826087,1264.0,1162.0
2025-01-18,37,3,ensemble,2025-02-08,2280.0,444.0,1535.7386956521739,1836.0,1448.0
2025-01-18,37,3,baseline,2025-02-08,2280.0,730.0,1413.9760869565218,1550.0,1448.0
2025-01-18,38,1,ensemble,2025-01-25,89.0,39.0,35.20521739130435,50.0,51.0
2025-01-18,38,1,baseline,2025-01-25,89.0,36.0,43.328695652173906,53.0,51.0
2025-01-18,38,2,ensemble,2025-02-01,104.0,38.0,47.52434782608697,66.0,66.0
2025-01-18,38,2,baseline,2025-02-01,104.0,36.0,56.46739130434783,68.0,66.0
2025-01-18,38,3,ensemble,2025-02-08,127.0,35.0,72.85565217391304,92.0,89.0
2025-01-18,38,3,baseline,2025-02-08,127.0,36.0,77.54,91.0,89.0
2025-01-18,39,1,ensemble,2025-01-25,1699.0,830.0,600.3278260869565,869.0,656.0
2025-01-18,39,1,baseline,2025-01-25,1699.0,941.0,640.3469565217391,758.0,656.0
2025-01-18,39,2,ensemble,2025-02-01,2467.0,686.0,1439.188260869565,1781.0,1424.0
2025-01-18,39,2,baseline,2025-02-01,2467.0,941.0,1383.32,1526.0,1424.0
2025-01-18,39,3,ensemble,2025-02-08,3195.0,614.0,2211.1086956521735,2581.0,2152.0
2025-01-18,39,3,baseline,2025-02-08,3195.0,941.0,2088.388695652174,2254.0,2152.0
2025-01-18,40,1,ensemble,2025-01-25,698.0,176.0,420.61695652173916,522.0,413.0
2025-01-18,40,1,baseline,2025-01-25,698.0,160.0,466.23999999999995,538.0,413.0
2025-01-18,40,2,ensemble,2025-02-01,1116.0,182.0,828.9169565217392,934.0,831.0
2025-01-18,40,2,baseline,2025-02-01,1116.0,160.0,867.8904347826086,956.0,831.0
2025-01-18,40,3,ensemble,2025-02-08,1052.0,162.0,763.7208695652173,890.0,767.0
2025-01-18,40,3,baseline,2025-02-08,1052.0,160.0,789.2165217391306,892.0,767.0
2025-01-18,41,1,ensemble,2025-01-25,275.0,228.0,30.394782608695653,47.0,45.0
2025-01-18,41,1,baseline,2025-01-25,275.0,315.0,25.48304347826087,40.0,45.0
2025-01-18,41,2,ensemble,2025-02-01,497.0,176.0,229.1308695652174,321.0,177.0
2025-01-18,41,2,baseline,2025-02-01,497.0,315.0,122.32173913043479,182.0,177.0
2025-01-18,41,3,ensemble,2025-02-08,565.0,147.0,319.5839130434782,418.0,245.0
2025-01-18,41,3,baseline,2025-02-08,565.0,315.0,169.1704347826087,250.0,245.0
2025-01-18,42,1,ensemble,2025-01-25,3065.0,1320.0,1353.5060869565218,1745.0,1471.0
2025-01-18,42,1,baseline,2025-01-25,3065.0,1587.0,1334.9191304347823,1478.0,1471.0
2025-01-18,42,2,ensemble,2025-02-01,3778.0,1087.0,2253.717391304348,2691.0,2184.0
2025-01-18,42,2,baseline,2025-02-01,3778.0,1587.0,2017.1617391304349,2191.0,2184.0
2025-01-18,42,3,ensemble,2025-02-08,4263.0,916.0,2861.9113043478255,3347.0,2669.0
2025-01-18,42,3,baseline,2025-02-08,4263.0,1587.0,2477.1278260869567,2676.0,2669.0
2025-01-18,44,1,ensemble,2025-01-25,113.0,55.0,41.30217391304348,58.0,44.0
2025-01-18,44,1,baseline,2025-01-25,113.0,64.0,39.753043478260864,49.0,44.0
2025-01-18,44,2,ensemble,2025-02-01,173.0,47.0,104.76304347826085,126.0,104.0
2025-01-18,44,2,baseline,2025-02-01,173.0,64.0,97.65826086956521,109.0,104.0
2025-01-18,44,3,ensemble,2025-02-08,202.0,41.0,137.66608695652175,161.0,133.0
2025-01-18,44,3,baseline,2025-02-08,202.0,64.0,125.03043478260867,138.0,133.0
2025-01-18,45,1,ensemble,2025-01-25,823.0,356.0,326.3795652173913,467.0,393.0
2025-01-18,45,1,baseline,2025-01-25,823.0,404.0,363.8904347826087,419.0,393.0
2025-01-18,45,2,ensemble,2025-02-01,1259.0,341.0,780.5617391304347,918.0,829.0
2025-01-18,45,2,baseline,2025-02-01,1259.0,404.0,788.6908695652176,855.0,829.0
2025-01-18,45,3,ensemble,2025-02-08,1232.0,271.0,790.7204347826087,961.0,802.0
2025-01-18,45,3,baseline,2025-02-08,1232.0,404.0,751.8491304347825,828.0,802.0
2025-01-18,46,1,ensemble,2025-01-25,88.0,46.0,27.130434782608692,42.0,38.0
2025-01-18,46,1,baseline,2025-01-25,88.0,46.0,31.65391304347826,42.0,38.0
2025-01-18,46,2,ensemble,2025-02-01,139.0,46.0,73.40739130434783,93.0,89.0
2025-01-18,46,2,baseline,2025-02-01,139.0,46.0,80.23130434782607,93.0,89.0
2025-01-18,46,3,ensemble,2025-02-08,207.0,45.0,144.09391304347827,162.0,157.0
2025-01-18,46,3,baseline,2025-02-08,207.0,46.0,146.31043478260867,161.0,157.0
2025-01-18,47,1,ensemble,2025-01-25,646.0,559.0,62.47565217391305,87.0,38.0
2025-01-18,47,1,baseline,2025-01-25,646.0,675.0,20.38826086956522,29.0,38.0
2025-01-18,47,2,ensemble,2025-02-01,944.0,457.0,289.1804347826087,487.0,260.0
2025-01-18,47,2,baseline,2025-02-01,944.0,675.0,178.46521739130438,269.0,260.0
2025-01-18,47,3,ensemble,2025-02-08,1067.0,375.0,469.9091304347826,692.0,383.0
2025-01-18,47,3,baseline,2025-02-08,1067.0,675.0,272.17826086956524,392.0,383.0
2025-01-18,48,1,ensemble,2025-01-25,3302.0,1671.0,1150.1191304347826,1631.0,1297.0
2025-01-18,48,1,baseline,2025-01-25,3302.0,1959.0,1135.8826086956524,1343.0,1297.0
2025-01-18,48,2,ensemble,2025-02-01,4692.0,1458.0,2703.3904347826083,3234.0,2687.0
2025-01-18,48,2,baseline,2025-02-01,4692.0,1959.0,2479.5247826086957,2733.0,2687.0
2025-01-18,48,3,ensemble,2025-02-08,4198.0,1280.0,2333.5647826086956,2918.0,2193.0
2025-01-18,48,3,baseline,2025-02-08,4198.0,1959.0,1946.5669565217388,2239.0,2193.0
2025-01-18,49,1,ensemble,2025-01-25,185.0,187.0,15.783043478260868,2.0,71.0
2025-01-18,49,1,baseline,2025-01-25,185.0,256.0,52.31608695652175,71.0,71.0
2025-01-18,49,2,ensemble,2025-02-01,195.0,165.0,20.556521739130435,30.0,61.0
2025-01-18,49,2,baseline,2025-02-01,195.0,256.0,41.08347826086956,61.0,61.0
2025-01-18,49,3,ensemble,2025-02-08,213.0,141.0,39.66,72.0,43.0
2025-01-18,49,3,baseline,2025-02-08,213.0,256.0,26.44826086956522,43.0,43.0
2025-01-18,50,1,ensemble,2025-01-25,58.0,32.0,16.63086956521739,26.0,23.0
2025-01-18,50,1,baseline,2025-01-25,58.0,30.0,21.48260869565217,28.0,23.0
2025-01-18,50,2,ensemble,2025-02-01,84.0,30.0,41.77260869565218,54.0,49.0
2025-01-18,50,2,baseline,2025-02-01,84.0,30.0,45.67956521739131,54.0,49.0
2025-01-18,50,3,ensemble,2025-02-08,134.0,26.0,96.65260869565218,108.0,99.0
2025-01-18,50,3,baseline,2025-02-08,134.0,30.0,94.2995652173913,104.0,99.0
2025-01-18,51,1,ensemble,2025-01-25,685.0,402.0,173.1273913043478,283.0,221.0
2025-01-18,51,1,baseline,2025-01-25,685.0,423.0,192.0986956521739,262.0,221.0
2025-01-18,51,2,ensemble,2025-02-01,1083.0,356.0,559.4521739130435,727.0,619.0
2025-01-18,51,2,baseline,2025-02-01,1083.0,423.0,572.8526086956521,660.0,619.0
2025-01-18,51,3,ensemble,2025-02-08,1315.0,324.0,819.5269565217391,991.0,851.0
2025-01-18,51,3,baseline,2025-02-08,1315.0,423.0,791.7921739130435,892.0,851.0
2025-01-18,53,1,ensemble,2025-01-25,417.0,431.0,29.37913043478261,14.0,28.0
2025-01-18,53,1,baseline,2025-01-25,417.0,529.0,75.5708695652174,112.0,28.0
2025-01-18,53,2,ensemble,2025-02-01,578.0,354.0,114.58565217391306,224.0,189.0
2025-01-18,53,2,baseline,2025-02-01,578.0,529.0,29.306521739130442,49.0,189.0
2025-01-18,53,3,ensemble,2025-02-08,747.0,306.0,271.7052173913044,441.0,358.0
2025-01-18,53,3,baseline,2025-02-08,747.0,529.0,144.57217391304349,218.0,358.0
2025-01-18,54,1,ensemble,2025-01-25,160.0,142.0,14.234782608695653,18.0,16.0
2025-01-18,54,1,baseline,2025-01-25,160.0,144.0,10.175217391304347,16.0,16.0
2025-01-18,54,2,ensemble,2025-02-01,267.0,132.0,85.88478260869564,135.0,123.0
2025-01-18,54,2,baseline,2025-02-01,267.0,144.0,87.45956521739129,123.0,123.0
2025-01-18,54,3,ensemble,2025-02-08,458.0,120.0,282.2413043478261,338.0,314.0
2025-01-18,54,3,baseline,2025-02-08,458.0,144.0,272.6986956521739,314.0,314.0
2025-01-18,55,1,ensemble,2025-01-25,857.0,364.0,382.90478260869565,493.0,469.0
2025-01-18,55,1,baseline,2025-01-25,857.0,383.0,427.0330434782609,474.0,469.0
2025-01-18,55,2,ensemble,2025-02-01,1054.0,331.0,607.3434782608696,723.0,666.0
2025-01-18,55,2,baseline,2025-02-01,1054.0,383.0,614.5782608695653,671.0,666.0
2025-01-18,55,3,ensemble,2025-02-08,1149.0,279.0,739.8295652173912,870.0,761.0
2025-01-18,55,3,baseline,2025-02-08,1149.0,383.0,700.7569565217391,766.0,761.0
2025-01-18,56,1,ensemble,2025-01-25,89.0,52.0,21.200869565217396,37.0,27.0
2025-01-18,56,1,baseline,2025-01-25,89.0,62.0,17.32,27.0,27.0
2025-01-18,56,2,ensemble,2025-02-01,102.0,47.0,34.25260869565218,55.0,40.0
2025-01-18,56,2,baseline,2025-02-01,102.0,62.0,25.61826086956522,40.0,40.0
2025-01-18,56,3,ensemble,2025-02-08,99.0,41.0,36.75391304347826,58.0,37.0
2025-01-18,56,3,baseline,2025-02-08,99.0,62.0,22.269130434782607,37.0,37.0
2025-02-01,01,1,ensemble,2025-02-08,663.0,499.0,93.0078260869565,164.0,31.0
2025-02-01,01,1,baseline,2025-02-08,663.0,628.0,21.455652173913045,35.0,31.0
2025-02-01,01,2,ensemble,2025-02-15,415.0,465.0,43.451739130434774,50.0,217.0
2025-02-01,01,2,baseline,2025-02-15,415.0,628.0,145.1482608695652,213.0,217.0
2025-02-01,01,3,ensemble,2025-02-22,283.0,401.0,61.38782608695652,118.0,349.0
2025-02-01,01,3,baseline,2025-02-22,283.0,628.0,261.7704347826087,345.0,349.0
2025-02-01,02,1,ensemble,2025-02-08,26.0,22.0,3.073913043478261,4.0,1.0
2025-02-01,02,1,baseline,2025-02-08,26.0,24.0,1.8365217391304345,2.0,1.0
2025-02-01,02,2,ensemble,2025-02-15,50.0,21.0,19.27565217391304,29.0,25.0
2025-02-01,02,2,baseline,2025-02-15,50.0,24.0,16.797391304347826,26.0,25.0
2025-02-01,02,3,ensemble,2025-02-22,49.0,18.0,19.38086956521739,31.0,24.0
2025-02-01,02,3,baseline,2025-02-22,49.0,24.0,15.301739130434783,25.0,24.0
2025-02-01,04,1,ensemble,2025-02-08,785.0,434.0,204.4534782608696,351.0,175.0
2025-02-01,04,1,baseline,2025-02-08,785.0,577.0,128.91391304347826,208.0,175.0
2025-02-01,04,2,ensemble,2025-02-15,679.0,408.0,152.49260869565217,271.0,281.0
2025-02-01,04,2,baseline,2025-02-15,679.0,577.0,61.10739130434783,102.0,281.0
2025-02-01,04,3,ensemble,2025-02-22,620.0,368.0,132.9713043478261,252.0,340.0
2025-02-01,04,3,baseline,2025-02-22,620.0,577.0,42.66,43.0,340.0
2025-02-01,05,1,ensemble,2025-02-08,745.0,286.0,383.6078260869565,459.0,357.0
2025-02-01,05,1,baseline,2025-02-08,745.0,276.0,431.5365217391304,469.0,357.0
2025-02-01,05,2,ensemble,2025-02-15,514.0,279.0,162.54304347826087,235.0,126.0
2025-02-01,05,2,baseline,2025-02-15,514.0,276.0,191.8604347826087,238.0,126.0
2025-02-01,05,3,ensemble,2025-02-22,354.0,252.0,57.05217391304349,102.0,34.0
2025-02-01,05,3,baseline,2025-02-22,354.0,276.0,43.742608695652166,78.0,34.0
2025-02-01,06,1,ensemble,2025-02-08,3508.0,3016.0,296.84869565217394,492.0,356.0
2025-02-01,06,1,baseline,2025-02-08,3508.0,3712.0,125.25000000000004,204.0,356.0
2025-02-01,06,2,ensemble,2025-02-15,2642.0,2637.0,235.51000000000002,5.0,1222.0
2025-02-01,06,2,baseline,2025-02-15,2642.0,3712.0,723.3052173913042,1070.0,1222.0
2025-02-01,06,3,ensemble,2025-02-22,1947.0,2343.0,331.8473913043478,396.0,1917.0
2025-02-01,06,3,baseline,2025-02-22,1947.0,3712.0,1341.721304347826,1765.0,1917.0
2025-02-01,08,1,ensemble,2025-02-08,622.0,298.0,243.6830434782609,324.0,166.0
2025-02-01,08,1,baseline,2025-02-08,622.0,362.0,200.22086956521744,260.0,166.0
2025-02-01,08,2,ensemble,2025-02-15,583.0,273.0,225.41826086956522,310.0,127.0
2025-02-01,08,2,baseline,2025-02-15,583.0,362.0,155.48478260869567,221.0,127.0
2025-02-01,08,3,ensemble,2025-02-22,481.0,231.0,157.86391304347828,250.0,25.0
2025-02-01,08,3,baseline,2025-02-22,481.0,362.0,70.90782608695652,119.0,25.0
2025-02-01,09,1,ensemble,2025-02-08,538.0,362.0,108.44608695652173,176.0,160.0
2025-02-01,09,1,baseline,2025-02-08,538.0,387.0,112.55782608695652,151.0,160.0
2025-02-01,09,2,ensemble,2025-02-15,499.0,323.0,95.99913043478259,176.0,121.0
2025-02-01,09,2,baseline,2025-02-15,499.0,387.0,72.35260869565217,112.0,121.0
2025-02-01,09,3,ensemble,2025-02-22,364.0,287.0,43.33130434782609,77.0,14.0
2025-02-01,09,3,baseline,2025-02-22,364.0,387.0,16.23521739130435,23.0,14.0
2025-02-01,10,1,ensemble,2025-02-08,157.0,65.0,68.17086956521737,92.0,69.0
2025-02-01,10,1,baseline,2025-02-08,157.0,80.0,60.22608695652173,77.0,69.0
2025-02-01,10,2,ensemble,2025-02-15,160.0,63.0,72.15608695652173,97.0,72.0
2025-02-01,10,2,baseline,2025-02-15,160.0,80.0,59.22434782608695,80.0,72.0
2025-02-01,10,3,ensemble,2025-02-22,100.0,60.0,25.17260869565218,40.0,12.0
2025-02-01,10,3,baseline,2025-02-22,100.0,80.0,11.840434782608698,20.0,12.0
2025-02-01,11,1,ensemble,2025-02-08,259.0,134.0,80.6878260869565,125.0,52.0
2025-02-01,11,1,baseline,2025-02-08,259.0,183.0,62.34434782608696,76.0,52.0
2025-02-01,11,2,ensemble,2025-02-15,83.0,126.0,20.69782608695652,43.0,124.0
2025-02-01,11,2,baseline,2025-02-15,83.0,183.0,82.0513043478261,100.0,124.0
2025-02-01,11,3,ensemble,2025-02-22,72.0,112.0,19.827391304347824,40.0,135.0
2025-02-01,11,3,baseline,2025-02-22,72.0,183.0,89.68652173913041,111.0,135.0
2025-02-01,12,1,ensemble,2025-02-08,3327.0,2118.0,784.1791304347827,1209.0,169.0
2025-02-01,12,1,baseline,2025-02-08,3327.0,2393.0,774.1008695652175,934.0,169.0
2025-02-01,12,2,ensemble,2025-02-15,2436.0,1952.0,276.7552173913043,484.0,722.0
2025-02-01,12,2,baseline,2025-02-15,2436.0,2393.0,45.54739130434783,43.0,722.0
2025-02-01,12,3,ensemble,2025-02-22,1982.0,1829.0,192.6321739130435,153.0,1176.0
2025-02-01,12,3,baseline,2025-02-22,1982.0,2393.0,248.81565217391307,411.0,1176.0
2025-02-01,13,1,ensemble,2025-02-08,1301.0,904.0,216.39478260869564,397.0,115.0
2025-02-01,13,1,baseline,2025-02-08,1301.0,1061.0,161.14217391304348,240.0,115.0
2025-02-01,13,2,ensemble,2025-02-15,734.0,831.0,77.11000000000001,97.0,452.0
2025-02-01,13,2,baseline,2025-02-15,734.0,1061.0,217.6904347826087,327.0,452.0
2025-02-01,13,3,ensemble,2025-02-22,450.0,761.0,156.20956521739132,311.0,736.0
2025-02-01,13,3,baseline,2025-02-22,450.0,1061.0,468.8091304347826,611.0,736.0
2025-02-01,15,1,ensemble,2025-02-08,83.0,73.0,7.019130434782608,10.0,5.0
2025-02-01,15,1,baseline,2025-02-08,83.0,81.0,2.0408695652173914,2.0,5.0
2025-02-01,15,2,ensemble,2025-02-15,79.0,66.0,8.190869565217389,13.0,9.0
2025-02-01,15,2,baseline,2025-02-15,79.0,81.0,2.6239130434782614,2.0,9.0
2025-02-01,15,3,ensemble,2025-02-22,86.0,66.0,13.209999999999999,20.0,2.0
2025-02-01,15,3,baseline,2025-02-22,86.0,81.0,3.630869565217392,5.0,2.0
2025-02-01,16,1,ensemble,2025-02-08,175.0,74.0,70.84739130434782,101.0,76.0
2025-02-01,16,1,baseline,2025-02-08,175.0,94.0,53.9608695652174,81.0,76.0
2025-02-01,16,2,ensemble,2025-02-15,152.0,68.0,53.977391304347826,84.0,53.0
2025-02-01,16,2,baseline,2025-02-15,152.0,94.0,34.31260869565218,58.0,53.0
2025-02-01,16,3,ensemble,2025-02-22,150.0,57.0,53.767826086956525,93.0,51.0
2025-02-01,16,3,baseline,2025-02-22,150.0,94.0,31.38478260869566,56.0,51.0
2025-02-01,17,1,ensemble,2025-02-08,2306.0,1298.0,660.1521739130436,1008.0,579.0
2025-02-01,17,1,baseline,2025-02-08,2306.0,1624.0,566.4839130434783,682.0,579.0
2025-02-01,17,2,ensemble,2025-02-15,2058.0,1165.0,561.8921739130435,893.0,331.0
2025-02-01,17,2,baseline,2025-02-15,2058.0,1624.0,300.92478260869564,434.0,331.0
2025-02-01,17,3,ensemble,2025-02-22,1673.0,1060.0,348.1234782608695,613.0,54.0
2025-02-01,17,3,baseline,2025-02-22,1673.0,1624.0,41.58826086956522,49.0,54.0
2025-02-01,18,1,ensemble,2025-02-08,1711.0,608.0,944.4291304347825,1103.0,923.0
2025-02-01,18,1,baseline,2025-02-08,1711.0,671.0,955.1765217391305,1040.0,923.0
2025-02-01,18,2,ensemble,2025-02-15,1670.0,584.0,917.16,1086.0,882.0
2025-02-01,18,2,baseline,2025-02-15,1670.0,671.0,895.441304347826,999.0,882.0
2025-02-01,18,3,ensemble,2025-02-22,1536.0,528.0,811.8991304347825,1008.0,748.0
2025-02-01,18,3,baseline,2025-02-22,1536.0,671.0,745.2647826086957,865.0,748.0
2025-02-01,19,1,ensemble,2025-02-08,596.0,272.0,264.5095652173913,324.0,292.0
2025-02-01,19,1,baseline,2025-02-08,596.0,284.0,282.2043478260869,312.0,292.0
2025-02-01,19,2,ensemble,2025-02-15,498.0,238.0,186.02391304347827,260.0,194.0
2025-02-01,19,2,baseline,2025-02-15,498.0,284.0,177.81478260869568,214.0,194.0
2025-02-01,19,3,ensemble,2025-02-22,401.0,200.0,121.06913043478264,201.0,97.0
2025-02-01,19,3,baseline,2025-02-22,401.0,284.0,77.65086956521738,117.0,97.0
2025-02-01,20,1,ensemble,2025-02-08,479.0,122.0,315.24086956521734,357.0,263.0
2025-02-01,20,1,baseline,2025-02-08,479.0,142.0,304.1765217391304,337.0,263.0
2025-02-01,20,2,ensemble,2025-02-15,519.0,115.0,363.4226086956522,404.0,303.0
2025-02-01,20,2,baseline,2025-02-15,519.0,142.0,336.9069565217391,377.0,303.0
2025-02-01,20,3,ensemble,2025-02-22,401.0,99.0,262.73999999999995,302.0,185.0
2025-02-01,20,3,baseline,2025-02-22,401.0,142.0,213.1221739130435,259.0,185.0
2025-02-01,21,1,ensemble,2025-02-08,1196.0,299.0,790.3930434782609,897.0,762.0
2025-02-01,21,1,baseline,2025-02-08,1196.0,362.0,759.9795652173914,834.0,762.0
2025-02-01,21,2,ensemble,2025-02-15,1203.0,279.0,812.1043478260868,924.0,769.0
2025-02-01,21,2,baseline,2025-02-15,1203.0,362.0,750.5791304347825,841.0,769.0
2025-02-01,21,3,ensemble,2025-02-22,883.0,263.0,494.32869565217396,620.0,449.0
2025-02-01,21,3,baseline,2025-02-22,883.0,362.0,417.20130434782607,521.0,449.0
2025-02-01,22,1,ensemble,2025-02-08,494.0,265.0,157.8986956521739,229.0,27.0
2025-02-01,22,1,baseline,2025-02-08,494.0,329.0,114.69565217391305,165.0,27.0
2025-02-01,22,2,ensemble,2025-02-15,387.0,241.0,88.20695652173912,146.0,134.0
2025-02-01,22,2,baseline,2025-02-15,387.0,329.0,33.43217391304348,58.0,134.0
2025-02-01,22,3,ensemble,2025-02-22,330.0,188.0,79.11739130434782,142.0,191.0
2025-02-01,22,3,baseline,2025-02-22,330.0,329.0,16.823478260869564,1.0,191.0
2025-02-01,23,1,ensemble,2025-02-08,207.0,89.0,91.70173913043477,118.0,97.0
2025-02-01,23,1,baseline,2025-02-08,207.0,94.0,95.64608695652174,113.0,97.0
2025-02-01,23,2,ensemble,2025-02-15,270.0,87.0,150.6582608695652,183.0,160.0
2025-02-01,23,2,baseline,2025-02-15,270.0,94.0,154.76999999999998,176.0,160.0
2025-02-01,23,3,ensemble,2025-02-22,265.0,74.0,156.82304347826087,191.0,155.0
2025-02-01,23,3,baseline,2025-02-22,265.0,94.0,146.75304347826088,171.0,155.0
2025-02-01,24,1,ensemble,2025-02-08,1086.0,512.0,480.2321739130435,574.0,475.0
2025-02-01,24,1,baseline,2025-02-08,1086.0,539.0,506.1252173913044,547.0,475.0
2025-02-01,24,2,ensemble,2025-02-15,1081.0,433.0,520.4043478260869,648.0,470.0
2025-02-01,24,2,baseline,2025-02-15,1081.0,539.0,491.2034782608696,542.0,470.0
2025-02-01,24,3,ensemble,2025-02-22,761.0,385.0,245.3517391304348,376.0,150.0
2025-02-01,24,3,baseline,2025-02-22,761.0,539.0,163.24434782608697,222.0,150.0
2025-02-01,25,1,ensemble,2025-02-08,1580.0,863.0,521.8834782608695,717.0,589.0
2025-02-01,25,1,baseline,2025-02-08,1580.0,958.0,542.7134782608696,622.0,589.0
2025-02-01,25,2,ensemble,2025-02-15,1448.0,770.0,447.38695652173914,678.0,457.0
2025-02-01,25,2,baseline,2025-02-15,1448.0,958.0,393.17782608695654,490.0,457.0
2025-02-01,25,3,ensemble,2025-02-22,1292.0,723.0,367.92869565217393,569.0,301.0
2025-02-01,25,3,baseline,2025-02-22,1292.0,958.0,226.57826086956518,334.0,301.0
2025-02-01,26,1,ensemble,2025-02-08,1265.0,888.0,206.2995652173913,377.0,402.0
2025-02-01,26,1,baseline,2025-02-08,1265.0,915.0,243.98956521739132,350.0,402.0
2025-02-01,26,2,ensemble,2025-02-15,1512.0,839.0,416.6465217391304,673.0,649.0
2025-02-01,26,2,baseline,2025-02-15,1512.0,915.0,459.26782608695646,597.0,649.0
2025-02-01,26,3,ensemble,2025-02-22,1638.0,794.0,570.2091304347825,844.0,775.0
2025-02-01,26,3,baseline,2025-02-22,1638.0,915.0,563.935652173913,723.0,775.0
2025-02-01,27,1,ensemble,2025-02-08,689.0,680.0,45.570869565217386,9.0,239.0
2025-02-01,27,1,baseline,2025-02-08,689.0,866.0,132.9913043478261,177.0,239.0
2025-02-01,27,2,ensemble,2025-02-15,486.0,595.0,68.48956521739132,109.0,442.0
2025-02-01,27,2,baseline,2025-02-15,486.0,866.0,309.07956521739123,380.0,442.0
2025-02-01,27,3,ensemble,2025-02-22,369.0,519.0,77.2004347826087,150.0,559.0
2025-02-01,27,3,baseline,2025-02-22,369.0,866.0,413.9873913043478,497.0,559.0
2025-02-01,28,1,ensemble,2025-02-08,467.0,272.0,127.15956521739133,195.0,144.0
2025-02-01,28,1,baseline,2025-02-08,467.0,302.0,131.95304347826087,165.0,144.0
2025-02-01,28,2,ensemble,2025-02-15,265.0,253.0,20.068695652173915,12.0,58.0
2025-02-01,28,2,baseline,2025-02-15,265.0,302.0,20.6504347826087,37.0,58.0
2025-02-01,28,3,ensemble,2025-02-22,207.0,230.0,21.533913043478265,23.0,116.0
2025-02-01,28,3,baseline,2025-02-22,207.0,302.0,57.70391304347827,95.0,116.0
2025-02-01,29,1,ensemble,2025-02-08,1315.0,437.0,756.6613043478261,878.0,660.0
2025-02-01,29,1,baseline,2025-02-08,1315.0,472.0,757.025652173913,843.0,660.0
2025-02-01,29,2,ensemble,2025-02-15,1412.0,393.0,896.056956521739,1019.0,757.0
2025-02-01,29,2,baseline,2025-02-15,1412.0,472.0,835.8273913043478,940.0,757.0
2025-02-01,29,3,ensemble,2025-02-22,1347.0,367.0,835.2321739130435,980.0,692.0
2025-02-01,29,3,baseline,2025-02-22,1347.0,472.0,754.9017391304347,875.0,692.0
2025-02-01,30,1,ensemble,2025-02-08,148.0,42.0,85.14260869565219,106.0,81.0
2025-02-01,30,1,baseline,2025-02-08,148.0,41.0,92.0513043478261,107.0,81.0
2025-02-01,30,2,ensemble,2025-02-15,149.0,40.0,88.49086956521738,109.0,82.0
2025-02-01,30,2,baseline,2025-02-15,149.0,41.0,89.41521739130435,108.0,82.0
2025-02-01,30,3,ensemble,2025-02-22,195.0,35.0,135.92608695652171,160.0,128.0
2025-02-01,30,3,baseline,2025-02-22,195.0,41.0,132.42652173913046,154.0,128.0
2025-02-01,31,1,ensemble,2025-02-08,319.0,152.0,129.70391304347825,167.0,137.0
2025-02-01,31,1,baseline,2025-02-08,319.0,174.0,126.84608695652172,145.0,137.0
2025-02-01,31,2,ensemble,2025-02-15,311.0,133.0,131.66260869565218,178.0,129.0
2025-02-01,31,2,baseline,2025-02-15,311.0,174.0,114.79565217391303,137.0,129.0
2025-02-01,31,3,ensemble,2025-02-22,294.0,122.0,123.40652173913041,172.0,112.0
2025-02-01,31,3,baseline,2025-02-22,294.0,174.0,94.09652173913045,120.0,112.0
2025-02-01,32,1,ensemble,2025-02-08,222.0,119.0,71.00565217391303,103.0,26.0
2025-02-01,32,1,baseline,2025-02-08,222.0,153.0,43.36260869565218,69.0,26.0
2025-02-01,32,2,ensemble,2025-02-15,147.0,105.0,22.84347826086957,42.0,49.0
2025-02-01,32,2,baseline,2025-02-15,147.0,153.0,10.279130434782608,6.0,49.0
2025-02-01,32,3,ensemble,2025-02-22,117.0,87.0,16.456521739130434,30.0,79.0
2025-02-01,32,3,baseline,2025-02-22,117.0,153.0,21.500434782608696,36.0,79.0
2025-02-01,33,1,ensemble,2025-02-08,203.0,98.0,79.33173913043478,105.0,59.0
2025-02-01,33,1,baseline,2025-02-08,203.0,105.0,84.50826086956522,98.0,59.0
2025-02-01,33,2,ensemble,2025-02-15,205.0,87.0,85.33130434782608,118.0,61.0
2025-02-01,33,2,baseline,2025-02-15,205.0,105.0,83.75217391304349,100.0,61.0
2025-02-01,33,3,ensemble,2025-02-22,212.0,79.0,102.71869565217392,133.0,68.0
2025-02-01,33,3,baseline,2025-02-22,212.0,105.0,88.28869565217391,107.0,68.0
2025-02-01,34,1,ensemble,2025-02-08,1888.0,1328.0,352.49086956521745,560.0,297.0
2025-02-01,34,1,baseline,2025-02-08,1888.0,1587.0,206.36521739130438,301.0,297.0
2025-02-01,34,2,ensemble,2025-02-15,1517.0,1158.0,185.2191304347826,359.0,74.0
2025-02-01,34,2,baseline,2025-02-15,1517.0,1587.0,44.68521739130435,70.0,74.0
2025-02-01,34,3,ensemble,2025-02-22,1205.0,1023.0,122.64913043478262,182.0,386.0
2025-02-01,34,3,baseline,2025-02-22,1205.0,1587.0,244.504347826087,382.0,386.0
2025-02-01,35,1,ensemble,2025-02-08,215.0,115.0,71.20130434782608,100.0,19.0
2025-02-01,35,1,baseline,2025-02-08,215.0,134.0,52.45043478260869,81.0,19.0
2025-02-01,35,2,ensemble,2025-02-15,248.0,96.0,112.38869565217392,152.0,52.0
2025-02-01,35,2,baseline,2025-02-15,248.0,134.0,74.17521739130434,114.0,52.0
2025-02-01,35,3,ensemble,2025-02-22,237.0,76.0,117.52782608695652,161.0,41.0
2025-02-01,35,3,baseline,2025-02-22,237.0,134.0,62.30391304347825,103.0,41.0
2025-02-01,36,1,ensemble,2025-02-08,2945.0,2354.0,374.0073913043478,591.0,16.0
2025-02-01,36,1,baseline,2025-02-08,2945.0,2701.0,144.08347826086955,244.0,16.0
2025-02-01,36,2,ensemble,2025-02-15,2499.0,1999.0,272.23913043478257,500.0,430.0
2025-02-01,36,2,baseline,2025-02-15,2499.0,2701.0,112.58173913043478,202.0,430.0
2025-02-01,36,3,ensemble,2025-02-22,2025.0,1793.0,213.1113043478261,232.0,904.0
2025-02-01,36,3,baseline,2025-02-22,2025.0,2701.0,445.4669565217391,676.0,904.0
2025-02-01,37,1,ensemble,2025-02-08,2280.0,1294.0,683.8382608695654,986.0,698.0
2025-02-01,37,1,baseline,2025-02-08,2280.0,1506.0,669.9434782608695,774.0,698.0
2025-02-01,37,2,ensemble,2025-02-15,1690.0,1141.0,304.35347826086957,549.0,108.0
2025-02-01,37,2,baseline,2025-02-15,1690.0,1506.0,110.70173913043477,184.0,108.0
2025-02-01,37,3,ensemble,2025-02-22,1169.0,1016.0,120.80086956521741,153.0,413.0
2025-02-01,37,3,baseline,2025-02-22,1169.0,1506.0,209.6108695652174,337.0,413.0
2025-02-01,38,1,ensemble,2025-02-08,127.0,81.0,26.620434782608694,46.0,38.0
2025-02-01,38,1,baseline,2025-02-08,127.0,89.0,27.74782608695653,38.0,38.0
2025-02-01,38,2,ensemble,2025-02-15,85.0,73.0,8.420869565217393,12.0,4.0
2025-02-01,38,2,baseline,2025-02-15,85.0,89.0,3.524347826086957,4.0,4.0
2025-02-01,38,3,ensemble,2025-02-22,63.0,63.0,6.967391304347827,0.0,26.0
2025-02-01,38,3,baseline,2025-02-22,63.0,89.0,15.103478260869563,26.0,26.0
2025-02-01,39,1,ensemble,2025-02-08,3195.0,1414.0,1431.0082608695652,1781.0,1496.0
2025-02-01,39,1,baseline,2025-02-08,3195.0,1644.0,1421.4430434782607,1551.0,1496.0
2025-02-01,39,2,ensemble,2025-02-15,3529.0,1286.0,1860.8778260869567,2243.0,1830.0
2025-02-01,39,2,baseline,2025-02-15,3529.0,1644.0,1726.7313043478262,1885.0,1830.0
2025-02-01,39,3,ensemble,2025-02-22,3065.0,1171.0,1488.1765217391307,1894.0,1366.0
2025-02-01,39,3,baseline,2025-02-22,3065.0,1644.0,1239.8982608695653,1421.0,1366.0
2025-02-01,40,1,ensemble,2025-02-08,1052.0,537.0,355.84130434782605,515.0,354.0
2025-02-01,40,1,baseline,2025-02-08,1052.0,612.0,367.96869565217384,440.0,354.0
2025-02-01,40,2,ensemble,2025-02-15,786.0,479.0,170.17782608695651,307.0,88.0
2025-02-01,40,2,baseline,2025-02-15,786.0,612.0,110.27652173913046,174.0,88.0
2025-02-01,40,3,ensemble,2025-02-22,493.0,430.0,45.8304347826087,63.0,205.0
2025-02-01,40,3,baseline,2025-02-22,493.0,612.0,67.77391304347827,119.0,205.0
2025-02-01,41,1,ensemble,2025-02-08,565.0,162.0,350.78739130434775,403.0,290.0
2025-02-01,41,1,baseline,2025-02-08,565.0,207.0,296.40869565217395,358.0,290.0
2025-02-01,41,2,ensemble,2025-02-15,500.0,136.0,305.21608695652174,364.0,225.0
2025-02-01,41,2,baseline,2025-02-15,500.0,207.0,220.11869565217393,293.0,225.0
2025-02-01,41,3,ensemble,2025-02-22,484.0,118.0,300.05782608695654,366.0,209.0
2025-02-01,41,3,baseline,2025-02-22,484.0,207.0,193.5213043478261,277.0,209.0
2025-02-01,42,1,ensemble,2025-02-08,4263.0,2623.0,1093.6899999999998,1640.0,1198.0
2025-02-01,42,1,baseline,2025-02-08,4263.0,3011.0,1082.0813043478258,1252.0,1198.0
2025-02-01,42,2,ensemble,2025-02-15,4318.0,2282.0,1314.081739130435,2036.0,1253.0
2025-02-01,42,2,baseline,2025-02-15,4318.0,3011.0,1096.076086956522,1307.0,1253.0
2025-02-01,42,3,ensemble,2025-02-22,3579.0,2025.0,904.2808695652177,1554.0,514.0
2025-02-01,42,3,baseline,2025-02-22,3579.0,3011.0,370.78478260869576,568.0,514.0
2025-02-01,44,1,ensemble,2025-02-08,202.0,96.0,84.23521739130435,106.0,89.0
2025-02-01,44,1,baseline,2025-02-08,202.0,104.0,88.04173913043478,98.0,89.0
2025-02-01,44,2,ensemble,2025-02-15,180.0,84.0,69.23478260869565,96.0,67.0
2025-02-01,44,2,baseline,2025-02-15,180.0,104.0,63.90956521739129,76.0,67.0
2025-02-01,44,3,ensemble,2025-02-22,131.0,72.0,34.861304347826085,59.0,18.0
2025-02-01,44,3,baseline,2025-02-22,131.0,104.0,16.605217391304347,27.0,18.0
2025-02-01,45,1,ensemble,2025-02-08,1232.0,666.0,433.63478260869573,566.0,409.0
2025-02-01,45,1,baseline,2025-02-08,1232.0,729.0,444.7269565217391,503.0,409.0
2025-02-01,45,2,ensemble,2025-02-15,690.0,579.0,61.73260869565218,111.0,133.0
2025-02-01,45,2,baseline,2025-02-15,690.0,729.0,24.565217391304348,39.0,133.0
2025-02-01,45,3,ensemble,2025-02-22,474.0,508.0,47.51652173913044,34.0,349.0
2025-02-01,45,3,baseline,2025-02-22,474.0,729.0,175.09478260869565,255.0,349.0
2025-02-01,46,1,ensemble,2025-02-08,207.0,79.0,107.06739130434784,128.0,119.0
2025-02-01,46,1,baseline,2025-02-08,207.0,80.0,116.3208695652174,127.0,119.0
2025-02-01,46,2,ensemble,2025-02-15,183.0,72.0,84.57782608695652,111.0,95.0
2025-02-01,46,2,baseline,2025-02-15,183.0,80.0,89.94086956521738,103.0,95.0
2025-02-01,46,3,ensemble,2025-02-22,110.0,64.0,25.596521739130434,46.0,22.0
2025-02-01,46,3,baseline,2025-02-22,110.0,80.0,17.966521739130435,30.0,22.0
2025-02-01,47,1,ensemble,2025-02-08,1067.0,448.0,481.9473913043478,619.0,421.0
2025-02-01,47,1,baseline,2025-02-08,1067.0,522.0,455.9495652173914,545.0,421.0
2025-02-01,47,2,ensemble,2025-02-15,699.0,398.0,184.15608695652173,301.0,53.0
2025-02-01,47,2,baseline,2025-02-15,699.0,522.0,108.57608695652173,177.0,53.0
2025-02-01,47,3,ensemble,2025-02-22,531.0,327.0,107.57043478260869,204.0,115.0
2025-02-01,47,3,baseline,2025-02-22,531.0,522.0,25.954782608695655,9.0,115.0
2025-02-01,48,1,ensemble,2025-02-08,4198.0,2441.0,1310.2826086956522,1757.0,896.0
2025-02-01,48,1,baseline,2025-02-08,4198.0,2597.0,1393.6760869565217,1601.0,896.0
2025-02-01,48,2,ensemble,2025-02-15,2485.0,2303.0,204.73217391304348,182.0,817.0
2025-02-01,48,2,baseline,2025-02-15,2485.0,2597.0,79.93260869565219,112.0,817.0
2025-02-01,48,3,ensemble,2025-02-22,1751.0,2048.0,227.9408695652174,297.0,1551.0
2025-02-01,48,3,baseline,2025-02-22,1751.0,2597.0,564.1369565217391,846.0,1551.0
2025-02-01,49,1,ensemble,2025-02-08,213.0,147.0,37.80173913043478,66.0,28.0
2025-02-01,49,1,baseline,2025-02-08,213.0,168.0,30.520434782608696,45.0,28.0
2025-02-01,49,2,ensemble,2025-02-15,201.0,137.0,39.1304347826087,64.0,16.0
2025-02-01,49,2,baseline,2025-02-15,201.0,168.0,20.19739130434783,33.0,16.0
2025-02-01,49,3,ensemble,2025-02-22,183.0,116.0,37.0504347826087,67.0,2.0
2025-02-01,49,3,baseline,2025-02-22,183.0,168.0,9.722608695652175,15.0,2.0
2025-02-01,50,1,ensemble,2025-02-08,134.0,51.0,67.42391304347825,83.0,76.0
2025-02-01,50,1,baseline,2025-02-08,134.0,52.0,75.25652173913043,82.0,76.0
2025-02-01,50,2,ensemble,2025-02-15,115.0,48.0,52.3913043478261,67.0,57.0
2025-02-01,50,2,baseline,2025-02-15,115.0,52.0,54.44826086956522,63.0,57.0
2025-02-01,50,3,ensemble,2025-02-22,104.0,42.0,45.52869565217391,62.0,46.0
2025-02-01,50,3,baseline,2025-02-22,104.0,52.0,42.18739130434783,52.0,46.0
2025-02-01,51,1,ensemble,2025-02-08,1315.0,563.0,625.8982608695652,752.0,630.0
2025-02-01,51,1,baseline,2025-02-08,1315.0,585.0,658.101304347826,730.0,630.0
2025-02-01,51,2,ensemble,2025-02-15,1190.0,548.0,517.066956521739,642.0,505.0
2025-02-01,51,2,baseline,2025-02-15,1190.0,585.0,517.6982608695654,605.0,505.0
2025-02-01,51,3,ensemble,2025-02-22,896.0,484.0,255.7391304347826,412.0,211.0
2025-02-01,51,3,baseline,2025-02-22,896.0,585.0,213.1978260869565,311.0,211.0
2025-02-01,53,1,ensemble,2025-02-08,747.0,408.0,261.0886956521739,339.0,330.0
2025-02-01,53,1,baseline,2025-02-08,747.0,478.0,207.20608695652177,269.0,330.0
2025-02-01,53,2,ensemble,2025-02-15,659.0,355.0,205.5908695652174,304.0,242.0
2025-02-01,53,2,baseline,2025-02-15,659.0,478.0,121.47739130434783,181.0,242.0
2025-02-01,53,3,ensemble,2025-02-22,663.0,323.0,224.7647826086957,340.0,246.0
2025-02-01,53,3,baseline,2025-02-22,663.0,478.0,119.62217391304348,185.0,246.0
2025-02-01,54,1,ensemble,2025-02-08,458.0,145.0,270.3521739130435,313.0,298.0
2025-02-01,54,1,baseline,2025-02-08,458.0,153.0,275.89826086956515,305.0,298.0
2025-02-01,54,2,ensemble,2025-02-15,617.0,133.0,428.35,484.0,457.0
2025-02-01,54,2,baseline,2025-02-15,617.0,153.0,428.501304347826,464.0,457.0
2025-02-01,54,3,ensemble,2025-02-22,628.0,129.0,444.10739130434774,499.0,468.0
2025-02-01,54,3,baseline,2025-02-22,628.0,153.0,434.0226086956522,475.0,468.0
2025-02-01,55,1,ensemble,2025-02-08,1149.0,739.0,269.89,410.0,292.0
2025-02-01,55,1,baseline,2025-02-08,1149.0,811.0,282.6378260869565,338.0,292.0
2025-02-01,55,2,ensemble,2025-02-15,1059.0,662.0,258.3830434782609,397.0,202.0
2025-02-01,55,2,baseline,2025-02-15,1059.0,811.0,180.49652173913043,248.0,202.0
2025-02-01,55,3,ensemble,2025-02-22,882.0,593.0,158.12391304347827,289.0,25.0
2025-02-01,55,3,baseline,2025-02-22,882.0,811.0,41.14565217391305,71.0,25.0
2025-02-01,56,1,ensemble,2025-02-08,99.0,73.0,15.174347826086956,26.0,10.0
2025-02-01,56,1,baseline,2025-02-08,99.0,87.0,7.275652173913044,12.0,10.0
2025-02-01,56,2,ensemble,2025-02-15,72.0,62.0,8.314782608695653,10.0,17.0
2025-02-01,56,2,baseline,2025-02-15,72.0,87.0,8.63782608695652,15.0,17.0
2025-02-01,56,3,ensemble,2025-02-22,98.0,55.0,22.669565217391302,43.0,9.0
2025-02-01,56,3,baseline,2025-02-22,98.0,87.0,7.053478260869565,11.0,9.0
2025-02-08,01,1,ensemble,2025-02-15,415.0,588.0,84.4595652173913,173.0,327.0
2025-02-08,01,1,baseline,2025-02-15,415.0,724.0,248.8413043478261,309.0,327.0
2025-02-08,01,2,ensemble,2025-02-22,283.0,505.0,123.505652173913,222.0,459.0
2025-02-08,01,2,baseline,2025-02-22,283.0,724.0,367.6873913043479,441.0,459.0
2025-02-08,01,3,ensemble,2025-03-01,330.0,426.0,59.890434782608715,96.0,412.0
2025-02-08,01,3,baseline,2025-03-01,330.0,724.0,309.6556521739131,394.0,412.0
2025-02-08,02,1,ensemble,2025-02-15,50.0,24.0,15.852173913043476,26.0,22.0
2025-02-08,02,1,baseline,2025-02-15,50.0,26.0,16.36130434782609,24.0,22.0
2025-02-08,02,2,ensemble,2025-02-22,49.0,21.0,16.872173913043476,28.0,21.0
2025-02-08,02,2,baseline,2025-02-22,49.0,26.0,14.629565217391308,23.0,21.0
2025-02-08,02,3,ensemble,2025-03-01,56.0,20.0,24.43,36.0,28.0
2025-02-08,02,3,baseline,2025-03-01,56.0,26.0,19.26782608695652,30.0,28.0
2025-02-08,04,1,ensemble,2025-02-15,679.0,606.0,71.64391304347826,73.0,128.0
2025-02-08,04,1,baseline,2025-02-15,679.0,854.0,105.92043478260868,175.0,128.0
2025-02-08,04,2,ensemble,2025-02-22,620.0,504.0,81.61,116.0,187.0
2025-02-08,04,2,baseline,2025-02-22,620.0,854.0,136.2739130434783,234.0,187.0
2025-02-08,04,3,ensemble,2025-03-01,621.0,399.0,123.76347826086958,222.0,186.0
2025-02-08,04,3,baseline,2025-03-01,621.0,854.0,131.90565217391307,233.0,186.0
2025-02-08,05,1,ensemble,2025-02-15,514.0,450.0,41.91565217391305,64.0,1.0
2025-02-08,05,1,baseline,2025-02-15,514.0,453.0,35.78869565217392,61.0,1.0
2025-02-08,05,2,ensemble,2025-02-22,354.0,384.0,36.4504347826087,30.0,159.0
2025-02-08,05,2,baseline,2025-02-22,354.0,453.0,60.34000000000001,99.0,159.0
2025-02-08,05,3,ensemble,2025-03-01,350.0,330.0,39.88999999999999,20.0,163.0
2025-02-08,05,3,baseline,2025-03-01,350.0,453.0,60.69739130434783,103.0,163.0
2025-02-08,06,1,ensemble,2025-02-15,2642.0,3217.0,315.1347826086957,575.0,1722.0
2025-02-08,06,1,baseline,2025-02-15,2642.0,3969.0,1025.3734782608697,1327.0,1722.0
2025-02-08,06,2,ensemble,2025-02-22,1947.0,2875.0,458.0921739130435,928.0,2417.0
2025-02-08,06,2,baseline,2025-02-22,1947.0,3969.0,1655.529565217391,2022.0,2417.0
2025-02-08,06,3,ensemble,2025-03-01,1412.0,2546.0,590.9878260869564,1134.0,2952.0
2025-02-08,06,3,baseline,2025-03-01,1412.0,3969.0,2132.3391304347824,2557.0,2952.0
2025-02-08,08,1,ensemble,2025-02-15,583.0,449.0,82.10434782608695,134.0,40.0
2025-02-08,08,1,baseline,2025-02-15,583.0,514.0,42.24391304347826,69.0,40.0
2025-02-08,08,2,ensemble,2025-02-22,481.0,394.0,54.93782608695654,87.0,62.0
2025-02-08,08,2,baseline,2025-02-22,481.0,514.0,21.004347826086956,33.0,62.0
2025-02-08,08,3,ensemble,2025-03-01,381.0,348.0,36.02913043478261,33.0,162.0
2025-02-08,08,3,baseline,2025-03-01,381.0,514.0,81.53217391304348,133.0,162.0
2025-02-08,09,1,ensemble,2025-02-15,499.0,413.0,47.791739130434784,86.0,21.0
2025-02-08,09,1,baseline,2025-02-15,499.0,466.0,19.528695652173916,33.0,21.0
2025-02-08,09,2,ensemble,2025-02-22,364.0,346.0,33.462173913043486,18.0,114.0
2025-02-08,09,2,baseline,2025-02-22,364.0,466.0,64.25217391304349,102.0,114.0
2025-02-08,09,3,ensemble,2025-03-01,278.0,303.0,32.30913043478261,25.0,200.0
2025-02-08,09,3,baseline,2025-03-01,278.0,466.0,132.32130434782607,188.0,200.0
2025-02-08,10,1,ensemble,2025-02-15,160.0,114.0,25.155217391304344,46.0,20.0
2025-02-08,10,1,baseline,2025-02-15,160.0,140.0,12.930434782608694,20.0,20.0
2025-02-08,10,2,ensemble,2025-02-22,100.0,103.0,10.345652173913042,3.0,40.0
2025-02-08,10,2,baseline,2025-02-22,100.0,140.0,25.865652173913038,40.0,40.0
2025-02-08,10,3,ensemble,2025-03-01,88.0,94.0,9.922608695652174,6.0,52.0
2025-02-08,10,3,baseline,2025-03-01,88.0,140.0,33.15217391304348,52.0,52.0
2025-02-08,11,1,ensemble,2025-02-15,83.0,150.0,38.16956521739131,67.0,114.0
2025-02-08,11,1,baseline,2025-02-15,83.0,182.0,85.19565217391305,99.0,114.0
2025-02-08,11,2,ensemble,2025-02-22,72.0,141.0,38.45130434782609,69.0,125.0
2025-02-08,11,2,baseline,2025-02-22,72.0,182.0,91.56434782608696,110.0,125.0
2025-02-08,11,3,ensemble,2025-03-01,113.0,123.0,11.426521739130434,10.0,84.0
2025-02-08,11,3,baseline,2025-03-01,113.0,182.0,50.04478260869564,69.0,84.0
2025-02-08,12,1,ensemble,2025-02-15,2436.0,2888.0,267.51391304347834,452.0,1191.0
2025-02-08,12,1,baseline,2025-02-15,2436.0,3332.0,730.8795652173912,896.0,1191.0
2025-02-08,12,2,ensemble,2025-02-22,1982.0,2713.0,351.2282608695652,731.0,1645.0
2025-02-08,12,2,baseline,2025-02-22,1982.0,3332.0,1149.7273913043477,1350.0,1645.0
2025-02-08,12,3,ensemble,2025-03-01,1548.0,2406.0,420.69304347826096,858.0,2079.0
2025-02-08,12,3,baseline,2025-03-01,1548.0,3332.0,1553.3460869565217,1784.0,2079.0
2025-02-08,13,1,ensemble,2025-02-15,734.0,1034.0,151.69782608695655,300.0,639.0
2025-02-08,13,1,baseline,2025-02-15,734.0,1232.0,394.23217391304354,498.0,639.0
2025-02-08,13,2,ensemble,2025-02-22,450.0,896.0,246.19260869565215,446.0,923.0
2025-02-08,13,2,baseline,2025-02-22,450.0,1232.0,656.7130434782608,782.0,923.0
2025-02-08,13,3,ensemble,2025-03-01,437.0,743.0,165.9786956521739,306.0,936.0
2025-02-08,13,3,baseline,2025-03-01,437.0,1232.0,650.193043478261,795.0,936.0
2025-02-08,15,1,ensemble,2025-02-15,79.0,62.0,9.67913043478261,17.0,9.0
2025-02-08,15,1,baseline,2025-02-15,79.0,70.0,4.953043478260869,9.0,9.0
2025-02-08,15,2,ensemble,2025-02-22,86.0,54.0,18.183478260869567,32.0,16.0
2025-02-08,15,2,baseline,2025-02-22,86.0,70.0,9.139130434782606,16.0,16.0
2025-02-08,15,3,ensemble,2025-03-01,67.0,53.0,8.302608695652173,14.0,3.0
2025-02-08,15,3,baseline,2025-03-01,67.0,70.0,3.2439130434782615,3.0,3.0
2025-02-08,16,1,ensemble,2025-02-15,152.0,124.0,16.708695652173915,28.0,7.0
2025-02-08,16,1,baseline,2025-02-15,152.0,158.0,6.414782608695653,6.0,7.0
2025-02-08,16,2,ensemble,2025-02-22,150.0,117.0,20.271739130434785,33.0,9.0
2025-02-08,16,2,baseline,2025-02-22,150.0,158.0,9.018695652173914,8.0,9.0
2025-02-08,16,3,ensemble,2025-03-01,124.0,104.0,14.297826086956523,20.0,35.0
2025-02-08,16,3,baseline,2025-03-01,124.0,158.0,19.847826086956523,34.0,35.0
2025-02-08,17,1,ensemble,2025-02-15,2058.0,1672.0,193.35434782608698,386.0,79.0
2025-02-08,17,1,baseline,2025-02-15,2058.0,2087.0,25.240869565217395,29.0,79.0
2025-02-08,17,2,ensemble,2025-02-22,1673.0,1502.0,139.6286956521739,171.0,464.0
2025-02-08,17,2,baseline,2025-02-22,1673.0,2087.0,277.42956521739126,414.0,464.0
2025-02-08,17,3,ensemble,2025-03-01,1301.0,1327.0,113.90565217391305,26.0,836.0
2025-02-08,17,3,baseline,2025-03-01,1301.0,2087.0,608.8295652173913,786.0,836.0
2025-02-08,18,1,ensemble,2025-02-15,1670.0,951.0,431.5082608695652,719.0,375.0
2025-02-08,18,1,baseline,2025-02-15,1670.0,1114.0,460.51000000000005,556.0,375.0
2025-02-08,18,2,ensemble,2025-02-22,1536.0,813.0,425.83869565217395,723.0,241.0
2025-02-08,18,2,baseline,2025-02-22,1536.0,1114.0,306.2304347826087,422.0,241.0
2025-02-08,18,3,ensemble,2025-03-01,1156.0,744.0,221.37869565217392,412.0,139.0
2025-02-08,18,3,baseline,2025-03-01,1156.0,1114.0,34.805652173913046,42.0,139.0
2025-02-08,19,1,ensemble,2025-02-15,498.0,375.0,72.64782608695653,123.0,41.0
2025-02-08,19,1,baseline,2025-02-15,498.0,398.0,69.75565217391303,100.0,41.0
2025-02-08,19,2,ensemble,2025-02-22,401.0,328.0,45.18043478260869,73.0,56.0
2025-02-08,19,2,baseline,2025-02-22,401.0,398.0,7.531304347826087,3.0,56.0
2025-02-08,19,3,ensemble,2025-03-01,352.0,269.0,42.88695652173913,83.0,105.0
2025-02-08,19,3,baseline,2025-03-01,352.0,398.0,26.254782608695653,46.0,105.0
2025-02-08,20,1,ensemble,2025-02-15,519.0,293.0,156.8726086956522,226.0,131.0
2025-02-08,20,1,baseline,2025-02-15,519.0,322.0,162.90347826086955,197.0,131.0
2025-02-08,20,2,ensemble,2025-02-22,401.0,241.0,99.97695652173913,160.0,13.0
2025-02-08,20,2,baseline,2025-02-22,401.0,322.0,49.87695652173913,79.0,13.0
2025-02-08,20,3,ensemble,2025-03-01,305.0,218.0,47.09043478260869,87.0,83.0
2025-02-08,20,3,baseline,2025-03-01,305.0,322.0,12.946521739130436,17.0,83.0
2025-02-08,21,1,ensemble,2025-02-15,1203.0,580.0,451.6647826086957,623.0,462.0
2025-02-08,21,1,baseline,2025-02-15,1203.0,634.0,491.67652173913046,569.0,462.0
2025-02-08,21,2,ensemble,2025-02-22,883.0,500.0,225.26521739130436,383.0,142.0
2025-02-08,21,2,baseline,2025-02-22,883.0,634.0,164.86086956521737,249.0,142.0
2025-02-08,21,3,ensemble,2025-03-01,774.0,444.0,185.7330434782608,330.0,33.0
2025-02-08,21,3,baseline,2025-03-01,774.0,634.0,80.68304347826087,140.0,33.0
2025-02-08,22,1,ensemble,2025-02-15,387.0,446.0,36.8991304347826,59.0,233.0
2025-02-08,22,1,baseline,2025-02-15,387.0,543.0,108.62782608695656,156.0,233.0
2025-02-08,22,2,ensemble,2025-02-22,330.0,378.0,33.44652173913044,48.0,290.0
2025-02-08,22,2,baseline,2025-02-22,330.0,543.0,151.96,213.0,290.0
2025-02-08,22,3,ensemble,2025-03-01,359.0,335.0,29.010000000000005,24.0,261.0
2025-02-08,22,3,baseline,2025-03-01,359.0,543.0,119.45,184.0,261.0
2025-02-08,23,1,ensemble,2025-02-15,270.0,139.0,83.62695652173912,131.0,117.0
2025-02-08,23,1,baseline,2025-02-15,270.0,151.0,100.7686956521739,119.0,117.0
2025-02-08,23,2,ensemble,2025-02-22,265.0,128.0,94.64652173913043,137.0,112.0
2025-02-08,23,2,baseline,2025-02-22,265.0,151.0,91.75739130434783,114.0,112.0
2025-02-08,23,3,ensemble,2025-03-01,208.0,111.0,59.78869565217391,97.0,55.0
2025-02-08,23,3,baseline,2025-03-01,208.0,151.0,36.20086956521739,57.0,55.0
2025-02-08,24,1,ensemble,2025-02-15,1081.0,608.0,301.7347826086957,473.0,271.0
2025-02-08,24,1,baseline,2025-02-15,1081.0,720.0,316.53130434782616,361.0,271.0
2025-02-08,24,2,ensemble,2025-02-22,761.0,549.0,113.08739130434782,212.0,49.0
2025-02-08,24,2,baseline,2025-02-22,761.0,720.0,23.67434782608696,41.0,49.0
2025-02-08,24,3,ensemble,2025-03-01,548.0,470.0,56.961739130434786,78.0,262.0
2025-02-08,24,3,baseline,2025-03-01,548.0,720.0,112.82217391304347,172.0,262.0
2025-02-08,25,1,ensemble,2025-02-15,1448.0,1138.0,155.56478260869565,310.0,158.0
2025-02-08,25,1,baseline,2025-02-15,1448.0,1275.0,111.72000000000001,173.0,158.0
2025-02-08,25,2,ensemble,2025-02-22,1292.0,1020.0,144.41130434782607,272.0,2.0
2025-02-08,25,2,baseline,2025-02-22,1292.0,1275.0,23.2404347826087,17.0,2.0
2025-02-08,25,3,ensemble,2025-03-01,1068.0,955.0,94.65217391304348,113.0,222.0
2025-02-08,25,3,baseline,2025-03-01,1068.0,1275.0,121.74304347826087,207.0,222.0
2025-02-08,26,1,ensemble,2025-02-15,1512.0,890.0,413.2591304347827,622.0,419.0
2025-02-08,26,1,baseline,2025-02-15,1512.0,929.0,470.15130434782617,583.0,419.0
2025-02-08,26,2,ensemble,2025-02-22,1638.0,800.0,581.4217391304348,838.0,545.0
2025-02-08,26,2,baseline,2025-02-22,1638.0,929.0,570.4473913043478,709.0,545.0
2025-02-08,26,3,ensemble,2025-03-01,1383.0,740.0,389.8469565217391,643.0,290.0
2025-02-08,26,3,baseline,2025-03-01,1383.0,929.0,303.12999999999994,454.0,290.0
2025-02-08,27,1,ensemble,2025-02-15,486.0,694.0,104.92826086956524,208.0,396.0
2025-02-08,27,1,baseline,2025-02-15,486.0,851.0,309.631304347826,365.0,396.0
2025-02-08,27,2,ensemble,2025-02-22,369.0,581.0,117.10608695652172,212.0,513.0
2025-02-08,27,2,baseline,2025-02-22,369.0,851.0,411.7526086956522,482.0,513.0
2025-02-08,27,3,ensemble,2025-03-01,279.0,516.0,133.92217391304345,237.0,603.0
2025-02-08,27,3,baseline,2025-03-01,279.0,851.0,489.42913043478256,572.0,603.0
2025-02-08,28,1,ensemble,2025-02-15,265.0,475.0,117.97391304347826,210.0,272.0
2025-02-08,28,1,baseline,2025-02-15,265.0,524.0,222.00652173913042,259.0,272.0
2025-02-08,28,2,ensemble,2025-02-22,207.0,424.0,124.26782608695653,217.0,330.0
2025-02-08,28,2,baseline,2025-02-22,207.0,524.0,271.52391304347833,317.0,330.0
2025-02-08,28,3,ensemble,2025-03-01,158.0,357.0,122.68347826086958,199.0,379.0
2025-02-08,28,3,baseline,2025-03-01,158.0,524.0,313.725652173913,366.0,379.0
2025-02-08,29,1,ensemble,2025-02-15,1412.0,750.0,426.9486956521738,662.0,373.0
2025-02-08,29,1,baseline,2025-02-15,1412.0,847.0,472.24652173913046,565.0,373.0
2025-02-08,29,2,ensemble,2025-02-22,1347.0,653.0,432.7086956521739,694.0,308.0
2025-02-08,29,2,baseline,2025-02-22,1347.0,847.0,387.8369565217391,500.0,308.0
2025-02-08,29,3,ensemble,2025-03-01,861.0,604.0,124.78652173913044,257.0,178.0
2025-02-08,29,3,baseline,2025-03-01,861.0,847.0,27.77130434782609,14.0,178.0
2025-02-08,30,1,ensemble,2025-02-15,149.0,78.0,45.77347826086955,71.0,46.0
2025-02-08,30,1,baseline,2025-02-15,149.0,83.0,51.28608695652174,66.0,46.0
2025-02-08,30,2,ensemble,2025-02-22,195.0,72.0,97.85,123.0,92.0
2025-02-08,30,2,baseline,2025-02-22,195.0,83.0,93.8991304347826,112.0,92.0
2025-02-08,30,3,ensemble,2025-03-01,186.0,64.0,93.23347826086956,122.0,83.0
2025-02-08,30,3,baseline,2025-03-01,186.0,83.0,82.0304347826087,103.0,83.0
2025-02-08,31,1,ensemble,2025-02-15,311.0,253.0,32.32347826086957,58.0,3.0
2025-02-08,31,1,baseline,2025-02-15,311.0,291.0,11.747826086956522,20.0,3.0
2025-02-08,31,2,ensemble,2025-02-22,294.0,218.0,38.57217391304348,76.0,14.0
2025-02-08,31,2,baseline,2025-02-22,294.0,291.0,5.463043478260871,3.0,14.0
2025-02-08,31,3,ensemble,2025-03-01,197.0,198.0,15.32652173913044,1.0,111.0
2025-02-08,31,3,baseline,2025-03-01,197.0,291.0,65.44260869565217,94.0,111.0
2025-02-08,32,1,ensemble,2025-02-15,147.0,139.0,12.055217391304348,8.0,31.0
2025-02-08,32,1,baseline,2025-02-15,147.0,169.0,13.76478260869565,22.0,31.0
2025-02-08,32,2,ensemble,2025-02-22,117.0,117.0,11.826521739130435,0.0,61.0
2025-02-08,32,2,baseline,2025-02-22,117.0,169.0,29.909565217391304,52.0,61.0
2025-02-08,32,3,ensemble,2025-03-01,97.0,100.0,12.115652173913045,3.0,81.0
2025-02-08,32,3,baseline,2025-03-01,97.0,169.0,40.77695652173914,72.0,81.0
2025-02-08,33,1,ensemble,2025-02-15,205.0,97.0,83.8413043478261,108.0,31.0
2025-02-08,33,1,baseline,2025-02-15,205.0,106.0,84.93652173913044,99.0,31.0
2025-02-08,33,2,ensemble,2025-02-22,212.0,85.0,99.53695652173914,127.0,38.0
2025-02-08,33,2,baseline,2025-02-22,212.0,106.0,89.09608695652175,106.0,38.0
2025-02-08,33,3,ensemble,2025-03-01,190.0,79.0,84.85652173913041,111.0,16.0
2025-02-08,33,3,baseline,2025-03-01,190.0,106.0,64.40391304347827,84.0,16.0
2025-02-08,34,1,ensemble,2025-02-15,1517.0,1483.0,107.70913043478262,34.0,277.0
2025-02-08,34,1,baseline,2025-02-15,1517.0,1794.0,185.38565217391303,277.0,277.0
2025-02-08,34,2,ensemble,2025-02-22,1205.0,1293.0,99.84434782608697,88.0,589.0
2025-02-08,34,2,baseline,2025-02-22,1205.0,1794.0,441.7613043478262,589.0,589.0
2025-02-08,34,3,ensemble,2025-03-01,938.0,1145.0,121.10956521739132,207.0,856.0
2025-02-08,34,3,baseline,2025-03-01,938.0,1794.0,687.3147826086957,856.0,856.0
2025-02-08,35,1,ensemble,2025-02-15,248.0,165.0,49.42652173913044,83.0,34.0
2025-02-08,35,1,baseline,2025-02-15,248.0,195.0,32.47695652173913,53.0,34.0
2025-02-08,35,2,ensemble,2025-02-22,237.0,144.0,54.970434782608685,93.0,23.0
2025-02-08,35,2,baseline,2025-02-22,237.0,195.0,24.026956521739127,42.0,23.0
2025-02-08,35,3,ensemble,2025-03-01,184.0,132.0,27.469565217391303,52.0,30.0
2025-02-08,35,3,baseline,2025-03-01,184.0,195.0,12.441739130434783,11.0,30.0
2025-02-08,36,1,ensemble,2025-02-15,2499.0,2316.0,172.9,183.0,582.0
2025-02-08,36,1,baseline,2025-02-15,2499.0,2884.0,246.74695652173915,385.0,582.0
2025-02-08,36,2,ensemble,2025-02-22,2025.0,2026.0,164.4304347826087,1.0,1056.0
2025-02-08,36,2,baseline,2025-02-22,2025.0,2884.0,630.7917391304348,859.0,1056.0
2025-02-08,36,3,ensemble,2025-03-01,1617.0,1860.0,183.1213043478261,243.0,1464.0
2025-02-08,36,3,baseline,2025-03-01,1617.0,2884.0,1002.8573913043481,1267.0,1464.0
2025-02-08,37,1,ensemble,2025-02-15,1690.0,1600.0,125.00086956521741,90.0,304.0
2025-02-08,37,1,baseline,2025-02-15,1690.0,1868.0,111.68173913043479,178.0,304.0
2025-02-08,37,2,ensemble,2025-02-22,1169.0,1377.0,145.9921739130435,208.0,825.0
2025-02-08,37,2,baseline,2025-02-22,1169.0,1868.0,565.611304347826,699.0,825.0
2025-02-08,37,3,ensemble,2025-03-01,917.0,1139.0,148.2826086956522,222.0,1077.0
2025-02-08,37,3,baseline,2025-03-01,917.0,1868.0,793.7795652173913,951.0,1077.0
2025-02-08,38,1,ensemble,2025-02-15,85.0,86.0,7.146956521739131,1.0,19.0
2025-02-08,38,1,baseline,2025-02-15,85.0,100.0,8.660869565217391,15.0,19.0
2025-02-08,38,2,ensemble,2025-02-22,63.0,74.0,8.998695652173915,11.0,41.0
2025-02-08,38,2,baseline,2025-02-22,63.0,100.0,24.96,37.0,41.0
2025-02-08,38,3,ensemble,2025-03-01,47.0,68.0,12.510000000000002,21.0,57.0
2025-02-08,38,3,baseline,2025-03-01,47.0,100.0,38.54,53.0,57.0
2025-02-08,39,1,ensemble,2025-02-15,3529.0,1926.0,944.1443478260871,1603.0,1062.0
2025-02-08,39,1,baseline,2025-02-15,3529.0,2377.0,1005.2921739130435,1152.0,1062.0
2025-02-08,39,2,ensemble,2025-02-22,3065.0,1791.0,730.5395652173914,1274.0,598.0
2025-02-08,39,2,baseline,2025-02-22,3065.0,2377.0,507.35217391304343,688.0,598.0
2025-02-08,39,3,ensemble,2025-03-01,2540.0,1536.0,531.1130434782609,1004.0,73.0
2025-02-08,39,3,baseline,2025-03-01,2540.0,2377.0,93.63434782608694,163.0,73.0
2025-02-08,40,1,ensemble,2025-02-15,786.0,822.0,67.61130434782608,36.0,330.0
2025-02-08,40,1,baseline,2025-02-15,786.0,962.0,117.39956521739128,176.0,330.0
2025-02-08,40,2,ensemble,2025-02-22,493.0,691.0,112.85826086956521,198.0,623.0
2025-02-08,40,2,baseline,2025-02-22,493.0,962.0,370.0795652173913,469.0,623.0
2025-02-08,40,3,ensemble,2025-03-01,334.0,633.0,168.93608695652173,299.0,782.0
2025-02-08,40,3,baseline,2025-03-01,334.0,962.0,513.5495652173914,628.0,782.0
2025-02-08,41,1,ensemble,2025-02-15,500.0,396.0,54.351304347826094,104.0,3.0
2025-02-08,41,1,baseline,2025-02-15,500.0,493.0,9.434347826086958,7.0,3.0
2025-02-08,41,2,ensemble,2025-02-22,484.0,355.0,67.65173913043478,129.0,13.0
2025-02-08,41,2,baseline,2025-02-22,484.0,493.0,13.599565217391305,9.0,13.0
2025-02-08,41,3,ensemble,2025-03-01,321.0,321.0,30.830000000000002,0.0,176.0
2025-02-08,41,3,baseline,2025-03-01,321.0,493.0,106.58869565217391,172.0,176.0
2025-02-08,42,1,ensemble,2025-02-15,4318.0,3143.0,626.2391304347826,1175.0,540.0
2025-02-08,42,1,baseline,2025-02-15,4318.0,3729.0,421.3708695652173,589.0,540.0
2025-02-08,42,2,ensemble,2025-02-22,3579.0,2846.0,415.8917391304348,733.0,199.0
2025-02-08,42,2,baseline,2025-02-22,3579.0,3729.0,90.43260869565216,150.0,199.0
2025-02-08,42,3,ensemble,2025-03-01,3019.0,2430.0,328.24,589.0,759.0
2025-02-08,42,3,baseline,2025-03-01,3019.0,3729.0,474.23652173913047,710.0,759.0
2025-02-08,44,1,ensemble,2025-02-15,180.0,125.0,29.987391304347828,55.0,7.0
2025-02-08,44,1,baseline,2025-02-15,180.0,148.0,22.32608695652174,32.0,7.0
2025-02-08,44,2,ensemble,2025-02-22,131.0,112.0,12.321739130434782,19.0,42.0
2025-02-08,44,2,baseline,2025-02-22,131.0,148.0,9.973913043478264,17.0,42.0
2025-02-08,44,3,ensemble,2025-03-01,107.0,101.0,9.719130434782608,6.0,66.0
2025-02-08,44,3,baseline,2025-03-01,107.0,148.0,27.014782608695658,41.0,66.0
2025-02-08,45,1,ensemble,2025-02-15,690.0,1045.0,198.59347826086963,355.0,569.0
2025-02-08,45,1,baseline,2025-02-15,690.0,1210.0,452.71304347826083,520.0,569.0
2025-02-08,45,2,ensemble,2025-02-22,474.0,889.0,238.91608695652175,415.0,785.0
2025-02-08,45,2,baseline,2025-02-22,474.0,1210.0,651.0552173913042,736.0,785.0
2025-02-08,45,3,ensemble,2025-03-01,442.0,765.0,178.6130434782609,323.0,817.0
2025-02-08,45,3,baseline,2025-03-01,442.0,1210.0,669.5865217391305,768.0,817.0
2025-02-08,46,1,ensemble,2025-02-15,183.0,129.0,28.92304347826087,54.0,44.0
2025-02-08,46,1,baseline,2025-02-15,183.0,139.0,32.246956521739136,44.0,44.0
2025-02-08,46,2,ensemble,2025-02-22,110.0,112.0,11.594347826086958,2.0,29.0
2025-02-08,46,2,baseline,2025-02-22,110.0,139.0,17.812173913043477,29.0,29.0
2025-02-08,46,3,ensemble,2025-03-01,89.0,105.0,12.387391304347828,16.0,50.0
2025-02-08,46,3,baseline,2025-03-01,89.0,139.0,33.62086956521739,50.0,50.0
2025-02-08,47,1,ensemble,2025-02-15,699.0,736.0,63.98608695652173,37.0,245.0
2025-02-08,47,1,baseline,2025-02-15,699.0,900.0,133.79956521739132,201.0,245.0
2025-02-08,47,2,ensemble,2025-02-22,531.0,672.0,81.97913043478262,141.0,413.0
2025-02-08,47,2,baseline,2025-02-22,531.0,900.0,259.7208695652174,369.0,413.0
2025-02-08,47,3,ensemble,2025-03-01,526.0,595.0,61.263478260869576,69.0,418.0
2025-02-08,47,3,baseline,2025-03-01,526.0,900.0,251.32739130434783,374.0,418.0
2025-02-08,48,1,ensemble,2025-02-15,2485.0,3649.0,649.5152173913044,1164.0,2207.0
2025-02-08,48,1,baseline,2025-02-15,2485.0,4216.0,1484.9378260869569,1731.0,2207.0
2025-02-08,48,2,ensemble,2025-02-22,1751.0,3152.0,909.2208695652174,1401.0,2941.0
2025-02-08,48,2,baseline,2025-02-22,1751.0,4216.0,2164.9726086956516,2465.0,2941.0
2025-02-08,48,3,ensemble,2025-03-01,1528.0,2792.0,708.1339130434783,1264.0,3164.0
2025-02-08,48,3,baseline,2025-03-01,1528.0,4216.0,2341.5647826086956,2688.0,3164.0
2025-02-08,49,1,ensemble,2025-02-15,201.0,156.0,24.109130434782614,45.0,6.0
2025-02-08,49,1,baseline,2025-02-15,201.0,193.0,5.407826086956521,8.0,6.0
2025-02-08,49,2,ensemble,2025-02-22,183.0,134.0,25.7495652173913,49.0,12.0
2025-02-08,49,2,baseline,2025-02-22,183.0,193.0,7.0095652173913034,10.0,12.0
2025-02-08,49,3,ensemble,2025-03-01,123.0,123.0,12.289565217391305,0.0,72.0
2025-02-08,49,3,baseline,2025-03-01,123.0,193.0,45.8,70.0,72.0
2025-02-08,50,1,ensemble,2025-02-15,115.0,68.0,29.443043478260872,47.0,31.0
2025-02-08,50,1,baseline,2025-02-15,115.0,74.0,33.7191304347826,41.0,31.0
2025-02-08,50,2,ensemble,2025-02-22,104.0,59.0,26.43521739130434,45.0,20.0
2025-02-08,50,2,baseline,2025-02-22,104.0,74.0,21.436956521739134,30.0,20.0
2025-02-08,50,3,ensemble,2025-03-01,65.0,57.0,6.78086956521739,8.0,19.0
2025-02-08,50,3,baseline,2025-03-01,65.0,74.0,4.987826086956522,9.0,19.0
2025-02-08,51,1,ensemble,2025-02-15,1190.0,936.0,142.73130434782607,254.0,107.0
2025-02-08,51,1,baseline,2025-02-15,1190.0,984.0,138.32565217391306,206.0,107.0
2025-02-08,51,2,ensemble,2025-02-22,896.0,793.0,79.49391304347826,103.0,187.0
2025-02-08,51,2,baseline,2025-02-22,896.0,984.0,50.4804347826087,88.0,187.0
2025-02-08,51,3,ensemble,2025-03-01,714.0,700.0,58.38826086956523,14.0,369.0
2025-02-08,51,3,baseline,2025-03-01,714.0,984.0,171.73304347826087,270.0,369.0
2025-02-08,53,1,ensemble,2025-02-15,659.0,512.0,76.17652173913042,147.0,81.0
2025-02-08,53,1,baseline,2025-02-15,659.0,618.0,24.609130434782607,41.0,81.0
2025-02-08,53,2,ensemble,2025-02-22,663.0,441.0,114.01347826086958,222.0,85.0
2025-02-08,53,2,baseline,2025-02-22,663.0,618.0,26.95434782608696,45.0,85.0
2025-02-08,53,3,ensemble,2025-03-01,422.0,396.0,36.02608695652174,26.0,156.0
2025-02-08,53,3,baseline,2025-03-01,422.0,618.0,126.53521739130434,196.0,156.0
2025-02-08,54,1,ensemble,2025-02-15,617.0,247.0,292.31869565217386,370.0,350.0
2025-02-08,54,1,baseline,2025-02-15,617.0,264.0,321.884347826087,353.0,350.0
2025-02-08,54,2,ensemble,2025-02-22,628.0,218.0,341.4930434782609,410.0,361.0
2025-02-08,54,2,baseline,2025-02-22,628.0,264.0,326.32347826086954,364.0,361.0
2025-02-08,54,3,ensemble,2025-03-01,511.0,199.0,252.6878260869565,312.0,244.0
2025-02-08,54,3,baseline,2025-03-01,511.0,264.0,203.5386956521739,247.0,244.0
2025-02-08,55,1,ensemble,2025-02-15,1059.0,871.0,107.76391304347825,188.0,5.0
2025-02-08,55,1,baseline,2025-02-15,1059.0,981.0,48.71434782608696,78.0,5.0
2025-02-08,55,2,ensemble,2025-02-22,882.0,752.0,78.56391304347827,130.0,172.0
2025-02-08,55,2,baseline,2025-02-22,882.0,981.0,60.063478260869566,99.0,172.0
2025-02-08,55,3,ensemble,2025-03-01,781.0,720.0,66.88739130434783,61.0,273.0
2025-02-08,55,3,baseline,2025-03-01,781.0,981.0,128.6995652173913,200.0,273.0
2025-02-08,56,1,ensemble,2025-02-15,72.0,83.0,8.176086956521738,11.0,30.0
2025-02-08,56,1,baseline,2025-02-15,72.0,100.0,17.88434782608696,28.0,30.0
2025-02-08,56,2,ensemble,2025-02-22,98.0,74.0,13.24521739130435,24.0,4.0
2025-02-08,56,2,baseline,2025-02-22,98.0,100.0,3.6300000000000003,2.0,4.0
2025-02-08,56,3,ensemble,2025-03-01,46.0,66.0,11.345652173913043,20.0,56.0
2025-02-08,56,3,baseline,2025-03-01,46.0,100.0,35.50347826086957,54.0,56.0
2025-02-15,01,1,ensemble,2025-02-22,283.0,487.0,115.02652173913042,204.0,380.0
2025-02-15,01,1,baseline,2025-02-22,283.0,651.0,307.2834782608696,368.0,380.0
2025-02-15,01,2,ensemble,2025-03-01,330.0,422.0,53.90304347826087,92.0,333.0
2025-02-15,01,2,baseline,2025-03-01,330.0,651.0,246.9582608695652,321.0,333.0
2025-02-15,01,3,ensemble,2025-03-08,315.0,356.0,36.84826086956522,41.0,348.0
2025-02-15,01,3,baseline,2025-03-08,315.0,651.0,249.86391304347822,336.0,348.0
2025-02-15,02,1,ensemble,2025-02-22,49.0,23.0,18.504347826086956,26.0,23.0
2025-02-15,02,1,baseline,2025-02-22,49.0,26.0,15.535217391304348,23.0,23.0
2025-02-15,02,2,ensemble,2025-03-01,56.0,19.0,26.485217391304346,37.0,30.0
2025-02-15,02,2,baseline,2025-03-01,56.0,26.0,20.242608695652176,30.0,30.0
2025-02-15,02,3,ensemble,2025-03-08,58.0,19.0,28.43130434782608,39.0,32.0
2025-02-15,02,3,baseline,2025-03-08,58.0,26.0,20.920869565217394,32.0,32.0
2025-02-15,04,1,ensemble,2025-02-22,620.0,333.0,159.24173913043478,287.0,165.0
2025-02-15,04,1,baseline,2025-02-22,620.0,455.0,98.85521739130435,165.0,165.0
2025-02-15,04,2,ensemble,2025-03-01,621.0,300.0,187.3452173913044,321.0,164.0
2025-02-15,04,2,baseline,2025-03-01,621.0,455.0,95.56739130434784,166.0,164.0
2025-02-15,04,3,ensemble,2025-03-08,468.0,267.0,107.18173913043475,201.0,317.0
2025-02-15,04,3,baseline,2025-03-08,468.0,455.0,49.8708695652174,13.0,317.0
2025-02-15,05,1,ensemble,2025-02-22,354.0,417.0,36.88434782608696,63.0,391.0
2025-02-15,05,1,baseline,2025-02-22,354.0,473.0,80.84173913043479,119.0,391.0
2025-02-15,05,2,ensemble,2025-03-01,350.0,377.0,31.692173913043483,27.0,395.0
2025-02-15,05,2,baseline,2025-03-01,350.0,473.0,78.70695652173913,123.0,395.0
2025-02-15,05,3,ensemble,2025-03-08,325.0,325.0,25.876521739130432,0.0,420.0
2025-02-15,05,3,baseline,2025-03-08,325.0,473.0,95.21434782608695,148.0,420.0
2025-02-15,06,1,ensemble,2025-02-22,1947.0,2689.0,382.8921739130435,742.0,1561.0
2025-02-15,06,1,baseline,2025-02-22,1947.0,3275.0,1010.5217391304344,1328.0,1561.0
2025-02-15,06,2,ensemble,2025-03-01,1412.0,2265.0,475.66173913043485,853.0,2096.0
2025-02-15,06,2,baseline,2025-03-01,1412.0,3275.0,1473.3273913043479,1863.0,2096.0
2025-02-15,06,3,ensemble,2025-03-08,1041.0,1888.0,498.83869565217395,847.0,2467.0
2025-02-15,06,3,baseline,2025-03-08,1041.0,3275.0,1782.5591304347827,2234.0,2467.0
2025-02-15,08,1,ensemble,2025-02-22,481.0,448.0,34.053043478260875,33.0,141.0
2025-02-15,08,1,baseline,2025-02-22,481.0,556.0,46.47,75.0,141.0
2025-02-15,08,2,ensemble,2025-03-01,381.0,388.0,34.80173913043478,7.0,241.0
2025-02-15,08,2,baseline,2025-03-01,381.0,556.0,117.70000000000003,175.0,241.0
2025-02-15,08,3,ensemble,2025-03-08,311.0,352.0,35.708695652173915,41.0,311.0
2025-02-15,08,3,baseline,2025-03-08,311.0,556.0,168.1513043478261,245.0,311.0
2025-02-15,09,1,ensemble,2025-02-22,364.0,450.0,46.39782608695651,86.0,174.0
2025-02-15,09,1,baseline,2025-02-22,364.0,528.0,122.10608695652174,164.0,174.0
2025-02-15,09,2,ensemble,2025-03-01,278.0,400.0,61.21956521739131,122.0,260.0
2025-02-15,09,2,baseline,2025-03-01,278.0,528.0,197.7330434782608,250.0,260.0
2025-02-15,09,3,ensemble,2025-03-08,187.0,347.0,86.03347826086956,160.0,351.0
2025-02-15,09,3,baseline,2025-03-08,187.0,528.0,279.8891304347826,341.0,351.0
2025-02-15,10,1,ensemble,2025-02-22,100.0,94.0,9.413913043478262,6.0,57.0
2025-02-15,10,1,baseline,2025-02-22,100.0,116.0,9.982608695652173,16.0,57.0
2025-02-15,10,2,ensemble,2025-03-01,88.0,82.0,9.225652173913042,6.0,69.0
2025-02-15,10,2,baseline,2025-03-01,88.0,116.0,17.350434782608698,28.0,69.0
2025-02-15,10,3,ensemble,2025-03-08,55.0,74.0,10.73782608695652,19.0,102.0
2025-02-15,10,3,baseline,2025-03-08,55.0,116.0,39.6204347826087,61.0,102.0
2025-02-15,11,1,ensemble,2025-02-22,72.0,190.0,85.37173913043478,118.0,187.0
2025-02-15,11,1,baseline,2025-02-22,72.0,230.0,143.95,158.0,187.0
2025-02-15,11,2,ensemble,2025-03-01,113.0,181.0,37.61217391304348,68.0,146.0
2025-02-15,11,2,baseline,2025-03-01,113.0,230.0,98.44608695652173,117.0,146.0
2025-02-15,11,3,ensemble,2025-03-08,103.0,166.0,34.44130434782608,63.0,156.0
2025-02-15,11,3,baseline,2025-03-08,103.0,230.0,104.87739130434782,127.0,156.0
2025-02-15,12,1,ensemble,2025-02-22,1982.0,2417.0,246.6652173913044,435.0,1345.0
2025-02-15,12,1,baseline,2025-02-22,1982.0,2910.0,740.9256521739131,928.0,1345.0
2025-02-15,12,2,ensemble,2025-03-01,1548.0,2175.0,327.7530434782609,627.0,1779.0
2025-02-15,12,2,baseline,2025-03-01,1548.0,2910.0,1133.4765217391305,1362.0,1779.0
2025-02-15,12,3,ensemble,2025-03-08,1243.0,1878.0,367.49043478260865,635.0,2084.0
2025-02-15,12,3,baseline,2025-03-08,1243.0,2910.0,1405.0908695652176,1667.0,2084.0
2025-02-15,13,1,ensemble,2025-02-22,450.0,951.0,322.37782608695653,501.0,851.0
2025-02-15,13,1,baseline,2025-02-22,450.0,1198.0,642.3982608695653,748.0,851.0
2025-02-15,13,2,ensemble,2025-03-01,437.0,814.0,215.29391304347828,377.0,864.0
2025-02-15,13,2,baseline,2025-03-01,437.0,1198.0,634.2317391304349,761.0,864.0
2025-02-15,13,3,ensemble,2025-03-08,396.0,706.0,173.1791304347826,310.0,905.0
2025-02-15,13,3,baseline,2025-03-08,396.0,1198.0,656.0078260869565,802.0,905.0
2025-02-15,15,1,ensemble,2025-02-22,86.0,70.0,8.565217391304348,16.0,3.0
2025-02-15,15,1,baseline,2025-02-22,86.0,81.0,3.0430434782608695,5.0,3.0
2025-02-15,15,2,ensemble,2025-03-01,67.0,65.0,5.262173913043479,2.0,16.0
2025-02-15,15,2,baseline,2025-03-01,67.0,81.0,7.840000000000001,14.0,16.0
2025-02-15,15,3,ensemble,2025-03-08,63.0,58.0,5.771304347826089,5.0,20.0
2025-02-15,15,3,baseline,2025-03-08,63.0,81.0,10.190869565217394,18.0,20.0
2025-02-15,16,1,ensemble,2025-02-22,150.0,79.0,44.05434782608696,71.0,25.0
2025-02-15,16,1,baseline,2025-02-22,150.0,98.0,32.03521739130435,52.0,25.0
2025-02-15,16,2,ensemble,2025-03-01,124.0,69.0,31.435652173913038,55.0,51.0
2025-02-15,16,2,baseline,2025-03-01,124.0,98.0,15.580869565217393,26.0,51.0
2025-02-15,16,3,ensemble,2025-03-08,90.0,61.0,15.320869565217393,29.0,85.0
2025-02-15,16,3,baseline,2025-03-08,90.0,98.0,11.269130434782609,8.0,85.0
2025-02-15,17,1,ensemble,2025-02-22,1673.0,1712.0,114.4673913043478,39.0,633.0
2025-02-15,17,1,baseline,2025-02-22,1673.0,2159.0,362.2956521739131,486.0,633.0
2025-02-15,17,2,ensemble,2025-03-01,1301.0,1566.0,168.3795652173913,265.0,1005.0
2025-02-15,17,2,baseline,2025-03-01,1301.0,2159.0,704.2017391304347,858.0,1005.0
2025-02-15,17,3,ensemble,2025-03-08,956.0,1358.0,218.18043478260873,402.0,1350.0
2025-02-15,17,3,baseline,2025-03-08,956.0,2159.0,1025.7178260869564,1203.0,1350.0
2025-02-15,18,1,ensemble,2025-02-22,1536.0,1344.0,124.11695652173916,192.0,175.0
2025-02-15,18,1,baseline,2025-02-22,1536.0,1667.0,80.9104347826087,131.0,175.0
2025-02-15,18,2,ensemble,2025-03-01,1156.0,1211.0,115.0095652173913,55.0,555.0
2025-02-15,18,2,baseline,2025-03-01,1156.0,1667.0,378.7495652173913,511.0,555.0
2025-02-15,18,3,ensemble,2025-03-08,871.0,1080.0,138.07652173913044,209.0,840.0
2025-02-15,18,3,baseline,2025-03-08,871.0,1667.0,644.064347826087,796.0,840.0
2025-02-15,19,1,ensemble,2025-02-22,401.0,459.0,37.29086956521739,58.0,195.0
2025-02-15,19,1,baseline,2025-02-22,401.0,542.0,106.34695652173914,141.0,195.0
2025-02-15,19,2,ensemble,2025-03-01,352.0,412.0,41.259565217391305,60.0,244.0
2025-02-15,19,2,baseline,2025-03-01,352.0,542.0,147.97521739130437,190.0,244.0
2025-02-15,19,3,ensemble,2025-03-08,271.0,343.0,42.50913043478261,72.0,325.0
2025-02-15,19,3,baseline,2025-03-08,271.0,542.0,221.96347826086955,271.0,325.0
2025-02-15,20,1,ensemble,2025-02-22,401.0,333.0,39.27913043478261,68.0,78.0
2025-02-15,20,1,baseline,2025-02-22,401.0,415.0,9.51913043478261,14.0,78.0
2025-02-15,20,2,ensemble,2025-03-01,305.0,291.0,25.937391304347823,14.0,174.0
2025-02-15,20,2,baseline,2025-03-01,305.0,415.0,72.8804347826087,110.0,174.0
2025-02-15,20,3,ensemble,2025-03-08,251.0,256.0,23.126086956521743,5.0,228.0
2025-02-15,20,3,baseline,2025-03-08,251.0,415.0,114.57869565217393,164.0,228.0
2025-02-15,21,1,ensemble,2025-02-22,883.0,838.0,63.16608695652174,45.0,313.0
2025-02-15,21,1,baseline,2025-02-22,883.0,1030.0,95.60608695652174,147.0,313.0
2025-02-15,21,2,ensemble,2025-03-01,774.0,769.0,67.13304347826087,5.0,422.0
2025-02-15,21,2,baseline,2025-03-01,774.0,1030.0,166.9786956521739,256.0,422.0
2025-02-15,21,3,ensemble,2025-03-08,633.0,719.0,79.56652173913044,86.0,563.0
2025-02-15,21,3,baseline,2025-03-08,633.0,1030.0,277.2804347826087,397.0,563.0
2025-02-15,22,1,ensemble,2025-02-22,330.0,339.0,23.91478260869565,9.0,164.0
2025-02-15,22,1,baseline,2025-02-22,330.0,435.0,66.8682608695652,105.0,164.0
2025-02-15,22,2,ensemble,2025-03-01,359.0,287.0,38.59869565217391,72.0,135.0
2025-02-15,22,2,baseline,2025-03-01,359.0,435.0,43.251739130434785,76.0,135.0
2025-02-15,22,3,ensemble,2025-03-08,398.0,248.0,82.41826086956522,150.0,96.0
2025-02-15,22,3,baseline,2025-03-08,398.0,435.0,24.44347826086957,37.0,96.0
2025-02-15,23,1,ensemble,2025-02-22,265.0,161.0,62.37739130434783,104.0,58.0
2025-02-15,23,1,baseline,2025-02-22,265.0,186.0,60.55217391304348,79.0,58.0
2025-02-15,23,2,ensemble,2025-03-01,208.0,142.0,34.63782608695652,66.0,1.0
2025-02-15,23,2,baseline,2025-03-01,208.0,186.0,12.78521739130435,22.0,1.0
2025-02-15,23,3,ensemble,2025-03-08,200.0,126.0,39.22913043478261,74.0,7.0
2025-02-15,23,3,baseline,2025-03-08,200.0,186.0,8.724347826086957,14.0,7.0
2025-02-15,24,1,ensemble,2025-02-22,761.0,792.0,50.41521739130434,31.0,325.0
2025-02-15,24,1,baseline,2025-02-22,761.0,941.0,132.21565217391307,180.0,325.0
2025-02-15,24,2,ensemble,2025-03-01,548.0,707.0,95.04826086956523,159.0,538.0
2025-02-15,24,2,baseline,2025-03-01,548.0,941.0,330.9226086956522,393.0,538.0
2025-02-15,24,3,ensemble,2025-03-08,379.0,642.0,149.0547826086957,263.0,707.0
2025-02-15,24,3,baseline,2025-03-08,379.0,941.0,490.484347826087,562.0,707.0
2025-02-15,25,1,ensemble,2025-02-22,1292.0,1315.0,74.07217391304349,23.0,288.0
2025-02-15,25,1,baseline,2025-02-22,1292.0,1515.0,147.81913043478264,223.0,288.0
2025-02-15,25,2,ensemble,2025-03-01,1068.0,1168.0,92.4695652173913,100.0,512.0
2025-02-15,25,2,baseline,2025-03-01,1068.0,1515.0,340.31086956521733,447.0,512.0
2025-02-15,25,3,ensemble,2025-03-08,744.0,1036.0,150.9804347826087,292.0,836.0
2025-02-15,25,3,baseline,2025-03-08,744.0,1515.0,646.7804347826086,771.0,836.0
2025-02-15,26,1,ensemble,2025-02-22,1638.0,1368.0,147.3539130434783,270.0,373.0
2025-02-15,26,1,baseline,2025-02-22,1638.0,1581.0,37.740000000000016,57.0,373.0
2025-02-15,26,2,ensemble,2025-03-01,1383.0,1278.0,113.55739130434783,105.0,118.0
2025-02-15,26,2,baseline,2025-03-01,1383.0,1581.0,114.08782608695654,198.0,118.0
2025-02-15,26,3,ensemble,2025-03-08,979.0,1142.0,130.3339130434783,163.0,286.0
2025-02-15,26,3,baseline,2025-03-08,979.0,1581.0,429.37826086956517,602.0,286.0
2025-02-15,27,1,ensemble,2025-02-22,369.0,505.0,76.35217391304349,136.0,320.0
2025-02-15,27,1,baseline,2025-02-22,369.0,673.0,244.94434782608693,304.0,320.0
2025-02-15,27,2,ensemble,2025-03-01,279.0,438.0,83.40086956521738,159.0,410.0
2025-02-15,27,2,baseline,2025-03-01,279.0,673.0,318.44173913043477,394.0,410.0
2025-02-15,27,3,ensemble,2025-03-08,195.0,394.0,103.73260869565219,199.0,494.0
2025-02-15,27,3,baseline,2025-03-08,195.0,673.0,389.78608695652156,478.0,494.0
2025-02-15,28,1,ensemble,2025-02-22,207.0,297.0,48.11913043478261,90.0,260.0
2025-02-15,28,1,baseline,2025-02-22,207.0,366.0,118.39565217391304,159.0,260.0
2025-02-15,28,2,ensemble,2025-03-01,158.0,261.0,58.34478260869565,103.0,309.0
2025-02-15,28,2,baseline,2025-03-01,158.0,366.0,156.87347826086958,208.0,309.0
2025-02-15,28,3,ensemble,2025-03-08,172.0,240.0,38.2395652173913,68.0,295.0
2025-02-15,28,3,baseline,2025-03-08,172.0,366.0,136.69217391304346,194.0,295.0
2025-02-15,29,1,ensemble,2025-02-22,1347.0,663.0,509.4891304347826,684.0,32.0
2025-02-15,29,1,baseline,2025-02-22,1347.0,780.0,472.5208695652173,567.0,32.0
2025-02-15,29,2,ensemble,2025-03-01,861.0,591.0,138.35521739130436,270.0,454.0
2025-02-15,29,2,baseline,2025-03-01,861.0,780.0,48.458260869565216,81.0,454.0
2025-02-15,29,3,ensemble,2025-03-08,692.0,534.0,87.9595652173913,158.0,623.0
2025-02-15,29,3,baseline,2025-03-08,692.0,780.0,52.69347826086957,88.0,623.0
2025-02-15,30,1,ensemble,2025-02-22,195.0,128.0,38.168695652173916,67.0,47.0
2025-02-15,30,1,baseline,2025-02-22,195.0,153.0,27.55652173913044,42.0,47.0
2025-02-15,30,2,ensemble,2025-03-01,186.0,117.0,38.55913043478261,69.0,38.0
2025-02-15,30,2,baseline,2025-03-01,186.0,153.0,19.167391304347824,33.0,38.0
2025-02-15,30,3,ensemble,2025-03-08,151.0,103.0,23.804347826086957,48.0,3.0
2025-02-15,30,3,baseline,2025-03-08,151.0,153.0,5.442173913043479,2.0,3.0
2025-02-15,31,1,ensemble,2025-02-22,294.0,243.0,28.609565217391303,51.0,25.0
2025-02-15,31,1,baseline,2025-02-22,294.0,295.0,3.764347826086957,1.0,25.0
2025-02-15,31,2,ensemble,2025-03-01,197.0,225.0,21.15913043478261,28.0,122.0
2025-02-15,31,2,baseline,2025-03-01,197.0,295.0,72.25565217391306,98.0,122.0
2025-02-15,31,3,ensemble,2025-03-08,153.0,203.0,25.06695652173913,50.0,166.0
2025-02-15,31,3,baseline,2025-03-08,153.0,295.0,112.12521739130433,142.0,166.0
2025-02-15,32,1,ensemble,2025-02-22,117.0,152.0,18.80217391304348,35.0,105.0
2025-02-15,32,1,baseline,2025-02-22,117.0,192.0,48.03217391304348,75.0,105.0
2025-02-15,32,2,ensemble,2025-03-01,97.0,134.0,20.515652173913043,37.0,125.0
2025-02-15,32,2,baseline,2025-03-01,97.0,192.0,58.95434782608695,95.0,125.0
2025-02-15,32,3,ensemble,2025-03-08,79.0,121.0,24.10347826086957,42.0,143.0
2025-02-15,32,3,baseline,2025-03-08,79.0,192.0,69.25,113.0,143.0
2025-02-15,33,1,ensemble,2025-02-22,212.0,136.0,43.39956521739131,76.0,9.0
2025-02-15,33,1,baseline,2025-02-22,212.0,162.0,36.24956521739131,50.0,9.0
2025-02-15,33,2,ensemble,2025-03-01,190.0,126.0,36.140869565217386,64.0,13.0
2025-02-15,33,2,baseline,2025-03-01,190.0,162.0,16.83521739130435,28.0,13.0
2025-02-15,33,3,ensemble,2025-03-08,145.0,116.0,16.78782608695652,29.0,58.0
2025-02-15,33,3,baseline,2025-03-08,145.0,162.0,9.508260869565218,17.0,58.0
2025-02-15,34,1,ensemble,2025-02-22,1205.0,1532.0,167.06695652173914,327.0,683.0
2025-02-15,34,1,baseline,2025-02-22,1205.0,1888.0,564.0704347826087,683.0,683.0
2025-02-15,34,2,ensemble,2025-03-01,938.0,1338.0,222.65565217391304,400.0,950.0
2025-02-15,34,2,baseline,2025-03-01,938.0,1888.0,803.1834782608695,950.0,950.0
2025-02-15,34,3,ensemble,2025-03-08,630.0,1204.0,326.38739130434783,574.0,1258.0
2025-02-15,34,3,baseline,2025-03-08,630.0,1888.0,1089.8039130434784,1258.0,1258.0
2025-02-15,35,1,ensemble,2025-02-22,237.0,102.0,104.56260869565217,135.0,22.0
2025-02-15,35,1,baseline,2025-02-22,237.0,123.0,79.7604347826087,114.0,22.0
2025-02-15,35,2,ensemble,2025-03-01,184.0,87.0,63.4191304347826,97.0,31.0
2025-02-15,35,2,baseline,2025-03-01,184.0,123.0,35.052608695652175,61.0,31.0
2025-02-15,35,3,ensemble,2025-03-08,178.0,71.0,68.20434782608696,107.0,37.0
2025-02-15,35,3,baseline,2025-03-08,178.0,123.0,30.39521739130435,55.0,37.0
2025-02-15,36,1,ensemble,2025-02-22,2025.0,1935.0,141.38304347826087,90.0,920.0
2025-02-15,36,1,baseline,2025-02-22,2025.0,2481.0,300.37260869565216,456.0,920.0
2025-02-15,36,2,ensemble,2025-03-01,1617.0,1627.0,138.31956521739133,10.0,1328.0
2025-02-15,36,2,baseline,2025-03-01,1617.0,2481.0,626.9552173913045,864.0,1328.0
2025-02-15,36,3,ensemble,2025-03-08,1282.0,1386.0,145.53565217391306,104.0,1663.0
2025-02-15,36,3,baseline,2025-03-08,1282.0,2481.0,925.1039130434781,1199.0,1663.0
2025-02-15,37,1,ensemble,2025-02-22,1169.0,1819.0,375.5991304347826,650.0,1111.0
2025-02-15,37,1,baseline,2025-02-22,1169.0,2211.0,927.8091304347824,1042.0,1111.0
2025-02-15,37,2,ensemble,2025-03-01,917.0,1650.0,419.57347826086965,733.0,1363.0
2025-02-15,37,2,baseline,2025-03-01,917.0,2211.0,1153.0321739130436,1294.0,1363.0
2025-02-15,37,3,ensemble,2025-03-08,821.0,1460.0,335.4930434782609,639.0,1459.0
2025-02-15,37,3,baseline,2025-03-08,821.0,2211.0,1224.291304347826,1390.0,1459.0
2025-02-15,38,1,ensemble,2025-02-22,63.0,104.0,22.348260869565216,41.0,64.0
2025-02-15,38,1,baseline,2025-02-22,63.0,123.0,49.678260869565236,60.0,64.0
2025-02-15,38,2,ensemble,2025-03-01,47.0,89.0,24.96608695652174,42.0,80.0
2025-02-15,38,2,baseline,2025-03-01,47.0,123.0,63.2686956521739,76.0,80.0
2025-02-15,38,3,ensemble,2025-03-08,31.0,81.0,31.40086956521739,50.0,96.0
2025-02-15,38,3,baseline,2025-03-08,31.0,123.0,77.32565217391303,92.0,96.0
2025-02-15,39,1,ensemble,2025-02-22,3065.0,2340.0,348.01826086956515,725.0,130.0
2025-02-15,39,1,baseline,2025-02-22,3065.0,2900.0,100.96695652173914,165.0,130.0
2025-02-15,39,2,ensemble,2025-03-01,2540.0,2041.0,251.514347826087,499.0,655.0
2025-02-15,39,2,baseline,2025-03-01,2540.0,2900.0,226.3247826086956,360.0,655.0
2025-02-15,39,3,ensemble,2025-03-08,1882.0,1850.0,181.34304347826088,32.0,1313.0
2025-02-15,39,3,baseline,2025-03-08,1882.0,2900.0,799.2104347826089,1018.0,1313.0
2025-02-15,40,1,ensemble,2025-02-22,493.0,478.0,36.5,15.0,559.0
2025-02-15,40,1,baseline,2025-02-22,493.0,569.0,46.29521739130435,76.0,559.0
2025-02-15,40,2,ensemble,2025-03-01,334.0,393.0,44.26173913043478,59.0,718.0
2025-02-15,40,2,baseline,2025-03-01,334.0,569.0,152.00869565217388,235.0,718.0
2025-02-15,40,3,ensemble,2025-03-08,221.0,331.0,61.090869565217396,110.0,831.0
2025-02-15,40,3,baseline,2025-03-08,221.0,569.0,229.78782608695653,348.0,831.0
2025-02-15,41,1,ensemble,2025-02-22,484.0,416.0,42.0186956521739,68.0,81.0
2025-02-15,41,1,baseline,2025-02-22,484.0,513.0,19.049565217391304,29.0,81.0
2025-02-15,41,2,ensemble,2025-03-01,321.0,356.0,38.62478260869566,35.0,244.0
2025-02-15,41,2,baseline,2025-03-01,321.0,513.0,127.88826086956523,192.0,244.0
2025-02-15,41,3,ensemble,2025-03-08,207.0,324.0,60.75826086956522,117.0,358.0
2025-02-15,41,3,baseline,2025-03-08,207.0,513.0,218.04086956521746,306.0,358.0
2025-02-15,42,1,ensemble,2025-02-22,3579.0,3481.0,213.77478260869572,98.0,684.0
2025-02-15,42,1,baseline,2025-02-22,3579.0,4170.0,418.74739130434784,591.0,684.0
2025-02-15,42,2,ensemble,2025-03-01,3019.0,3024.0,255.56695652173917,5.0,1244.0
2025-02-15,42,2,baseline,2025-03-01,3019.0,4170.0,921.2265217391302,1151.0,1244.0
2025-02-15,42,3,ensemble,2025-03-08,2356.0,2852.0,305.6117391304348,496.0,1907.0
2025-02-15,42,3,baseline,2025-03-08,2356.0,4170.0,1547.0904347826086,1814.0,1907.0
2025-02-15,44,1,ensemble,2025-02-22,131.0,150.0,12.475217391304348,19.0,71.0
2025-02-15,44,1,baseline,2025-02-22,131.0,177.0,35.10434782608696,46.0,71.0
2025-02-15,44,2,ensemble,2025-03-01,107.0,136.0,17.175652173913047,29.0,95.0
2025-02-15,44,2,baseline,2025-03-01,107.0,177.0,56.76260869565218,70.0,95.0
2025-02-15,44,3,ensemble,2025-03-08,65.0,120.0,30.083913043478265,55.0,137.0
2025-02-15,44,3,baseline,2025-03-08,65.0,177.0,96.70739130434785,112.0,137.0
2025-02-15,45,1,ensemble,2025-02-22,474.0,931.0,290.9286956521739,457.0,758.0
2025-02-15,45,1,baseline,2025-02-22,474.0,1148.0,606.8843478260869,674.0,758.0
2025-02-15,45,2,ensemble,2025-03-01,442.0,824.0,226.33478260869563,382.0,790.0
2025-02-15,45,2,baseline,2025-03-01,442.0,1148.0,621.2091304347825,706.0,790.0
2025-02-15,45,3,ensemble,2025-03-08,408.0,760.0,190.17217391304348,352.0,824.0
2025-02-15,45,3,baseline,2025-03-08,408.0,1148.0,642.0056521739131,740.0,824.0
2025-02-15,46,1,ensemble,2025-02-22,110.0,147.0,23.168260869565223,37.0,97.0
2025-02-15,46,1,baseline,2025-02-22,110.0,183.0,59.75043478260869,73.0,97.0
2025-02-15,46,2,ensemble,2025-03-01,89.0,139.0,27.596521739130434,50.0,118.0
2025-02-15,46,2,baseline,2025-03-01,89.0,183.0,77.84173913043477,94.0,118.0
2025-02-15,46,3,ensemble,2025-03-08,53.0,123.0,43.678695652173914,70.0,154.0
2025-02-15,46,3,baseline,2025-03-08,53.0,183.0,111.48260869565219,130.0,154.0
2025-02-15,47,1,ensemble,2025-02-22,531.0,710.0,91.23434782608697,179.0,536.0
2025-02-15,47,1,baseline,2025-02-22,531.0,853.0,232.6495652173913,322.0,536.0
2025-02-15,47,2,ensemble,2025-03-01,526.0,623.0,63.80652173913043,97.0,541.0
2025-02-15,47,2,baseline,2025-03-01,526.0,853.0,221.9008695652174,327.0,541.0
2025-02-15,47,3,ensemble,2025-03-08,477.0,563.0,57.65086956521739,86.0,590.0
2025-02-15,47,3,baseline,2025-03-08,477.0,853.0,252.10521739130436,376.0,590.0
2025-02-15,48,1,ensemble,2025-02-22,1751.0,3268.0,908.0273913043477,1517.0,2447.0
2025-02-15,48,1,baseline,2025-02-22,1751.0,3928.0,1915.970869565217,2177.0,2447.0
2025-02-15,48,2,ensemble,2025-03-01,1528.0,2998.0,843.1543478260868,1470.0,2670.0
2025-02-15,48,2,baseline,2025-03-01,1528.0,3928.0,2078.2491304347823,2400.0,2670.0
2025-02-15,48,3,ensemble,2025-03-08,1208.0,2559.0,792.2734782608696,1351.0,2990.0
2025-02-15,48,3,baseline,2025-03-08,1208.0,3928.0,2349.0573913043486,2720.0,2990.0
2025-02-15,49,1,ensemble,2025-02-22,183.0,168.0,13.731739130434784,15.0,30.0
2025-02-15,49,1,baseline,2025-02-22,183.0,209.0,16.409999999999997,26.0,30.0
2025-02-15,49,2,ensemble,2025-03-01,123.0,148.0,17.122608695652175,25.0,90.0
2025-02-15,49,2,baseline,2025-03-01,123.0,209.0,60.24869565217391,86.0,90.0
2025-02-15,49,3,ensemble,2025-03-08,121.0,131.0,13.761304347826087,10.0,92.0
2025-02-15,49,3,baseline,2025-03-08,121.0,209.0,59.175217391304336,88.0,92.0
2025-02-15,50,1,ensemble,2025-02-22,104.0,99.0,7.283913043478262,5.0,30.0
2025-02-15,50,1,baseline,2025-02-22,104.0,115.0,6.706956521739131,11.0,30.0
2025-02-15,50,2,ensemble,2025-03-01,65.0,94.0,13.943478260869567,29.0,69.0
2025-02-15,50,2,baseline,2025-03-01,65.0,115.0,39.90782608695652,50.0,69.0
2025-02-15,50,3,ensemble,2025-03-08,43.0,86.0,23.745217391304347,43.0,91.0
2025-02-15,50,3,baseline,2025-03-08,43.0,115.0,60.44521739130436,72.0,91.0
2025-02-15,51,1,ensemble,2025-02-22,896.0,944.0,64.90217391304348,48.0,419.0
2025-02-15,51,1,baseline,2025-02-22,896.0,1089.0,127.08826086956523,193.0,419.0
2025-02-15,51,2,ensemble,2025-03-01,714.0,815.0,76.61173913043478,101.0,601.0
2025-02-15,51,2,baseline,2025-03-01,714.0,1089.0,276.5095652173913,375.0,601.0
2025-02-15,51,3,ensemble,2025-03-08,556.0,745.0,107.81304347826087,189.0,759.0
2025-02-15,51,3,baseline,2025-03-08,556.0,1089.0,419.01565217391305,533.0,759.0
2025-02-15,53,1,ensemble,2025-02-22,663.0,604.0,49.04086956521739,59.0,84.0
2025-02-15,53,1,baseline,2025-02-22,663.0,733.0,43.25086956521739,70.0,84.0
2025-02-15,53,2,ensemble,2025-03-01,422.0,530.0,64.81391304347827,108.0,325.0
2025-02-15,53,2,baseline,2025-03-01,422.0,733.0,231.60608695652172,311.0,325.0
2025-02-15,53,3,ensemble,2025-03-08,241.0,467.0,134.36043478260868,226.0,506.0
2025-02-15,53,3,baseline,2025-03-08,241.0,733.0,400.3765217391305,492.0,506.0
2025-02-15,54,1,ensemble,2025-02-22,628.0,365.0,175.5308695652174,263.0,170.0
2025-02-15,54,1,baseline,2025-02-22,628.0,439.0,154.2095652173913,189.0,170.0
2025-02-15,54,2,ensemble,2025-03-01,511.0,326.0,103.8934782608696,185.0,53.0
2025-02-15,54,2,baseline,2025-03-01,511.0,439.0,43.48652173913043,72.0,53.0
2025-02-15,54,3,ensemble,2025-03-08,456.0,292.0,85.45826086956522,164.0,2.0
2025-02-15,54,3,baseline,2025-03-08,456.0,439.0,13.614347826086956,17.0,2.0
2025-02-15,55,1,ensemble,2025-02-22,882.0,871.0,52.05695652173912,11.0,267.0
2025-02-15,55,1,baseline,2025-02-22,882.0,1041.0,109.24782608695655,159.0,267.0
2025-02-15,55,2,ensemble,2025-03-01,781.0,799.0,59.41956521739129,18.0,368.0
2025-02-15,55,2,baseline,2025-03-01,781.0,1041.0,189.16608695652175,260.0,368.0
2025-02-15,55,3,ensemble,2025-03-08,501.0,714.0,114.97217391304348,213.0,648.0
2025-02-15,55,3,baseline,2025-03-08,501.0,1041.0,457.39826086956526,540.0,648.0
2025-02-15,56,1,ensemble,2025-02-22,98.0,50.0,29.916521739130438,48.0,1.0
2025-02-15,56,1,baseline,2025-02-22,98.0,62.0,23.83521739130435,36.0,1.0
2025-02-15,56,2,ensemble,2025-03-01,46.0,46.0,6.464347826086958,0.0,53.0
2025-02-15,56,2,baseline,2025-03-01,46.0,62.0,9.151739130434782,16.0,53.0
2025-02-15,56,3,ensemble,2025-03-08,39.0,39.0,5.993043478260868,0.0,60.0
2025-02-15,56,3,baseline,2025-03-08,39.0,62.0,12.813478260869564,23.0,60.0
2025-02-22,01,1,ensemble,2025-03-01,330.0,301.0,27.866521739130437,29.0,85.0
2025-02-22,01,1,baseline,2025-03-01,330.0,391.0,36.94608695652174,61.0,85.0
2025-02-22,01,2,ensemble,2025-03-08,315.0,248.0,38.67391304347826,67.0,100.0
2025-02-22,01,2,baseline,2025-03-08,315.0,391.0,44.41434782608696,76.0,100.0
2025-02-22,01,3,ensemble,2025-03-15,273.0,201.0,40.60521739130434,72.0,142.0
2025-02-22,01,3,baseline,2025-03-15,273.0,391.0,66.79434782608696,118.0,142.0
2025-02-22,02,1,ensemble,2025-03-01,56.0,33.0,13.666521739130435,23.0,6.0
2025-02-22,02,1,baseline,2025-03-01,56.0,38.0,11.657391304347826,18.0,6.0
2025-02-22,02,2,ensemble,2025-03-08,58.0,30.0,16.29173913043478,28.0,8.0
2025-02-22,02,2,baseline,2025-03-08,58.0,38.0,12.300869565217392,20.0,8.0
2025-02-22,02,3,ensemble,2025-03-15,32.0,27.0,4.293478260869565,5.0,18.0
2025-02-22,02,3,baseline,2025-03-15,32.0,38.0,3.834782608695652,6.0,18.0
2025-02-22,04,1,ensemble,2025-03-01,621.0,497.0,70.33130434782608,124.0,58.0
2025-02-22,04,1,baseline,2025-03-01,621.0,708.0,55.18304347826088,87.0,58.0
2025-02-22,04,2,ensemble,2025-03-08,468.0,419.0,54.20130434782609,49.0,211.0
2025-02-22,04,2,baseline,2025-03-08,468.0,708.0,139.8065217391305,240.0,211.0
2025-02-22,04,3,ensemble,2025-03-15,359.0,396.0,56.43217391304347,37.0,320.0
2025-02-22,04,3,baseline,2025-03-15,359.0,708.0,204.56826086956525,349.0,320.0
2025-02-22,05,1,ensemble,2025-03-01,350.0,320.0,27.08391304347826,30.0,164.0
2025-02-22,05,1,baseline,2025-03-01,350.0,407.0,33.15739130434783,57.0,164.0
2025-02-22,05,2,ensemble,2025-03-08,325.0,240.0,47.740434782608695,85.0,189.0
2025-02-22,05,2,baseline,2025-03-08,325.0,407.0,47.41826086956522,82.0,189.0
2025-02-22,05,3,ensemble,2025-03-15,229.0,230.0,25.676956521739132,1.0,285.0
2025-02-22,05,3,baseline,2025-03-15,229.0,407.0,114.18478260869566,178.0,285.0
2025-02-22,06,1,ensemble,2025-03-01,1412.0,2016.0,342.7139130434782,604.0,1230.0
2025-02-22,06,1,baseline,2025-03-01,1412.0,2563.0,829.3443478260868,1151.0,1230.0
2025-02-22,06,2,ensemble,2025-03-08,1041.0,1791.0,411.47521739130434,750.0,1601.0
2025-02-22,06,2,baseline,2025-03-08,1041.0,2563.0,1125.2282608695652,1522.0,1601.0
2025-02-22,06,3,ensemble,2025-03-15,959.0,1605.0,336.32043478260874,646.0,1683.0
2025-02-22,06,3,baseline,2025-03-15,959.0,2563.0,1141.0308695652172,1604.0,1683.0
2025-02-22,08,1,ensemble,2025-03-01,381.0,453.0,41.00869565217391,72.0,202.0
2025-02-22,08,1,baseline,2025-03-01,381.0,573.0,138.90826086956525,192.0,202.0
2025-02-22,08,2,ensemble,2025-03-08,311.0,418.0,52.5913043478261,107.0,272.0
2025-02-22,08,2,baseline,2025-03-08,311.0,573.0,190.09695652173912,262.0,272.0
2025-02-22,08,3,ensemble,2025-03-15,215.0,374.0,87.44608695652173,159.0,368.0
2025-02-22,08,3,baseline,2025-03-15,215.0,573.0,271.8821739130435,358.0,368.0
2025-02-22,09,1,ensemble,2025-03-01,278.0,402.0,65.52695652173912,124.0,221.0
2025-02-22,09,1,baseline,2025-03-01,278.0,499.0,178.38260869565218,221.0,221.0
2025-02-22,09,2,ensemble,2025-03-08,187.0,362.0,91.41304347826089,175.0,312.0
2025-02-22,09,2,baseline,2025-03-08,187.0,499.0,259.4352173913044,312.0,312.0
2025-02-22,09,3,ensemble,2025-03-15,147.0,324.0,96.58217391304349,177.0,352.0
2025-02-22,09,3,baseline,2025-03-15,147.0,499.0,291.25608695652176,352.0,352.0
2025-02-22,10,1,ensemble,2025-03-01,88.0,120.0,15.44826086956522,32.0,72.0
2025-02-22,10,1,baseline,2025-03-01,88.0,160.0,54.76869565217392,72.0,72.0
2025-02-22,10,2,ensemble,2025-03-08,55.0,105.0,24.636086956521748,50.0,105.0
2025-02-22,10,2,baseline,2025-03-08,55.0,160.0,81.49173913043478,105.0,105.0
2025-02-22,10,3,ensemble,2025-03-15,45.0,84.0,23.670434782608694,39.0,115.0
2025-02-22,10,3,baseline,2025-03-15,45.0,160.0,88.01739130434783,115.0,115.0
2025-02-22,11,1,ensemble,2025-03-01,113.0,60.0,28.605217391304347,53.0,30.0
2025-02-22,11,1,baseline,2025-03-01,113.0,64.0,35.47521739130435,49.0,30.0
2025-02-22,11,2,ensemble,2025-03-08,103.0,57.0,24.502608695652178,46.0,20.0
2025-02-22,11,2,baseline,2025-03-08,103.0,64.0,25.492173913043484,39.0,20.0
2025-02-22,11,3,ensemble,2025-03-15,81.0,42.0,18.252173913043475,39.0,2.0
2025-02-22,11,3,baseline,2025-03-15,81.0,64.0,9.866521739130436,17.0,2.0
2025-02-22,12,1,ensemble,2025-03-01,1548.0,1817.0,154.76739130434785,269.0,888.0
2025-02-22,12,1,baseline,2025-03-01,1548.0,2270.0,528.4526086956521,722.0,888.0
2025-02-22,12,2,ensemble,2025-03-08,1243.0,1602.0,208.19956521739132,359.0,1193.0
2025-02-22,12,2,baseline,2025-03-08,1243.0,2270.0,785.8330434782612,1027.0,1193.0
2025-02-22,12,3,ensemble,2025-03-15,1072.0,1469.0,197.23391304347825,397.0,1364.0
2025-02-22,12,3,baseline,2025-03-15,1072.0,2270.0,920.756956521739,1198.0,1364.0
2025-02-22,13,1,ensemble,2025-03-01,437.0,355.0,51.943913043478275,82.0,297.0
2025-02-22,13,1,baseline,2025-03-01,437.0,409.0,23.94173913043478,28.0,297.0
2025-02-22,13,2,ensemble,2025-03-08,396.0,315.0,54.50913043478263,81.0,338.0
2025-02-22,13,2,baseline,2025-03-08,396.0,409.0,27.48434782608696,13.0,338.0
2025-02-22,13,3,ensemble,2025-03-15,365.0,258.0,66.97173913043478,107.0,369.0
2025-02-22,13,3,baseline,2025-03-15,365.0,409.0,40.43913043478261,44.0,369.0
2025-02-22,15,1,ensemble,2025-03-01,67.0,66.0,4.479130434782609,1.0,12.0
2025-02-22,15,1,baseline,2025-03-01,67.0,79.0,6.86608695652174,12.0,12.0
2025-02-22,15,2,ensemble,2025-03-08,63.0,60.0,5.345652173913043,3.0,16.0
2025-02-22,15,2,baseline,2025-03-08,63.0,79.0,9.128695652173915,16.0,16.0
2025-02-22,15,3,ensemble,2025-03-15,56.0,57.0,5.888695652173913,1.0,23.0
2025-02-22,15,3,baseline,2025-03-15,56.0,79.0,13.761739130434782,23.0,23.0
2025-02-22,16,1,ensemble,2025-03-01,124.0,105.0,12.087391304347825,19.0,28.0
2025-02-22,16,1,baseline,2025-03-01,124.0,125.0,5.50608695652174,1.0,28.0
2025-02-22,16,2,ensemble,2025-03-08,90.0,92.0,9.600434782608696,2.0,62.0
2025-02-22,16,2,baseline,2025-03-08,90.0,125.0,20.36434782608696,35.0,62.0
2025-02-22,16,3,ensemble,2025-03-15,99.0,84.0,12.963913043478264,15.0,53.0
2025-02-22,16,3,baseline,2025-03-15,99.0,125.0,16.498260869565218,26.0,53.0
2025-02-22,17,1,ensemble,2025-03-01,1301.0,1379.0,97.30217391304348,78.0,757.0
2025-02-22,17,1,baseline,2025-03-01,1301.0,1779.0,348.2582608695652,478.0,757.0
2025-02-22,17,2,ensemble,2025-03-08,956.0,1250.0,158.65739130434784,294.0,1102.0
2025-02-22,17,2,baseline,2025-03-08,956.0,1779.0,660.2160869565217,823.0,1102.0
2025-02-22,17,3,ensemble,2025-03-15,695.0,1115.0,234.16173913043477,420.0,1363.0
2025-02-22,17,3,baseline,2025-03-15,695.0,1779.0,896.293043478261,1084.0,1363.0
2025-02-22,18,1,ensemble,2025-03-01,1156.0,1242.0,91.98869565217392,86.0,514.0
2025-02-22,18,1,baseline,2025-03-01,1156.0,1570.0,310.41173913043474,414.0,514.0
2025-02-22,18,2,ensemble,2025-03-08,871.0,1051.0,121.24913043478259,180.0,799.0
2025-02-22,18,2,baseline,2025-03-08,871.0,1570.0,566.0060869565217,699.0,799.0
2025-02-22,18,3,ensemble,2025-03-15,580.0,961.0,185.81608695652176,381.0,1090.0
2025-02-22,18,3,baseline,2025-03-15,580.0,1570.0,838.4247826086956,990.0,1090.0
2025-02-22,19,1,ensemble,2025-03-01,352.0,375.0,24.784782608695654,23.0,146.0
2025-02-22,19,1,baseline,2025-03-01,352.0,456.0,70.89173913043477,104.0,146.0
2025-02-22,19,2,ensemble,2025-03-08,271.0,318.0,33.450434782608696,47.0,227.0
2025-02-22,19,2,baseline,2025-03-08,271.0,456.0,140.28913043478263,185.0,227.0
2025-02-22,19,3,ensemble,2025-03-15,187.0,273.0,42.44826086956522,86.0,311.0
2025-02-22,19,3,baseline,2025-03-15,187.0,456.0,216.70043478260868,269.0,311.0
2025-02-22,20,1,ensemble,2025-03-01,305.0,344.0,29.390869565217393,39.0,214.0
2025-02-22,20,1,baseline,2025-03-01,305.0,445.0,103.9995652173913,140.0,214.0
2025-02-22,20,2,ensemble,2025-03-08,251.0,298.0,33.05913043478262,47.0,268.0
2025-02-22,20,2,baseline,2025-03-08,251.0,445.0,149.29043478260868,194.0,268.0
2025-02-22,20,3,ensemble,2025-03-15,164.0,268.0,54.4595652173913,104.0,355.0
2025-02-22,20,3,baseline,2025-03-15,164.0,445.0,229.68869565217392,281.0,355.0
2025-02-22,21,1,ensemble,2025-03-01,774.0,803.0,60.30782608695652,29.0,429.0
2025-02-22,21,1,baseline,2025-03-01,774.0,1025.0,173.95043478260868,251.0,429.0
2025-02-22,21,2,ensemble,2025-03-08,633.0,703.0,65.75869565217393,70.0,570.0
2025-02-22,21,2,baseline,2025-03-08,633.0,1025.0,283.1926086956521,392.0,570.0
2025-02-22,21,3,ensemble,2025-03-15,494.0,614.0,83.04565217391306,120.0,709.0
2025-02-22,21,3,baseline,2025-03-15,494.0,1025.0,404.3147826086956,531.0,709.0
2025-02-22,22,1,ensemble,2025-03-01,359.0,224.0,83.19347826086955,135.0,28.0
2025-02-22,22,1,baseline,2025-03-01,359.0,293.0,39.52347826086957,66.0,28.0
2025-02-22,22,2,ensemble,2025-03-08,398.0,199.0,131.24739130434781,199.0,11.0
2025-02-22,22,2,baseline,2025-03-08,398.0,293.0,61.736956521739145,105.0,11.0
2025-02-22,22,3,ensemble,2025-03-15,327.0,172.0,93.62391304347825,155.0,60.0
2025-02-22,22,3,baseline,2025-03-15,327.0,293.0,24.007826086956523,34.0,60.0
2025-02-22,23,1,ensemble,2025-03-01,208.0,211.0,14.834347826086955,3.0,62.0
2025-02-22,23,1,baseline,2025-03-01,208.0,259.0,34.46521739130434,51.0,62.0
2025-02-22,23,2,ensemble,2025-03-08,200.0,184.0,16.525217391304352,16.0,70.0
2025-02-22,23,2,baseline,2025-03-08,200.0,259.0,38.4708695652174,59.0,70.0
2025-02-22,23,3,ensemble,2025-03-15,115.0,151.0,25.10347826086957,36.0,155.0
2025-02-22,23,3,baseline,2025-03-15,115.0,259.0,116.53391304347826,144.0,155.0
2025-02-22,24,1,ensemble,2025-03-01,548.0,722.0,94.27956521739128,174.0,533.0
2025-02-22,24,1,baseline,2025-03-01,548.0,914.0,313.86782608695654,366.0,533.0
2025-02-22,24,2,ensemble,2025-03-08,379.0,631.0,155.19869565217394,252.0,702.0
2025-02-22,24,2,baseline,2025-03-08,379.0,914.0,471.91826086956524,535.0,702.0
2025-02-22,24,3,ensemble,2025-03-15,291.0,562.0,159.1895652173913,271.0,790.0
2025-02-22,24,3,baseline,2025-03-15,291.0,914.0,550.2265217391305,623.0,790.0
2025-02-22,25,1,ensemble,2025-03-01,1068.0,822.0,126.67782608695653,246.0,380.0
2025-02-22,25,1,baseline,2025-03-01,1068.0,1109.0,28.081739130434784,41.0,380.0
2025-02-22,25,2,ensemble,2025-03-08,744.0,702.0,55.823913043478264,42.0,704.0
2025-02-22,25,2,baseline,2025-03-08,744.0,1109.0,250.81913043478266,365.0,704.0
2025-02-22,25,3,ensemble,2025-03-15,416.0,626.0,104.65913043478263,210.0,1032.0
2025-02-22,25,3,baseline,2025-03-15,416.0,1109.0,554.554347826087,693.0,1032.0
2025-02-22,26,1,ensemble,2025-03-01,1383.0,1100.0,142.3478260869565,283.0,129.0
2025-02-22,26,1,baseline,2025-03-01,1383.0,1320.0,39.54347826086957,63.0,129.0
2025-02-22,26,2,ensemble,2025-03-08,979.0,1002.0,85.27565217391304,23.0,533.0
2025-02-22,26,2,baseline,2025-03-08,979.0,1320.0,218.9095652173913,341.0,533.0
2025-02-22,26,3,ensemble,2025-03-15,715.0,857.0,109.60739130434781,142.0,797.0
2025-02-22,26,3,baseline,2025-03-15,715.0,1320.0,444.4960869565217,605.0,797.0
2025-02-22,27,1,ensemble,2025-03-01,279.0,303.0,33.11869565217391,24.0,207.0
2025-02-22,27,1,baseline,2025-03-01,279.0,470.0,138.06434782608696,191.0,207.0
2025-02-22,27,2,ensemble,2025-03-08,195.0,259.0,38.83608695652175,64.0,291.0
2025-02-22,27,2,baseline,2025-03-08,195.0,470.0,201.34217391304352,275.0,291.0
2025-02-22,27,3,ensemble,2025-03-15,158.0,241.0,43.42173913043478,83.0,328.0
2025-02-22,27,3,baseline,2025-03-15,158.0,470.0,224.50391304347826,312.0,328.0
2025-02-22,28,1,ensemble,2025-03-01,158.0,194.0,19.66217391304348,36.0,107.0
2025-02-22,28,1,baseline,2025-03-01,158.0,247.0,57.8295652173913,89.0,107.0
2025-02-22,28,2,ensemble,2025-03-08,172.0,180.0,16.67739130434783,8.0,93.0
2025-02-22,28,2,baseline,2025-03-08,172.0,247.0,44.36347826086957,75.0,93.0
2025-02-22,28,3,ensemble,2025-03-15,190.0,163.0,20.38913043478261,27.0,75.0
2025-02-22,28,3,baseline,2025-03-15,190.0,247.0,31.997391304347833,57.0,75.0
2025-02-22,29,1,ensemble,2025-03-01,861.0,731.0,73.70782608695652,130.0,551.0
2025-02-22,29,1,baseline,2025-03-01,861.0,913.0,33.313043478260866,52.0,551.0
2025-02-22,29,2,ensemble,2025-03-08,692.0,630.0,55.86956521739131,62.0,720.0
2025-02-22,29,2,baseline,2025-03-08,692.0,913.0,135.82739130434783,221.0,720.0
2025-02-22,29,3,ensemble,2025-03-15,440.0,574.0,76.59478260869565,134.0,972.0
2025-02-22,29,3,baseline,2025-03-15,440.0,913.0,333.6921739130435,473.0,972.0
2025-02-22,30,1,ensemble,2025-03-01,186.0,100.0,54.80391304347826,86.0,37.0
2025-02-22,30,1,baseline,2025-03-01,186.0,121.0,48.78,65.0,37.0
2025-02-22,30,2,ensemble,2025-03-08,151.0,89.0,34.52869565217391,62.0,2.0
2025-02-22,30,2,baseline,2025-03-08,151.0,121.0,17.02869565217391,30.0,2.0
2025-02-22,30,3,ensemble,2025-03-15,118.0,76.0,21.61652173913044,42.0,31.0
2025-02-22,30,3,baseline,2025-03-15,118.0,121.0,5.810000000000001,3.0,31.0
2025-02-22,31,1,ensemble,2025-03-01,197.0,245.0,25.016086956521743,48.0,114.0
2025-02-22,31,1,baseline,2025-03-01,197.0,300.0,82.83391304347825,103.0,114.0
2025-02-22,31,2,ensemble,2025-03-08,153.0,218.0,35.55304347826087,65.0,158.0
2025-02-22,31,2,baseline,2025-03-08,153.0,300.0,121.48217391304351,147.0,158.0
2025-02-22,31,3,ensemble,2025-03-15,80.0,186.0,65.4682608695652,106.0,231.0
2025-02-22,31,3,baseline,2025-03-15,80.0,300.0,190.4604347826088,220.0,231.0
2025-02-22,32,1,ensemble,2025-03-01,97.0,106.0,9.231304347826086,9.0,50.0
2025-02-22,32,1,baseline,2025-03-01,97.0,139.0,24.897826086956524,42.0,50.0
2025-02-22,32,2,ensemble,2025-03-08,79.0,92.0,10.913478260869566,13.0,68.0
2025-02-22,32,2,baseline,2025-03-08,79.0,139.0,34.38956521739131,60.0,68.0
2025-02-22,32,3,ensemble,2025-03-15,88.0,80.0,9.625217391304348,8.0,59.0
2025-02-22,32,3,baseline,2025-03-15,88.0,139.0,28.532173913043483,51.0,59.0
2025-02-22,33,1,ensemble,2025-03-01,190.0,90.0,74.24391304347826,100.0,15.0
2025-02-22,33,1,baseline,2025-03-01,190.0,107.0,67.71130434782609,83.0,15.0
2025-02-22,33,2,ensemble,2025-03-08,145.0,80.0,38.09173913043478,65.0,60.0
2025-02-22,33,2,baseline,2025-03-08,145.0,107.0,23.995652173913047,38.0,60.0
2025-02-22,33,3,ensemble,2025-03-15,79.0,70.0,8.730000000000002,9.0,126.0
2025-02-22,33,3,baseline,2025-03-15,79.0,107.0,16.04173913043478,28.0,126.0
2025-02-22,34,1,ensemble,2025-03-01,938.0,1166.0,124.35000000000001,228.0,579.0
2025-02-22,34,1,baseline,2025-03-01,938.0,1517.0,454.1747826086956,579.0,579.0
2025-02-22,34,2,ensemble,2025-03-08,630.0,1022.0,217.75913043478258,392.0,887.0
2025-02-22,34,2,baseline,2025-03-08,630.0,1517.0,733.551304347826,887.0,887.0
2025-02-22,34,3,ensemble,2025-03-15,465.0,883.0,241.21217391304347,418.0,1052.0
2025-02-22,34,3,baseline,2025-03-15,465.0,1517.0,875.4008695652172,1052.0,1052.0
2025-02-22,35,1,ensemble,2025-03-01,184.0,105.0,50.693913043478275,79.0,64.0
2025-02-22,35,1,baseline,2025-03-01,184.0,130.0,32.85347826086957,54.0,64.0
2025-02-22,35,2,ensemble,2025-03-08,178.0,85.0,58.46739130434783,93.0,70.0
2025-02-22,35,2,baseline,2025-03-08,178.0,130.0,27.496521739130444,48.0,70.0
2025-02-22,35,3,ensemble,2025-03-15,146.0,72.0,41.58608695652175,74.0,102.0
2025-02-22,35,3,baseline,2025-03-15,146.0,130.0,13.907826086956522,16.0,102.0
2025-02-22,36,1,ensemble,2025-03-01,1617.0,1738.0,138.91434782608695,121.0,882.0
2025-02-22,36,1,baseline,2025-03-01,1617.0,2260.0,462.29173913043485,643.0,882.0
2025-02-22,36,2,ensemble,2025-03-08,1282.0,1575.0,167.1113043478261,293.0,1217.0
2025-02-22,36,2,baseline,2025-03-08,1282.0,2260.0,739.1034782608695,978.0,1217.0
2025-02-22,36,3,ensemble,2025-03-15,1109.0,1336.0,162.5113043478261,227.0,1390.0
2025-02-22,36,3,baseline,2025-03-15,1109.0,2260.0,875.1282608695652,1151.0,1390.0
2025-02-22,37,1,ensemble,2025-03-01,917.0,1098.0,106.93434782608695,181.0,773.0
2025-02-22,37,1,baseline,2025-03-01,917.0,1523.0,476.61260869565234,606.0,773.0
2025-02-22,37,2,ensemble,2025-03-08,821.0,894.0,85.36695652173913,73.0,869.0
2025-02-22,37,2,baseline,2025-03-08,821.0,1523.0,540.1134782608696,702.0,869.0
2025-02-22,37,3,ensemble,2025-03-15,665.0,787.0,94.83826086956523,122.0,1025.0
2025-02-22,37,3,baseline,2025-03-15,665.0,1523.0,668.7882608695653,858.0,1025.0
2025-02-22,38,1,ensemble,2025-03-01,47.0,62.0,8.182173913043478,15.0,38.0
2025-02-22,38,1,baseline,2025-03-01,47.0,79.0,21.441739130434787,32.0,38.0
2025-02-22,38,2,ensemble,2025-03-08,31.0,55.0,13.826086956521737,24.0,54.0
2025-02-22,38,2,baseline,2025-03-08,31.0,79.0,34.28521739130434,48.0,54.0
2025-02-22,38,3,ensemble,2025-03-15,36.0,54.0,9.368260869565217,18.0,49.0
2025-02-22,38,3,baseline,2025-03-15,36.0,79.0,28.095652173913034,43.0,49.0
2025-02-22,39,1,ensemble,2025-03-01,2540.0,2924.0,211.9004347826087,384.0,989.0
2025-02-22,39,1,baseline,2025-03-01,2540.0,3307.0,602.0386956521739,767.0,989.0
2025-02-22,39,2,ensemble,2025-03-08,1882.0,2510.0,336.0813043478261,628.0,1647.0
2025-02-22,39,2,baseline,2025-03-08,1882.0,3307.0,1225.1060869565215,1425.0,1647.0
2025-02-22,39,3,ensemble,2025-03-15,1321.0,2270.0,539.2421739130435,949.0,2208.0
2025-02-22,39,3,baseline,2025-03-15,1321.0,3307.0,1755.540869565218,1986.0,2208.0
2025-02-22,40,1,ensemble,2025-03-01,334.0,386.0,35.60521739130434,52.0,452.0
2025-02-22,40,1,baseline,2025-03-01,334.0,504.0,111.38391304347826,170.0,452.0
2025-02-22,40,2,ensemble,2025-03-08,221.0,304.0,47.11217391304348,83.0,565.0
2025-02-22,40,2,baseline,2025-03-08,221.0,504.0,187.33869565217395,283.0,565.0
2025-02-22,40,3,ensemble,2025-03-15,143.0,244.0,61.45,101.0,643.0
2025-02-22,40,3,baseline,2025-03-15,143.0,504.0,239.15913043478264,361.0,643.0
2025-02-22,41,1,ensemble,2025-03-01,321.0,334.0,23.963478260869564,13.0,179.0
2025-02-22,41,1,baseline,2025-03-01,321.0,448.0,85.48391304347827,127.0,179.0
2025-02-22,41,2,ensemble,2025-03-08,207.0,285.0,41.00956521739131,78.0,293.0
2025-02-22,41,2,baseline,2025-03-08,207.0,448.0,166.07304347826087,241.0,293.0
2025-02-22,41,3,ensemble,2025-03-15,184.0,254.0,38.85434782608696,70.0,316.0
2025-02-22,41,3,baseline,2025-03-15,184.0,448.0,178.0369565217391,264.0,316.0
2025-02-22,42,1,ensemble,2025-03-01,3019.0,3367.0,258.9608695652174,348.0,1299.0
2025-02-22,42,1,baseline,2025-03-01,3019.0,4290.0,1080.0069565217393,1271.0,1299.0
2025-02-22,42,2,ensemble,2025-03-08,2356.0,3140.0,409.7278260869566,784.0,1962.0
2025-02-22,42,2,baseline,2025-03-08,2356.0,4290.0,1704.3886956521737,1934.0,1962.0
2025-02-22,42,3,ensemble,2025-03-15,1618.0,3025.0,649.6469565217393,1407.0,2700.0
2025-02-22,42,3,baseline,2025-03-15,1618.0,4290.0,2407.862173913043,2672.0,2700.0
2025-02-22,44,1,ensemble,2025-03-01,107.0,130.0,13.83869565217391,23.0,73.0
2025-02-22,44,1,baseline,2025-03-01,107.0,170.0,51.351304347826094,63.0,73.0
2025-02-22,44,2,ensemble,2025-03-08,65.0,111.0,27.15521739130435,46.0,115.0
2025-02-22,44,2,baseline,2025-03-08,65.0,170.0,90.68347826086956,105.0,115.0
2025-02-22,44,3,ensemble,2025-03-15,68.0,95.0,15.719130434782608,27.0,112.0
2025-02-22,44,3,baseline,2025-03-15,68.0,170.0,85.70521739130434,102.0,112.0
2025-02-22,45,1,ensemble,2025-03-01,442.0,506.0,45.50913043478261,64.0,248.0
2025-02-22,45,1,baseline,2025-03-01,442.0,686.0,174.91000000000003,244.0,248.0
2025-02-22,45,2,ensemble,2025-03-08,408.0,424.0,40.280869565217394,16.0,282.0
2025-02-22,45,2,baseline,2025-03-08,408.0,686.0,190.75869565217386,278.0,282.0
2025-02-22,45,3,ensemble,2025-03-15,269.0,368.0,61.193913043478254,99.0,421.0
2025-02-22,45,3,baseline,2025-03-15,269.0,686.0,299.53521739130434,417.0,421.0
2025-02-22,46,1,ensemble,2025-03-01,89.0,137.0,27.209999999999997,48.0,94.0
2025-02-22,46,1,baseline,2025-03-01,89.0,170.0,66.9704347826087,81.0,94.0
2025-02-22,46,2,ensemble,2025-03-08,53.0,122.0,42.461739130434786,69.0,130.0
2025-02-22,46,2,baseline,2025-03-08,53.0,170.0,99.63739130434784,117.0,130.0
2025-02-22,46,3,ensemble,2025-03-15,26.0,102.0,53.90260869565218,76.0,157.0
2025-02-22,46,3,baseline,2025-03-15,26.0,170.0,124.3121739130435,144.0,157.0
2025-02-22,47,1,ensemble,2025-03-01,526.0,534.0,36.06217391304347,8.0,173.0
2025-02-22,47,1,baseline,2025-03-01,526.0,670.0,90.39304347826086,144.0,173.0
2025-02-22,47,2,ensemble,2025-03-08,477.0,480.0,38.72826086956522,3.0,222.0
2025-02-22,47,2,baseline,2025-03-08,477.0,670.0,117.19391304347828,193.0,222.0
2025-02-22,47,3,ensemble,2025-03-15,461.0,427.0,42.69130434782609,34.0,238.0
2025-02-22,47,3,baseline,2025-03-15,461.0,670.0,122.68739130434783,209.0,238.0
2025-02-22,48,1,ensemble,2025-03-01,1528.0,1816.0,184.41739130434783,288.0,957.0
2025-02-22,48,1,baseline,2025-03-01,1528.0,2244.0,478.6804347826088,716.0,957.0
2025-02-22,48,2,ensemble,2025-03-08,1208.0,1716.0,259.72782608695655,508.0,1277.0
2025-02-22,48,2,baseline,2025-03-08,1208.0,2244.0,703.6143478260869,1036.0,1277.0
2025-02-22,48,3,ensemble,2025-03-15,905.0,1528.0,308.66782608695655,623.0,1580.0
2025-02-22,48,3,baseline,2025-03-15,905.0,2244.0,925.9308695652172,1339.0,1580.0
2025-02-22,49,1,ensemble,2025-03-01,123.0,155.0,17.629130434782613,32.0,78.0
2025-02-22,49,1,baseline,2025-03-01,123.0,201.0,57.67608695652175,78.0,78.0
2025-02-22,49,2,ensemble,2025-03-08,121.0,135.0,14.264347826086958,14.0,80.0
2025-02-22,49,2,baseline,2025-03-08,121.0,201.0,55.36260869565217,80.0,80.0
2025-02-22,49,3,ensemble,2025-03-15,102.0,121.0,14.878260869565217,19.0,99.0
2025-02-22,49,3,baseline,2025-03-15,102.0,201.0,68.33826086956523,99.0,99.0
2025-02-22,50,1,ensemble,2025-03-01,65.0,85.0,9.05695652173913,20.0,50.0
2025-02-22,50,1,baseline,2025-03-01,65.0,98.0,24.43739130434783,33.0,50.0
2025-02-22,50,2,ensemble,2025-03-08,43.0,72.0,15.775652173913043,29.0,72.0
2025-02-22,50,2,baseline,2025-03-08,43.0,98.0,43.85565217391305,55.0,72.0
2025-02-22,50,3,ensemble,2025-03-15,32.0,61.0,17.579999999999995,29.0,83.0
2025-02-22,50,3,baseline,2025-03-15,32.0,98.0,53.286956521739135,66.0,83.0
2025-02-22,51,1,ensemble,2025-03-01,714.0,921.0,95.30739130434783,207.0,476.0
2025-02-22,51,1,baseline,2025-03-01,714.0,1077.0,280.80304347826086,363.0,476.0
2025-02-22,51,2,ensemble,2025-03-08,556.0,824.0,135.2013043478261,268.0,634.0
2025-02-22,51,2,baseline,2025-03-08,556.0,1077.0,420.82782608695646,521.0,634.0
2025-02-22,51,3,ensemble,2025-03-15,514.0,699.0,108.31000000000003,185.0,676.0
2025-02-22,51,3,baseline,2025-03-15,514.0,1077.0,447.5730434782609,563.0,676.0
2025-02-22,53,1,ensemble,2025-03-01,422.0,457.0,35.824347826086964,35.0,237.0
2025-02-22,53,1,baseline,2025-03-01,422.0,583.0,107.84782608695654,161.0,237.0
2025-02-22,53,2,ensemble,2025-03-08,241.0,392.0,79.52652173913043,151.0,418.0
2025-02-22,53,2,baseline,2025-03-08,241.0,583.0,255.70043478260865,342.0,418.0
2025-02-22,53,3,ensemble,2025-03-15,191.0,339.0,84.10000000000002,148.0,468.0
2025-02-22,53,3,baseline,2025-03-15,191.0,583.0,292.2991304347826,392.0,468.0
2025-02-22,54,1,ensemble,2025-03-01,511.0,503.0,35.040000000000006,8.0,106.0
2025-02-22,54,1,baseline,2025-03-01,511.0,614.0,70.3295652173913,103.0,106.0
2025-02-22,54,2,ensemble,2025-03-08,456.0,453.0,38.622608695652175,3.0,161.0
2025-02-22,54,2,baseline,2025-03-08,456.0,614.0,111.90956521739129,158.0,161.0
2025-02-22,54,3,ensemble,2025-03-15,347.0,418.0,48.676086956521736,71.0,270.0
2025-02-22,54,3,baseline,2025-03-15,347.0,614.0,211.70869565217393,267.0,270.0
2025-02-22,55,1,ensemble,2025-03-01,781.0,818.0,47.949999999999996,37.0,278.0
2025-02-22,55,1,baseline,2025-03-01,781.0,1030.0,189.0052173913043,249.0,278.0
2025-02-22,55,2,ensemble,2025-03-08,501.0,724.0,126.23260869565217,223.0,558.0
2025-02-22,55,2,baseline,2025-03-08,501.0,1030.0,455.33521739130424,529.0,558.0
2025-02-22,55,3,ensemble,2025-03-15,326.0,603.0,156.6291304347826,277.0,733.0
2025-02-22,55,3,baseline,2025-03-15,326.0,1030.0,618.4878260869566,704.0,733.0
2025-02-22,56,1,ensemble,2025-03-01,46.0,54.0,5.769565217391306,8.0,26.0
2025-02-22,56,1,baseline,2025-03-01,46.0,70.0,14.666086956521744,24.0,26.0
2025-02-22,56,2,ensemble,2025-03-08,39.0,49.0,7.720434782608694,10.0,33.0
2025-02-22,56,2,baseline,2025-03-08,39.0,70.0,18.592173913043478,31.0,33.0
2025-02-22,56,3,ensemble,2025-03-15,44.0,48.0,6.648260869565219,4.0,28.0
2025-02-22,56,3,baseline,2025-03-15,44.0,70.0,14.460869565217392,26.0,28.0
2025-03-01,01,1,ensemble,2025-03-08,315.0,203.0,66.37043478260868,112.0,32.0
2025-03-01,01,1,baseline,2025-03-08,315.0,274.0,25.369565217391305,41.0,32.0
2025-03-01,01,2,ensemble,2025-03-15,273.0,163.0,62.52565217391305,110.0,10.0
2025-03-01,01,2,baseline,2025-03-15,273.0,274.0,16.248260869565218,1.0,10.0
2025-03-01,01,3,ensemble,2025-03-22,193.0,128.0,37.10782608695653,65.0,90.0
2025-03-01,01,3,baseline,2025-03-22,193.0,274.0,46.083043478260876,81.0,90.0
2025-03-01,02,1,ensemble,2025-03-08,58.0,38.0,11.07913043478261,20.0,9.0
2025-03-01,02,1,baseline,2025-03-08,58.0,46.0,7.179130434782609,12.0,9.0
2025-03-01,02,2,ensemble,2025-03-15,32.0,34.0,4.067826086956522,2.0,17.0
2025-03-01,02,2,baseline,2025-03-15,32.0,46.0,8.109565217391303,14.0,17.0
2025-03-01,02,3,ensemble,2025-03-22,23.0,31.0,4.6521739130434785,8.0,26.0
2025-03-01,02,3,baseline,2025-03-22,23.0,46.0,13.790000000000003,23.0,26.0
2025-03-01,04,1,ensemble,2025-03-08,468.0,542.0,54.2804347826087,74.0,152.0
2025-03-01,04,1,baseline,2025-03-08,468.0,662.0,117.95782608695654,194.0,152.0
2025-03-01,04,2,ensemble,2025-03-15,359.0,455.0,62.76391304347827,96.0,261.0
2025-03-01,04,2,baseline,2025-03-15,359.0,662.0,182.93652173913048,303.0,261.0
2025-03-01,04,3,ensemble,2025-03-22,307.0,379.0,58.89304347826088,72.0,313.0
2025-03-01,04,3,baseline,2025-03-22,307.0,662.0,209.19260869565218,355.0,313.0
2025-03-01,05,1,ensemble,2025-03-08,325.0,154.0,101.97130434782609,171.0,29.0
2025-03-01,05,1,baseline,2025-03-08,325.0,215.0,70.85434782608696,110.0,29.0
2025-03-01,05,2,ensemble,2025-03-15,229.0,142.0,48.692608695652176,87.0,125.0
2025-03-01,05,2,baseline,2025-03-15,229.0,215.0,15.539565217391303,14.0,125.0
2025-03-01,05,3,ensemble,2025-03-22,164.0,117.0,26.282608695652176,47.0,190.0
2025-03-01,05,3,baseline,2025-03-22,164.0,215.0,29.767826086956525,51.0,190.0
2025-03-01,06,1,ensemble,2025-03-08,1041.0,1346.0,174.75956521739133,305.0,906.0
2025-03-01,06,1,baseline,2025-03-08,1041.0,1937.0,600.4647826086956,896.0,906.0
2025-03-01,06,2,ensemble,2025-03-15,959.0,1147.0,133.17260869565217,188.0,988.0
2025-03-01,06,2,baseline,2025-03-15,959.0,1937.0,620.6147826086957,978.0,988.0
2025-03-01,06,3,ensemble,2025-03-22,689.0,823.0,121.4104347826087,134.0,1258.0
2025-03-01,06,3,baseline,2025-03-22,689.0,1937.0,809.8482608695653,1248.0,1258.0
2025-03-01,08,1,ensemble,2025-03-08,311.0,335.0,23.880434782608695,24.0,170.0
2025-03-01,08,1,baseline,2025-03-08,311.0,443.0,88.01217391304348,132.0,170.0
2025-03-01,08,2,ensemble,2025-03-15,215.0,294.0,41.77956521739131,79.0,266.0
2025-03-01,08,2,baseline,2025-03-15,215.0,443.0,159.75478260869565,228.0,266.0
2025-03-01,08,3,ensemble,2025-03-22,162.0,220.0,35.79217391304348,58.0,319.0
2025-03-01,08,3,baseline,2025-03-22,162.0,443.0,196.5860869565217,281.0,319.0
2025-03-01,09,1,ensemble,2025-03-08,187.0,268.0,44.6991304347826,81.0,177.0
2025-03-01,09,1,baseline,2025-03-08,187.0,364.0,132.1460869565217,177.0,177.0
2025-03-01,09,2,ensemble,2025-03-15,147.0,238.0,46.49086956521738,91.0,217.0
2025-03-01,09,2,baseline,2025-03-15,147.0,364.0,161.82000000000002,217.0,217.0
2025-03-01,09,3,ensemble,2025-03-22,118.0,205.0,43.51782608695653,87.0,246.0
2025-03-01,09,3,baseline,2025-03-22,118.0,364.0,182.43782608695656,246.0,246.0
2025-03-01,10,1,ensemble,2025-03-08,55.0,74.0,10.632173913043477,19.0,45.0
2025-03-01,10,1,baseline,2025-03-08,55.0,100.0,31.13478260869565,45.0,45.0
2025-03-01,10,2,ensemble,2025-03-15,45.0,69.0,12.127391304347828,24.0,55.0
2025-03-01,10,2,baseline,2025-03-15,45.0,100.0,36.477391304347826,55.0,55.0
2025-03-01,10,3,ensemble,2025-03-22,33.0,52.0,10.826956521739131,19.0,67.0
2025-03-01,10,3,baseline,2025-03-22,33.0,100.0,44.05391304347825,67.0,67.0
2025-03-01,11,1,ensemble,2025-03-08,103.0,41.0,43.01130434782609,62.0,31.0
2025-03-01,11,1,baseline,2025-03-08,103.0,50.0,38.42,53.0,31.0
2025-03-01,11,2,ensemble,2025-03-15,81.0,36.0,26.210869565217394,45.0,9.0
2025-03-01,11,2,baseline,2025-03-15,81.0,50.0,19.333478260869562,31.0,9.0
2025-03-01,11,3,ensemble,2025-03-22,64.0,25.0,20.22826086956522,39.0,8.0
2025-03-01,11,3,baseline,2025-03-22,64.0,50.0,8.411739130434784,14.0,8.0
2025-03-01,12,1,ensemble,2025-03-08,1243.0,1013.0,137.47478260869565,230.0,739.0
2025-03-01,12,1,baseline,2025-03-08,1243.0,1354.0,68.38391304347826,111.0,739.0
2025-03-01,12,2,ensemble,2025-03-15,1072.0,885.0,118.67130434782607,187.0,910.0
2025-03-01,12,2,baseline,2025-03-15,1072.0,1354.0,162.23652173913047,282.0,910.0
2025-03-01,12,3,ensemble,2025-03-22,920.0,709.0,135.66695652173914,211.0,1062.0
2025-03-01,12,3,baseline,2025-03-22,920.0,1354.0,252.00130434782608,434.0,1062.0
2025-03-01,13,1,ensemble,2025-03-08,396.0,244.0,78.14304347826088,152.0,54.0
2025-03-01,13,1,baseline,2025-03-08,396.0,329.0,41.68260869565217,67.0,54.0
2025-03-01,13,2,ensemble,2025-03-15,365.0,192.0,103.6430434782609,173.0,85.0
2025-03-01,13,2,baseline,2025-03-15,365.0,329.0,33.20521739130435,36.0,85.0
2025-03-01,13,3,ensemble,2025-03-22,235.0,123.0,59.753043478260885,112.0,215.0
2025-03-01,13,3,baseline,2025-03-22,235.0,329.0,58.245217391304365,94.0,215.0
2025-03-01,15,1,ensemble,2025-03-08,63.0,58.0,5.038260869565218,5.0,23.0
2025-03-01,15,1,baseline,2025-03-08,63.0,71.0,4.422608695652174,8.0,23.0
2025-03-01,15,2,ensemble,2025-03-15,56.0,52.0,5.696956521739129,4.0,30.0
2025-03-01,15,2,baseline,2025-03-15,56.0,71.0,8.482608695652173,15.0,30.0
2025-03-01,15,3,ensemble,2025-03-22,42.0,48.0,5.868695652173914,6.0,44.0
2025-03-01,15,3,baseline,2025-03-22,42.0,71.0,18.492173913043477,29.0,44.0
2025-03-01,16,1,ensemble,2025-03-08,90.0,160.0,31.234347826086957,70.0,60.0
2025-03-01,16,1,baseline,2025-03-08,90.0,181.0,61.66434782608695,91.0,60.0
2025-03-01,16,2,ensemble,2025-03-15,99.0,124.0,16.342608695652174,25.0,51.0
2025-03-01,16,2,baseline,2025-03-15,99.0,181.0,51.01391304347827,82.0,51.0
2025-03-01,16,3,ensemble,2025-03-22,83.0,109.0,17.512608695652176,26.0,67.0
2025-03-01,16,3,baseline,2025-03-22,83.0,181.0,60.130434782608695,98.0,67.0
2025-03-01,17,1,ensemble,2025-03-08,956.0,1161.0,115.32304347826084,205.0,717.0
2025-03-01,17,1,baseline,2025-03-08,956.0,1551.0,461.35434782608695,595.0,717.0
2025-03-01,17,2,ensemble,2025-03-15,695.0,1022.0,171.55999999999997,327.0,978.0
2025-03-01,17,2,baseline,2025-03-15,695.0,1551.0,692.4326086956521,856.0,978.0
2025-03-01,17,3,ensemble,2025-03-22,507.0,795.0,159.45521739130436,288.0,1166.0
2025-03-01,17,3,baseline,2025-03-22,507.0,1551.0,855.2104347826089,1044.0,1166.0
2025-03-01,18,1,ensemble,2025-03-08,871.0,1117.0,129.2169565217391,246.0,665.0
2025-03-01,18,1,baseline,2025-03-08,871.0,1437.0,459.1213043478259,566.0,665.0
2025-03-01,18,2,ensemble,2025-03-15,580.0,957.0,201.11739130434782,377.0,956.0
2025-03-01,18,2,baseline,2025-03-15,580.0,1437.0,723.7043478260869,857.0,956.0
2025-03-01,18,3,ensemble,2025-03-22,392.0,843.0,226.324347826087,451.0,1144.0
2025-03-01,18,3,baseline,2025-03-22,392.0,1437.0,892.0965217391305,1045.0,1144.0
2025-03-01,19,1,ensemble,2025-03-08,271.0,276.0,20.64,5.0,130.0
2025-03-01,19,1,baseline,2025-03-08,271.0,360.0,58.97217391304348,89.0,130.0
2025-03-01,19,2,ensemble,2025-03-15,187.0,238.0,29.72391304347827,51.0,214.0
2025-03-01,19,2,baseline,2025-03-15,187.0,360.0,126.91565217391302,173.0,214.0
2025-03-01,19,3,ensemble,2025-03-22,99.0,204.0,54.616086956521755,105.0,302.0
2025-03-01,19,3,baseline,2025-03-22,99.0,360.0,206.91000000000005,261.0,302.0
2025-03-01,20,1,ensemble,2025-03-08,251.0,260.0,21.389565217391308,9.0,150.0
2025-03-01,20,1,baseline,2025-03-08,251.0,359.0,74.86652173913042,108.0,150.0
2025-03-01,20,2,ensemble,2025-03-15,164.0,234.0,38.025652173913045,70.0,237.0
2025-03-01,20,2,baseline,2025-03-15,164.0,359.0,148.32086956521738,195.0,237.0
2025-03-01,20,3,ensemble,2025-03-22,120.0,200.0,41.23565217391304,80.0,281.0
2025-03-01,20,3,baseline,2025-03-22,120.0,359.0,185.09130434782605,239.0,281.0
2025-03-01,21,1,ensemble,2025-03-08,633.0,534.0,57.89782608695651,99.0,250.0
2025-03-01,21,1,baseline,2025-03-08,633.0,781.0,95.66869565217394,148.0,250.0
2025-03-01,21,2,ensemble,2025-03-15,494.0,454.0,48.23217391304348,40.0,389.0
2025-03-01,21,2,baseline,2025-03-15,494.0,781.0,188.57391304347826,287.0,389.0
2025-03-01,21,3,ensemble,2025-03-22,372.0,383.0,47.28565217391305,11.0,511.0
2025-03-01,21,3,baseline,2025-03-22,372.0,781.0,278.77956521739134,409.0,511.0
2025-03-01,22,1,ensemble,2025-03-08,398.0,230.0,93.8834782608696,168.0,68.0
2025-03-01,22,1,baseline,2025-03-08,398.0,332.0,39.3104347826087,66.0,68.0
2025-03-01,22,2,ensemble,2025-03-15,327.0,191.0,75.24347826086957,136.0,3.0
2025-03-01,22,2,baseline,2025-03-15,327.0,332.0,13.982608695652177,5.0,3.0
2025-03-01,22,3,ensemble,2025-03-22,230.0,153.0,39.80391304347825,77.0,100.0
2025-03-01,22,3,baseline,2025-03-22,230.0,332.0,57.332608695652176,102.0,100.0
2025-03-01,23,1,ensemble,2025-03-08,200.0,192.0,15.118695652173916,8.0,65.0
2025-03-01,23,1,baseline,2025-03-08,200.0,253.0,36.1208695652174,53.0,65.0
2025-03-01,23,2,ensemble,2025-03-15,115.0,164.0,29.84478260869565,49.0,150.0
2025-03-01,23,2,baseline,2025-03-15,115.0,253.0,113.90608695652176,138.0,150.0
2025-03-01,23,3,ensemble,2025-03-22,83.0,146.0,36.3495652173913,63.0,182.0
2025-03-01,23,3,baseline,2025-03-22,83.0,253.0,142.11260869565217,170.0,182.0
2025-03-01,24,1,ensemble,2025-03-08,379.0,535.0,76.67173913043479,156.0,382.0
2025-03-01,24,1,baseline,2025-03-08,379.0,731.0,291.6060869565218,352.0,382.0
2025-03-01,24,2,ensemble,2025-03-15,291.0,454.0,86.76130434782611,163.0,470.0
2025-03-01,24,2,baseline,2025-03-15,291.0,731.0,364.82608695652164,440.0,470.0
2025-03-01,24,3,ensemble,2025-03-22,210.0,352.0,75.96130434782609,142.0,551.0
2025-03-01,24,3,baseline,2025-03-22,210.0,731.0,434.79782608695655,521.0,551.0
2025-03-01,25,1,ensemble,2025-03-08,744.0,930.0,100.61217391304352,186.0,548.0
2025-03-01,25,1,baseline,2025-03-08,744.0,1266.0,431.29391304347826,522.0,548.0
2025-03-01,25,2,ensemble,2025-03-15,416.0,781.0,203.94565217391303,365.0,876.0
2025-03-01,25,2,baseline,2025-03-15,416.0,1266.0,738.2452173913043,850.0,876.0
2025-03-01,25,3,ensemble,2025-03-22,299.0,692.0,222.76260869565218,393.0,993.0
2025-03-01,25,3,baseline,2025-03-22,299.0,1266.0,837.293043478261,967.0,993.0
2025-03-01,26,1,ensemble,2025-03-08,979.0,1251.0,132.15869565217392,272.0,659.0
2025-03-01,26,1,baseline,2025-03-08,979.0,1501.0,408.0652173913044,522.0,659.0
2025-03-01,26,2,ensemble,2025-03-15,715.0,1043.0,174.34173913043477,328.0,923.0
2025-03-01,26,2,baseline,2025-03-15,715.0,1501.0,646.1178260869566,786.0,923.0
2025-03-01,26,3,ensemble,2025-03-22,793.0,865.0,97.00869565217393,72.0,845.0
2025-03-01,26,3,baseline,2025-03-22,793.0,1501.0,546.3208695652174,708.0,845.0
2025-03-01,27,1,ensemble,2025-03-08,195.0,267.0,39.94347826086957,72.0,174.0
2025-03-01,27,1,baseline,2025-03-08,195.0,365.0,120.1721739130435,170.0,174.0
2025-03-01,27,2,ensemble,2025-03-15,158.0,235.0,42.004782608695656,77.0,211.0
2025-03-01,27,2,baseline,2025-03-15,158.0,365.0,142.11173913043478,207.0,211.0
2025-03-01,27,3,ensemble,2025-03-22,182.0,177.0,27.639565217391304,5.0,187.0
2025-03-01,27,3,baseline,2025-03-22,182.0,365.0,116.96608695652174,183.0,187.0
2025-03-01,28,1,ensemble,2025-03-08,172.0,145.0,17.26608695652174,27.0,35.0
2025-03-01,28,1,baseline,2025-03-08,172.0,173.0,7.813478260869567,1.0,35.0
2025-03-01,28,2,ensemble,2025-03-15,190.0,117.0,42.0295652173913,73.0,17.0
2025-03-01,28,2,baseline,2025-03-15,190.0,173.0,13.591739130434789,17.0,17.0
2025-03-01,28,3,ensemble,2025-03-22,102.0,91.0,12.542608695652172,11.0,105.0
2025-03-01,28,3,baseline,2025-03-22,102.0,173.0,39.74391304347826,71.0,105.0
2025-03-01,29,1,ensemble,2025-03-08,692.0,724.0,51.96130434782608,32.0,655.0
2025-03-01,29,1,baseline,2025-03-08,692.0,896.0,133.11478260869563,204.0,655.0
2025-03-01,29,2,ensemble,2025-03-15,440.0,638.0,109.69782608695652,198.0,907.0
2025-03-01,29,2,baseline,2025-03-15,440.0,896.0,336.0808695652173,456.0,907.0
2025-03-01,29,3,ensemble,2025-03-22,369.0,529.0,86.71347826086956,160.0,978.0
2025-03-01,29,3,baseline,2025-03-22,369.0,896.0,387.4804347826086,527.0,978.0
2025-03-01,30,1,ensemble,2025-03-08,151.0,159.0,10.900869565217393,8.0,44.0
2025-03-01,30,1,baseline,2025-03-08,151.0,196.0,29.612173913043474,45.0,44.0
2025-03-01,30,2,ensemble,2025-03-15,118.0,143.0,14.12,25.0,77.0
2025-03-01,30,2,baseline,2025-03-15,118.0,196.0,57.13347826086956,78.0,77.0
2025-03-01,30,3,ensemble,2025-03-22,87.0,120.0,16.69739130434783,33.0,108.0
2025-03-01,30,3,baseline,2025-03-22,87.0,196.0,85.07391304347826,109.0,108.0
2025-03-01,31,1,ensemble,2025-03-08,153.0,203.0,25.786956521739132,50.0,141.0
2025-03-01,31,1,baseline,2025-03-08,153.0,260.0,86.3408695652174,107.0,141.0
2025-03-01,31,2,ensemble,2025-03-15,80.0,179.0,57.532608695652186,99.0,214.0
2025-03-01,31,2,baseline,2025-03-15,80.0,260.0,154.1873913043478,180.0,214.0
2025-03-01,31,3,ensemble,2025-03-22,58.0,145.0,51.790434782608706,87.0,236.0
2025-03-01,31,3,baseline,2025-03-22,58.0,260.0,171.81782608695653,202.0,236.0
2025-03-01,32,1,ensemble,2025-03-08,79.0,86.0,8.572608695652173,7.0,38.0
2025-03-01,32,1,baseline,2025-03-08,79.0,114.0,20.69913043478261,35.0,38.0
2025-03-01,32,2,ensemble,2025-03-15,88.0,67.0,11.781739130434783,21.0,29.0
2025-03-01,32,2,baseline,2025-03-15,88.0,114.0,16.349565217391305,26.0,29.0
2025-03-01,32,3,ensemble,2025-03-22,81.0,57.0,13.310434782608695,24.0,36.0
2025-03-01,32,3,baseline,2025-03-22,81.0,114.0,20.24,33.0,36.0
2025-03-01,33,1,ensemble,2025-03-08,145.0,133.0,12.103913043478263,12.0,67.0
2025-03-01,33,1,baseline,2025-03-08,145.0,171.0,16.55434782608696,26.0,67.0
2025-03-01,33,2,ensemble,2025-03-15,79.0,114.0,18.92347826086957,35.0,133.0
2025-03-01,33,2,baseline,2025-03-15,79.0,171.0,73.89478260869566,92.0,133.0
2025-03-01,33,3,ensemble,2025-03-22,53.0,98.0,24.831739130434787,45.0,159.0
2025-03-01,33,3,baseline,2025-03-22,53.0,171.0,97.19478260869565,118.0,159.0
2025-03-01,34,1,ensemble,2025-03-08,630.0,848.0,119.79043478260868,218.0,575.0
2025-03-01,34,1,baseline,2025-03-08,630.0,1205.0,447.001304347826,575.0,575.0
2025-03-01,34,2,ensemble,2025-03-15,465.0,705.0,140.20173913043476,240.0,740.0
2025-03-01,34,2,baseline,2025-03-15,465.0,1205.0,583.0291304347826,740.0,740.0
2025-03-01,34,3,ensemble,2025-03-22,345.0,567.0,124.23608695652173,222.0,860.0
2025-03-01,34,3,baseline,2025-03-22,345.0,1205.0,678.8852173913044,860.0,860.0
2025-03-01,35,1,ensemble,2025-03-08,178.0,173.0,14.033478260869567,5.0,59.0
2025-03-01,35,1,baseline,2025-03-08,178.0,219.0,24.407826086956526,41.0,59.0
2025-03-01,35,2,ensemble,2025-03-15,146.0,147.0,14.918695652173913,1.0,91.0
2025-03-01,35,2,baseline,2025-03-15,146.0,219.0,43.1508695652174,73.0,91.0
2025-03-01,35,3,ensemble,2025-03-22,110.0,114.0,13.308695652173913,4.0,127.0
2025-03-01,35,3,baseline,2025-03-22,110.0,219.0,67.41260869565217,109.0,127.0
2025-03-01,36,1,ensemble,2025-03-08,1282.0,1225.0,109.8991304347826,57.0,743.0
2025-03-01,36,1,baseline,2025-03-08,1282.0,1758.0,313.84608695652173,476.0,743.0
2025-03-01,36,2,ensemble,2025-03-15,1109.0,1038.0,102.28826086956524,71.0,916.0
2025-03-01,36,2,baseline,2025-03-15,1109.0,1758.0,429.47173913043486,649.0,916.0
2025-03-01,36,3,ensemble,2025-03-22,895.0,778.0,102.37130434782608,117.0,1130.0
2025-03-01,36,3,baseline,2025-03-22,895.0,1758.0,588.3934782608695,863.0,1130.0
2025-03-01,37,1,ensemble,2025-03-08,821.0,767.0,74.1721739130435,54.0,348.0
2025-03-01,37,1,baseline,2025-03-08,821.0,1127.0,200.34695652173912,306.0,348.0
2025-03-01,37,2,ensemble,2025-03-15,665.0,608.0,75.80782608695652,57.0,504.0
2025-03-01,37,2,baseline,2025-03-15,665.0,1127.0,308.17826086956524,462.0,504.0
2025-03-01,37,3,ensemble,2025-03-22,434.0,488.0,66.90260869565219,54.0,735.0
2025-03-01,37,3,baseline,2025-03-22,434.0,1127.0,495.84173913043486,693.0,735.0
2025-03-01,38,1,ensemble,2025-03-08,31.0,45.0,7.860000000000001,14.0,32.0
2025-03-01,38,1,baseline,2025-03-08,31.0,58.0,17.092173913043478,27.0,32.0
2025-03-01,38,2,ensemble,2025-03-15,36.0,38.0,4.9852173913043485,2.0,27.0
2025-03-01,38,2,baseline,2025-03-15,36.0,58.0,12.420434782608694,22.0,27.0
2025-03-01,38,3,ensemble,2025-03-22,24.0,29.0,4.882173913043479,5.0,39.0
2025-03-01,38,3,baseline,2025-03-22,24.0,58.0,20.538260869565217,34.0,39.0
2025-03-01,39,1,ensemble,2025-03-08,1882.0,2329.0,248.02826086956523,447.0,1183.0
2025-03-01,39,1,baseline,2025-03-08,1882.0,3055.0,1000.2204347826087,1173.0,1183.0
2025-03-01,39,2,ensemble,2025-03-15,1321.0,1913.0,363.3504347826088,592.0,1744.0
2025-03-01,39,2,baseline,2025-03-15,1321.0,3055.0,1524.7704347826084,1734.0,1744.0
2025-03-01,39,3,ensemble,2025-03-22,788.0,1721.0,567.0369565217392,933.0,2277.0
2025-03-01,39,3,baseline,2025-03-22,788.0,3055.0,2024.4617391304344,2267.0,2277.0
2025-03-01,40,1,ensemble,2025-03-08,221.0,287.0,40.047391304347826,66.0,272.0
2025-03-01,40,1,baseline,2025-03-08,221.0,400.0,117.46347826086956,179.0,272.0
2025-03-01,40,2,ensemble,2025-03-15,143.0,205.0,40.39652173913043,62.0,350.0
2025-03-01,40,2,baseline,2025-03-15,143.0,400.0,165.9926086956522,257.0,350.0
2025-03-01,40,3,ensemble,2025-03-22,87.0,172.0,45.345652173913045,85.0,406.0
2025-03-01,40,3,baseline,2025-03-22,87.0,400.0,200.2286956521739,313.0,406.0
2025-03-01,41,1,ensemble,2025-03-08,207.0,372.0,83.9513043478261,165.0,277.0
2025-03-01,41,1,baseline,2025-03-08,207.0,477.0,206.27565217391304,270.0,277.0
2025-03-01,41,2,ensemble,2025-03-15,184.0,322.0,67.93434782608696,138.0,300.0
2025-03-01,41,2,baseline,2025-03-15,184.0,477.0,216.31565217391307,293.0,300.0
2025-03-01,41,3,ensemble,2025-03-22,125.0,263.0,70.52608695652174,138.0,359.0
2025-03-01,41,3,baseline,2025-03-22,125.0,477.0,263.0278260869565,352.0,359.0
2025-03-01,42,1,ensemble,2025-03-08,2356.0,2888.0,244.41173913043482,532.0,1223.0
2025-03-01,42,1,baseline,2025-03-08,2356.0,3577.0,1015.4686956521739,1221.0,1223.0
2025-03-01,42,2,ensemble,2025-03-15,1618.0,2502.0,438.64478260869555,884.0,1961.0
2025-03-01,42,2,baseline,2025-03-15,1618.0,3577.0,1714.2978260869565,1959.0,1961.0
2025-03-01,42,3,ensemble,2025-03-22,1258.0,2105.0,418.4252173913044,847.0,2321.0
2025-03-01,42,3,baseline,2025-03-22,1258.0,3577.0,2034.9847826086957,2319.0,2321.0
2025-03-01,44,1,ensemble,2025-03-08,65.0,81.0,10.559999999999999,16.0,66.0
2025-03-01,44,1,baseline,2025-03-08,65.0,117.0,39.22869565217391,52.0,66.0
2025-03-01,44,2,ensemble,2025-03-15,68.0,73.0,8.361304347826088,5.0,63.0
2025-03-01,44,2,baseline,2025-03-15,68.0,117.0,33.944347826086954,49.0,63.0
2025-03-01,44,3,ensemble,2025-03-22,43.0,58.0,9.44608695652174,15.0,88.0
2025-03-01,44,3,baseline,2025-03-22,43.0,117.0,55.846086956521724,74.0,88.0
2025-03-01,45,1,ensemble,2025-03-08,408.0,324.0,42.982608695652175,84.0,66.0
2025-03-01,45,1,baseline,2025-03-08,408.0,467.0,36.43913043478261,59.0,66.0
2025-03-01,45,2,ensemble,2025-03-15,269.0,278.0,27.7104347826087,9.0,205.0
2025-03-01,45,2,baseline,2025-03-15,269.0,467.0,125.36173913043477,198.0,205.0
2025-03-01,45,3,ensemble,2025-03-22,188.0,177.0,24.926086956521747,11.0,286.0
2025-03-01,45,3,baseline,2025-03-22,188.0,467.0,179.9978260869565,279.0,286.0
2025-03-01,46,1,ensemble,2025-03-08,53.0,72.0,9.882173913043477,19.0,57.0
2025-03-01,46,1,baseline,2025-03-08,53.0,99.0,32.37347826086956,46.0,57.0
2025-03-01,46,2,ensemble,2025-03-15,26.0,61.0,21.151304347826088,35.0,84.0
2025-03-01,46,2,baseline,2025-03-15,26.0,99.0,53.75391304347827,73.0,84.0
2025-03-01,46,3,ensemble,2025-03-22,16.0,55.0,20.89304347826087,39.0,94.0
2025-03-01,46,3,baseline,2025-03-22,16.0,99.0,61.02478260869566,83.0,94.0
2025-03-01,47,1,ensemble,2025-03-08,477.0,375.0,57.229565217391304,102.0,54.0
2025-03-01,47,1,baseline,2025-03-08,477.0,478.0,16.32260869565217,1.0,54.0
2025-03-01,47,2,ensemble,2025-03-15,461.0,295.0,81.9104347826087,166.0,70.0
2025-03-01,47,2,baseline,2025-03-15,461.0,478.0,25.304782608695657,17.0,70.0
2025-03-01,47,3,ensemble,2025-03-22,308.0,231.0,46.35521739130435,77.0,223.0
2025-03-01,47,3,baseline,2025-03-22,308.0,478.0,96.49043478260866,170.0,223.0
2025-03-01,48,1,ensemble,2025-03-08,1208.0,1401.0,129.46434782608696,193.0,543.0
2025-03-01,48,1,baseline,2025-03-08,1208.0,1814.0,385.19999999999993,606.0,543.0
2025-03-01,48,2,ensemble,2025-03-15,905.0,1082.0,124.72000000000001,177.0,846.0
2025-03-01,48,2,baseline,2025-03-15,905.0,1814.0,593.4482608695652,909.0,846.0
2025-03-01,48,3,ensemble,2025-03-22,605.0,838.0,140.10000000000002,233.0,1146.0
2025-03-01,48,3,baseline,2025-03-22,605.0,1814.0,808.6678260869566,1209.0,1146.0
2025-03-01,49,1,ensemble,2025-03-08,121.0,141.0,13.369130434782608,20.0,62.0
2025-03-01,49,1,baseline,2025-03-08,121.0,180.0,41.899130434782606,59.0,62.0
2025-03-01,49,2,ensemble,2025-03-15,102.0,120.0,13.322608695652173,18.0,81.0
2025-03-01,49,2,baseline,2025-03-15,102.0,180.0,53.634347826086966,78.0,81.0
2025-03-01,49,3,ensemble,2025-03-22,76.0,97.0,15.31,21.0,107.0
2025-03-01,49,3,baseline,2025-03-22,76.0,180.0,72.36260869565217,104.0,107.0
2025-03-01,50,1,ensemble,2025-03-08,43.0,62.0,10.113913043478263,19.0,61.0
2025-03-01,50,1,baseline,2025-03-08,43.0,80.0,27.950434782608692,37.0,61.0
2025-03-01,50,2,ensemble,2025-03-15,32.0,53.0,11.204782608695652,21.0,72.0
2025-03-01,50,2,baseline,2025-03-15,32.0,80.0,36.70130434782609,48.0,72.0
2025-03-01,50,3,ensemble,2025-03-22,34.0,46.0,6.733043478260871,12.0,70.0
2025-03-01,50,3,baseline,2025-03-22,34.0,80.0,32.99304347826087,46.0,70.0
2025-03-01,51,1,ensemble,2025-03-08,556.0,528.0,46.32217391304347,28.0,340.0
2025-03-01,51,1,baseline,2025-03-08,556.0,685.0,78.5895652173913,129.0,340.0
2025-03-01,51,2,ensemble,2025-03-15,514.0,485.0,45.87260869565218,29.0,382.0
2025-03-01,51,2,baseline,2025-03-15,514.0,685.0,101.2804347826087,171.0,382.0
2025-03-01,51,3,ensemble,2025-03-22,339.0,356.0,47.44217391304348,17.0,557.0
2025-03-01,51,3,baseline,2025-03-22,339.0,685.0,228.33695652173913,346.0,557.0
2025-03-01,53,1,ensemble,2025-03-08,241.0,509.0,154.9008695652174,268.0,422.0
2025-03-01,53,1,baseline,2025-03-08,241.0,646.0,336.05304347826086,405.0,422.0
2025-03-01,53,2,ensemble,2025-03-15,191.0,447.0,145.3821739130435,256.0,472.0
2025-03-01,53,2,baseline,2025-03-15,191.0,646.0,370.7778260869565,455.0,472.0
2025-03-01,53,3,ensemble,2025-03-22,165.0,395.0,120.71304347826087,230.0,498.0
2025-03-01,53,3,baseline,2025-03-22,165.0,646.0,383.80826086956523,481.0,498.0
2025-03-01,54,1,ensemble,2025-03-08,456.0,503.0,40.82739130434783,47.0,172.0
2025-03-01,54,1,baseline,2025-03-08,456.0,626.0,130.48913043478262,170.0,172.0
2025-03-01,54,2,ensemble,2025-03-15,347.0,449.0,55.277826086956516,102.0,281.0
2025-03-01,54,2,baseline,2025-03-15,347.0,626.0,230.98173913043482,279.0,281.0
2025-03-01,54,3,ensemble,2025-03-22,275.0,386.0,59.85739130434783,111.0,353.0
2025-03-01,54,3,baseline,2025-03-22,275.0,626.0,295.85999999999996,351.0,353.0
2025-03-01,55,1,ensemble,2025-03-08,501.0,653.0,80.85608695652174,152.0,381.0
2025-03-01,55,1,baseline,2025-03-08,501.0,873.0,310.4508695652174,372.0,381.0
2025-03-01,55,2,ensemble,2025-03-15,326.0,564.0,122.97130434782608,238.0,556.0
2025-03-01,55,2,baseline,2025-03-15,326.0,873.0,471.15565217391304,547.0,556.0
2025-03-01,55,3,ensemble,2025-03-22,186.0,479.0,162.27217391304347,293.0,696.0
2025-03-01,55,3,baseline,2025-03-22,186.0,873.0,598.3504347826088,687.0,696.0
2025-03-01,56,1,ensemble,2025-03-08,39.0,79.0,22.112608695652174,40.0,59.0
2025-03-01,56,1,baseline,2025-03-08,39.0,99.0,45.127826086956524,60.0,59.0
2025-03-01,56,2,ensemble,2025-03-15,44.0,70.0,12.675217391304347,26.0,54.0
2025-03-01,56,2,baseline,2025-03-15,44.0,99.0,37.76913043478261,55.0,54.0
2025-03-01,56,3,ensemble,2025-03-22,30.0,62.0,16.523478260869567,32.0,68.0
2025-03-01,56,3,baseline,2025-03-22,30.0,99.0,48.306521739130446,69.0,68.0
2025-03-08,01,1,ensemble,2025-03-15,273.0,224.0,29.67956521739131,49.0,57.0
2025-03-08,01,1,baseline,2025-03-15,273.0,316.0,26.291739130434784,43.0,57.0
2025-03-08,01,2,ensemble,2025-03-22,193.0,194.0,23.546521739130434,1.0,137.0
2025-03-08,01,2,baseline,2025-03-22,193.0,316.0,72.72086956521738,123.0,137.0
2025-03-08,01,3,ensemble,2025-03-29,169.0,143.0,25.213478260869568,26.0,161.0
2025-03-08,01,3,baseline,2025-03-29,169.0,316.0,84.92304347826088,147.0,161.0
2025-03-08,02,1,ensemble,2025-03-15,32.0,37.0,3.533913043478261,5.0,24.0
2025-03-08,02,1,baseline,2025-03-15,32.0,45.0,7.917391304347827,13.0,24.0
2025-03-08,02,2,ensemble,2025-03-22,23.0,33.0,5.092608695652175,10.0,33.0
2025-03-08,02,2,baseline,2025-03-22,23.0,45.0,13.664782608695651,22.0,33.0
2025-03-08,02,3,ensemble,2025-03-29,30.0,27.0,3.348695652173913,3.0,26.0
2025-03-08,02,3,baseline,2025-03-29,30.0,45.0,8.397391304347826,15.0,26.0
2025-03-08,04,1,ensemble,2025-03-15,359.0,468.0,61.74652173913043,109.0,262.0
2025-03-08,04,1,baseline,2025-03-15,359.0,616.0,161.87652173913048,257.0,262.0
2025-03-08,04,2,ensemble,2025-03-22,307.0,393.0,58.78869565217393,86.0,314.0
2025-03-08,04,2,baseline,2025-03-22,307.0,616.0,186.9717391304348,309.0,314.0
2025-03-08,04,3,ensemble,2025-03-29,222.0,352.0,70.93826086956521,130.0,399.0
2025-03-08,04,3,baseline,2025-03-29,222.0,616.0,238.06260869565216,394.0,399.0
2025-03-08,05,1,ensemble,2025-03-15,229.0,269.0,23.949565217391307,40.0,121.0
2025-03-08,05,1,baseline,2025-03-15,229.0,331.0,64.87304347826088,102.0,121.0
2025-03-08,05,2,ensemble,2025-03-22,164.0,226.0,32.69695652173913,62.0,186.0
2025-03-08,05,2,baseline,2025-03-22,164.0,331.0,109.43217391304346,167.0,186.0
2025-03-08,05,3,ensemble,2025-03-29,111.0,180.0,39.63130434782609,69.0,239.0
2025-03-08,05,3,baseline,2025-03-29,111.0,331.0,149.74652173913043,220.0,239.0
2025-03-08,06,1,ensemble,2025-03-15,959.0,814.0,98.57434782608694,145.0,453.0
2025-03-08,06,1,baseline,2025-03-15,959.0,1303.0,203.4008695652174,344.0,453.0
2025-03-08,06,2,ensemble,2025-03-22,689.0,673.0,90.0995652173913,16.0,723.0
2025-03-08,06,2,baseline,2025-03-22,689.0,1303.0,353.09478260869565,614.0,723.0
2025-03-08,06,3,ensemble,2025-03-29,561.0,473.0,78.26739130434783,88.0,851.0
2025-03-08,06,3,baseline,2025-03-29,561.0,1303.0,420.04869565217393,742.0,851.0
2025-03-08,08,1,ensemble,2025-03-15,215.0,281.0,34.84086956521738,66.0,166.0
2025-03-08,08,1,baseline,2025-03-15,215.0,380.0,115.45391304347828,165.0,166.0
2025-03-08,08,2,ensemble,2025-03-22,162.0,236.0,38.780869565217394,74.0,219.0
2025-03-08,08,2,baseline,2025-03-22,162.0,380.0,151.31391304347827,218.0,219.0
2025-03-08,08,3,ensemble,2025-03-29,121.0,193.0,39.74260869565217,72.0,260.0
2025-03-08,08,3,baseline,2025-03-29,121.0,380.0,177.94391304347823,259.0,260.0
2025-03-08,09,1,ensemble,2025-03-15,147.0,193.0,24.158260869565225,46.0,131.0
2025-03-08,09,1,baseline,2025-03-15,147.0,278.0,89.86695652173913,131.0,131.0
2025-03-08,09,2,ensemble,2025-03-22,118.0,163.0,24.10521739130435,45.0,160.0
2025-03-08,09,2,baseline,2025-03-22,118.0,278.0,107.83260869565221,160.0,160.0
2025-03-08,09,3,ensemble,2025-03-29,77.0,141.0,31.52391304347826,64.0,201.0
2025-03-08,09,3,baseline,2025-03-29,77.0,278.0,138.78521739130437,201.0,201.0
2025-03-08,10,1,ensemble,2025-03-15,45.0,68.0,11.946521739130436,23.0,43.0
2025-03-08,10,1,baseline,2025-03-15,45.0,88.0,29.549565217391304,43.0,43.0
2025-03-08,10,2,ensemble,2025-03-22,33.0,57.0,12.894347826086957,24.0,55.0
2025-03-08,10,2,baseline,2025-03-22,33.0,88.0,36.593043478260874,55.0,55.0
2025-03-08,10,3,ensemble,2025-03-29,17.0,46.0,16.389565217391304,29.0,71.0
2025-03-08,10,3,baseline,2025-03-29,17.0,88.0,47.253478260869564,71.0,71.0
2025-03-08,11,1,ensemble,2025-03-15,81.0,80.0,9.568260869565218,1.0,32.0
2025-03-08,11,1,baseline,2025-03-15,81.0,113.0,21.16391304347826,32.0,32.0
2025-03-08,11,2,ensemble,2025-03-22,64.0,65.0,9.49521739130435,1.0,49.0
2025-03-08,11,2,baseline,2025-03-22,64.0,113.0,32.49826086956522,49.0,49.0
2025-03-08,11,3,ensemble,2025-03-29,69.0,60.0,10.089565217391305,9.0,44.0
2025-03-08,11,3,baseline,2025-03-29,69.0,113.0,27.563478260869566,44.0,44.0
2025-03-08,12,1,ensemble,2025-03-15,1072.0,1076.0,68.9204347826087,4.0,476.0
2025-03-08,12,1,baseline,2025-03-15,1072.0,1447.0,236.20434782608692,375.0,476.0
2025-03-08,12,2,ensemble,2025-03-22,920.0,943.0,84.1421739130435,23.0,628.0
2025-03-08,12,2,baseline,2025-03-22,920.0,1447.0,329.78913043478263,527.0,628.0
2025-03-08,12,3,ensemble,2025-03-29,708.0,714.0,60.11130434782609,6.0,840.0
2025-03-08,12,3,baseline,2025-03-29,708.0,1447.0,478.0647826086956,739.0,840.0
2025-03-08,13,1,ensemble,2025-03-15,365.0,283.0,45.58869565217391,82.0,72.0
2025-03-08,13,1,baseline,2025-03-15,365.0,394.0,24.55130434782609,29.0,72.0
2025-03-08,13,2,ensemble,2025-03-22,235.0,232.0,28.616956521739134,3.0,202.0
2025-03-08,13,2,baseline,2025-03-22,235.0,394.0,91.35565217391306,159.0,202.0
2025-03-08,13,3,ensemble,2025-03-29,190.0,181.0,26.905217391304344,9.0,247.0
2025-03-08,13,3,baseline,2025-03-29,190.0,394.0,115.51869565217393,204.0,247.0
2025-03-08,15,1,ensemble,2025-03-15,56.0,43.0,7.0426086956521745,13.0,11.0
2025-03-08,15,1,baseline,2025-03-15,56.0,52.0,2.673478260869565,4.0,11.0
2025-03-08,15,2,ensemble,2025-03-22,42.0,36.0,4.388260869565218,6.0,25.0
2025-03-08,15,2,baseline,2025-03-22,42.0,52.0,5.468695652173913,10.0,25.0
2025-03-08,15,3,ensemble,2025-03-29,31.0,29.0,3.700869565217391,2.0,36.0
2025-03-08,15,3,baseline,2025-03-29,31.0,52.0,12.239130434782606,21.0,36.0
2025-03-08,16,1,ensemble,2025-03-15,99.0,94.0,8.21,5.0,25.0
2025-03-08,16,1,baseline,2025-03-15,99.0,121.0,13.409565217391302,22.0,25.0
2025-03-08,16,2,ensemble,2025-03-22,83.0,84.0,8.077391304347826,1.0,41.0
2025-03-08,16,2,baseline,2025-03-22,83.0,121.0,21.783043478260872,38.0,41.0
2025-03-08,16,3,ensemble,2025-03-29,50.0,69.0,11.50391304347826,19.0,74.0
2025-03-08,16,3,baseline,2025-03-29,50.0,121.0,40.74086956521739,71.0,74.0
2025-03-08,17,1,ensemble,2025-03-15,695.0,784.0,66.45652173913045,89.0,606.0
2025-03-08,17,1,baseline,2025-03-15,695.0,1194.0,362.4752173913043,499.0,606.0
2025-03-08,17,2,ensemble,2025-03-22,507.0,611.0,71.48173913043479,104.0,794.0
2025-03-08,17,2,baseline,2025-03-22,507.0,1194.0,515.4947826086956,687.0,794.0
2025-03-08,17,3,ensemble,2025-03-29,349.0,511.0,95.72130434782612,162.0,952.0
2025-03-08,17,3,baseline,2025-03-29,349.0,1194.0,647.0521739130435,845.0,952.0
2025-03-08,18,1,ensemble,2025-03-15,580.0,834.0,123.96260869565216,254.0,576.0
2025-03-08,18,1,baseline,2025-03-15,580.0,1135.0,441.1539130434784,555.0,576.0
2025-03-08,18,2,ensemble,2025-03-22,392.0,749.0,182.60304347826087,357.0,764.0
2025-03-08,18,2,baseline,2025-03-22,392.0,1135.0,603.2495652173914,743.0,764.0
2025-03-08,18,3,ensemble,2025-03-29,237.0,610.0,202.81173913043477,373.0,919.0
2025-03-08,18,3,baseline,2025-03-29,237.0,1135.0,737.8608695652174,898.0,919.0
2025-03-08,19,1,ensemble,2025-03-15,187.0,243.0,26.932608695652174,56.0,165.0
2025-03-08,19,1,baseline,2025-03-15,187.0,326.0,101.44478260869565,139.0,165.0
2025-03-08,19,2,ensemble,2025-03-22,99.0,208.0,57.70521739130435,109.0,253.0
2025-03-08,19,2,baseline,2025-03-22,99.0,326.0,180.90173913043478,227.0,253.0
2025-03-08,19,3,ensemble,2025-03-29,52.0,159.0,69.39652173913043,107.0,300.0
2025-03-08,19,3,baseline,2025-03-29,52.0,326.0,220.074347826087,274.0,300.0
2025-03-08,20,1,ensemble,2025-03-15,164.0,197.0,19.77521739130435,33.0,141.0
2025-03-08,20,1,baseline,2025-03-15,164.0,281.0,81.43391304347827,117.0,141.0
2025-03-08,20,2,ensemble,2025-03-22,120.0,166.0,24.66347826086957,46.0,185.0
2025-03-08,20,2,baseline,2025-03-22,120.0,281.0,112.53217391304351,161.0,185.0
2025-03-08,20,3,ensemble,2025-03-29,68.0,136.0,39.63782608695652,68.0,237.0
2025-03-08,20,3,baseline,2025-03-29,68.0,281.0,155.43478260869566,213.0,237.0
2025-03-08,21,1,ensemble,2025-03-15,494.0,505.0,46.358695652173914,11.0,280.0
2025-03-08,21,1,baseline,2025-03-15,494.0,686.0,126.53869565217391,192.0,280.0
2025-03-08,21,2,ensemble,2025-03-22,372.0,444.0,56.11,72.0,402.0
2025-03-08,21,2,baseline,2025-03-22,372.0,686.0,209.07652173913036,314.0,402.0
2025-03-08,21,3,ensemble,2025-03-29,267.0,393.0,65.48173913043478,126.0,507.0
2025-03-08,21,3,baseline,2025-03-29,267.0,686.0,288.7673913043478,419.0,507.0
2025-03-08,22,1,ensemble,2025-03-15,327.0,274.0,33.797826086956526,53.0,32.0
2025-03-08,22,1,baseline,2025-03-15,327.0,351.0,15.681739130434783,24.0,32.0
2025-03-08,22,2,ensemble,2025-03-22,230.0,246.0,24.05695652173913,16.0,129.0
2025-03-08,22,2,baseline,2025-03-22,230.0,351.0,73.54565217391304,121.0,129.0
2025-03-08,22,3,ensemble,2025-03-29,178.0,198.0,24.866956521739127,20.0,181.0
2025-03-08,22,3,baseline,2025-03-29,178.0,351.0,108.54173913043478,173.0,181.0
2025-03-08,23,1,ensemble,2025-03-15,115.0,139.0,15.985652173913047,24.0,93.0
2025-03-08,23,1,baseline,2025-03-15,115.0,196.0,60.53826086956522,81.0,93.0
2025-03-08,23,2,ensemble,2025-03-22,83.0,121.0,20.031739130434783,38.0,125.0
2025-03-08,23,2,baseline,2025-03-22,83.0,196.0,87.96695652173914,113.0,125.0
2025-03-08,23,3,ensemble,2025-03-29,59.0,99.0,20.215652173913043,40.0,149.0
2025-03-08,23,3,baseline,2025-03-29,59.0,196.0,107.87565217391305,137.0,149.0
2025-03-08,24,1,ensemble,2025-03-15,291.0,302.0,25.451739130434788,11.0,257.0
2025-03-08,24,1,baseline,2025-03-15,291.0,485.0,136.98391304347822,194.0,257.0
2025-03-08,24,2,ensemble,2025-03-22,210.0,233.0,27.39521739130436,23.0,338.0
2025-03-08,24,2,baseline,2025-03-22,210.0,485.0,196.39565217391302,275.0,338.0
2025-03-08,24,3,ensemble,2025-03-29,135.0,178.0,29.743478260869566,43.0,413.0
2025-03-08,24,3,baseline,2025-03-29,135.0,485.0,256.8973913043478,350.0,413.0
2025-03-08,25,1,ensemble,2025-03-15,416.0,699.0,148.54391304347828,283.0,652.0
2025-03-08,25,1,baseline,2025-03-15,416.0,1001.0,490.57913043478266,585.0,652.0
2025-03-08,25,2,ensemble,2025-03-22,299.0,590.0,163.2134782608696,291.0,769.0
2025-03-08,25,2,baseline,2025-03-22,299.0,1001.0,585.9047826086957,702.0,769.0
2025-03-08,25,3,ensemble,2025-03-29,213.0,476.0,154.2013043478261,263.0,855.0
2025-03-08,25,3,baseline,2025-03-29,213.0,1001.0,652.3521739130433,788.0,855.0
2025-03-08,26,1,ensemble,2025-03-15,715.0,929.0,104.8404347826087,214.0,668.0
2025-03-08,26,1,baseline,2025-03-15,715.0,1247.0,413.2317391304348,532.0,668.0
2025-03-08,26,2,ensemble,2025-03-22,793.0,755.0,68.69000000000001,38.0,590.0
2025-03-08,26,2,baseline,2025-03-22,793.0,1247.0,312.74782608695654,454.0,590.0
2025-03-08,26,3,ensemble,2025-03-29,528.0,633.0,84.0604347826087,105.0,855.0
2025-03-08,26,3,baseline,2025-03-29,528.0,1247.0,552.1534782608695,719.0,855.0
2025-03-08,27,1,ensemble,2025-03-15,158.0,145.0,20.82304347826087,13.0,121.0
2025-03-08,27,1,baseline,2025-03-15,158.0,250.0,58.20565217391305,92.0,121.0
2025-03-08,27,2,ensemble,2025-03-22,182.0,127.0,32.74130434782609,55.0,97.0
2025-03-08,27,2,baseline,2025-03-22,182.0,250.0,39.90565217391305,68.0,97.0
2025-03-08,27,3,ensemble,2025-03-29,81.0,119.0,23.865217391304352,38.0,198.0
2025-03-08,27,3,baseline,2025-03-29,81.0,250.0,105.62826086956522,169.0,198.0
2025-03-08,28,1,ensemble,2025-03-15,190.0,101.0,52.87217391304348,89.0,32.0
2025-03-08,28,1,baseline,2025-03-15,190.0,145.0,26.176521739130436,45.0,32.0
2025-03-08,28,2,ensemble,2025-03-22,102.0,81.0,12.386956521739132,21.0,56.0
2025-03-08,28,2,baseline,2025-03-22,102.0,145.0,24.1804347826087,43.0,56.0
2025-03-08,28,3,ensemble,2025-03-29,51.0,66.0,10.880869565217392,15.0,107.0
2025-03-08,28,3,baseline,2025-03-29,51.0,145.0,54.27391304347825,94.0,107.0
2025-03-08,29,1,ensemble,2025-03-15,440.0,569.0,73.22173913043478,129.0,421.0
2025-03-08,29,1,baseline,2025-03-15,440.0,846.0,300.88347826086954,406.0,421.0
2025-03-08,29,2,ensemble,2025-03-22,369.0,467.0,60.160000000000004,98.0,492.0
2025-03-08,29,2,baseline,2025-03-22,369.0,846.0,347.7882608695652,477.0,492.0
2025-03-08,29,3,ensemble,2025-03-29,189.0,381.0,116.7521739130435,192.0,672.0
2025-03-08,29,3,baseline,2025-03-29,189.0,846.0,507.92739130434785,657.0,672.0
2025-03-08,30,1,ensemble,2025-03-15,118.0,124.0,9.389565217391306,6.0,68.0
2025-03-08,30,1,baseline,2025-03-15,118.0,160.0,26.987391304347824,42.0,68.0
2025-03-08,30,2,ensemble,2025-03-22,87.0,105.0,11.789565217391305,18.0,99.0
2025-03-08,30,2,baseline,2025-03-22,87.0,160.0,51.544347826086955,73.0,99.0
2025-03-08,30,3,ensemble,2025-03-29,52.0,88.0,19.082173913043484,36.0,134.0
2025-03-08,30,3,baseline,2025-03-29,52.0,160.0,83.16695652173912,108.0,134.0
2025-03-08,31,1,ensemble,2025-03-15,80.0,131.0,27.694347826086958,51.0,117.0
2025-03-08,31,1,baseline,2025-03-15,80.0,186.0,82.61869565217393,106.0,117.0
2025-03-08,31,2,ensemble,2025-03-22,58.0,108.0,27.796956521739137,50.0,139.0
2025-03-08,31,2,baseline,2025-03-22,58.0,186.0,99.20347826086957,128.0,139.0
2025-03-08,31,3,ensemble,2025-03-29,37.0,89.0,30.413913043478257,52.0,160.0
2025-03-08,31,3,baseline,2025-03-29,37.0,186.0,115.64521739130431,149.0,160.0
2025-03-08,32,1,ensemble,2025-03-15,88.0,65.0,11.691739130434783,23.0,9.0
2025-03-08,32,1,baseline,2025-03-15,88.0,94.0,7.494782608695652,6.0,9.0
2025-03-08,32,2,ensemble,2025-03-22,81.0,58.0,12.936956521739134,23.0,16.0
2025-03-08,32,2,baseline,2025-03-22,81.0,94.0,11.67695652173913,13.0,16.0
2025-03-08,32,3,ensemble,2025-03-29,70.0,47.0,12.453043478260868,23.0,27.0
2025-03-08,32,3,baseline,2025-03-29,70.0,94.0,16.71086956521739,24.0,27.0
2025-03-08,33,1,ensemble,2025-03-15,79.0,133.0,27.25086956521739,54.0,111.0
2025-03-08,33,1,baseline,2025-03-15,79.0,174.0,79.9217391304348,95.0,111.0
2025-03-08,33,2,ensemble,2025-03-22,53.0,115.0,34.415652173913045,62.0,137.0
2025-03-08,33,2,baseline,2025-03-22,53.0,174.0,102.75652173913043,121.0,137.0
2025-03-08,33,3,ensemble,2025-03-29,34.0,92.0,35.10391304347826,58.0,156.0
2025-03-08,33,3,baseline,2025-03-29,34.0,174.0,119.0391304347826,140.0,156.0
2025-03-08,34,1,ensemble,2025-03-15,465.0,640.0,87.20347826086956,175.0,473.0
2025-03-08,34,1,baseline,2025-03-15,465.0,938.0,346.30739130434785,473.0,473.0
2025-03-08,34,2,ensemble,2025-03-22,345.0,531.0,92.78478260869566,186.0,593.0
2025-03-08,34,2,baseline,2025-03-22,345.0,938.0,433.4413043478261,593.0,593.0
2025-03-08,34,3,ensemble,2025-03-29,282.0,430.0,78.45956521739132,148.0,656.0
2025-03-08,34,3,baseline,2025-03-29,282.0,938.0,471.47173913043474,656.0,656.0
2025-03-08,35,1,ensemble,2025-03-15,146.0,119.0,15.673478260869569,27.0,38.0
2025-03-08,35,1,baseline,2025-03-15,146.0,158.0,9.128260869565219,12.0,38.0
2025-03-08,35,2,ensemble,2025-03-22,110.0,104.0,9.70826086956522,6.0,74.0
2025-03-08,35,2,baseline,2025-03-22,110.0,158.0,27.206086956521744,48.0,74.0
2025-03-08,35,3,ensemble,2025-03-29,90.0,83.0,8.715652173913044,7.0,94.0
2025-03-08,35,3,baseline,2025-03-29,90.0,158.0,37.92,68.0,94.0
2025-03-08,36,1,ensemble,2025-03-15,1109.0,1004.0,91.44565217391306,105.0,508.0
2025-03-08,36,1,baseline,2025-03-15,1109.0,1461.0,215.88,352.0,508.0
2025-03-08,36,2,ensemble,2025-03-22,895.0,846.0,79.04217391304348,49.0,722.0
2025-03-08,36,2,baseline,2025-03-22,895.0,1461.0,359.76782608695646,566.0,722.0
2025-03-08,36,3,ensemble,2025-03-29,610.0,698.0,78.65695652173913,88.0,1007.0
2025-03-08,36,3,baseline,2025-03-29,610.0,1461.0,577.9300000000001,851.0,1007.0
2025-03-08,37,1,ensemble,2025-03-15,665.0,586.0,64.52260869565217,79.0,252.0
2025-03-08,37,1,baseline,2025-03-15,665.0,849.0,115.41826086956522,184.0,252.0
2025-03-08,37,2,ensemble,2025-03-22,434.0,446.0,45.98739130434783,12.0,483.0
2025-03-08,37,2,baseline,2025-03-22,434.0,849.0,266.9517391304348,415.0,483.0
2025-03-08,37,3,ensemble,2025-03-29,301.0,371.0,47.31652173913044,70.0,616.0
2025-03-08,37,3,baseline,2025-03-29,301.0,849.0,361.0008695652174,548.0,616.0
2025-03-08,38,1,ensemble,2025-03-15,36.0,28.0,4.688695652173913,8.0,11.0
2025-03-08,38,1,baseline,2025-03-15,36.0,40.0,3.181304347826087,4.0,11.0
2025-03-08,38,2,ensemble,2025-03-22,24.0,25.0,3.3286956521739133,1.0,23.0
2025-03-08,38,2,baseline,2025-03-22,24.0,40.0,8.700869565217392,16.0,23.0
2025-03-08,38,3,ensemble,2025-03-29,25.0,19.0,3.8573913043478267,6.0,22.0
2025-03-08,38,3,baseline,2025-03-29,25.0,40.0,8.172173913043478,15.0,22.0
2025-03-08,39,1,ensemble,2025-03-15,1321.0,1695.0,191.51565217391308,374.0,1219.0
2025-03-08,39,1,baseline,2025-03-15,1321.0,2244.0,733.8313043478262,923.0,1219.0
2025-03-08,39,2,ensemble,2025-03-22,788.0,1455.0,353.9373913043479,667.0,1752.0
2025-03-08,39,2,baseline,2025-03-22,788.0,2244.0,1224.1873913043478,1456.0,1752.0
2025-03-08,39,3,ensemble,2025-03-29,451.0,1141.0,430.0395652173914,690.0,2089.0
2025-03-08,39,3,baseline,2025-03-29,451.0,2244.0,1527.6760869565217,1793.0,2089.0
2025-03-08,40,1,ensemble,2025-03-15,143.0,157.0,21.10521739130435,14.0,191.0
2025-03-08,40,1,baseline,2025-03-15,143.0,251.0,66.28347826086956,108.0,191.0
2025-03-08,40,2,ensemble,2025-03-22,87.0,115.0,21.846956521739138,28.0,247.0
2025-03-08,40,2,baseline,2025-03-22,87.0,251.0,97.77347826086957,164.0,247.0
2025-03-08,40,3,ensemble,2025-03-29,76.0,90.0,17.988695652173913,14.0,258.0
2025-03-08,40,3,baseline,2025-03-29,76.0,251.0,100.0939130434783,175.0,258.0
2025-03-08,41,1,ensemble,2025-03-15,184.0,137.0,25.97782608695652,47.0,137.0
2025-03-08,41,1,baseline,2025-03-15,184.0,189.0,9.500434782608696,5.0,137.0
2025-03-08,41,2,ensemble,2025-03-22,125.0,105.0,16.518695652173914,20.0,196.0
2025-03-08,41,2,baseline,2025-03-22,125.0,189.0,38.78565217391304,64.0,196.0
2025-03-08,41,3,ensemble,2025-03-29,95.0,87.0,14.77869565217392,8.0,226.0
2025-03-08,41,3,baseline,2025-03-29,95.0,189.0,55.05565217391304,94.0,226.0
2025-03-08,42,1,ensemble,2025-03-15,1618.0,2299.0,352.2073913043478,681.0,1401.0
2025-03-08,42,1,baseline,2025-03-15,1618.0,2993.0,1164.5021739130436,1375.0,1401.0
2025-03-08,42,2,ensemble,2025-03-22,1258.0,2067.0,392.1713043478261,809.0,1761.0
2025-03-08,42,2,baseline,2025-03-22,1258.0,2993.0,1481.46,1735.0,1761.0
2025-03-08,42,3,ensemble,2025-03-29,933.0,1725.0,428.3830434782609,792.0,2086.0
2025-03-08,42,3,baseline,2025-03-29,933.0,2993.0,1763.1960869565214,2060.0,2086.0
2025-03-08,44,1,ensemble,2025-03-15,68.0,64.0,5.749130434782609,4.0,39.0
2025-03-08,44,1,baseline,2025-03-15,68.0,91.0,14.716521739130433,23.0,39.0
2025-03-08,44,2,ensemble,2025-03-22,43.0,53.0,6.143478260869567,10.0,64.0
2025-03-08,44,2,baseline,2025-03-22,43.0,91.0,32.805217391304346,48.0,64.0
2025-03-08,44,3,ensemble,2025-03-29,26.0,44.0,8.782608695652174,18.0,81.0
2025-03-08,44,3,baseline,2025-03-29,26.0,91.0,46.59391304347825,65.0,81.0
2025-03-08,45,1,ensemble,2025-03-15,269.0,304.0,29.845652173913045,35.0,173.0
2025-03-08,45,1,baseline,2025-03-15,269.0,420.0,99.18565217391304,151.0,173.0
2025-03-08,45,2,ensemble,2025-03-22,188.0,245.0,31.47565217391305,57.0,254.0
2025-03-08,45,2,baseline,2025-03-22,188.0,420.0,150.60782608695655,232.0,254.0
2025-03-08,45,3,ensemble,2025-03-29,135.0,188.0,28.63130434782609,53.0,307.0
2025-03-08,45,3,baseline,2025-03-29,135.0,420.0,185.23391304347825,285.0,307.0
2025-03-08,46,1,ensemble,2025-03-15,26.0,37.0,6.076086956521739,11.0,63.0
2025-03-08,46,1,baseline,2025-03-15,26.0,48.0,13.172608695652174,22.0,63.0
2025-03-08,46,2,ensemble,2025-03-22,16.0,30.0,7.617826086956524,14.0,73.0
2025-03-08,46,2,baseline,2025-03-22,16.0,48.0,19.293478260869563,32.0,73.0
2025-03-08,46,3,ensemble,2025-03-29,11.0,23.0,6.891304347826087,12.0,78.0
2025-03-08,46,3,baseline,2025-03-29,11.0,48.0,21.737391304347824,37.0,78.0
2025-03-08,47,1,ensemble,2025-03-15,461.0,416.0,42.31695652173914,45.0,65.0
2025-03-08,47,1,baseline,2025-03-15,461.0,522.0,37.07304347826087,61.0,65.0
2025-03-08,47,2,ensemble,2025-03-22,308.0,358.0,42.39869565217391,50.0,218.0
2025-03-08,47,2,baseline,2025-03-22,308.0,522.0,131.0021739130435,214.0,218.0
2025-03-08,47,3,ensemble,2025-03-29,219.0,285.0,41.61217391304348,66.0,307.0
2025-03-08,47,3,baseline,2025-03-29,219.0,522.0,188.7904347826087,303.0,307.0
2025-03-08,48,1,ensemble,2025-03-15,905.0,979.0,91.20478260869568,74.0,623.0
2025-03-08,48,1,baseline,2025-03-15,905.0,1401.0,300.9430434782609,496.0,623.0
2025-03-08,48,2,ensemble,2025-03-22,605.0,735.0,88.52608695652175,130.0,923.0
2025-03-08,48,2,baseline,2025-03-22,605.0,1401.0,500.45826086956515,796.0,923.0
2025-03-08,48,3,ensemble,2025-03-29,538.0,534.0,79.14304347826089,4.0,990.0
2025-03-08,48,3,baseline,2025-03-29,538.0,1401.0,529.0826086956522,863.0,990.0
2025-03-08,49,1,ensemble,2025-03-15,102.0,91.0,8.674782608695653,11.0,21.0
2025-03-08,49,1,baseline,2025-03-15,102.0,122.0,12.10739130434783,20.0,21.0
2025-03-08,49,2,ensemble,2025-03-22,76.0,80.0,7.703913043478261,4.0,47.0
2025-03-08,49,2,baseline,2025-03-22,76.0,122.0,29.09652173913044,46.0,47.0
2025-03-08,49,3,ensemble,2025-03-29,54.0,65.0,8.17391304347826,11.0,69.0
2025-03-08,49,3,baseline,2025-03-29,54.0,122.0,43.57652173913044,68.0,69.0
2025-03-08,50,1,ensemble,2025-03-15,32.0,36.0,3.6256521739130436,4.0,33.0
2025-03-08,50,1,baseline,2025-03-15,32.0,47.0,9.47695652173913,15.0,33.0
2025-03-08,50,2,ensemble,2025-03-22,34.0,31.0,3.766521739130435,3.0,31.0
2025-03-08,50,2,baseline,2025-03-22,34.0,47.0,7.601739130434782,13.0,31.0
2025-03-08,50,3,ensemble,2025-03-29,26.0,23.0,3.2860869565217397,3.0,39.0
2025-03-08,50,3,baseline,2025-03-29,26.0,47.0,12.406086956521738,21.0,39.0
2025-03-08,51,1,ensemble,2025-03-15,514.0,483.0,37.63869565217392,31.0,200.0
2025-03-08,51,1,baseline,2025-03-15,514.0,667.0,93.90478260869565,153.0,200.0
2025-03-08,51,2,ensemble,2025-03-22,339.0,400.0,46.625652173913046,61.0,375.0
2025-03-08,51,2,baseline,2025-03-22,339.0,667.0,219.99391304347836,328.0,375.0
2025-03-08,51,3,ensemble,2025-03-29,199.0,319.0,66.8813043478261,120.0,515.0
2025-03-08,51,3,baseline,2025-03-29,199.0,667.0,335.7969565217391,468.0,515.0
2025-03-08,53,1,ensemble,2025-03-15,191.0,299.0,59.0595652173913,108.0,231.0
2025-03-08,53,1,baseline,2025-03-15,191.0,417.0,160.50434782608696,226.0,231.0
2025-03-08,53,2,ensemble,2025-03-22,165.0,278.0,54.19217391304349,113.0,257.0
2025-03-08,53,2,baseline,2025-03-22,165.0,417.0,171.41652173913045,252.0,257.0
2025-03-08,53,3,ensemble,2025-03-29,113.0,217.0,55.246086956521744,104.0,309.0
2025-03-08,53,3,baseline,2025-03-29,113.0,417.0,206.67173913043482,304.0,309.0
2025-03-08,54,1,ensemble,2025-03-15,347.0,404.0,33.72260869565218,57.0,164.0
2025-03-08,54,1,baseline,2025-03-15,347.0,508.0,120.27,161.0,164.0
2025-03-08,54,2,ensemble,2025-03-22,275.0,337.0,40.203913043478266,62.0,236.0
2025-03-08,54,2,baseline,2025-03-22,275.0,508.0,183.13739130434783,233.0,236.0
2025-03-08,54,3,ensemble,2025-03-29,168.0,295.0,62.88347826086957,127.0,343.0
2025-03-08,54,3,baseline,2025-03-29,168.0,508.0,282.11695652173916,340.0,343.0
2025-03-08,55,1,ensemble,2025-03-15,326.0,549.0,111.33913043478262,223.0,455.0
2025-03-08,55,1,baseline,2025-03-15,326.0,732.0,343.2234782608697,406.0,455.0
2025-03-08,55,2,ensemble,2025-03-22,186.0,479.0,161.28913043478263,293.0,595.0
2025-03-08,55,2,baseline,2025-03-22,186.0,732.0,468.4517391304348,546.0,595.0
2025-03-08,55,3,ensemble,2025-03-29,136.0,394.0,139.5982608695652,258.0,645.0
2025-03-08,55,3,baseline,2025-03-29,136.0,732.0,505.6213043478262,596.0,645.0
2025-03-08,56,1,ensemble,2025-03-15,44.0,39.0,4.767391304347826,5.0,2.0
2025-03-08,56,1,baseline,2025-03-15,44.0,48.0,3.441304347826087,4.0,2.0
2025-03-08,56,2,ensemble,2025-03-22,30.0,32.0,4.173913043478262,2.0,16.0
2025-03-08,56,2,baseline,2025-03-22,30.0,48.0,10.185217391304349,18.0,16.0
2025-03-08,56,3,ensemble,2025-03-29,23.0,27.0,4.17304347826087,4.0,23.0
2025-03-08,56,3,baseline,2025-03-29,23.0,48.0,13.776086956521738,25.0,23.0
2025-03-15,01,1,ensemble,2025-03-22,193.0,195.0,17.36130434782609,2.0,122.0
2025-03-15,01,1,baseline,2025-03-22,193.0,291.0,60.646956521739135,98.0,122.0
2025-03-15,01,2,ensemble,2025-03-29,169.0,159.0,21.457826086956523,10.0,146.0
2025-03-15,01,2,baseline,2025-03-29,169.0,291.0,72.0408695652174,122.0,146.0
2025-03-15,01,3,ensemble,2025-04-05,85.0,118.0,23.413043478260875,33.0,230.0
2025-03-15,01,3,baseline,2025-04-05,85.0,291.0,127.84826086956522,206.0,230.0
2025-03-15,02,1,ensemble,2025-03-22,23.0,42.0,9.32,19.0,35.0
2025-03-15,02,1,baseline,2025-03-22,23.0,51.0,19.67391304347826,28.0,35.0
2025-03-15,02,2,ensemble,2025-03-29,30.0,37.0,4.245217391304349,7.0,28.0
2025-03-15,02,2,baseline,2025-03-29,30.0,51.0,12.898695652173913,21.0,28.0
2025-03-15,02,3,ensemble,2025-04-05,14.0,31.0,8.643913043478262,17.0,44.0
2025-03-15,02,3,baseline,2025-04-05,14.0,51.0,25.14652173913044,37.0,44.0
2025-03-15,04,1,ensemble,2025-03-22,307.0,356.0,42.53391304347827,49.0,161.0
2025-03-15,04,1,baseline,2025-03-22,307.0,464.0,93.33478260869565,157.0,161.0
2025-03-15,04,2,ensemble,2025-03-29,222.0,315.0,51.17130434782609,93.0,246.0
2025-03-15,04,2,baseline,2025-03-29,222.0,464.0,140.71434782608694,242.0,246.0
2025-03-15,04,3,ensemble,2025-04-05,100.0,263.0,90.50173913043479,163.0,368.0
2025-03-15,04,3,baseline,2025-04-05,100.0,464.0,216.0708695652174,364.0,368.0
2025-03-15,05,1,ensemble,2025-03-22,164.0,150.0,15.05913043478261,14.0,161.0
2025-03-15,05,1,baseline,2025-03-22,164.0,221.0,33.14304347826087,57.0,161.0
2025-03-15,05,2,ensemble,2025-03-29,111.0,120.0,14.391739130434784,9.0,214.0
2025-03-15,05,2,baseline,2025-03-29,111.0,221.0,65.43130434782609,110.0,214.0
2025-03-15,05,3,ensemble,2025-04-05,71.0,100.0,19.356521739130436,29.0,254.0
2025-03-15,05,3,baseline,2025-04-05,71.0,221.0,90.76565217391305,150.0,254.0
2025-03-15,06,1,ensemble,2025-03-22,689.0,560.0,79.83652173913045,129.0,352.0
2025-03-15,06,1,baseline,2025-03-22,689.0,947.0,153.97478260869568,258.0,352.0
2025-03-15,06,2,ensemble,2025-03-29,561.0,433.0,83.2591304347826,128.0,480.0
2025-03-15,06,2,baseline,2025-03-29,561.0,947.0,215.96260869565222,386.0,480.0
2025-03-15,06,3,ensemble,2025-04-05,446.0,301.0,83.57347826086958,145.0,595.0
2025-03-15,06,3,baseline,2025-04-05,446.0,947.0,272.2773913043478,501.0,595.0
2025-03-15,08,1,ensemble,2025-03-22,162.0,212.0,28.982608695652175,50.0,149.0
2025-03-15,08,1,baseline,2025-03-22,162.0,305.0,96.97347826086956,143.0,149.0
2025-03-15,08,2,ensemble,2025-03-29,121.0,186.0,33.480000000000004,65.0,190.0
2025-03-15,08,2,baseline,2025-03-29,121.0,305.0,122.88000000000001,184.0,190.0
2025-03-15,08,3,ensemble,2025-04-05,86.0,153.0,36.25217391304348,67.0,225.0
2025-03-15,08,3,baseline,2025-04-05,86.0,305.0,144.3521739130435,219.0,225.0
2025-03-15,09,1,ensemble,2025-03-22,118.0,128.0,12.482608695652175,10.0,69.0
2025-03-15,09,1,baseline,2025-03-22,118.0,187.0,41.73652173913043,69.0,69.0
2025-03-15,09,2,ensemble,2025-03-29,77.0,107.0,18.28782608695652,30.0,110.0
2025-03-15,09,2,baseline,2025-03-29,77.0,187.0,67.49695652173914,110.0,110.0
2025-03-15,09,3,ensemble,2025-04-05,53.0,88.0,18.534782608695654,35.0,134.0
2025-03-15,09,3,baseline,2025-04-05,53.0,187.0,81.83260869565218,134.0,134.0
2025-03-15,10,1,ensemble,2025-03-22,33.0,33.0,3.8613043478260876,0.0,22.0
2025-03-15,10,1,baseline,2025-03-22,33.0,44.0,6.779565217391303,11.0,22.0
2025-03-15,10,2,ensemble,2025-03-29,17.0,26.0,5.379565217391304,9.0,38.0
2025-03-15,10,2,baseline,2025-03-29,17.0,44.0,16.312173913043477,27.0,38.0
2025-03-15,10,3,ensemble,2025-04-05,15.0,19.0,4.069565217391304,4.0,40.0
2025-03-15,10,3,baseline,2025-04-05,15.0,44.0,16.81086956521739,29.0,40.0
2025-03-15,11,1,ensemble,2025-03-22,64.0,82.0,10.251739130434785,18.0,39.0
2025-03-15,11,1,baseline,2025-03-22,64.0,108.0,30.37217391304348,44.0,39.0
2025-03-15,11,2,ensemble,2025-03-29,69.0,72.0,7.779565217391305,3.0,34.0
2025-03-15,11,2,baseline,2025-03-29,69.0,108.0,25.098260869565216,39.0,34.0
2025-03-15,11,3,ensemble,2025-04-05,28.0,58.0,16.422608695652176,30.0,75.0
2025-03-15,11,3,baseline,2025-04-05,28.0,108.0,55.74826086956522,80.0,75.0
2025-03-15,12,1,ensemble,2025-03-22,920.0,779.0,89.74521739130437,141.0,323.0
2025-03-15,12,1,baseline,2025-03-22,920.0,1199.0,167.02826086956523,279.0,323.0
2025-03-15,12,2,ensemble,2025-03-29,708.0,705.0,62.88739130434783,3.0,535.0
2025-03-15,12,2,baseline,2025-03-29,708.0,1199.0,301.99260869565217,491.0,535.0
2025-03-15,12,3,ensemble,2025-04-05,583.0,528.0,69.9626086956522,55.0,660.0
2025-03-15,12,3,baseline,2025-04-05,583.0,1199.0,379.92086956521734,616.0,660.0
2025-03-15,13,1,ensemble,2025-03-22,235.0,248.0,24.329130434782606,13.0,161.0
2025-03-15,13,1,baseline,2025-03-22,235.0,352.0,69.88043478260869,117.0,161.0
2025-03-15,13,2,ensemble,2025-03-29,190.0,205.0,24.73086956521739,15.0,206.0
2025-03-15,13,2,baseline,2025-03-29,190.0,352.0,93.42304347826087,162.0,206.0
2025-03-15,13,3,ensemble,2025-04-05,162.0,175.0,26.02608695652174,13.0,234.0
2025-03-15,13,3,baseline,2025-04-05,162.0,352.0,106.56217391304347,190.0,234.0
2025-03-15,15,1,ensemble,2025-03-22,42.0,43.0,3.431304347826088,1.0,21.0
2025-03-15,15,1,baseline,2025-03-22,42.0,54.0,6.831304347826087,12.0,21.0
2025-03-15,15,2,ensemble,2025-03-29,31.0,36.0,3.9369565217391305,5.0,32.0
2025-03-15,15,2,baseline,2025-03-29,31.0,54.0,14.139130434782608,23.0,32.0
2025-03-15,15,3,ensemble,2025-04-05,39.0,30.0,5.1808695652173915,9.0,24.0
2025-03-15,15,3,baseline,2025-04-05,39.0,54.0,8.166956521739133,15.0,24.0
2025-03-15,16,1,ensemble,2025-03-22,83.0,35.0,30.58826086956522,48.0,7.0
2025-03-15,16,1,baseline,2025-03-22,83.0,47.0,20.89173913043478,36.0,7.0
2025-03-15,16,2,ensemble,2025-03-29,50.0,28.0,11.85869565217391,22.0,40.0
2025-03-15,16,2,baseline,2025-03-29,50.0,47.0,8.061304347826088,3.0,40.0
2025-03-15,16,3,ensemble,2025-04-05,27.0,26.0,5.232173913043479,1.0,63.0
2025-03-15,16,3,baseline,2025-04-05,27.0,47.0,13.604782608695654,20.0,63.0
2025-03-15,17,1,ensemble,2025-03-22,507.0,553.0,53.72652173913045,46.0,449.0
2025-03-15,17,1,baseline,2025-03-22,507.0,903.0,268.05608695652177,396.0,449.0
2025-03-15,17,2,ensemble,2025-03-29,349.0,422.0,56.19217391304348,73.0,607.0
2025-03-15,17,2,baseline,2025-03-29,349.0,903.0,386.7960869565218,554.0,607.0
2025-03-15,17,3,ensemble,2025-04-05,297.0,335.0,39.95434782608695,38.0,659.0
2025-03-15,17,3,baseline,2025-04-05,297.0,903.0,412.7169565217391,606.0,659.0
2025-03-15,18,1,ensemble,2025-03-22,392.0,526.0,69.00347826086957,134.0,479.0
2025-03-15,18,1,baseline,2025-03-22,392.0,797.0,291.15782608695656,405.0,479.0
2025-03-15,18,2,ensemble,2025-03-29,237.0,420.0,99.09565217391304,183.0,634.0
2025-03-15,18,2,baseline,2025-03-29,237.0,797.0,416.014347826087,560.0,634.0
2025-03-15,18,3,ensemble,2025-04-05,126.0,331.0,122.41956521739132,205.0,745.0
2025-03-15,18,3,baseline,2025-04-05,126.0,797.0,504.75434782608687,671.0,745.0
2025-03-15,19,1,ensemble,2025-03-22,99.0,162.0,33.271739130434774,63.0,172.0
2025-03-15,19,1,baseline,2025-03-22,99.0,239.0,101.71652173913041,140.0,172.0
2025-03-15,19,2,ensemble,2025-03-29,52.0,120.0,41.880869565217395,68.0,219.0
2025-03-15,19,2,baseline,2025-03-29,52.0,239.0,139.72739130434783,187.0,219.0
2025-03-15,19,3,ensemble,2025-04-05,43.0,91.0,30.21434782608696,48.0,228.0
2025-03-15,19,3,baseline,2025-04-05,43.0,239.0,140.7113043478261,196.0,228.0
2025-03-15,20,1,ensemble,2025-03-22,120.0,169.0,24.68956521739131,49.0,131.0
2025-03-15,20,1,baseline,2025-03-22,120.0,229.0,74.22173913043478,109.0,131.0
2025-03-15,20,2,ensemble,2025-03-29,68.0,137.0,38.59739130434784,69.0,183.0
2025-03-15,20,2,baseline,2025-03-29,68.0,229.0,112.34173913043479,161.0,183.0
2025-03-15,20,3,ensemble,2025-04-05,40.0,105.0,34.98086956521738,65.0,211.0
2025-03-15,20,3,baseline,2025-04-05,40.0,229.0,132.26260869565218,189.0,211.0
2025-03-15,21,1,ensemble,2025-03-22,372.0,386.0,31.25913043478261,14.0,261.0
2025-03-15,21,1,baseline,2025-03-22,372.0,559.0,122.36000000000001,187.0,261.0
2025-03-15,21,2,ensemble,2025-03-29,267.0,292.0,32.28391304347826,25.0,366.0
2025-03-15,21,2,baseline,2025-03-29,267.0,559.0,190.6417391304348,292.0,366.0
2025-03-15,21,3,ensemble,2025-04-05,175.0,239.0,38.763043478260876,64.0,458.0
2025-03-15,21,3,baseline,2025-04-05,175.0,559.0,256.25347826086954,384.0,458.0
2025-03-15,22,1,ensemble,2025-03-22,230.0,318.0,43.19869565217392,88.0,168.0
2025-03-15,22,1,baseline,2025-03-22,230.0,388.0,108.6713043478261,158.0,168.0
2025-03-15,22,2,ensemble,2025-03-29,178.0,275.0,45.89043478260871,97.0,220.0
2025-03-15,22,2,baseline,2025-03-29,178.0,388.0,147.43043478260873,210.0,220.0
2025-03-15,22,3,ensemble,2025-04-05,121.0,243.0,59.4213043478261,122.0,277.0
2025-03-15,22,3,baseline,2025-04-05,121.0,388.0,193.64478260869564,267.0,277.0
2025-03-15,23,1,ensemble,2025-03-22,83.0,149.0,31.822173913043482,66.0,117.0
2025-03-15,23,1,baseline,2025-03-22,83.0,193.0,89.26608695652173,110.0,117.0
2025-03-15,23,2,ensemble,2025-03-29,59.0,124.0,36.36608695652174,65.0,141.0
2025-03-15,23,2,baseline,2025-03-29,59.0,193.0,109.08000000000003,134.0,141.0
2025-03-15,23,3,ensemble,2025-04-05,55.0,101.0,24.670869565217394,46.0,145.0
2025-03-15,23,3,baseline,2025-04-05,55.0,193.0,108.96043478260871,138.0,145.0
2025-03-15,24,1,ensemble,2025-03-22,210.0,195.0,20.82086956521739,15.0,169.0
2025-03-15,24,1,baseline,2025-03-22,210.0,332.0,78.04347826086956,122.0,169.0
2025-03-15,24,2,ensemble,2025-03-29,135.0,139.0,18.931304347826092,4.0,244.0
2025-03-15,24,2,baseline,2025-03-29,135.0,332.0,127.86304347826086,197.0,244.0
2025-03-15,24,3,ensemble,2025-04-05,129.0,110.0,16.891739130434786,19.0,250.0
2025-03-15,24,3,baseline,2025-04-05,129.0,332.0,127.14173913043479,203.0,250.0
2025-03-15,25,1,ensemble,2025-03-22,299.0,437.0,82.79043478260868,138.0,445.0
2025-03-15,25,1,baseline,2025-03-22,299.0,740.0,344.1952173913043,441.0,445.0
2025-03-15,25,2,ensemble,2025-03-29,213.0,354.0,90.15521739130436,141.0,531.0
2025-03-15,25,2,baseline,2025-03-29,213.0,740.0,407.61434782608694,527.0,531.0
2025-03-15,25,3,ensemble,2025-04-05,135.0,299.0,102.41217391304347,164.0,609.0
2025-03-15,25,3,baseline,2025-04-05,135.0,740.0,465.39782608695634,605.0,609.0
2025-03-15,26,1,ensemble,2025-03-22,793.0,672.0,73.20347826086957,121.0,186.0
2025-03-15,26,1,baseline,2025-03-22,793.0,966.0,102.22652173913043,173.0,186.0
2025-03-15,26,2,ensemble,2025-03-29,528.0,536.0,55.55478260869564,8.0,451.0
2025-03-15,26,2,baseline,2025-03-29,528.0,966.0,294.4165217391304,438.0,451.0
2025-03-15,26,3,ensemble,2025-04-05,269.0,413.0,97.34869565217393,144.0,710.0
2025-03-15,26,3,baseline,2025-04-05,269.0,966.0,524.1513043478261,697.0,710.0
2025-03-15,27,1,ensemble,2025-03-22,182.0,115.0,36.14565217391304,67.0,13.0
2025-03-15,27,1,baseline,2025-03-22,182.0,181.0,9.078260869565218,1.0,13.0
2025-03-15,27,2,ensemble,2025-03-29,81.0,86.0,16.62,5.0,114.0
2025-03-15,27,2,baseline,2025-03-29,81.0,181.0,59.20217391304348,100.0,114.0
2025-03-15,27,3,ensemble,2025-04-05,59.0,72.0,15.238260869565215,13.0,136.0
2025-03-15,27,3,baseline,2025-04-05,59.0,181.0,71.13304347826087,122.0,136.0
2025-03-15,28,1,ensemble,2025-03-22,102.0,124.0,13.958260869565216,22.0,70.0
2025-03-15,28,1,baseline,2025-03-22,102.0,168.0,40.270434782608696,66.0,70.0
2025-03-15,28,2,ensemble,2025-03-29,51.0,102.0,25.78826086956522,51.0,121.0
2025-03-15,28,2,baseline,2025-03-29,51.0,168.0,74.39391304347825,117.0,121.0
2025-03-15,28,3,ensemble,2025-04-05,48.0,88.0,18.851739130434783,40.0,124.0
2025-03-15,28,3,baseline,2025-04-05,48.0,168.0,73.49695652173912,120.0,124.0
2025-03-15,29,1,ensemble,2025-03-22,369.0,293.0,47.450869565217396,76.0,323.0
2025-03-15,29,1,baseline,2025-03-22,369.0,429.0,38.15173913043479,60.0,323.0
2025-03-15,29,2,ensemble,2025-03-29,189.0,238.0,40.30913043478261,49.0,503.0
2025-03-15,29,2,baseline,2025-03-29,189.0,429.0,147.43956521739128,240.0,503.0
2025-03-15,29,3,ensemble,2025-04-05,130.0,160.0,32.33304347826087,30.0,562.0
2025-03-15,29,3,baseline,2025-04-05,130.0,429.0,181.79652173913047,299.0,562.0
2025-03-15,30,1,ensemble,2025-03-22,87.0,117.0,15.314782608695653,30.0,64.0
2025-03-15,30,1,baseline,2025-03-22,87.0,160.0,55.994347826086944,73.0,64.0
2025-03-15,30,2,ensemble,2025-03-29,52.0,94.0,22.228695652173915,42.0,99.0
2025-03-15,30,2,baseline,2025-03-29,52.0,160.0,86.95913043478258,108.0,99.0
2025-03-15,30,3,ensemble,2025-04-05,31.0,76.0,26.083478260869562,45.0,120.0
2025-03-15,30,3,baseline,2025-04-05,31.0,160.0,104.61130434782608,129.0,120.0
2025-03-15,31,1,ensemble,2025-03-22,58.0,82.0,12.338260869565216,24.0,95.0
2025-03-15,31,1,baseline,2025-03-22,58.0,115.0,37.63652173913044,57.0,95.0
2025-03-15,31,2,ensemble,2025-03-29,37.0,60.0,12.315652173913042,23.0,116.0
2025-03-15,31,2,baseline,2025-03-29,37.0,115.0,51.87739130434783,78.0,116.0
2025-03-15,31,3,ensemble,2025-04-05,14.0,46.0,18.16,32.0,139.0
2025-03-15,31,3,baseline,2025-04-05,14.0,115.0,68.11652173913043,101.0,139.0
2025-03-15,32,1,ensemble,2025-03-22,81.0,39.0,24.797826086956526,42.0,2.0
2025-03-15,32,1,baseline,2025-03-22,81.0,58.0,13.677391304347825,23.0,2.0
2025-03-15,32,2,ensemble,2025-03-29,70.0,30.0,20.546521739130434,40.0,9.0
2025-03-15,32,2,baseline,2025-03-29,70.0,58.0,11.025652173913045,12.0,9.0
2025-03-15,32,3,ensemble,2025-04-05,41.0,25.0,8.488695652173913,16.0,38.0
2025-03-15,32,3,baseline,2025-04-05,41.0,58.0,13.934782608695652,17.0,38.0
2025-03-15,33,1,ensemble,2025-03-22,53.0,81.0,14.161304347826091,28.0,92.0
2025-03-15,33,1,baseline,2025-03-22,53.0,114.0,44.8504347826087,61.0,92.0
2025-03-15,33,2,ensemble,2025-03-29,34.0,60.0,16.07130434782609,26.0,111.0
2025-03-15,33,2,baseline,2025-03-29,34.0,114.0,60.40391304347826,80.0,111.0
2025-03-15,33,3,ensemble,2025-04-05,17.0,51.0,20.14652173913044,34.0,128.0
2025-03-15,33,3,baseline,2025-04-05,17.0,114.0,74.46173913043476,97.0,128.0
2025-03-15,34,1,ensemble,2025-03-22,345.0,365.0,39.74260869565217,20.0,285.0
2025-03-15,34,1,baseline,2025-03-22,345.0,630.0,183.8834782608695,285.0,285.0
2025-03-15,34,2,ensemble,2025-03-29,282.0,292.0,34.982608695652175,10.0,348.0
2025-03-15,34,2,baseline,2025-03-29,282.0,630.0,217.4886956521739,348.0,348.0
2025-03-15,34,3,ensemble,2025-04-05,248.0,232.0,32.02782608695652,16.0,382.0
2025-03-15,34,3,baseline,2025-04-05,248.0,630.0,233.09782608695653,382.0,382.0
2025-03-15,35,1,ensemble,2025-03-22,110.0,68.0,22.143478260869564,42.0,68.0
2025-03-15,35,1,baseline,2025-03-22,110.0,107.0,6.805652173913045,3.0,68.0
2025-03-15,35,2,ensemble,2025-03-29,90.0,52.0,18.343913043478263,38.0,88.0
2025-03-15,35,2,baseline,2025-03-29,90.0,107.0,12.672608695652174,17.0,88.0
2025-03-15,35,3,ensemble,2025-04-05,58.0,47.0,7.9339130434782605,11.0,120.0
2025-03-15,35,3,baseline,2025-04-05,58.0,107.0,26.93086956521739,49.0,120.0
2025-03-15,36,1,ensemble,2025-03-22,895.0,678.0,113.49217391304349,217.0,387.0
2025-03-15,36,1,baseline,2025-03-22,895.0,1106.0,120.78130434782612,211.0,387.0
2025-03-15,36,2,ensemble,2025-03-29,610.0,529.0,64.71478260869564,81.0,672.0
2025-03-15,36,2,baseline,2025-03-29,610.0,1106.0,303.1060869565218,496.0,672.0
2025-03-15,36,3,ensemble,2025-04-05,503.0,454.0,63.838260869565225,49.0,779.0
2025-03-15,36,3,baseline,2025-04-05,503.0,1106.0,368.67782608695654,603.0,779.0
2025-03-15,37,1,ensemble,2025-03-22,434.0,493.0,56.08347826086957,59.0,387.0
2025-03-15,37,1,baseline,2025-03-22,434.0,737.0,196.61521739130433,303.0,387.0
2025-03-15,37,2,ensemble,2025-03-29,301.0,394.0,55.43391304347827,93.0,520.0
2025-03-15,37,2,baseline,2025-03-29,301.0,737.0,284.00217391304346,436.0,520.0
2025-03-15,37,3,ensemble,2025-04-05,188.0,314.0,71.06652173913044,126.0,633.0
2025-03-15,37,3,baseline,2025-04-05,188.0,737.0,362.30608695652177,549.0,633.0
2025-03-15,38,1,ensemble,2025-03-22,24.0,22.0,3.0021739130434786,2.0,7.0
2025-03-15,38,1,baseline,2025-03-22,24.0,31.0,4.214347826086957,7.0,7.0
2025-03-15,38,2,ensemble,2025-03-29,25.0,17.0,4.398695652173914,8.0,6.0
2025-03-15,38,2,baseline,2025-03-29,25.0,31.0,4.3213043478260875,6.0,6.0
2025-03-15,38,3,ensemble,2025-04-05,14.0,14.0,2.4908695652173916,0.0,17.0
2025-03-15,38,3,baseline,2025-04-05,14.0,31.0,9.059130434782608,17.0,17.0
2025-03-15,39,1,ensemble,2025-03-22,788.0,1164.0,198.77521739130435,376.0,1094.0
2025-03-15,39,1,baseline,2025-03-22,788.0,1841.0,863.0743478260868,1053.0,1094.0
2025-03-15,39,2,ensemble,2025-03-29,451.0,955.0,249.92652173913046,504.0,1431.0
2025-03-15,39,2,baseline,2025-03-29,451.0,1841.0,1158.01,1390.0,1431.0
2025-03-15,39,3,ensemble,2025-04-05,269.0,788.0,281.07304347826084,519.0,1613.0
2025-03-15,39,3,baseline,2025-04-05,269.0,1841.0,1303.291304347826,1572.0,1613.0
2025-03-15,40,1,ensemble,2025-03-22,87.0,89.0,13.223478260869562,2.0,134.0
2025-03-15,40,1,baseline,2025-03-22,87.0,151.0,38.416956521739124,64.0,134.0
2025-03-15,40,2,ensemble,2025-03-29,76.0,70.0,11.26086956521739,6.0,145.0
2025-03-15,40,2,baseline,2025-03-29,76.0,151.0,43.931739130434785,75.0,145.0
2025-03-15,40,3,ensemble,2025-04-05,40.0,53.0,10.218695652173915,13.0,181.0
2025-03-15,40,3,baseline,2025-04-05,40.0,151.0,61.67652173913044,111.0,181.0
2025-03-15,41,1,ensemble,2025-03-22,125.0,121.0,12.912608695652175,4.0,82.0
2025-03-15,41,1,baseline,2025-03-22,125.0,195.0,43.82869565217391,70.0,82.0
2025-03-15,41,2,ensemble,2025-03-29,95.0,104.0,14.006086956521742,9.0,112.0
2025-03-15,41,2,baseline,2025-03-29,95.0,195.0,60.26,100.0,112.0
2025-03-15,41,3,ensemble,2025-04-05,85.0,77.0,13.551304347826088,8.0,122.0
2025-03-15,41,3,baseline,2025-04-05,85.0,195.0,63.50521739130436,110.0,122.0
2025-03-15,42,1,ensemble,2025-03-22,1258.0,1486.0,146.2695652173913,228.0,1098.0
2025-03-15,42,1,baseline,2025-03-22,1258.0,2123.0,640.8113043478261,865.0,1098.0
2025-03-15,42,2,ensemble,2025-03-29,933.0,1261.0,188.88260869565218,328.0,1423.0
2025-03-15,42,2,baseline,2025-03-29,933.0,2123.0,915.9147826086955,1190.0,1423.0
2025-03-15,42,3,ensemble,2025-04-05,621.0,958.0,177.14739130434782,337.0,1735.0
2025-03-15,42,3,baseline,2025-04-05,621.0,2123.0,1180.9647826086957,1502.0,1735.0
2025-03-15,44,1,ensemble,2025-03-22,43.0,38.0,4.423478260869567,5.0,22.0
2025-03-15,44,1,baseline,2025-03-22,43.0,56.0,7.746956521739132,13.0,22.0
2025-03-15,44,2,ensemble,2025-03-29,26.0,30.0,4.332173913043478,4.0,39.0
2025-03-15,44,2,baseline,2025-03-29,26.0,56.0,18.413043478260867,30.0,39.0
2025-03-15,44,3,ensemble,2025-04-05,25.0,27.0,3.8073913043478265,2.0,40.0
2025-03-15,44,3,baseline,2025-04-05,25.0,56.0,18.19304347826087,31.0,40.0
2025-03-15,45,1,ensemble,2025-03-22,188.0,272.0,41.823913043478264,84.0,220.0
2025-03-15,45,1,baseline,2025-03-22,188.0,396.0,142.3917391304348,208.0,220.0
2025-03-15,45,2,ensemble,2025-03-29,135.0,211.0,41.27956521739131,76.0,273.0
2025-03-15,45,2,baseline,2025-03-29,135.0,396.0,174.83304347826086,261.0,273.0
2025-03-15,45,3,ensemble,2025-04-05,80.0,188.0,51.16608695652174,108.0,328.0
2025-03-15,45,3,baseline,2025-04-05,80.0,396.0,211.07565217391308,316.0,328.0
2025-03-15,46,1,ensemble,2025-03-22,16.0,34.0,9.515217391304347,18.0,37.0
2025-03-15,46,1,baseline,2025-03-22,16.0,50.0,21.899565217391306,34.0,37.0
2025-03-15,46,2,ensemble,2025-03-29,11.0,25.0,8.479130434782608,14.0,42.0
2025-03-15,46,2,baseline,2025-03-29,11.0,50.0,24.36347826086956,39.0,42.0
2025-03-15,46,3,ensemble,2025-04-05,7.0,22.0,7.822608695652175,15.0,46.0
2025-03-15,46,3,baseline,2025-04-05,7.0,50.0,26.186521739130427,43.0,46.0
2025-03-15,47,1,ensemble,2025-03-22,308.0,334.0,30.466521739130435,26.0,169.0
2025-03-15,47,1,baseline,2025-03-22,308.0,470.0,102.22217391304346,162.0,169.0
2025-03-15,47,2,ensemble,2025-03-29,219.0,287.0,37.07739130434783,68.0,258.0
2025-03-15,47,2,baseline,2025-03-29,219.0,470.0,158.46826086956523,251.0,258.0
2025-03-15,47,3,ensemble,2025-04-05,150.0,232.0,41.66695652173913,82.0,327.0
2025-03-15,47,3,baseline,2025-04-05,150.0,470.0,201.3995652173913,320.0,327.0
2025-03-15,48,1,ensemble,2025-03-22,605.0,653.0,73.5608695652174,48.0,603.0
2025-03-15,48,1,baseline,2025-03-22,605.0,1105.0,302.24782608695654,500.0,603.0
2025-03-15,48,2,ensemble,2025-03-29,538.0,606.0,77.7891304347826,68.0,670.0
2025-03-15,48,2,baseline,2025-03-29,538.0,1105.0,330.68782608695653,567.0,670.0
2025-03-15,48,3,ensemble,2025-04-05,369.0,407.0,65.90608695652175,38.0,839.0
2025-03-15,48,3,baseline,2025-04-05,369.0,1105.0,433.9891304347826,736.0,839.0
2025-03-15,49,1,ensemble,2025-03-22,76.0,88.0,8.841739130434783,12.0,45.0
2025-03-15,49,1,baseline,2025-03-22,76.0,121.0,30.303913043478257,45.0,45.0
2025-03-15,49,2,ensemble,2025-03-29,54.0,77.0,12.201739130434783,23.0,67.0
2025-03-15,49,2,baseline,2025-03-29,54.0,121.0,44.68043478260869,67.0,67.0
2025-03-15,49,3,ensemble,2025-04-05,54.0,61.0,8.74304347826087,7.0,67.0
2025-03-15,49,3,baseline,2025-04-05,54.0,121.0,42.819130434782615,67.0,67.0
2025-03-15,50,1,ensemble,2025-03-22,34.0,29.0,3.99304347826087,5.0,9.0
2025-03-15,50,1,baseline,2025-03-22,34.0,40.0,3.5617391304347827,6.0,9.0
2025-03-15,50,2,ensemble,2025-03-29,26.0,24.0,3.0521739130434784,2.0,17.0
2025-03-15,50,2,baseline,2025-03-29,26.0,40.0,8.159999999999998,14.0,17.0
2025-03-15,50,3,ensemble,2025-04-05,28.0,18.0,5.475652173913044,10.0,15.0
2025-03-15,50,3,baseline,2025-04-05,28.0,40.0,6.801304347826087,12.0,15.0
2025-03-15,51,1,ensemble,2025-03-22,339.0,320.0,29.10521739130435,19.0,217.0
2025-03-15,51,1,baseline,2025-03-22,339.0,464.0,74.94695652173912,125.0,217.0
2025-03-15,51,2,ensemble,2025-03-29,199.0,249.0,35.5895652173913,50.0,357.0
2025-03-15,51,2,baseline,2025-03-29,199.0,464.0,166.61391304347828,265.0,357.0
2025-03-15,51,3,ensemble,2025-04-05,143.0,200.0,34.54608695652174,57.0,413.0
2025-03-15,51,3,baseline,2025-04-05,143.0,464.0,202.39608695652177,321.0,413.0
2025-03-15,53,1,ensemble,2025-03-22,165.0,155.0,18.048260869565215,10.0,76.0
2025-03-15,53,1,baseline,2025-03-22,165.0,235.0,43.31260869565217,70.0,76.0
2025-03-15,53,2,ensemble,2025-03-29,113.0,127.0,17.21521739130435,14.0,128.0
2025-03-15,53,2,baseline,2025-03-29,113.0,235.0,73.01608695652173,122.0,128.0
2025-03-15,53,3,ensemble,2025-04-05,101.0,93.0,14.81086956521739,8.0,140.0
2025-03-15,53,3,baseline,2025-04-05,101.0,235.0,76.87565217391305,134.0,140.0
2025-03-15,54,1,ensemble,2025-03-22,275.0,328.0,31.45652173913044,53.0,181.0
2025-03-15,54,1,baseline,2025-03-22,275.0,446.0,129.29739130434785,171.0,181.0
2025-03-15,54,2,ensemble,2025-03-29,168.0,269.0,50.90782608695652,101.0,288.0
2025-03-15,54,2,baseline,2025-03-29,168.0,446.0,227.9039130434782,278.0,288.0
2025-03-15,54,3,ensemble,2025-04-05,102.0,220.0,63.59869565217392,118.0,354.0
2025-03-15,54,3,baseline,2025-04-05,102.0,446.0,286.20217391304345,344.0,354.0
2025-03-15,55,1,ensemble,2025-03-22,186.0,334.0,78.93608695652173,148.0,315.0
2025-03-15,55,1,baseline,2025-03-22,186.0,497.0,243.64043478260868,311.0,315.0
2025-03-15,55,2,ensemble,2025-03-29,136.0,273.0,63.0595652173913,137.0,365.0
2025-03-15,55,2,baseline,2025-03-29,136.0,497.0,278.97130434782605,361.0,365.0
2025-03-15,55,3,ensemble,2025-04-05,77.0,215.0,70.53347826086956,138.0,424.0
2025-03-15,55,3,baseline,2025-04-05,77.0,497.0,324.2230434782609,420.0,424.0
2025-03-15,56,1,ensemble,2025-03-22,30.0,28.0,3.66608695652174,2.0,9.0
2025-03-15,56,1,baseline,2025-03-22,30.0,38.0,5.063913043478261,8.0,9.0
2025-03-15,56,2,ensemble,2025-03-29,23.0,24.0,3.718260869565217,1.0,16.0
2025-03-15,56,2,baseline,2025-03-29,23.0,38.0,8.551304347826088,15.0,16.0
2025-03-15,56,3,ensemble,2025-04-05,12.0,20.0,4.51608695652174,8.0,27.0
2025-03-15,56,3,baseline,2025-04-05,12.0,38.0,14.34086956521739,26.0,27.0
2025-03-22,01,1,ensemble,2025-03-29,169.0,173.0,17.018695652173914,4.0,104.0
2025-03-22,01,1,baseline,2025-03-29,169.0,263.0,57.87695652173913,94.0,104.0
2025-03-22,01,2,ensemble,2025-04-05,85.0,147.0,31.419565217391302,62.0,188.0
2025-03-22,01,2,baseline,2025-04-05,85.0,263.0,112.38434782608694,178.0,188.0
2025-03-22,01,3,ensemble,2025-04-12,54.0,120.0,31.686956521739127,66.0,219.0
2025-03-22,01,3,baseline,2025-04-12,54.0,263.0,130.35347826086957,209.0,219.0
2025-03-22,02,1,ensemble,2025-03-29,30.0,24.0,3.5621739130434786,6.0,2.0
2025-03-22,02,1,baseline,2025-03-29,30.0,32.0,2.0626086956521745,2.0,2.0
2025-03-22,02,2,ensemble,2025-04-05,14.0,21.0,3.7430434782608697,7.0,18.0
2025-03-22,02,2,baseline,2025-04-05,14.0,32.0,10.563478260869568,18.0,18.0
2025-03-22,02,3,ensemble,2025-04-12,15.0,16.0,2.500434782608696,1.0,17.0
2025-03-22,02,3,baseline,2025-04-12,15.0,32.0,9.468695652173913,17.0,17.0
2025-03-22,04,1,ensemble,2025-03-29,222.0,268.0,33.12478260869566,46.0,137.0
2025-03-22,04,1,baseline,2025-03-29,222.0,357.0,80.38434782608697,135.0,137.0
2025-03-22,04,2,ensemble,2025-04-05,100.0,228.0,66.14695652173913,128.0,259.0
2025-03-22,04,2,baseline,2025-04-05,100.0,357.0,149.96782608695653,257.0,259.0
2025-03-22,04,3,ensemble,2025-04-12,89.0,188.0,54.08347826086956,99.0,270.0
2025-03-22,04,3,baseline,2025-04-12,89.0,357.0,150.7221739130435,268.0,270.0
2025-03-22,05,1,ensemble,2025-03-29,111.0,125.0,11.64826086956522,14.0,118.0
2025-03-22,05,1,baseline,2025-03-29,111.0,171.0,35.00695652173913,60.0,118.0
2025-03-22,05,2,ensemble,2025-04-05,71.0,99.0,15.57695652173913,28.0,158.0
2025-03-22,05,2,baseline,2025-04-05,71.0,171.0,58.41434782608697,100.0,158.0
2025-03-22,05,3,ensemble,2025-04-12,32.0,76.0,27.52478260869565,44.0,197.0
2025-03-22,05,3,baseline,2025-04-12,32.0,171.0,82.06,139.0,197.0
2025-03-22,06,1,ensemble,2025-03-29,561.0,576.0,59.869565217391305,15.0,398.0
2025-03-22,06,1,baseline,2025-03-29,561.0,894.0,195.0482608695652,333.0,398.0
2025-03-22,06,2,ensemble,2025-04-05,446.0,496.0,66.22695652173914,50.0,513.0
2025-03-22,06,2,baseline,2025-04-05,446.0,894.0,249.9386956521739,448.0,513.0
2025-03-22,06,3,ensemble,2025-04-12,409.0,397.0,69.53739130434784,12.0,550.0
2025-03-22,06,3,baseline,2025-04-12,409.0,894.0,263.3956521739131,485.0,550.0
2025-03-22,08,1,ensemble,2025-03-29,121.0,138.0,14.27173913043478,17.0,94.0
2025-03-22,08,1,baseline,2025-03-29,121.0,211.0,55.01869565217392,90.0,94.0
2025-03-22,08,2,ensemble,2025-04-05,86.0,117.0,20.41695652173913,31.0,129.0
2025-03-22,08,2,baseline,2025-04-05,86.0,211.0,76.27173913043478,125.0,129.0
2025-03-22,08,3,ensemble,2025-04-12,62.0,103.0,22.603478260869565,41.0,153.0
2025-03-22,08,3,baseline,2025-04-12,62.0,211.0,90.02913043478262,149.0,153.0
2025-03-22,09,1,ensemble,2025-03-29,77.0,98.0,13.644347826086957,21.0,70.0
2025-03-22,09,1,baseline,2025-03-29,77.0,145.0,40.97608695652173,68.0,70.0
2025-03-22,09,2,ensemble,2025-04-05,53.0,86.0,17.393913043478257,33.0,94.0
2025-03-22,09,2,baseline,2025-04-05,53.0,145.0,54.0113043478261,92.0,94.0
2025-03-22,09,3,ensemble,2025-04-12,39.0,76.0,18.543913043478263,37.0,108.0
2025-03-22,09,3,baseline,2025-04-12,39.0,145.0,61.05434782608697,106.0,108.0
2025-03-22,10,1,ensemble,2025-03-29,17.0,32.0,7.380434782608695,15.0,28.0
2025-03-22,10,1,baseline,2025-03-29,17.0,45.0,17.90913043478261,28.0,28.0
2025-03-22,10,2,ensemble,2025-04-05,15.0,27.0,6.660869565217394,12.0,30.0
2025-03-22,10,2,baseline,2025-04-05,15.0,45.0,18.15,30.0,30.0
2025-03-22,10,3,ensemble,2025-04-12,12.0,22.0,5.524347826086957,10.0,33.0
2025-03-22,10,3,baseline,2025-04-12,12.0,45.0,19.046521739130437,33.0,33.0
2025-03-22,11,1,ensemble,2025-03-29,69.0,65.0,6.615217391304348,4.0,12.0
2025-03-22,11,1,baseline,2025-03-29,69.0,88.0,11.628695652173912,19.0,12.0
2025-03-22,11,2,ensemble,2025-04-05,28.0,56.0,14.222173913043477,28.0,53.0
2025-03-22,11,2,baseline,2025-04-05,28.0,88.0,41.531739130434794,60.0,53.0
2025-03-22,11,3,ensemble,2025-04-12,8.0,47.0,22.944782608695654,39.0,73.0
2025-03-22,11,3,baseline,2025-04-12,8.0,88.0,56.13260869565217,80.0,73.0
2025-03-22,12,1,ensemble,2025-03-29,708.0,648.0,57.13347826086957,60.0,364.0
2025-03-22,12,1,baseline,2025-03-29,708.0,997.0,172.77434782608697,289.0,364.0
2025-03-22,12,2,ensemble,2025-04-05,583.0,614.0,67.2291304347826,31.0,489.0
2025-03-22,12,2,baseline,2025-04-05,583.0,997.0,243.58173913043478,414.0,489.0
2025-03-22,12,3,ensemble,2025-04-12,389.0,475.0,66.0195652173913,86.0,683.0
2025-03-22,12,3,baseline,2025-04-12,389.0,997.0,371.385652173913,608.0,683.0
2025-03-22,13,1,ensemble,2025-03-29,190.0,219.0,25.30869565217392,29.0,175.0
2025-03-22,13,1,baseline,2025-03-29,190.0,325.0,81.9495652173913,135.0,175.0
2025-03-22,13,2,ensemble,2025-04-05,162.0,187.0,23.996086956521737,25.0,203.0
2025-03-22,13,2,baseline,2025-04-05,162.0,325.0,94.30086956521741,163.0,203.0
2025-03-22,13,3,ensemble,2025-04-12,84.0,156.0,38.54086956521739,72.0,281.0
2025-03-22,13,3,baseline,2025-04-12,84.0,325.0,139.6873913043478,241.0,281.0
2025-03-22,15,1,ensemble,2025-03-29,31.0,41.0,5.364782608695652,10.0,25.0
2025-03-22,15,1,baseline,2025-03-29,31.0,52.0,13.518260869565218,21.0,25.0
2025-03-22,15,2,ensemble,2025-04-05,39.0,35.0,4.352173913043478,4.0,17.0
2025-03-22,15,2,baseline,2025-04-05,39.0,52.0,7.1808695652173915,13.0,17.0
2025-03-22,15,3,ensemble,2025-04-12,24.0,31.0,4.6573913043478266,7.0,32.0
2025-03-22,15,3,baseline,2025-04-12,24.0,52.0,17.36521739130435,28.0,32.0
2025-03-22,16,1,ensemble,2025-03-29,50.0,70.0,10.51217391304348,20.0,49.0
2025-03-22,16,1,baseline,2025-03-29,50.0,98.0,29.445217391304354,48.0,49.0
2025-03-22,16,2,ensemble,2025-04-05,27.0,59.0,17.783043478260872,32.0,72.0
2025-03-22,16,2,baseline,2025-04-05,27.0,98.0,42.87695652173913,71.0,72.0
2025-03-22,16,3,ensemble,2025-04-12,27.0,48.0,11.090434782608698,21.0,72.0
2025-03-22,16,3,baseline,2025-04-12,27.0,98.0,40.936956521739134,71.0,72.0
2025-03-22,17,1,ensemble,2025-03-29,349.0,396.0,39.117391304347834,47.0,346.0
2025-03-22,17,1,baseline,2025-03-29,349.0,659.0,199.57869565217388,310.0,346.0
2025-03-22,17,2,ensemble,2025-04-05,297.0,317.0,36.627391304347825,20.0,398.0
2025-03-22,17,2,baseline,2025-04-05,297.0,659.0,223.07043478260866,362.0,398.0
2025-03-22,17,3,ensemble,2025-04-12,156.0,226.0,48.151739130434784,70.0,539.0
2025-03-22,17,3,baseline,2025-04-12,156.0,659.0,319.0626086956522,503.0,539.0
2025-03-22,18,1,ensemble,2025-03-29,237.0,306.0,46.1908695652174,69.0,343.0
2025-03-22,18,1,baseline,2025-03-29,237.0,548.0,208.24652173913043,311.0,343.0
2025-03-22,18,2,ensemble,2025-04-05,126.0,233.0,63.42173913043479,107.0,454.0
2025-03-22,18,2,baseline,2025-04-05,126.0,548.0,283.36,422.0,454.0
2025-03-22,18,3,ensemble,2025-04-12,87.0,186.0,61.38695652173912,99.0,493.0
2025-03-22,18,3,baseline,2025-04-12,87.0,548.0,303.0378260869565,461.0,493.0
2025-03-22,19,1,ensemble,2025-03-29,52.0,109.0,34.83391304347826,57.0,135.0
2025-03-22,19,1,baseline,2025-03-29,52.0,183.0,92.5486956521739,131.0,135.0
2025-03-22,19,2,ensemble,2025-04-05,43.0,88.0,26.655652173913044,45.0,144.0
2025-03-22,19,2,baseline,2025-04-05,43.0,183.0,93.55478260869562,140.0,144.0
2025-03-22,19,3,ensemble,2025-04-12,20.0,73.0,31.09434782608696,53.0,167.0
2025-03-22,19,3,baseline,2025-04-12,20.0,183.0,108.72565217391302,163.0,167.0
2025-03-22,20,1,ensemble,2025-03-29,68.0,89.0,12.288695652173912,21.0,96.0
2025-03-22,20,1,baseline,2025-03-29,68.0,149.0,52.23260869565219,81.0,96.0
2025-03-22,20,2,ensemble,2025-04-05,40.0,72.0,17.215652173913046,32.0,124.0
2025-03-22,20,2,baseline,2025-04-05,40.0,149.0,68.52782608695652,109.0,124.0
2025-03-22,20,3,ensemble,2025-04-12,29.0,53.0,14.67260869565217,24.0,135.0
2025-03-22,20,3,baseline,2025-04-12,29.0,149.0,73.39478260869566,120.0,135.0
2025-03-22,21,1,ensemble,2025-03-29,267.0,281.0,29.342608695652178,14.0,227.0
2025-03-22,21,1,baseline,2025-03-29,267.0,454.0,121.51869565217393,187.0,227.0
2025-03-22,21,2,ensemble,2025-04-05,175.0,231.0,37.00913043478261,56.0,319.0
2025-03-22,21,2,baseline,2025-04-05,175.0,454.0,180.42434782608692,279.0,319.0
2025-03-22,21,3,ensemble,2025-04-12,88.0,167.0,45.21478260869564,79.0,406.0
2025-03-22,21,3,baseline,2025-04-12,88.0,454.0,240.24608695652174,366.0,406.0
2025-03-22,22,1,ensemble,2025-03-29,178.0,164.0,14.648695652173911,14.0,149.0
2025-03-22,22,1,baseline,2025-03-29,178.0,240.0,36.44521739130435,62.0,149.0
2025-03-22,22,2,ensemble,2025-04-05,121.0,140.0,18.45826086956522,19.0,206.0
2025-03-22,22,2,baseline,2025-04-05,121.0,240.0,69.37217391304348,119.0,206.0
2025-03-22,22,3,ensemble,2025-04-12,76.0,115.0,22.33826086956522,39.0,251.0
2025-03-22,22,3,baseline,2025-04-12,76.0,240.0,98.02391304347823,164.0,251.0
2025-03-22,23,1,ensemble,2025-03-29,59.0,80.0,11.82,21.0,56.0
2025-03-22,23,1,baseline,2025-03-29,59.0,113.0,36.256521739130434,54.0,56.0
2025-03-22,23,2,ensemble,2025-04-05,55.0,66.0,9.058695652173913,11.0,60.0
2025-03-22,23,2,baseline,2025-04-05,55.0,113.0,36.7,58.0,60.0
2025-03-22,23,3,ensemble,2025-04-12,40.0,54.0,9.595217391304347,14.0,75.0
2025-03-22,23,3,baseline,2025-04-12,40.0,113.0,46.20347826086956,73.0,75.0
2025-03-22,24,1,ensemble,2025-03-29,135.0,132.0,14.935652173913045,3.0,156.0
2025-03-22,24,1,baseline,2025-03-29,135.0,242.0,66.58521739130434,107.0,156.0
2025-03-22,24,2,ensemble,2025-04-05,129.0,100.0,19.454782608695655,29.0,162.0
2025-03-22,24,2,baseline,2025-04-05,129.0,242.0,66.12304347826087,113.0,162.0
2025-03-22,24,3,ensemble,2025-04-12,94.0,84.0,15.246086956521738,10.0,197.0
2025-03-22,24,3,baseline,2025-04-12,94.0,242.0,86.06304347826087,148.0,197.0
2025-03-22,25,1,ensemble,2025-03-29,213.0,217.0,20.7,4.0,203.0
2025-03-22,25,1,baseline,2025-03-29,213.0,368.0,93.36043478260869,155.0,203.0
2025-03-22,25,2,ensemble,2025-04-05,135.0,174.0,24.784782608695654,39.0,281.0
2025-03-22,25,2,baseline,2025-04-05,135.0,368.0,138.9252173913044,233.0,281.0
2025-03-22,25,3,ensemble,2025-04-12,114.0,132.0,21.946521739130436,18.0,302.0
2025-03-22,25,3,baseline,2025-04-12,114.0,368.0,146.79304347826087,254.0,302.0
2025-03-22,26,1,ensemble,2025-03-29,528.0,454.0,49.14391304347827,74.0,187.0
2025-03-22,26,1,baseline,2025-03-29,528.0,697.0,98.75565217391305,169.0,187.0
2025-03-22,26,2,ensemble,2025-04-05,269.0,355.0,54.916086956521745,86.0,446.0
2025-03-22,26,2,baseline,2025-04-05,269.0,697.0,282.7878260869565,428.0,446.0
2025-03-22,26,3,ensemble,2025-04-12,224.0,293.0,48.22956521739131,69.0,491.0
2025-03-22,26,3,baseline,2025-04-12,224.0,697.0,306.90086956521736,473.0,491.0
2025-03-22,27,1,ensemble,2025-03-29,81.0,97.0,14.55521739130435,16.0,77.0
2025-03-22,27,1,baseline,2025-03-29,81.0,155.0,45.442608695652176,74.0,77.0
2025-03-22,27,2,ensemble,2025-04-05,59.0,79.0,16.35608695652174,20.0,99.0
2025-03-22,27,2,baseline,2025-04-05,59.0,155.0,56.5108695652174,96.0,99.0
2025-03-22,27,3,ensemble,2025-04-12,53.0,69.0,14.745652173913042,16.0,105.0
2025-03-22,27,3,baseline,2025-04-12,53.0,155.0,58.07173913043478,102.0,105.0
2025-03-22,28,1,ensemble,2025-03-29,51.0,139.0,50.43173913043478,88.0,139.0
2025-03-22,28,1,baseline,2025-03-29,51.0,178.0,88.49826086956523,127.0,139.0
2025-03-22,28,2,ensemble,2025-04-05,48.0,121.0,38.73826086956522,73.0,142.0
2025-03-22,28,2,baseline,2025-04-05,48.0,178.0,85.32478260869566,130.0,142.0
2025-03-22,28,3,ensemble,2025-04-12,43.0,102.0,32.07347826086957,59.0,147.0
2025-03-22,28,3,baseline,2025-04-12,43.0,178.0,84.7408695652174,135.0,147.0
2025-03-22,29,1,ensemble,2025-03-29,189.0,176.0,23.402608695652173,13.0,251.0
2025-03-22,29,1,baseline,2025-03-29,189.0,286.0,58.36739130434784,97.0,251.0
2025-03-22,29,2,ensemble,2025-04-05,130.0,135.0,19.89652173913044,5.0,310.0
2025-03-22,29,2,baseline,2025-04-05,130.0,286.0,89.97739130434783,156.0,310.0
2025-03-22,29,3,ensemble,2025-04-12,99.0,107.0,18.11391304347826,8.0,341.0
2025-03-22,29,3,baseline,2025-04-12,99.0,286.0,105.28826086956522,187.0,341.0
2025-03-22,30,1,ensemble,2025-03-29,52.0,73.0,10.886521739130435,21.0,66.0
2025-03-22,30,1,baseline,2025-03-29,52.0,107.0,38.12782608695652,55.0,66.0
2025-03-22,30,2,ensemble,2025-04-05,31.0,57.0,14.162173913043482,26.0,87.0
2025-03-22,30,2,baseline,2025-04-05,31.0,107.0,54.63391304347826,76.0,87.0
2025-03-22,30,3,ensemble,2025-04-12,32.0,44.0,7.675652173913044,12.0,86.0
2025-03-22,30,3,baseline,2025-04-12,32.0,107.0,50.801739130434775,75.0,86.0
2025-03-22,31,1,ensemble,2025-03-29,37.0,51.0,7.806521739130437,14.0,43.0
2025-03-22,31,1,baseline,2025-03-29,37.0,79.0,25.870869565217394,42.0,43.0
2025-03-22,31,2,ensemble,2025-04-05,14.0,39.0,14.639565217391306,25.0,66.0
2025-03-22,31,2,baseline,2025-04-05,14.0,79.0,40.740434782608695,65.0,66.0
2025-03-22,31,3,ensemble,2025-04-12,16.0,34.0,9.27,18.0,64.0
2025-03-22,31,3,baseline,2025-04-12,16.0,79.0,37.339130434782604,63.0,64.0
2025-03-22,32,1,ensemble,2025-03-29,70.0,59.0,8.282173913043477,11.0,18.0
2025-03-22,32,1,baseline,2025-03-29,70.0,85.0,10.42217391304348,15.0,18.0
2025-03-22,32,2,ensemble,2025-04-05,41.0,47.0,7.987826086956523,6.0,47.0
2025-03-22,32,2,baseline,2025-04-05,41.0,85.0,24.872173913043476,44.0,47.0
2025-03-22,32,3,ensemble,2025-04-12,48.0,39.0,7.8191304347826085,9.0,40.0
2025-03-22,32,3,baseline,2025-04-12,48.0,85.0,21.36347826086957,37.0,40.0
2025-03-22,33,1,ensemble,2025-03-29,34.0,48.0,7.68695652173913,14.0,45.0
2025-03-22,33,1,baseline,2025-03-29,34.0,72.0,25.208695652173912,38.0,45.0
2025-03-22,33,2,ensemble,2025-04-05,17.0,38.0,11.847391304347827,21.0,62.0
2025-03-22,33,2,baseline,2025-04-05,17.0,72.0,36.699999999999996,55.0,62.0
2025-03-22,33,3,ensemble,2025-04-12,22.0,32.0,6.270869565217392,10.0,57.0
2025-03-22,33,3,baseline,2025-04-12,22.0,72.0,31.251304347826085,50.0,57.0
2025-03-22,34,1,ensemble,2025-03-29,282.0,295.0,28.49695652173914,13.0,183.0
2025-03-22,34,1,baseline,2025-03-29,282.0,459.0,106.1413043478261,177.0,183.0
2025-03-22,34,2,ensemble,2025-04-05,248.0,237.0,34.431304347826085,11.0,217.0
2025-03-22,34,2,baseline,2025-04-05,248.0,459.0,121.02913043478262,211.0,217.0
2025-03-22,34,3,ensemble,2025-04-12,161.0,168.0,31.99521739130435,7.0,304.0
2025-03-22,34,3,baseline,2025-04-12,161.0,459.0,171.65739130434787,298.0,304.0
2025-03-22,35,1,ensemble,2025-03-29,90.0,85.0,8.268260869565216,5.0,56.0
2025-03-22,35,1,baseline,2025-03-29,90.0,131.0,24.19826086956522,41.0,56.0
2025-03-22,35,2,ensemble,2025-04-05,58.0,80.0,12.338695652173914,22.0,88.0
2025-03-22,35,2,baseline,2025-04-05,58.0,131.0,43.013043478260876,73.0,88.0
2025-03-22,35,3,ensemble,2025-04-12,37.0,64.0,13.244782608695655,27.0,109.0
2025-03-22,35,3,baseline,2025-04-12,37.0,131.0,55.84086956521739,94.0,109.0
2025-03-22,36,1,ensemble,2025-03-29,610.0,636.0,59.79739130434783,26.0,499.0
2025-03-22,36,1,baseline,2025-03-29,610.0,966.0,215.42260869565217,356.0,499.0
2025-03-22,36,2,ensemble,2025-04-05,503.0,522.0,63.95521739130434,19.0,606.0
2025-03-22,36,2,baseline,2025-04-05,503.0,966.0,277.74,463.0,606.0
2025-03-22,36,3,ensemble,2025-04-12,395.0,440.0,61.22521739130435,45.0,714.0
2025-03-22,36,3,baseline,2025-04-12,395.0,966.0,344.0613043478261,571.0,714.0
2025-03-22,37,1,ensemble,2025-03-29,301.0,452.0,77.04565217391303,151.0,364.0
2025-03-22,37,1,baseline,2025-03-29,301.0,636.0,219.67391304347825,335.0,364.0
2025-03-22,37,2,ensemble,2025-04-05,188.0,398.0,112.78391304347824,210.0,477.0
2025-03-22,37,2,baseline,2025-04-05,188.0,636.0,292.4930434782608,448.0,477.0
2025-03-22,37,3,ensemble,2025-04-12,98.0,353.0,135.1404347826087,255.0,567.0
2025-03-22,37,3,baseline,2025-04-12,98.0,636.0,350.624347826087,538.0,567.0
2025-03-22,38,1,ensemble,2025-03-29,25.0,23.0,2.8865217391304347,2.0,11.0
2025-03-22,38,1,baseline,2025-03-29,25.0,34.0,5.1069565217391295,9.0,11.0
2025-03-22,38,2,ensemble,2025-04-05,14.0,19.0,3.4173913043478272,5.0,22.0
2025-03-22,38,2,baseline,2025-04-05,14.0,34.0,11.07913043478261,20.0,22.0
2025-03-22,38,3,ensemble,2025-04-12,12.0,17.0,3.2465217391304355,5.0,24.0
2025-03-22,38,3,baseline,2025-04-12,12.0,34.0,11.999565217391305,22.0,24.0
2025-03-22,39,1,ensemble,2025-03-29,451.0,823.0,205.31565217391307,372.0,870.0
2025-03-22,39,1,baseline,2025-03-29,451.0,1284.0,631.6356521739131,833.0,870.0
2025-03-22,39,2,ensemble,2025-04-05,269.0,720.0,245.81521739130434,451.0,1052.0
2025-03-22,39,2,baseline,2025-04-05,269.0,1284.0,771.0952173913043,1015.0,1052.0
2025-03-22,39,3,ensemble,2025-04-12,166.0,548.0,227.7113043478261,382.0,1155.0
2025-03-22,39,3,baseline,2025-04-12,166.0,1284.0,834.0621739130435,1118.0,1155.0
2025-03-22,40,1,ensemble,2025-03-29,76.0,58.0,11.836086956521738,18.0,67.0
2025-03-22,40,1,baseline,2025-03-29,76.0,102.0,19.588260869565215,26.0,67.0
2025-03-22,40,2,ensemble,2025-04-05,40.0,51.0,10.490000000000004,11.0,103.0
2025-03-22,40,2,baseline,2025-04-05,40.0,102.0,36.48217391304348,62.0,103.0
2025-03-22,40,3,ensemble,2025-04-12,20.0,46.0,13.810434782608695,26.0,123.0
2025-03-22,40,3,baseline,2025-04-12,20.0,102.0,46.30173913043478,82.0,123.0
2025-03-22,41,1,ensemble,2025-03-29,95.0,101.0,11.89608695652174,6.0,89.0
2025-03-22,41,1,baseline,2025-03-29,95.0,156.0,37.70478260869565,61.0,89.0
2025-03-22,41,2,ensemble,2025-04-05,85.0,78.0,12.017826086956523,7.0,99.0
2025-03-22,41,2,baseline,2025-04-05,85.0,156.0,42.03,71.0,99.0
2025-03-22,41,3,ensemble,2025-04-12,50.0,61.0,12.673913043478263,11.0,134.0
2025-03-22,41,3,baseline,2025-04-12,50.0,156.0,60.79565217391304,106.0,134.0
2025-03-22,42,1,ensemble,2025-03-29,933.0,1049.0,103.12217391304348,116.0,685.0
2025-03-22,42,1,baseline,2025-03-29,933.0,1570.0,435.37782608695665,637.0,685.0
2025-03-22,42,2,ensemble,2025-04-05,621.0,809.0,124.39043478260874,188.0,997.0
2025-03-22,42,2,baseline,2025-04-05,621.0,1570.0,671.4526086956521,949.0,997.0
2025-03-22,42,3,ensemble,2025-04-12,475.0,593.0,99.45173913043482,118.0,1143.0
2025-03-22,42,3,baseline,2025-04-12,475.0,1570.0,773.055652173913,1095.0,1143.0
2025-03-22,44,1,ensemble,2025-03-29,26.0,37.0,5.3508695652173905,11.0,42.0
2025-03-22,44,1,baseline,2025-03-29,26.0,54.0,18.031304347826087,28.0,42.0
2025-03-22,44,2,ensemble,2025-04-05,25.0,31.0,4.304782608695653,6.0,43.0
2025-03-22,44,2,baseline,2025-04-05,25.0,54.0,17.49478260869565,29.0,43.0
2025-03-22,44,3,ensemble,2025-04-12,22.0,26.0,3.682608695652175,4.0,46.0
2025-03-22,44,3,baseline,2025-04-12,22.0,54.0,18.707391304347826,32.0,46.0
2025-03-22,45,1,ensemble,2025-03-29,135.0,172.0,22.13,37.0,134.0
2025-03-22,45,1,baseline,2025-03-29,135.0,263.0,81.12608695652175,128.0,134.0
2025-03-22,45,2,ensemble,2025-04-05,80.0,134.0,33.363913043478256,54.0,189.0
2025-03-22,45,2,baseline,2025-04-05,80.0,263.0,113.32043478260867,183.0,189.0
2025-03-22,45,3,ensemble,2025-04-12,43.0,104.0,39.00347826086957,61.0,226.0
2025-03-22,45,3,baseline,2025-04-12,43.0,263.0,133.9826086956522,220.0,226.0
2025-03-22,46,1,ensemble,2025-03-29,11.0,10.0,2.1217391304347832,1.0,15.0
2025-03-22,46,1,baseline,2025-03-29,11.0,17.0,3.944782608695653,6.0,15.0
2025-03-22,46,2,ensemble,2025-04-05,7.0,11.0,2.8513043478260873,4.0,19.0
2025-03-22,46,2,baseline,2025-04-05,7.0,17.0,5.96304347826087,10.0,19.0
2025-03-22,46,3,ensemble,2025-04-12,7.0,9.0,2.6156521739130434,2.0,19.0
2025-03-22,46,3,baseline,2025-04-12,7.0,17.0,6.335217391304348,10.0,19.0
2025-03-22,47,1,ensemble,2025-03-29,219.0,324.0,50.1691304347826,105.0,242.0
2025-03-22,47,1,baseline,2025-03-29,219.0,454.0,156.4,235.0,242.0
2025-03-22,47,2,ensemble,2025-04-05,150.0,274.0,58.89521739130436,124.0,311.0
2025-03-22,47,2,baseline,2025-04-05,150.0,454.0,197.8030434782609,304.0,311.0
2025-03-22,47,3,ensemble,2025-04-12,100.0,221.0,64.51347826086956,121.0,361.0
2025-03-22,47,3,baseline,2025-04-12,100.0,454.0,228.22260869565216,354.0,361.0
2025-03-22,48,1,ensemble,2025-03-29,538.0,536.0,57.98391304347827,2.0,367.0
2025-03-22,48,1,baseline,2025-03-29,538.0,838.0,170.66304347826087,300.0,367.0
2025-03-22,48,2,ensemble,2025-04-05,369.0,452.0,68.84913043478261,83.0,536.0
2025-03-22,48,2,baseline,2025-04-05,369.0,838.0,263.78608695652184,469.0,536.0
2025-03-22,48,3,ensemble,2025-04-12,283.0,337.0,60.43217391304347,54.0,622.0
2025-03-22,48,3,baseline,2025-04-12,283.0,838.0,309.2769565217391,555.0,622.0
2025-03-22,49,1,ensemble,2025-03-29,54.0,66.0,7.90304347826087,12.0,48.0
2025-03-22,49,1,baseline,2025-03-29,54.0,94.0,26.26391304347826,40.0,48.0
2025-03-22,49,2,ensemble,2025-04-05,54.0,57.0,6.466521739130435,3.0,48.0
2025-03-22,49,2,baseline,2025-04-05,54.0,94.0,24.460434782608697,40.0,48.0
2025-03-22,49,3,ensemble,2025-04-12,33.0,46.0,7.997826086956521,13.0,69.0
2025-03-22,49,3,baseline,2025-04-12,33.0,94.0,38.160869565217396,61.0,69.0
2025-03-22,50,1,ensemble,2025-03-29,26.0,19.0,3.8147826086956513,7.0,6.0
2025-03-22,50,1,baseline,2025-03-29,26.0,29.0,2.24,3.0,6.0
2025-03-22,50,2,ensemble,2025-04-05,28.0,16.0,6.773478260869565,12.0,4.0
2025-03-22,50,2,baseline,2025-04-05,28.0,29.0,2.431304347826087,1.0,4.0
2025-03-22,50,3,ensemble,2025-04-12,8.0,14.0,3.457391304347826,6.0,24.0
2025-03-22,50,3,baseline,2025-04-12,8.0,29.0,12.207391304347823,21.0,24.0
2025-03-22,51,1,ensemble,2025-03-29,199.0,325.0,74.34782608695652,126.0,315.0
2025-03-22,51,1,baseline,2025-03-29,199.0,480.0,193.31826086956525,281.0,315.0
2025-03-22,51,2,ensemble,2025-04-05,143.0,266.0,75.83260869565218,123.0,371.0
2025-03-22,51,2,baseline,2025-04-05,143.0,480.0,226.99217391304347,337.0,371.0
2025-03-22,51,3,ensemble,2025-04-12,84.0,225.0,81.97173913043478,141.0,430.0
2025-03-22,51,3,baseline,2025-04-12,84.0,480.0,267.5617391304348,396.0,430.0
2025-03-22,53,1,ensemble,2025-03-29,113.0,117.0,14.100869565217389,4.0,78.0
2025-03-22,53,1,baseline,2025-03-29,113.0,186.0,44.829130434782606,73.0,78.0
2025-03-22,53,2,ensemble,2025-04-05,101.0,93.0,13.90304347826087,8.0,90.0
2025-03-22,53,2,baseline,2025-04-05,101.0,186.0,49.864782608695656,85.0,90.0
2025-03-22,53,3,ensemble,2025-04-12,74.0,81.0,13.392173913043482,7.0,117.0
2025-03-22,53,3,baseline,2025-04-12,74.0,186.0,63.80304347826087,112.0,117.0
2025-03-22,54,1,ensemble,2025-03-29,168.0,224.0,28.761739130434787,56.0,179.0
2025-03-22,54,1,baseline,2025-03-29,168.0,324.0,114.18869565217392,156.0,179.0
2025-03-22,54,2,ensemble,2025-04-05,102.0,177.0,43.668260869565216,75.0,245.0
2025-03-22,54,2,baseline,2025-04-05,102.0,324.0,170.09478260869565,222.0,245.0
2025-03-22,54,3,ensemble,2025-04-12,47.0,141.0,53.056521739130424,94.0,300.0
2025-03-22,54,3,baseline,2025-04-12,47.0,324.0,217.18347826086955,277.0,300.0
2025-03-22,55,1,ensemble,2025-03-29,136.0,174.0,23.47869565217391,38.0,190.0
2025-03-22,55,1,baseline,2025-03-29,136.0,314.0,118.48826086956522,178.0,190.0
2025-03-22,55,2,ensemble,2025-04-05,77.0,136.0,32.13695652173914,59.0,249.0
2025-03-22,55,2,baseline,2025-04-05,77.0,314.0,157.08478260869566,237.0,249.0
2025-03-22,55,3,ensemble,2025-04-12,66.0,103.0,21.41304347826087,37.0,260.0
2025-03-22,55,3,baseline,2025-04-12,66.0,314.0,157.83695652173915,248.0,260.0
2025-03-22,56,1,ensemble,2025-03-29,23.0,28.0,3.779130434782609,5.0,21.0
2025-03-22,56,1,baseline,2025-03-29,23.0,38.0,8.850869565217392,15.0,21.0
2025-03-22,56,2,ensemble,2025-04-05,12.0,23.0,5.581739130434784,11.0,32.0
2025-03-22,56,2,baseline,2025-04-05,12.0,38.0,15.016521739130432,26.0,32.0
2025-03-22,56,3,ensemble,2025-04-12,4.0,19.0,7.980434782608694,15.0,40.0
2025-03-22,56,3,baseline,2025-04-12,4.0,38.0,19.636521739130437,34.0,40.0
2025-03-29,01,1,ensemble,2025-04-05,85.0,108.0,14.501739130434778,23.0,108.0
2025-03-29,01,1,baseline,2025-04-05,85.0,172.0,52.85869565217392,87.0,108.0
2025-03-29,01,2,ensemble,2025-04-12,54.0,89.0,19.90695652173913,35.0,139.0
2025-03-29,01,2,baseline,2025-04-12,54.0,172.0,68.94739130434782,118.0,139.0
2025-03-29,01,3,ensemble,2025-04-19,50.0,73.0,14.88391304347826,23.0,143.0
2025-03-29,01,3,baseline,2025-04-19,50.0,172.0,68.10347826086957,122.0,143.0
2025-03-29,02,1,ensemble,2025-04-05,14.0,9.0,2.784347826086956,5.0,9.0
2025-03-29,02,1,baseline,2025-04-05,14.0,9.0,2.8391304347826085,5.0,9.0
2025-03-29,02,2,ensemble,2025-04-12,15.0,8.0,3.886086956521739,7.0,8.0
2025-03-29,02,2,baseline,2025-04-12,15.0,9.0,3.4017391304347826,6.0,8.0
2025-03-29,02,3,ensemble,2025-04-19,9.0,7.0,1.7978260869565221,2.0,14.0
2025-03-29,02,3,baseline,2025-04-19,9.0,9.0,2.7026086956521747,0.0,14.0
2025-03-29,04,1,ensemble,2025-04-05,100.0,214.0,69.07304347826086,114.0,207.0
2025-03-29,04,1,baseline,2025-04-05,100.0,289.0,113.29217391304348,189.0,207.0
2025-03-29,04,2,ensemble,2025-04-12,89.0,193.0,56.01478260869565,104.0,218.0
2025-03-29,04,2,baseline,2025-04-12,89.0,289.0,113.19956521739132,200.0,218.0
2025-03-29,04,3,ensemble,2025-04-19,83.0,179.0,54.04043478260869,96.0,224.0
2025-03-29,04,3,baseline,2025-04-19,83.0,289.0,113.77478260869566,206.0,224.0
2025-03-29,05,1,ensemble,2025-04-05,71.0,87.0,10.377826086956523,16.0,93.0
2025-03-29,05,1,baseline,2025-04-05,71.0,134.0,36.69,63.0,93.0
2025-03-29,05,2,ensemble,2025-04-12,32.0,72.0,20.337391304347825,40.0,132.0
2025-03-29,05,2,baseline,2025-04-12,32.0,134.0,59.26521739130435,102.0,132.0
2025-03-29,05,3,ensemble,2025-04-19,29.0,60.0,16.190869565217394,31.0,135.0
2025-03-29,05,3,baseline,2025-04-19,29.0,134.0,58.87260869565217,105.0,135.0
2025-03-29,06,1,ensemble,2025-04-05,446.0,372.0,51.80695652173914,74.0,243.0
2025-03-29,06,1,baseline,2025-04-05,446.0,604.0,106.37521739130437,158.0,243.0
2025-03-29,06,2,ensemble,2025-04-12,409.0,282.0,70.3,127.0,280.0
2025-03-29,06,2,baseline,2025-04-12,409.0,604.0,130.63260869565218,195.0,280.0
2025-03-29,06,3,ensemble,2025-04-19,339.0,247.0,62.029565217391315,92.0,350.0
2025-03-29,06,3,baseline,2025-04-19,339.0,604.0,163.94086956521738,265.0,350.0
2025-03-29,08,1,ensemble,2025-04-05,86.0,95.0,9.810434782608697,9.0,76.0
2025-03-29,08,1,baseline,2025-04-05,86.0,148.0,35.85173913043478,62.0,76.0
2025-03-29,08,2,ensemble,2025-04-12,62.0,84.0,13.90739130434783,22.0,100.0
2025-03-29,08,2,baseline,2025-04-12,62.0,148.0,48.77434782608695,86.0,100.0
2025-03-29,08,3,ensemble,2025-04-19,40.0,72.0,17.166521739130438,32.0,122.0
2025-03-29,08,3,baseline,2025-04-19,40.0,148.0,61.02869565217391,108.0,122.0
2025-03-29,09,1,ensemble,2025-04-05,53.0,84.0,15.87913043478261,31.0,65.0
2025-03-29,09,1,baseline,2025-04-05,53.0,118.0,38.918260869565216,65.0,65.0
2025-03-29,09,2,ensemble,2025-04-12,39.0,64.0,14.92086956521739,25.0,79.0
2025-03-29,09,2,baseline,2025-04-12,39.0,118.0,45.47956521739131,79.0,79.0
2025-03-29,09,3,ensemble,2025-04-19,34.0,52.0,11.817826086956524,18.0,84.0
2025-03-29,09,3,baseline,2025-04-19,34.0,118.0,46.70521739130435,84.0,84.0
2025-03-29,10,1,ensemble,2025-04-05,15.0,23.0,4.060434782608696,8.0,18.0
2025-03-29,10,1,baseline,2025-04-05,15.0,33.0,11.076086956521738,18.0,18.0
2025-03-29,10,2,ensemble,2025-04-12,12.0,19.0,3.9213043478260876,7.0,21.0
2025-03-29,10,2,baseline,2025-04-12,12.0,33.0,12.215652173913043,21.0,21.0
2025-03-29,10,3,ensemble,2025-04-19,9.0,17.0,4.2269565217391305,8.0,24.0
2025-03-29,10,3,baseline,2025-04-19,9.0,33.0,13.583913043478262,24.0,24.0
2025-03-29,11,1,ensemble,2025-04-05,28.0,38.0,6.333478260869565,10.0,36.0
2025-03-29,11,1,baseline,2025-04-05,28.0,60.0,21.065217391304348,32.0,36.0
2025-03-29,11,2,ensemble,2025-04-12,8.0,32.0,15.458695652173915,24.0,56.0
2025-03-29,11,2,baseline,2025-04-12,8.0,60.0,34.7391304347826,52.0,56.0
2025-03-29,11,3,ensemble,2025-04-19,7.0,27.0,11.85826086956522,20.0,57.0
2025-03-29,11,3,baseline,2025-04-19,7.0,60.0,34.243043478260866,53.0,57.0
2025-03-29,12,1,ensemble,2025-04-05,583.0,569.0,44.00782608695652,14.0,337.0
2025-03-29,12,1,baseline,2025-04-05,583.0,841.0,152.47304347826088,258.0,337.0
2025-03-29,12,2,ensemble,2025-04-12,389.0,517.0,71.20608695652174,128.0,531.0
2025-03-29,12,2,baseline,2025-04-12,389.0,841.0,271.24608695652176,452.0,531.0
2025-03-29,12,3,ensemble,2025-04-19,335.0,424.0,74.04521739130436,89.0,585.0
2025-03-29,12,3,baseline,2025-04-19,335.0,841.0,295.3913043478261,506.0,585.0
2025-03-29,13,1,ensemble,2025-04-05,162.0,151.0,17.672173913043476,11.0,73.0
2025-03-29,13,1,baseline,2025-04-05,162.0,227.0,40.04913043478261,65.0,73.0
2025-03-29,13,2,ensemble,2025-04-12,84.0,127.0,23.185652173913052,43.0,151.0
2025-03-29,13,2,baseline,2025-04-12,84.0,227.0,81.22608695652174,143.0,151.0
2025-03-29,13,3,ensemble,2025-04-19,64.0,107.0,24.210434782608697,43.0,171.0
2025-03-29,13,3,baseline,2025-04-19,64.0,227.0,90.74608695652174,163.0,171.0
2025-03-29,15,1,ensemble,2025-04-05,39.0,26.0,7.0486956521739135,13.0,3.0
2025-03-29,15,1,baseline,2025-04-05,39.0,33.0,3.4347826086956523,6.0,3.0
2025-03-29,15,2,ensemble,2025-04-12,24.0,21.0,2.8452173913043484,3.0,18.0
2025-03-29,15,2,baseline,2025-04-12,24.0,33.0,5.01304347826087,9.0,18.0
2025-03-29,15,3,ensemble,2025-04-19,24.0,18.0,3.5152173913043483,6.0,18.0
2025-03-29,15,3,baseline,2025-04-19,24.0,33.0,5.134347826086957,9.0,18.0
2025-03-29,16,1,ensemble,2025-04-05,27.0,52.0,13.716521739130439,25.0,56.0
2025-03-29,16,1,baseline,2025-04-05,27.0,74.0,28.563478260869566,47.0,56.0
2025-03-29,16,2,ensemble,2025-04-12,27.0,44.0,9.478695652173913,17.0,56.0
2025-03-29,16,2,baseline,2025-04-12,27.0,74.0,26.723478260869566,47.0,56.0
2025-03-29,16,3,ensemble,2025-04-19,13.0,39.0,13.860869565217392,26.0,70.0
2025-03-29,16,3,baseline,2025-04-19,13.0,74.0,34.28304347826088,61.0,70.0
2025-03-29,17,1,ensemble,2025-04-05,297.0,256.0,31.683478260869567,41.0,210.0
2025-03-29,17,1,baseline,2025-04-05,297.0,464.0,100.08260869565218,167.0,210.0
2025-03-29,17,2,ensemble,2025-04-12,156.0,196.0,29.980434782608704,40.0,351.0
2025-03-29,17,2,baseline,2025-04-12,156.0,464.0,182.33913043478262,308.0,351.0
2025-03-29,17,3,ensemble,2025-04-19,156.0,144.0,27.038695652173914,12.0,351.0
2025-03-29,17,3,baseline,2025-04-19,156.0,464.0,174.98695652173913,308.0,351.0
2025-03-29,18,1,ensemble,2025-04-05,126.0,203.0,42.66173913043478,77.0,266.0
2025-03-29,18,1,baseline,2025-04-05,126.0,387.0,169.63652173913042,261.0,266.0
2025-03-29,18,2,ensemble,2025-04-12,87.0,162.0,39.35608695652174,75.0,305.0
2025-03-29,18,2,baseline,2025-04-12,87.0,387.0,185.97391304347823,300.0,305.0
2025-03-29,18,3,ensemble,2025-04-19,52.0,122.0,40.68086956521739,70.0,340.0
2025-03-29,18,3,baseline,2025-04-19,52.0,387.0,202.66304347826082,335.0,340.0
2025-03-29,19,1,ensemble,2025-04-05,43.0,51.0,7.077826086956521,8.0,56.0
2025-03-29,19,1,baseline,2025-04-05,43.0,95.0,31.625652173913043,52.0,56.0
2025-03-29,19,2,ensemble,2025-04-12,20.0,41.0,11.087391304347827,21.0,79.0
2025-03-29,19,2,baseline,2025-04-12,20.0,95.0,43.62173913043478,75.0,79.0
2025-03-29,19,3,ensemble,2025-04-19,11.0,33.0,11.946521739130436,22.0,88.0
2025-03-29,19,3,baseline,2025-04-19,11.0,95.0,47.168695652173916,84.0,88.0
2025-03-29,20,1,ensemble,2025-04-05,40.0,64.0,13.72695652173913,24.0,80.0
2025-03-29,20,1,baseline,2025-04-05,40.0,113.0,46.17434782608696,73.0,80.0
2025-03-29,20,2,ensemble,2025-04-12,29.0,49.0,10.761304347826087,20.0,91.0
2025-03-29,20,2,baseline,2025-04-12,29.0,113.0,50.14173913043478,84.0,91.0
2025-03-29,20,3,ensemble,2025-04-19,20.0,37.0,9.867391304347828,17.0,100.0
2025-03-29,20,3,baseline,2025-04-19,20.0,113.0,53.77652173913043,93.0,100.0
2025-03-29,21,1,ensemble,2025-04-05,175.0,192.0,20.643913043478264,17.0,197.0
2025-03-29,21,1,baseline,2025-04-05,175.0,325.0,93.32000000000001,150.0,197.0
2025-03-29,21,2,ensemble,2025-04-12,88.0,149.0,35.72521739130435,61.0,284.0
2025-03-29,21,2,baseline,2025-04-12,88.0,325.0,148.18,237.0,284.0
2025-03-29,21,3,ensemble,2025-04-19,49.0,121.0,40.96782608695652,72.0,323.0
2025-03-29,21,3,baseline,2025-04-19,49.0,325.0,168.94608695652173,276.0,323.0
2025-03-29,22,1,ensemble,2025-04-05,121.0,239.0,66.24043478260869,118.0,109.0
2025-03-29,22,1,baseline,2025-04-05,121.0,324.0,145.8773913043478,203.0,109.0
2025-03-29,22,2,ensemble,2025-04-12,76.0,206.0,76.06826086956524,130.0,154.0
2025-03-29,22,2,baseline,2025-04-12,76.0,324.0,176.45043478260868,248.0,154.0
2025-03-29,22,3,ensemble,2025-04-19,65.0,183.0,64.77478260869565,118.0,165.0
2025-03-29,22,3,baseline,2025-04-19,65.0,324.0,178.07782608695655,259.0,165.0
2025-03-29,23,1,ensemble,2025-04-05,55.0,45.0,6.633478260869565,10.0,28.0
2025-03-29,23,1,baseline,2025-04-05,55.0,74.0,11.425652173913042,19.0,28.0
2025-03-29,23,2,ensemble,2025-04-12,40.0,34.0,5.8734782608695655,6.0,43.0
2025-03-29,23,2,baseline,2025-04-12,40.0,74.0,20.028260869565223,34.0,43.0
2025-03-29,23,3,ensemble,2025-04-19,23.0,23.0,4.879130434782609,0.0,60.0
2025-03-29,23,3,baseline,2025-04-19,23.0,74.0,29.858260869565218,51.0,60.0
2025-03-29,24,1,ensemble,2025-04-05,129.0,105.0,16.012608695652176,24.0,81.0
2025-03-29,24,1,baseline,2025-04-05,129.0,189.0,34.83826086956522,60.0,81.0
2025-03-29,24,2,ensemble,2025-04-12,94.0,77.0,13.607826086956527,17.0,116.0
2025-03-29,24,2,baseline,2025-04-12,94.0,189.0,53.78347826086956,95.0,116.0
2025-03-29,24,3,ensemble,2025-04-19,62.0,57.0,11.744347826086956,5.0,148.0
2025-03-29,24,3,baseline,2025-04-19,62.0,189.0,72.07391304347826,127.0,148.0
2025-03-29,25,1,ensemble,2025-04-05,135.0,159.0,19.608260869565218,24.0,164.0
2025-03-29,25,1,baseline,2025-04-05,135.0,267.0,77.81565217391302,132.0,164.0
2025-03-29,25,2,ensemble,2025-04-12,114.0,116.0,14.187391304347827,2.0,185.0
2025-03-29,25,2,baseline,2025-04-12,114.0,267.0,85.7904347826087,153.0,185.0
2025-03-29,25,3,ensemble,2025-04-19,86.0,87.0,14.554347826086959,1.0,213.0
2025-03-29,25,3,baseline,2025-04-19,86.0,267.0,99.68913043478258,181.0,213.0
2025-03-29,26,1,ensemble,2025-04-05,269.0,587.0,167.19434782608695,318.0,524.0
2025-03-29,26,1,baseline,2025-04-05,269.0,776.0,382.534347826087,507.0,524.0
2025-03-29,26,2,ensemble,2025-04-12,224.0,491.0,137.9104347826087,267.0,569.0
2025-03-29,26,2,baseline,2025-04-12,224.0,776.0,399.5913043478261,552.0,569.0
2025-03-29,26,3,ensemble,2025-04-19,179.0,393.0,114.88782608695651,214.0,614.0
2025-03-29,26,3,baseline,2025-04-19,179.0,776.0,420.4191304347827,597.0,614.0
2025-03-29,27,1,ensemble,2025-04-05,59.0,133.0,39.18739130434783,74.0,123.0
2025-03-29,27,1,baseline,2025-04-05,59.0,182.0,80.68869565217392,123.0,123.0
2025-03-29,27,2,ensemble,2025-04-12,53.0,112.0,29.889130434782615,59.0,129.0
2025-03-29,27,2,baseline,2025-04-12,53.0,182.0,80.26478260869565,129.0,129.0
2025-03-29,27,3,ensemble,2025-04-19,38.0,97.0,30.31739130434783,59.0,144.0
2025-03-29,27,3,baseline,2025-04-19,38.0,182.0,86.9391304347826,144.0,144.0
2025-03-29,28,1,ensemble,2025-04-05,48.0,66.0,10.928695652173914,18.0,54.0
2025-03-29,28,1,baseline,2025-04-05,48.0,100.0,30.507391304347824,52.0,54.0
2025-03-29,28,2,ensemble,2025-04-12,43.0,58.0,9.761739130434785,15.0,59.0
2025-03-29,28,2,baseline,2025-04-12,43.0,100.0,31.930869565217385,57.0,59.0
2025-03-29,28,3,ensemble,2025-04-19,28.0,49.0,13.273043478260874,21.0,74.0
2025-03-29,28,3,baseline,2025-04-19,28.0,100.0,39.533913043478265,72.0,74.0
2025-03-29,29,1,ensemble,2025-04-05,130.0,137.0,18.995217391304344,7.0,239.0
2025-03-29,29,1,baseline,2025-04-05,130.0,237.0,63.68434782608695,107.0,239.0
2025-03-29,29,2,ensemble,2025-04-12,99.0,99.0,15.35608695652174,0.0,270.0
2025-03-29,29,2,baseline,2025-04-12,99.0,237.0,78.94565217391303,138.0,270.0
2025-03-29,29,3,ensemble,2025-04-19,100.0,78.0,16.548695652173915,22.0,269.0
2025-03-29,29,3,baseline,2025-04-19,100.0,237.0,76.25086956521739,137.0,269.0
2025-03-29,30,1,ensemble,2025-04-05,31.0,54.0,11.850434782608698,23.0,56.0
2025-03-29,30,1,baseline,2025-04-05,31.0,81.0,33.49391304347826,50.0,56.0
2025-03-29,30,2,ensemble,2025-04-12,32.0,40.0,5.742608695652175,8.0,55.0
2025-03-29,30,2,baseline,2025-04-12,32.0,81.0,30.24695652173913,49.0,55.0
2025-03-29,30,3,ensemble,2025-04-19,21.0,32.0,7.063478260869564,11.0,66.0
2025-03-29,30,3,baseline,2025-04-19,21.0,81.0,37.65304347826088,60.0,66.0
2025-03-29,31,1,ensemble,2025-04-05,14.0,35.0,11.510000000000002,21.0,44.0
2025-03-29,31,1,baseline,2025-04-05,14.0,57.0,26.482173913043475,43.0,44.0
2025-03-29,31,2,ensemble,2025-04-12,16.0,31.0,6.402608695652175,15.0,42.0
2025-03-29,31,2,baseline,2025-04-12,16.0,57.0,23.545217391304345,41.0,42.0
2025-03-29,31,3,ensemble,2025-04-19,13.0,26.0,5.897391304347827,13.0,45.0
2025-03-29,31,3,baseline,2025-04-19,13.0,57.0,24.40043478260869,44.0,45.0
2025-03-29,32,1,ensemble,2025-04-05,41.0,60.0,9.973478260869566,19.0,40.0
2025-03-29,32,1,baseline,2025-04-05,41.0,80.0,22.893913043478264,39.0,40.0
2025-03-29,32,2,ensemble,2025-04-12,48.0,50.0,7.7517391304347845,2.0,33.0
2025-03-29,32,2,baseline,2025-04-12,48.0,80.0,18.770434782608696,32.0,33.0
2025-03-29,32,3,ensemble,2025-04-19,41.0,43.0,7.022608695652174,2.0,40.0
2025-03-29,32,3,baseline,2025-04-19,41.0,80.0,22.29,39.0,40.0
2025-03-29,33,1,ensemble,2025-04-05,17.0,27.0,4.95391304347826,10.0,36.0
2025-03-29,33,1,baseline,2025-04-05,17.0,43.0,16.103043478260872,26.0,36.0
2025-03-29,33,2,ensemble,2025-04-12,22.0,20.0,3.152608695652174,2.0,31.0
2025-03-29,33,2,baseline,2025-04-12,22.0,43.0,12.094782608695652,21.0,31.0
2025-03-29,33,3,ensemble,2025-04-19,22.0,18.0,3.6313043478260854,4.0,31.0
2025-03-29,33,3,baseline,2025-04-19,22.0,43.0,11.76173913043478,21.0,31.0
2025-03-29,34,1,ensemble,2025-04-05,248.0,67.0,108.66999999999997,181.0,97.0
2025-03-29,34,1,baseline,2025-04-05,248.0,35.0,120.55086956521737,213.0,97.0
2025-03-29,34,2,ensemble,2025-04-12,161.0,42.0,61.50434782608695,119.0,184.0
2025-03-29,34,2,baseline,2025-04-12,161.0,35.0,60.67782608695652,126.0,184.0
2025-03-29,34,3,ensemble,2025-04-19,137.0,37.0,52.04217391304347,100.0,208.0
2025-03-29,34,3,baseline,2025-04-19,137.0,35.0,49.337391304347825,102.0,208.0
2025-03-29,35,1,ensemble,2025-04-05,58.0,59.0,5.162608695652175,1.0,52.0
2025-03-29,35,1,baseline,2025-04-05,58.0,94.0,20.979130434782608,36.0,52.0
2025-03-29,35,2,ensemble,2025-04-12,37.0,47.0,7.283043478260869,10.0,73.0
2025-03-29,35,2,baseline,2025-04-12,37.0,94.0,32.27347826086957,57.0,73.0
2025-03-29,35,3,ensemble,2025-04-19,31.0,35.0,5.969565217391305,4.0,79.0
2025-03-29,35,3,baseline,2025-04-19,31.0,94.0,34.55086956521739,63.0,79.0
2025-03-29,36,1,ensemble,2025-04-05,503.0,533.0,49.32043478260868,30.0,392.0
2025-03-29,36,1,baseline,2025-04-05,503.0,843.0,203.6821739130435,340.0,392.0
2025-03-29,36,2,ensemble,2025-04-12,395.0,435.0,50.69130434782609,40.0,500.0
2025-03-29,36,2,baseline,2025-04-12,395.0,843.0,266.3895652173913,448.0,500.0
2025-03-29,36,3,ensemble,2025-04-19,281.0,354.0,57.21478260869566,73.0,614.0
2025-03-29,36,3,baseline,2025-04-19,281.0,843.0,337.1226086956522,562.0,614.0
2025-03-29,37,1,ensemble,2025-04-05,188.0,249.0,34.60347826086957,61.0,246.0
2025-03-29,37,1,baseline,2025-04-05,188.0,410.0,137.87521739130435,222.0,246.0
2025-03-29,37,2,ensemble,2025-04-12,98.0,184.0,50.06782608695653,86.0,336.0
2025-03-29,37,2,baseline,2025-04-12,98.0,410.0,186.8382608695652,312.0,336.0
2025-03-29,37,3,ensemble,2025-04-19,60.0,160.0,52.16043478260871,100.0,374.0
2025-03-29,37,3,baseline,2025-04-19,60.0,410.0,204.17739130434782,350.0,374.0
2025-03-29,38,1,ensemble,2025-04-05,14.0,16.0,2.181304347826087,2.0,10.0
2025-03-29,38,1,baseline,2025-04-05,14.0,23.0,5.049565217391305,9.0,10.0
2025-03-29,38,2,ensemble,2025-04-12,12.0,13.0,2.2969565217391303,1.0,12.0
2025-03-29,38,2,baseline,2025-04-12,12.0,23.0,6.053478260869566,11.0,12.0
2025-03-29,38,3,ensemble,2025-04-19,14.0,12.0,2.4847826086956526,2.0,10.0
2025-03-29,38,3,baseline,2025-04-19,14.0,23.0,5.594347826086957,9.0,10.0
2025-03-29,39,1,ensemble,2025-04-05,269.0,394.0,61.671739130434794,125.0,519.0
2025-03-29,39,1,baseline,2025-04-05,269.0,698.0,281.34,429.0,519.0
2025-03-29,39,2,ensemble,2025-04-12,166.0,235.0,48.90869565217392,69.0,622.0
2025-03-29,39,2,baseline,2025-04-12,166.0,698.0,334.7034782608696,532.0,622.0
2025-03-29,39,3,ensemble,2025-04-19,107.0,170.0,45.89217391304348,63.0,681.0
2025-03-29,39,3,baseline,2025-04-19,107.0,698.0,359.41652173913053,591.0,681.0
2025-03-29,40,1,ensemble,2025-04-05,40.0,37.0,6.19304347826087,3.0,47.0
2025-03-29,40,1,baseline,2025-04-05,40.0,53.0,14.122608695652174,13.0,47.0
2025-03-29,40,2,ensemble,2025-04-12,20.0,27.0,6.781739130434784,7.0,67.0
2025-03-29,40,2,baseline,2025-04-12,20.0,53.0,23.586956521739125,33.0,67.0
2025-03-29,40,3,ensemble,2025-04-19,21.0,23.0,6.9391304347826095,2.0,66.0
2025-03-29,40,3,baseline,2025-04-19,21.0,53.0,26.07217391304348,32.0,66.0
2025-03-29,41,1,ensemble,2025-04-05,85.0,48.0,19.030869565217394,37.0,40.0
2025-03-29,41,1,baseline,2025-04-05,85.0,79.0,9.354782608695654,6.0,40.0
2025-03-29,41,2,ensemble,2025-04-12,50.0,35.0,8.870000000000001,15.0,75.0
2025-03-29,41,2,baseline,2025-04-12,50.0,79.0,19.83695652173913,29.0,75.0
2025-03-29,41,3,ensemble,2025-04-19,42.0,27.0,8.465652173913044,15.0,83.0
2025-03-29,41,3,baseline,2025-04-19,42.0,79.0,24.60521739130434,37.0,83.0
2025-03-29,42,1,ensemble,2025-04-05,621.0,691.0,68.24826086956521,70.0,637.0
2025-03-29,42,1,baseline,2025-04-05,621.0,1168.0,364.51695652173913,547.0,637.0
2025-03-29,42,2,ensemble,2025-04-12,475.0,560.0,76.48347826086957,85.0,783.0
2025-03-29,42,2,baseline,2025-04-12,475.0,1168.0,444.88434782608687,693.0,783.0
2025-03-29,42,3,ensemble,2025-04-19,403.0,448.0,73.31521739130434,45.0,855.0
2025-03-29,42,3,baseline,2025-04-19,403.0,1168.0,478.89434782608697,765.0,855.0
2025-03-29,44,1,ensemble,2025-04-05,25.0,19.0,3.5634782608695654,6.0,18.0
2025-03-29,44,1,baseline,2025-04-05,25.0,28.0,2.7908695652173914,3.0,18.0
2025-03-29,44,2,ensemble,2025-04-12,22.0,14.0,4.127391304347826,8.0,21.0
2025-03-29,44,2,baseline,2025-04-12,22.0,28.0,4.423043478260871,6.0,21.0
2025-03-29,44,3,ensemble,2025-04-19,17.0,10.0,3.7078260869565214,7.0,26.0
2025-03-29,44,3,baseline,2025-04-19,17.0,28.0,6.7147826086956535,11.0,26.0
2025-03-29,45,1,ensemble,2025-04-05,80.0,107.0,17.282608695652176,27.0,108.0
2025-03-29,45,1,baseline,2025-04-05,80.0,181.0,61.930869565217385,101.0,108.0
2025-03-29,45,2,ensemble,2025-04-12,43.0,91.0,29.246521739130436,48.0,145.0
2025-03-29,45,2,baseline,2025-04-12,43.0,181.0,82.25478260869563,138.0,145.0
2025-03-29,45,3,ensemble,2025-04-19,34.0,79.0,25.79260869565218,45.0,154.0
2025-03-29,45,3,baseline,2025-04-19,34.0,181.0,83.64739130434783,147.0,154.0
2025-03-29,46,1,ensemble,2025-04-05,7.0,8.0,1.6860869565217396,1.0,9.0
2025-03-29,46,1,baseline,2025-04-05,7.0,14.0,4.29304347826087,7.0,9.0
2025-03-29,46,2,ensemble,2025-04-12,7.0,8.0,2.0586956521739133,1.0,9.0
2025-03-29,46,2,baseline,2025-04-12,7.0,14.0,4.77,7.0,9.0
2025-03-29,46,3,ensemble,2025-04-19,10.0,7.0,2.432608695652174,3.0,6.0
2025-03-29,46,3,baseline,2025-04-19,10.0,14.0,4.7043478260869565,4.0,6.0
2025-03-29,47,1,ensemble,2025-04-05,150.0,186.0,23.292173913043484,36.0,158.0
2025-03-29,47,1,baseline,2025-04-05,150.0,283.0,81.34173913043479,133.0,158.0
2025-03-29,47,2,ensemble,2025-04-12,100.0,154.0,31.48173913043478,54.0,208.0
2025-03-29,47,2,baseline,2025-04-12,100.0,283.0,108.34652173913045,183.0,208.0
2025-03-29,47,3,ensemble,2025-04-19,59.0,123.0,38.96260869565218,64.0,249.0
2025-03-29,47,3,baseline,2025-04-19,59.0,283.0,130.08,224.0,249.0
2025-03-29,48,1,ensemble,2025-04-05,369.0,379.0,36.35391304347826,10.0,236.0
2025-03-29,48,1,baseline,2025-04-05,369.0,559.0,110.89434782608696,190.0,236.0
2025-03-29,48,2,ensemble,2025-04-12,283.0,300.0,43.663043478260875,17.0,322.0
2025-03-29,48,2,baseline,2025-04-12,283.0,559.0,154.1004347826087,276.0,322.0
2025-03-29,48,3,ensemble,2025-04-19,257.0,241.0,45.259565217391305,16.0,348.0
2025-03-29,48,3,baseline,2025-04-19,257.0,559.0,167.0708695652174,302.0,348.0
2025-03-29,49,1,ensemble,2025-04-05,54.0,54.0,4.730000000000001,0.0,22.0
2025-03-29,49,1,baseline,2025-04-05,54.0,76.0,13.149565217391304,22.0,22.0
2025-03-29,49,2,ensemble,2025-04-12,33.0,44.0,6.679565217391305,11.0,43.0
2025-03-29,49,2,baseline,2025-04-12,33.0,76.0,26.58826086956521,43.0,43.0
2025-03-29,49,3,ensemble,2025-04-19,27.0,37.0,6.535652173913045,10.0,49.0
2025-03-29,49,3,baseline,2025-04-19,27.0,76.0,29.246521739130436,49.0,49.0
2025-03-29,50,1,ensemble,2025-04-05,28.0,21.0,3.9639130434782617,7.0,6.0
2025-03-29,50,1,baseline,2025-04-05,28.0,31.0,2.2278260869565223,3.0,6.0
2025-03-29,50,2,ensemble,2025-04-12,8.0,18.0,4.752608695652174,10.0,26.0
2025-03-29,50,2,baseline,2025-04-12,8.0,31.0,14.464782608695655,23.0,26.0
2025-03-29,50,3,ensemble,2025-04-19,12.0,15.0,2.5756521739130434,3.0,22.0
2025-03-29,50,3,baseline,2025-04-19,12.0,31.0,10.914782608695653,19.0,22.0
2025-03-29,51,1,ensemble,2025-04-05,143.0,202.0,33.31260869565217,59.0,196.0
2025-03-29,51,1,baseline,2025-04-05,143.0,325.0,113.28,182.0,196.0
2025-03-29,51,2,ensemble,2025-04-12,84.0,159.0,42.25782608695653,75.0,255.0
2025-03-29,51,2,baseline,2025-04-12,84.0,325.0,148.3695652173913,241.0,255.0
2025-03-29,51,3,ensemble,2025-04-19,56.0,126.0,40.376086956521746,70.0,283.0
2025-03-29,51,3,baseline,2025-04-19,56.0,325.0,162.39999999999998,269.0,283.0
2025-03-29,53,1,ensemble,2025-04-05,101.0,90.0,11.111304347826087,11.0,64.0
2025-03-29,53,1,baseline,2025-04-05,101.0,147.0,27.843478260869563,46.0,64.0
2025-03-29,53,2,ensemble,2025-04-12,74.0,73.0,10.93826086956522,1.0,91.0
2025-03-29,53,2,baseline,2025-04-12,74.0,147.0,42.53956521739131,73.0,91.0
2025-03-29,53,3,ensemble,2025-04-19,42.0,61.0,12.205217391304346,19.0,123.0
2025-03-29,53,3,baseline,2025-04-19,42.0,147.0,59.24260869565218,105.0,123.0
2025-03-29,54,1,ensemble,2025-04-05,102.0,184.0,40.10478260869566,82.0,173.0
2025-03-29,54,1,baseline,2025-04-05,102.0,275.0,130.44173913043477,173.0,173.0
2025-03-29,54,2,ensemble,2025-04-12,47.0,142.0,52.11826086956521,95.0,228.0
2025-03-29,54,2,baseline,2025-04-12,47.0,275.0,176.08260869565217,228.0,228.0
2025-03-29,54,3,ensemble,2025-04-19,26.0,119.0,47.652608695652184,93.0,249.0
2025-03-29,54,3,baseline,2025-04-19,26.0,275.0,189.0234782608696,249.0,249.0
2025-03-29,55,1,ensemble,2025-04-05,77.0,88.0,12.075652173913044,11.0,109.0
2025-03-29,55,1,baseline,2025-04-05,77.0,170.0,57.06521739130436,93.0,109.0
2025-03-29,55,2,ensemble,2025-04-12,66.0,64.0,10.528695652173914,2.0,120.0
2025-03-29,55,2,baseline,2025-04-12,66.0,170.0,59.73739130434781,104.0,120.0
2025-03-29,55,3,ensemble,2025-04-19,40.0,49.0,9.654782608695653,9.0,146.0
2025-03-29,55,3,baseline,2025-04-19,40.0,170.0,72.62,130.0,146.0
2025-03-29,56,1,ensemble,2025-04-05,12.0,20.0,4.403478260869565,8.0,18.0
2025-03-29,56,1,baseline,2025-04-05,12.0,30.0,10.65913043478261,18.0,18.0
2025-03-29,56,2,ensemble,2025-04-12,4.0,17.0,7.1786956521739125,13.0,26.0
2025-03-29,56,2,baseline,2025-04-12,4.0,30.0,14.944347826086956,26.0,26.0
2025-03-29,56,3,ensemble,2025-04-19,3.0,14.0,6.164782608695653,11.0,27.0
2025-03-29,56,3,baseline,2025-04-19,3.0,30.0,14.938260869565216,27.0,27.0
2025-04-05,01,1,ensemble,2025-04-12,54.0,107.0,26.968260869565217,53.0,115.0
2025-04-05,01,1,baseline,2025-04-12,54.0,162.0,66.71652173913044,108.0,115.0
2025-04-05,01,2,ensemble,2025-04-19,50.0,100.0,22.498695652173918,50.0,119.0
2025-04-05,01,2,baseline,2025-04-19,50.0,162.0,65.20217391304347,112.0,119.0
2025-04-05,01,3,ensemble,2025-04-26,35.0,80.0,20.995652173913044,45.0,134.0
2025-04-05,01,3,baseline,2025-04-26,35.0,162.0,71.64695652173913,127.0,134.0
2025-04-05,02,1,ensemble,2025-04-12,15.0,18.0,2.641739130434783,3.0,15.0
2025-04-05,02,1,baseline,2025-04-12,15.0,25.0,5.718260869565216,10.0,15.0
2025-04-05,02,2,ensemble,2025-04-19,9.0,14.0,3.514347826086957,5.0,21.0
2025-04-05,02,2,baseline,2025-04-19,9.0,25.0,9.203913043478263,16.0,21.0
2025-04-05,02,3,ensemble,2025-04-26,8.0,12.0,3.0669565217391312,4.0,22.0
2025-04-05,02,3,baseline,2025-04-26,8.0,25.0,9.45608695652174,17.0,22.0
2025-04-05,04,1,ensemble,2025-04-12,89.0,157.0,35.719565217391306,68.0,133.0
2025-04-05,04,1,baseline,2025-04-12,89.0,208.0,70.15652173913044,119.0,133.0
2025-04-05,04,2,ensemble,2025-04-19,83.0,146.0,33.52782608695652,63.0,139.0
2025-04-05,04,2,baseline,2025-04-19,83.0,208.0,72.03739130434782,125.0,139.0
2025-04-05,04,3,ensemble,2025-04-26,74.0,112.0,29.09478260869566,38.0,148.0
2025-04-05,04,3,baseline,2025-04-26,74.0,208.0,76.68695652173913,134.0,148.0
2025-04-05,05,1,ensemble,2025-04-12,32.0,51.0,10.650869565217393,19.0,79.0
2025-04-05,05,1,baseline,2025-04-12,32.0,86.0,30.789565217391306,54.0,79.0
2025-04-05,05,2,ensemble,2025-04-19,29.0,41.0,8.946521739130436,12.0,82.0
2025-04-05,05,2,baseline,2025-04-19,29.0,86.0,31.26,57.0,82.0
2025-04-05,05,3,ensemble,2025-04-26,24.0,33.0,7.843913043478261,9.0,87.0
2025-04-05,05,3,baseline,2025-04-26,24.0,86.0,33.84478260869565,62.0,87.0
2025-04-05,06,1,ensemble,2025-04-12,409.0,332.0,46.26434782608696,77.0,152.0
2025-04-05,06,1,baseline,2025-04-12,409.0,488.0,74.63913043478261,79.0,152.0
2025-04-05,06,2,ensemble,2025-04-19,339.0,286.0,48.66391304347827,53.0,222.0
2025-04-05,06,2,baseline,2025-04-19,339.0,488.0,113.19391304347826,149.0,222.0
2025-04-05,06,3,ensemble,2025-04-26,246.0,225.0,40.55304347826087,21.0,315.0
2025-04-05,06,3,baseline,2025-04-26,246.0,488.0,152.83,242.0,315.0
2025-04-05,08,1,ensemble,2025-04-12,62.0,69.0,8.537391304347826,7.0,59.0
2025-04-05,08,1,baseline,2025-04-12,62.0,117.0,31.49130434782609,55.0,59.0
2025-04-05,08,2,ensemble,2025-04-19,40.0,58.0,9.893043478260871,18.0,81.0
2025-04-05,08,2,baseline,2025-04-19,40.0,117.0,43.02347826086957,77.0,81.0
2025-04-05,08,3,ensemble,2025-04-26,42.0,44.0,8.160869565217393,2.0,79.0
2025-04-05,08,3,baseline,2025-04-26,42.0,117.0,41.10260869565217,75.0,79.0
2025-04-05,09,1,ensemble,2025-04-12,39.0,45.0,6.9052173913043475,6.0,38.0
2025-04-05,09,1,baseline,2025-04-12,39.0,77.0,21.854347826086958,38.0,38.0
2025-04-05,09,2,ensemble,2025-04-19,34.0,36.0,7.050869565217392,2.0,43.0
2025-04-05,09,2,baseline,2025-04-19,34.0,77.0,24.083043478260873,43.0,43.0
2025-04-05,09,3,ensemble,2025-04-26,53.0,28.0,12.988260869565215,25.0,24.0
2025-04-05,09,3,baseline,2025-04-26,53.0,77.0,17.687826086956523,24.0,24.0
2025-04-05,10,1,ensemble,2025-04-12,12.0,7.0,2.6082608695652176,5.0,5.0
2025-04-05,10,1,baseline,2025-04-12,12.0,10.0,2.4482608695652175,2.0,5.0
2025-04-05,10,2,ensemble,2025-04-19,9.0,6.0,2.225217391304348,3.0,8.0
2025-04-05,10,2,baseline,2025-04-19,9.0,10.0,3.281739130434783,1.0,8.0
2025-04-05,10,3,ensemble,2025-04-26,3.0,4.0,1.6199999999999999,1.0,14.0
2025-04-05,10,3,baseline,2025-04-26,3.0,10.0,5.1726086956521735,7.0,14.0
2025-04-05,11,1,ensemble,2025-04-12,8.0,47.0,24.890869565217393,39.0,61.0
2025-04-05,11,1,baseline,2025-04-12,8.0,75.0,50.54739130434781,67.0,61.0
2025-04-05,11,2,ensemble,2025-04-19,7.0,44.0,20.212173913043475,37.0,62.0
2025-04-05,11,2,baseline,2025-04-19,7.0,75.0,48.1108695652174,68.0,62.0
2025-04-05,11,3,ensemble,2025-04-26,7.0,35.0,15.577826086956522,28.0,62.0
2025-04-05,11,3,baseline,2025-04-26,7.0,75.0,46.12130434782608,68.0,62.0
2025-04-05,12,1,ensemble,2025-04-12,389.0,420.0,32.808260869565224,31.0,319.0
2025-04-05,12,1,baseline,2025-04-12,389.0,651.0,154.03,262.0,319.0
2025-04-05,12,2,ensemble,2025-04-19,335.0,362.0,35.289565217391306,27.0,373.0
2025-04-05,12,2,baseline,2025-04-19,335.0,651.0,178.82304347826087,316.0,373.0
2025-04-05,12,3,ensemble,2025-04-26,257.0,318.0,45.18391304347827,61.0,451.0
2025-04-05,12,3,baseline,2025-04-26,257.0,651.0,219.4886956521739,394.0,451.0
2025-04-05,13,1,ensemble,2025-04-12,84.0,121.0,20.705652173913048,37.0,106.0
2025-04-05,13,1,baseline,2025-04-12,84.0,174.0,53.44000000000001,90.0,106.0
2025-04-05,13,2,ensemble,2025-04-19,64.0,105.0,21.551304347826086,41.0,126.0
2025-04-05,13,2,baseline,2025-04-19,64.0,174.0,62.195652173913054,110.0,126.0
2025-04-05,13,3,ensemble,2025-04-26,44.0,83.0,18.90478260869565,39.0,146.0
2025-04-05,13,3,baseline,2025-04-26,44.0,174.0,71.96913043478261,130.0,146.0
2025-04-05,15,1,ensemble,2025-04-12,24.0,22.0,2.3847826086956525,2.0,7.0
2025-04-05,15,1,baseline,2025-04-12,24.0,30.0,3.42,6.0,7.0
2025-04-05,15,2,ensemble,2025-04-19,24.0,17.0,3.709130434782608,7.0,7.0
2025-04-05,15,2,baseline,2025-04-19,24.0,30.0,3.6769565217391302,6.0,7.0
2025-04-05,15,3,ensemble,2025-04-26,24.0,14.0,5.273478260869565,10.0,7.0
2025-04-05,15,3,baseline,2025-04-26,24.0,30.0,4.096086956521738,6.0,7.0
2025-04-05,16,1,ensemble,2025-04-12,27.0,34.0,5.187391304347826,7.0,23.0
2025-04-05,16,1,baseline,2025-04-12,27.0,50.0,13.538260869565217,23.0,23.0
2025-04-05,16,2,ensemble,2025-04-19,13.0,26.0,8.072173913043478,13.0,37.0
2025-04-05,16,2,baseline,2025-04-19,13.0,50.0,20.762608695652176,37.0,37.0
2025-04-05,16,3,ensemble,2025-04-26,20.0,22.0,4.374347826086956,2.0,30.0
2025-04-05,16,3,baseline,2025-04-26,20.0,50.0,16.995652173913044,30.0,30.0
2025-04-05,17,1,ensemble,2025-04-12,156.0,168.0,22.710000000000008,12.0,193.0
2025-04-05,17,1,baseline,2025-04-12,156.0,303.0,86.86652173913043,147.0,193.0
2025-04-05,17,2,ensemble,2025-04-19,156.0,129.0,23.300869565217393,27.0,193.0
2025-04-05,17,2,baseline,2025-04-19,156.0,303.0,84.04782608695653,147.0,193.0
2025-04-05,17,3,ensemble,2025-04-26,124.0,82.0,25.279565217391312,42.0,225.0
2025-04-05,17,3,baseline,2025-04-26,124.0,303.0,99.49521739130437,179.0,225.0
2025-04-05,18,1,ensemble,2025-04-12,87.0,130.0,22.83608695652174,43.0,150.0
2025-04-05,18,1,baseline,2025-04-12,87.0,236.0,89.72000000000001,149.0,150.0
2025-04-05,18,2,ensemble,2025-04-19,52.0,95.0,24.14739130434783,43.0,185.0
2025-04-05,18,2,baseline,2025-04-19,52.0,236.0,105.11173913043478,184.0,185.0
2025-04-05,18,3,ensemble,2025-04-26,43.0,65.0,17.732608695652175,22.0,194.0
2025-04-05,18,3,baseline,2025-04-26,43.0,236.0,106.65608695652176,193.0,194.0
2025-04-05,19,1,ensemble,2025-04-12,20.0,26.0,5.254782608695652,6.0,32.0
2025-04-05,19,1,baseline,2025-04-12,20.0,50.0,18.010434782608698,30.0,32.0
2025-04-05,19,2,ensemble,2025-04-19,11.0,19.0,5.8713043478260865,8.0,41.0
2025-04-05,19,2,baseline,2025-04-19,11.0,50.0,22.13086956521739,39.0,41.0
2025-04-05,19,3,ensemble,2025-04-26,14.0,15.0,4.217826086956522,1.0,38.0
2025-04-05,19,3,baseline,2025-04-26,14.0,50.0,20.664782608695653,36.0,38.0
2025-04-05,20,1,ensemble,2025-04-12,29.0,36.0,5.26608695652174,7.0,39.0
2025-04-05,20,1,baseline,2025-04-12,29.0,66.0,21.58347826086957,37.0,39.0
2025-04-05,20,2,ensemble,2025-04-19,20.0,27.0,5.222608695652175,7.0,48.0
2025-04-05,20,2,baseline,2025-04-19,20.0,66.0,25.867391304347823,46.0,48.0
2025-04-05,20,3,ensemble,2025-04-26,9.0,18.0,6.078695652173913,9.0,59.0
2025-04-05,20,3,baseline,2025-04-26,9.0,66.0,31.289130434782606,57.0,59.0
2025-04-05,21,1,ensemble,2025-04-12,88.0,135.0,26.468695652173917,47.0,179.0
2025-04-05,21,1,baseline,2025-04-12,88.0,239.0,93.55043478260869,151.0,179.0
2025-04-05,21,2,ensemble,2025-04-19,49.0,103.0,30.21217391304348,54.0,218.0
2025-04-05,21,2,baseline,2025-04-19,49.0,239.0,113.30086956521737,190.0,218.0
2025-04-05,21,3,ensemble,2025-04-26,38.0,83.0,26.287391304347832,45.0,229.0
2025-04-05,21,3,baseline,2025-04-26,38.0,239.0,115.62695652173913,201.0,229.0
2025-04-05,22,1,ensemble,2025-04-12,76.0,127.0,29.678260869565214,51.0,102.0
2025-04-05,22,1,baseline,2025-04-12,76.0,184.0,66.32826086956521,108.0,102.0
2025-04-05,22,2,ensemble,2025-04-19,65.0,111.0,24.27434782608696,46.0,113.0
2025-04-05,22,2,baseline,2025-04-19,65.0,184.0,69.24,119.0,113.0
2025-04-05,22,3,ensemble,2025-04-26,60.0,87.0,15.24608695652174,27.0,118.0
2025-04-05,22,3,baseline,2025-04-26,60.0,184.0,69.75739130434783,124.0,118.0
2025-04-05,23,1,ensemble,2025-04-12,40.0,34.0,4.762173913043478,6.0,19.0
2025-04-05,23,1,baseline,2025-04-12,40.0,59.0,11.398695652173913,19.0,19.0
2025-04-05,23,2,ensemble,2025-04-19,23.0,25.0,4.639565217391304,2.0,36.0
2025-04-05,23,2,baseline,2025-04-19,23.0,59.0,21.22521739130435,36.0,36.0
2025-04-05,23,3,ensemble,2025-04-26,16.0,21.0,5.07,5.0,43.0
2025-04-05,23,3,baseline,2025-04-26,16.0,59.0,24.653478260869566,43.0,43.0
2025-04-05,24,1,ensemble,2025-04-12,94.0,62.0,17.898695652173913,32.0,41.0
2025-04-05,24,1,baseline,2025-04-12,94.0,119.0,17.75521739130435,25.0,41.0
2025-04-05,24,2,ensemble,2025-04-19,62.0,44.0,10.869130434782608,18.0,73.0
2025-04-05,24,2,baseline,2025-04-19,62.0,119.0,32.533478260869565,57.0,73.0
2025-04-05,24,3,ensemble,2025-04-26,47.0,33.0,9.66217391304348,14.0,88.0
2025-04-05,24,3,baseline,2025-04-26,47.0,119.0,39.75826086956522,72.0,88.0
2025-04-05,25,1,ensemble,2025-04-12,114.0,113.0,13.64782608695652,1.0,99.0
2025-04-05,25,1,baseline,2025-04-12,114.0,201.0,50.19304347826086,87.0,99.0
2025-04-05,25,2,ensemble,2025-04-19,86.0,96.0,15.005217391304347,10.0,127.0
2025-04-05,25,2,baseline,2025-04-19,86.0,201.0,63.838260869565225,115.0,127.0
2025-04-05,25,3,ensemble,2025-04-26,83.0,83.0,13.956521739130437,0.0,130.0
2025-04-05,25,3,baseline,2025-04-26,83.0,201.0,65.06739130434781,118.0,130.0
2025-04-05,26,1,ensemble,2025-04-12,224.0,340.0,63.30217391304348,116.0,304.0
2025-04-05,26,1,baseline,2025-04-12,224.0,518.0,186.9,294.0,304.0
2025-04-05,26,2,ensemble,2025-04-19,179.0,270.0,51.55956521739131,91.0,349.0
2025-04-05,26,2,baseline,2025-04-19,179.0,518.0,209.2726086956522,339.0,349.0
2025-04-05,26,3,ensemble,2025-04-26,115.0,190.0,47.87521739130434,75.0,413.0
2025-04-05,26,3,baseline,2025-04-26,115.0,518.0,248.12652173913042,403.0,413.0
2025-04-05,27,1,ensemble,2025-04-12,53.0,57.0,9.70695652173913,4.0,28.0
2025-04-05,27,1,baseline,2025-04-12,53.0,79.0,16.67826086956522,26.0,28.0
2025-04-05,27,2,ensemble,2025-04-19,38.0,47.0,10.310434782608697,9.0,43.0
2025-04-05,27,2,baseline,2025-04-19,38.0,79.0,24.366956521739134,41.0,43.0
2025-04-05,27,3,ensemble,2025-04-26,25.0,33.0,9.321304347826088,8.0,56.0
2025-04-05,27,3,baseline,2025-04-26,25.0,79.0,30.65521739130435,54.0,56.0
2025-04-05,28,1,ensemble,2025-04-12,43.0,40.0,6.33608695652174,3.0,8.0
2025-04-05,28,1,baseline,2025-04-12,43.0,45.0,7.519130434782608,2.0,8.0
2025-04-05,28,2,ensemble,2025-04-19,28.0,33.0,5.270434782608696,5.0,23.0
2025-04-05,28,2,baseline,2025-04-19,28.0,45.0,12.620434782608696,17.0,23.0
2025-04-05,28,3,ensemble,2025-04-26,21.0,28.0,5.5691304347826085,7.0,30.0
2025-04-05,28,3,baseline,2025-04-26,21.0,45.0,15.974347826086955,24.0,30.0
2025-04-05,29,1,ensemble,2025-04-12,99.0,66.0,18.602608695652176,33.0,90.0
2025-04-05,29,1,baseline,2025-04-12,99.0,132.0,24.80260869565218,33.0,90.0
2025-04-05,29,2,ensemble,2025-04-19,100.0,51.0,24.48086956521739,49.0,89.0
2025-04-05,29,2,baseline,2025-04-19,100.0,132.0,29.107391304347832,32.0,89.0
2025-04-05,29,3,ensemble,2025-04-26,66.0,37.0,15.920434782608696,29.0,123.0
2025-04-05,29,3,baseline,2025-04-26,66.0,132.0,43.353478260869565,66.0,123.0
2025-04-05,30,1,ensemble,2025-04-12,32.0,31.0,3.9495652173913043,1.0,20.0
2025-04-05,30,1,baseline,2025-04-12,32.0,55.0,13.317391304347831,23.0,20.0
2025-04-05,30,2,ensemble,2025-04-19,21.0,26.0,3.965217391304348,5.0,31.0
2025-04-05,30,2,baseline,2025-04-19,21.0,55.0,19.184347826086956,34.0,31.0
2025-04-05,30,3,ensemble,2025-04-26,8.0,23.0,7.493913043478261,15.0,44.0
2025-04-05,30,3,baseline,2025-04-26,8.0,55.0,27.444347826086958,47.0,44.0
2025-04-05,31,1,ensemble,2025-04-12,16.0,21.0,3.7547826086956517,5.0,21.0
2025-04-05,31,1,baseline,2025-04-12,16.0,37.0,12.16695652173913,21.0,21.0
2025-04-05,31,2,ensemble,2025-04-19,13.0,15.0,3.044782608695652,2.0,24.0
2025-04-05,31,2,baseline,2025-04-19,13.0,37.0,13.531304347826088,24.0,24.0
2025-04-05,31,3,ensemble,2025-04-26,12.0,12.0,2.846956521739131,0.0,25.0
2025-04-05,31,3,baseline,2025-04-26,12.0,37.0,13.923478260869565,25.0,25.0
2025-04-05,32,1,ensemble,2025-04-12,48.0,48.0,5.476956521739131,0.0,22.0
2025-04-05,32,1,baseline,2025-04-12,48.0,69.0,12.909565217391306,21.0,22.0
2025-04-05,32,2,ensemble,2025-04-19,41.0,41.0,6.300869565217391,0.0,29.0
2025-04-05,32,2,baseline,2025-04-19,41.0,69.0,16.718260869565217,28.0,29.0
2025-04-05,32,3,ensemble,2025-04-26,29.0,33.0,5.618260869565217,4.0,41.0
2025-04-05,32,3,baseline,2025-04-26,29.0,69.0,22.48173913043478,40.0,41.0
2025-04-05,33,1,ensemble,2025-04-12,22.0,68.0,30.04565217391304,46.0,12.0
2025-04-05,33,1,baseline,2025-04-12,22.0,124.0,83.93130434782609,102.0,12.0
2025-04-05,33,2,ensemble,2025-04-19,22.0,55.0,20.11608695652174,33.0,12.0
2025-04-05,33,2,baseline,2025-04-19,22.0,124.0,79.9773913043478,102.0,12.0
2025-04-05,33,3,ensemble,2025-04-26,9.0,45.0,22.77478260869566,36.0,25.0
2025-04-05,33,3,baseline,2025-04-26,9.0,124.0,89.62260869565218,115.0,25.0
2025-04-05,34,1,ensemble,2025-04-12,161.0,165.0,19.929565217391303,4.0,121.0
2025-04-05,34,1,baseline,2025-04-12,161.0,282.0,70.70391304347827,121.0,121.0
2025-04-05,34,2,ensemble,2025-04-19,137.0,134.0,21.890869565217393,3.0,145.0
2025-04-05,34,2,baseline,2025-04-19,137.0,282.0,80.80695652173915,145.0,145.0
2025-04-05,34,3,ensemble,2025-04-26,72.0,99.0,23.346521739130434,27.0,210.0
2025-04-05,34,3,baseline,2025-04-26,72.0,282.0,115.18608695652175,210.0,210.0
2025-04-05,35,1,ensemble,2025-04-12,37.0,28.0,5.512608695652175,9.0,53.0
2025-04-05,35,1,baseline,2025-04-12,37.0,48.0,8.41,11.0,53.0
2025-04-05,35,2,ensemble,2025-04-19,31.0,19.0,6.291304347826087,12.0,59.0
2025-04-05,35,2,baseline,2025-04-19,31.0,48.0,11.987826086956522,17.0,59.0
2025-04-05,35,3,ensemble,2025-04-26,42.0,14.0,15.502173913043476,28.0,48.0
2025-04-05,35,3,baseline,2025-04-26,42.0,48.0,11.17608695652174,6.0,48.0
2025-04-05,36,1,ensemble,2025-04-12,395.0,343.0,37.77086956521739,52.0,215.0
2025-04-05,36,1,baseline,2025-04-12,395.0,572.0,100.0317391304348,177.0,215.0
2025-04-05,36,2,ensemble,2025-04-19,281.0,267.0,36.11391304347826,14.0,329.0
2025-04-05,36,2,baseline,2025-04-19,281.0,572.0,160.4930434782609,291.0,329.0
2025-04-05,36,3,ensemble,2025-04-26,209.0,186.0,35.082173913043476,23.0,401.0
2025-04-05,36,3,baseline,2025-04-26,209.0,572.0,197.46173913043478,363.0,401.0
2025-04-05,37,1,ensemble,2025-04-12,98.0,158.0,32.02565217391304,60.0,203.0
2025-04-05,37,1,baseline,2025-04-12,98.0,270.0,103.58304347826088,172.0,203.0
2025-04-05,37,2,ensemble,2025-04-19,60.0,129.0,35.87347826086956,69.0,241.0
2025-04-05,37,2,baseline,2025-04-19,60.0,270.0,119.66391304347826,210.0,241.0
2025-04-05,37,3,ensemble,2025-04-26,50.0,92.0,26.461304347826093,42.0,251.0
2025-04-05,37,3,baseline,2025-04-26,50.0,270.0,121.06391304347825,220.0,251.0
2025-04-05,38,1,ensemble,2025-04-12,12.0,14.0,2.092173913043478,2.0,13.0
2025-04-05,38,1,baseline,2025-04-12,12.0,22.0,5.55304347826087,10.0,13.0
2025-04-05,38,2,ensemble,2025-04-19,14.0,13.0,2.208695652173913,1.0,11.0
2025-04-05,38,2,baseline,2025-04-19,14.0,22.0,4.854782608695652,8.0,11.0
2025-04-05,38,3,ensemble,2025-04-26,11.0,9.0,2.1760869565217393,2.0,14.0
2025-04-05,38,3,baseline,2025-04-26,11.0,22.0,6.254347826086956,11.0,14.0
2025-04-05,39,1,ensemble,2025-04-12,166.0,198.0,31.257391304347834,32.0,285.0
2025-04-05,39,1,baseline,2025-04-12,166.0,438.0,167.35608695652175,272.0,285.0
2025-04-05,39,2,ensemble,2025-04-19,107.0,148.0,35.91782608695653,41.0,344.0
2025-04-05,39,2,baseline,2025-04-19,107.0,438.0,192.85695652173914,331.0,344.0
2025-04-05,39,3,ensemble,2025-04-26,87.0,120.0,27.201739130434788,33.0,364.0
2025-04-05,39,3,baseline,2025-04-26,87.0,438.0,195.99521739130435,351.0,364.0
2025-04-05,40,1,ensemble,2025-04-12,20.0,31.0,7.436956521739131,11.0,56.0
2025-04-05,40,1,baseline,2025-04-12,20.0,54.0,21.46521739130435,34.0,56.0
2025-04-05,40,2,ensemble,2025-04-19,21.0,24.0,6.715217391304349,3.0,55.0
2025-04-05,40,2,baseline,2025-04-19,21.0,54.0,23.460434782608697,33.0,55.0
2025-04-05,40,3,ensemble,2025-04-26,17.0,19.0,6.705217391304347,2.0,59.0
2025-04-05,40,3,baseline,2025-04-26,17.0,54.0,27.141304347826093,37.0,59.0
2025-04-05,41,1,ensemble,2025-04-12,50.0,41.0,7.64,9.0,45.0
2025-04-05,41,1,baseline,2025-04-12,50.0,75.0,16.34739130434783,25.0,45.0
2025-04-05,41,2,ensemble,2025-04-19,42.0,30.0,8.14217391304348,12.0,53.0
2025-04-05,41,2,baseline,2025-04-19,42.0,75.0,21.2704347826087,33.0,53.0
2025-04-05,41,3,ensemble,2025-04-26,32.0,25.0,7.541739130434783,7.0,63.0
2025-04-05,41,3,baseline,2025-04-26,32.0,75.0,26.54086956521739,43.0,63.0
2025-04-05,42,1,ensemble,2025-04-12,475.0,525.0,47.22739130434784,50.0,458.0
2025-04-05,42,1,baseline,2025-04-12,475.0,921.0,289.59913043478264,446.0,458.0
2025-04-05,42,2,ensemble,2025-04-19,403.0,409.0,50.49434782608696,6.0,530.0
2025-04-05,42,2,baseline,2025-04-19,403.0,921.0,315.71999999999997,518.0,530.0
2025-04-05,42,3,ensemble,2025-04-26,472.0,301.0,86.21478260869564,171.0,461.0
2025-04-05,42,3,baseline,2025-04-26,472.0,921.0,257.31434782608693,449.0,461.0
2025-04-05,44,1,ensemble,2025-04-12,22.0,10.0,6.815652173913044,12.0,4.0
2025-04-05,44,1,baseline,2025-04-12,22.0,17.0,3.365217391304348,5.0,4.0
2025-04-05,44,2,ensemble,2025-04-19,17.0,8.0,4.919130434782609,9.0,9.0
2025-04-05,44,2,baseline,2025-04-19,17.0,17.0,3.1430434782608705,0.0,9.0
2025-04-05,44,3,ensemble,2025-04-26,4.0,7.0,1.8900000000000003,3.0,22.0
2025-04-05,44,3,baseline,2025-04-26,4.0,17.0,7.2586956521739125,13.0,22.0
2025-04-05,45,1,ensemble,2025-04-12,43.0,80.0,20.41913043478261,37.0,92.0
2025-04-05,45,1,baseline,2025-04-12,43.0,129.0,51.72739130434782,86.0,92.0
2025-04-05,45,2,ensemble,2025-04-19,34.0,70.0,20.70130434782609,36.0,101.0
2025-04-05,45,2,baseline,2025-04-19,34.0,129.0,54.411739130434775,95.0,101.0
2025-04-05,45,3,ensemble,2025-04-26,33.0,55.0,13.37521739130435,22.0,102.0
2025-04-05,45,3,baseline,2025-04-26,33.0,129.0,53.78739130434783,96.0,102.0
2025-04-05,46,1,ensemble,2025-04-12,7.0,7.0,1.671739130434783,0.0,4.0
2025-04-05,46,1,baseline,2025-04-12,7.0,11.0,3.196086956521739,4.0,4.0
2025-04-05,46,2,ensemble,2025-04-19,10.0,7.0,2.312608695652174,3.0,1.0
2025-04-05,46,2,baseline,2025-04-19,10.0,11.0,3.497826086956522,1.0,1.0
2025-04-05,46,3,ensemble,2025-04-26,8.0,5.0,2.060869565217392,3.0,3.0
2025-04-05,46,3,baseline,2025-04-26,8.0,11.0,4.329130434782608,3.0,3.0
2025-04-05,47,1,ensemble,2025-04-12,100.0,131.0,19.911304347826086,31.0,119.0
2025-04-05,47,1,baseline,2025-04-12,100.0,219.0,71.76086956521738,119.0,119.0
2025-04-05,47,2,ensemble,2025-04-19,59.0,108.0,29.71565217391304,49.0,160.0
2025-04-05,47,2,baseline,2025-04-19,59.0,219.0,93.14391304347828,160.0,160.0
2025-04-05,47,3,ensemble,2025-04-26,65.0,84.0,15.374782608695652,19.0,154.0
2025-04-05,47,3,baseline,2025-04-26,65.0,219.0,85.86391304347826,154.0,154.0
2025-04-05,48,1,ensemble,2025-04-12,283.0,351.0,49.95434782608696,68.0,255.0
2025-04-05,48,1,baseline,2025-04-12,283.0,515.0,130.5617391304348,232.0,255.0
2025-04-05,48,2,ensemble,2025-04-19,257.0,325.0,56.97956521739131,68.0,281.0
2025-04-05,48,2,baseline,2025-04-19,257.0,515.0,144.46086956521737,258.0,281.0
2025-04-05,48,3,ensemble,2025-04-26,229.0,275.0,50.41478260869565,46.0,309.0
2025-04-05,48,3,baseline,2025-04-26,229.0,515.0,159.66913043478263,286.0,309.0
2025-04-05,49,1,ensemble,2025-04-12,33.0,35.0,4.2404347826086966,2.0,21.0
2025-04-05,49,1,baseline,2025-04-12,33.0,53.0,11.710000000000003,20.0,21.0
2025-04-05,49,2,ensemble,2025-04-19,27.0,28.0,4.099565217391305,1.0,27.0
2025-04-05,49,2,baseline,2025-04-19,27.0,53.0,14.945217391304348,26.0,27.0
2025-04-05,49,3,ensemble,2025-04-26,19.0,21.0,3.8913043478260874,2.0,35.0
2025-04-05,49,3,baseline,2025-04-26,19.0,53.0,19.313043478260873,34.0,35.0
2025-04-05,50,1,ensemble,2025-04-12,8.0,17.0,4.677391304347827,9.0,18.0
2025-04-05,50,1,baseline,2025-04-12,8.0,26.0,11.55695652173913,18.0,18.0
2025-04-05,50,2,ensemble,2025-04-19,12.0,14.0,2.057391304347826,2.0,14.0
2025-04-05,50,2,baseline,2025-04-19,12.0,26.0,8.080869565217393,14.0,14.0
2025-04-05,50,3,ensemble,2025-04-26,13.0,11.0,1.981739130434783,2.0,13.0
2025-04-05,50,3,baseline,2025-04-26,13.0,26.0,7.219130434782608,13.0,13.0
2025-04-05,51,1,ensemble,2025-04-12,84.0,121.0,21.07826086956522,37.0,115.0
2025-04-05,51,1,baseline,2025-04-12,84.0,196.0,65.18304347826088,112.0,115.0
2025-04-05,51,2,ensemble,2025-04-19,56.0,103.0,23.329130434782616,47.0,143.0
2025-04-05,51,2,baseline,2025-04-19,56.0,196.0,78.1604347826087,140.0,143.0
2025-04-05,51,3,ensemble,2025-04-26,45.0,71.0,16.148695652173917,26.0,154.0
2025-04-05,51,3,baseline,2025-04-26,45.0,196.0,82.01173913043478,151.0,154.0
2025-04-05,53,1,ensemble,2025-04-12,74.0,66.0,9.577391304347827,8.0,39.0
2025-04-05,53,1,baseline,2025-04-12,74.0,112.0,23.087391304347825,38.0,39.0
2025-04-05,53,2,ensemble,2025-04-19,42.0,54.0,11.085652173913044,12.0,71.0
2025-04-05,53,2,baseline,2025-04-19,42.0,112.0,40.59826086956522,70.0,71.0
2025-04-05,53,3,ensemble,2025-04-26,39.0,42.0,8.665217391304349,3.0,74.0
2025-04-05,53,3,baseline,2025-04-26,39.0,112.0,41.54086956521739,73.0,74.0
2025-04-05,54,1,ensemble,2025-04-12,47.0,91.0,24.8304347826087,44.0,121.0
2025-04-05,54,1,baseline,2025-04-12,47.0,168.0,81.90086956521739,121.0,121.0
2025-04-05,54,2,ensemble,2025-04-19,26.0,67.0,24.187391304347823,41.0,142.0
2025-04-05,54,2,baseline,2025-04-19,26.0,168.0,93.65086956521738,142.0,142.0
2025-04-05,54,3,ensemble,2025-04-26,18.0,49.0,17.16739130434783,31.0,150.0
2025-04-05,54,3,baseline,2025-04-26,18.0,168.0,95.47695652173915,150.0,150.0
2025-04-05,55,1,ensemble,2025-04-12,66.0,71.0,10.69521739130435,5.0,70.0
2025-04-05,55,1,baseline,2025-04-12,66.0,131.0,38.685652173913056,65.0,70.0
2025-04-05,55,2,ensemble,2025-04-19,40.0,56.0,11.351739130434783,16.0,96.0
2025-04-05,55,2,baseline,2025-04-19,40.0,131.0,51.95695652173913,91.0,96.0
2025-04-05,55,3,ensemble,2025-04-26,33.0,43.0,10.483478260869566,10.0,103.0
2025-04-05,55,3,baseline,2025-04-26,33.0,131.0,54.15782608695652,98.0,103.0
2025-04-05,56,1,ensemble,2025-04-12,4.0,15.0,6.003043478260871,11.0,19.0
2025-04-05,56,1,baseline,2025-04-12,4.0,23.0,11.337826086956523,19.0,19.0
2025-04-05,56,2,ensemble,2025-04-19,3.0,14.0,4.974347826086956,11.0,20.0
2025-04-05,56,2,baseline,2025-04-19,3.0,23.0,11.192608695652178,20.0,20.0
2025-04-05,56,3,ensemble,2025-04-26,6.0,10.0,2.7752173913043485,4.0,17.0
2025-04-05,56,3,baseline,2025-04-26,6.0,23.0,9.342173913043478,17.0,17.0
2025-04-12,01,1,ensemble,2025-04-19,50.0,49.0,8.19695652173913,1.0,35.0
2025-04-12,01,1,baseline,2025-04-19,50.0,75.0,16.522608695652178,25.0,35.0
2025-04-12,01,2,ensemble,2025-04-26,35.0,38.0,7.783043478260869,3.0,50.0
2025-04-12,01,2,baseline,2025-04-26,35.0,75.0,24.29478260869565,40.0,50.0
2025-04-12,01,3,ensemble,2025-05-03,27.0,25.0,6.388260869565216,2.0,58.0
2025-04-12,01,3,baseline,2025-05-03,27.0,75.0,28.684347826086956,48.0,58.0
2025-04-12,02,1,ensemble,2025-04-19,9.0,8.0,1.619130434782609,1.0,5.0
2025-04-12,02,1,baseline,2025-04-19,9.0,9.0,1.7391304347826086,0.0,5.0
2025-04-12,02,2,ensemble,2025-04-26,8.0,7.0,1.5634782608695657,1.0,6.0
2025-04-12,02,2,baseline,2025-04-26,8.0,9.0,2.305217391304348,1.0,6.0
2025-04-12,02,3,ensemble,2025-05-03,9.0,5.0,2.366521739130435,4.0,5.0
2025-04-12,02,3,baseline,2025-05-03,9.0,9.0,2.7147826086956526,0.0,5.0
2025-04-12,04,1,ensemble,2025-04-19,83.0,81.0,12.696086956521741,2.0,17.0
2025-04-12,04,1,baseline,2025-04-19,83.0,99.0,22.750000000000004,16.0,17.0
2025-04-12,04,2,ensemble,2025-04-26,74.0,61.0,14.583478260869565,13.0,26.0
2025-04-12,04,2,baseline,2025-04-26,74.0,99.0,32.57869565217391,25.0,26.0
2025-04-12,04,3,ensemble,2025-05-03,71.0,48.0,14.746521739130433,23.0,29.0
2025-04-12,04,3,baseline,2025-05-03,71.0,99.0,39.496521739130436,28.0,29.0
2025-04-12,05,1,ensemble,2025-04-19,29.0,35.0,6.450000000000002,6.0,42.0
2025-04-12,05,1,baseline,2025-04-19,29.0,62.0,19.389130434782608,33.0,42.0
2025-04-12,05,2,ensemble,2025-04-26,24.0,27.0,6.369565217391305,3.0,47.0
2025-04-12,05,2,baseline,2025-04-26,24.0,62.0,22.05,38.0,47.0
2025-04-12,05,3,ensemble,2025-05-03,21.0,21.0,5.255217391304349,0.0,50.0
2025-04-12,05,3,baseline,2025-05-03,21.0,62.0,24.081304347826087,41.0,50.0
2025-04-12,06,1,ensemble,2025-04-19,339.0,300.0,37.235217391304346,39.0,107.0
2025-04-12,06,1,baseline,2025-04-19,339.0,404.0,68.08652173913046,65.0,107.0
2025-04-12,06,2,ensemble,2025-04-26,246.0,212.0,34.43260869565218,34.0,200.0
2025-04-12,06,2,baseline,2025-04-26,246.0,404.0,112.68782608695653,158.0,200.0
2025-04-12,06,3,ensemble,2025-05-03,234.0,158.0,45.004782608695656,76.0,212.0
2025-04-12,06,3,baseline,2025-05-03,234.0,404.0,126.46217391304349,170.0,212.0
2025-04-12,08,1,ensemble,2025-04-19,40.0,48.0,7.111304347826087,8.0,46.0
2025-04-12,08,1,baseline,2025-04-19,40.0,86.0,26.22086956521739,46.0,46.0
2025-04-12,08,2,ensemble,2025-04-26,42.0,38.0,6.801739130434783,4.0,44.0
2025-04-12,08,2,baseline,2025-04-26,42.0,86.0,25.16652173913044,44.0,44.0
2025-04-12,08,3,ensemble,2025-05-03,30.0,30.0,6.235652173913044,0.0,56.0
2025-04-12,08,3,baseline,2025-05-03,30.0,86.0,30.875652173913043,56.0,56.0
2025-04-12,09,1,ensemble,2025-04-19,34.0,33.0,5.265652173913045,1.0,19.0
2025-04-12,09,1,baseline,2025-04-19,34.0,53.0,12.551739130434783,19.0,19.0
2025-04-12,09,2,ensemble,2025-04-26,53.0,21.0,14.544347826086955,32.0,0.0
2025-04-12,09,2,baseline,2025-04-26,53.0,53.0,10.856521739130436,0.0,0.0
2025-04-12,09,3,ensemble,2025-05-03,25.0,20.0,5.174782608695652,5.0,28.0
2025-04-12,09,3,baseline,2025-05-03,25.0,53.0,18.076086956521745,28.0,28.0
2025-04-12,10,1,ensemble,2025-04-19,9.0,10.0,1.897391304347826,1.0,6.0
2025-04-12,10,1,baseline,2025-04-19,9.0,15.0,3.9778260869565214,6.0,6.0
2025-04-12,10,2,ensemble,2025-04-26,3.0,8.0,2.496086956521739,5.0,12.0
2025-04-12,10,2,baseline,2025-04-26,3.0,15.0,7.005652173913046,12.0,12.0
2025-04-12,10,3,ensemble,2025-05-03,6.0,5.0,1.9282608695652173,1.0,9.0
2025-04-12,10,3,baseline,2025-05-03,6.0,15.0,6.072608695652175,9.0,9.0
2025-04-12,11,1,ensemble,2025-04-19,7.0,23.0,9.743043478260871,16.0,21.0
2025-04-12,11,1,baseline,2025-04-19,7.0,34.0,17.048695652173915,27.0,21.0
2025-04-12,11,2,ensemble,2025-04-26,7.0,19.0,6.237826086956523,12.0,21.0
2025-04-12,11,2,baseline,2025-04-26,7.0,34.0,16.001304347826085,27.0,21.0
2025-04-12,11,3,ensemble,2025-05-03,4.0,16.0,6.2752173913043485,12.0,24.0
2025-04-12,11,3,baseline,2025-05-03,4.0,34.0,17.437826086956523,30.0,24.0
2025-04-12,12,1,ensemble,2025-04-19,335.0,389.0,37.36695652173913,54.0,248.0
2025-04-12,12,1,baseline,2025-04-19,335.0,557.0,127.67260869565216,222.0,248.0
2025-04-12,12,2,ensemble,2025-04-26,257.0,322.0,40.92478260869566,65.0,326.0
2025-04-12,12,2,baseline,2025-04-26,257.0,557.0,168.50913043478258,300.0,326.0
2025-04-12,12,3,ensemble,2025-05-03,224.0,233.0,31.293043478260874,9.0,359.0
2025-04-12,12,3,baseline,2025-05-03,224.0,557.0,183.07260869565218,333.0,359.0
2025-04-12,13,1,ensemble,2025-04-19,64.0,77.0,12.38739130434783,13.0,98.0
2025-04-12,13,1,baseline,2025-04-19,64.0,114.0,31.36173913043478,50.0,98.0
2025-04-12,13,2,ensemble,2025-04-26,44.0,65.0,13.11826086956522,21.0,118.0
2025-04-12,13,2,baseline,2025-04-26,44.0,114.0,41.65521739130436,70.0,118.0
2025-04-12,13,3,ensemble,2025-05-03,44.0,47.0,9.779565217391307,3.0,118.0
2025-04-12,13,3,baseline,2025-05-03,44.0,114.0,43.783913043478265,70.0,118.0
2025-04-12,15,1,ensemble,2025-04-19,24.0,26.0,2.6078260869565217,2.0,15.0
2025-04-12,15,1,baseline,2025-04-19,24.0,39.0,8.868695652173914,15.0,15.0
2025-04-12,15,2,ensemble,2025-04-26,24.0,23.0,2.9452173913043476,1.0,15.0
2025-04-12,15,2,baseline,2025-04-26,24.0,39.0,8.354347826086958,15.0,15.0
2025-04-12,15,3,ensemble,2025-05-03,34.0,18.0,8.783478260869567,16.0,5.0
2025-04-12,15,3,baseline,2025-05-03,34.0,39.0,3.896086956521739,5.0,5.0
2025-04-12,16,1,ensemble,2025-04-19,13.0,10.0,2.407826086956522,3.0,14.0
2025-04-12,16,1,baseline,2025-04-19,13.0,9.0,4.53304347826087,4.0,14.0
2025-04-12,16,2,ensemble,2025-04-26,20.0,9.0,5.679565217391304,11.0,7.0
2025-04-12,16,2,baseline,2025-04-26,20.0,9.0,7.337826086956523,11.0,7.0
2025-04-12,16,3,ensemble,2025-05-03,13.0,7.0,3.4426086956521735,6.0,14.0
2025-04-12,16,3,baseline,2025-05-03,13.0,9.0,7.161739130434783,4.0,14.0
2025-04-12,17,1,ensemble,2025-04-19,156.0,121.0,22.333478260869562,35.0,141.0
2025-04-12,17,1,baseline,2025-04-19,156.0,223.0,44.00391304347826,67.0,141.0
2025-04-12,17,2,ensemble,2025-04-26,124.0,94.0,22.13913043478261,30.0,173.0
2025-04-12,17,2,baseline,2025-04-26,124.0,223.0,60.61173913043478,99.0,173.0
2025-04-12,17,3,ensemble,2025-05-03,81.0,56.0,17.858260869565218,25.0,216.0
2025-04-12,17,3,baseline,2025-05-03,81.0,223.0,80.10478260869566,142.0,216.0
2025-04-12,18,1,ensemble,2025-04-19,52.0,62.0,11.451739130434785,10.0,74.0
2025-04-12,18,1,baseline,2025-04-19,52.0,120.0,41.23521739130435,68.0,74.0
2025-04-12,18,2,ensemble,2025-04-26,43.0,47.0,11.327391304347827,4.0,83.0
2025-04-12,18,2,baseline,2025-04-26,43.0,120.0,46.18782608695652,77.0,83.0
2025-04-12,18,3,ensemble,2025-05-03,34.0,37.0,9.129130434782608,3.0,92.0
2025-04-12,18,3,baseline,2025-05-03,34.0,120.0,51.49260869565217,86.0,92.0
2025-04-12,19,1,ensemble,2025-04-19,11.0,21.0,5.6204347826086964,10.0,32.0
2025-04-12,19,1,baseline,2025-04-19,11.0,40.0,17.274347826086963,29.0,32.0
2025-04-12,19,2,ensemble,2025-04-26,14.0,16.0,4.369565217391304,2.0,29.0
2025-04-12,19,2,baseline,2025-04-26,14.0,40.0,15.716956521739133,26.0,29.0
2025-04-12,19,3,ensemble,2025-05-03,4.0,11.0,4.7117391304347835,7.0,39.0
2025-04-12,19,3,baseline,2025-05-03,4.0,40.0,20.24869565217391,36.0,39.0
2025-04-12,20,1,ensemble,2025-04-19,20.0,22.0,3.606956521739131,2.0,20.0
2025-04-12,20,1,baseline,2025-04-19,20.0,40.0,12.35086956521739,20.0,20.0
2025-04-12,20,2,ensemble,2025-04-26,9.0,18.0,5.216086956521739,9.0,31.0
2025-04-12,20,2,baseline,2025-04-26,9.0,40.0,17.736956521739128,31.0,31.0
2025-04-12,20,3,ensemble,2025-05-03,6.0,12.0,4.253478260869565,6.0,34.0
2025-04-12,20,3,baseline,2025-05-03,6.0,40.0,19.11217391304348,34.0,34.0
2025-04-12,21,1,ensemble,2025-04-19,49.0,82.0,19.55434782608696,33.0,126.0
2025-04-12,21,1,baseline,2025-04-19,49.0,162.0,67.29521739130436,113.0,126.0
2025-04-12,21,2,ensemble,2025-04-26,38.0,70.0,15.974782608695655,32.0,137.0
2025-04-12,21,2,baseline,2025-04-26,38.0,162.0,69.91173913043478,124.0,137.0
2025-04-12,21,3,ensemble,2025-05-03,15.0,44.0,17.53739130434783,29.0,160.0
2025-04-12,21,3,baseline,2025-05-03,15.0,162.0,81.00478260869566,147.0,160.0
2025-04-12,22,1,ensemble,2025-04-19,65.0,85.0,12.31304347826087,20.0,56.0
2025-04-12,22,1,baseline,2025-04-19,65.0,133.0,39.1004347826087,68.0,56.0
2025-04-12,22,2,ensemble,2025-04-26,60.0,68.0,10.737391304347828,8.0,61.0
2025-04-12,22,2,baseline,2025-04-26,60.0,133.0,40.45608695652174,73.0,61.0
2025-04-12,22,3,ensemble,2025-05-03,41.0,55.0,10.171739130434785,14.0,80.0
2025-04-12,22,3,baseline,2025-05-03,41.0,133.0,49.885217391304344,92.0,80.0
2025-04-12,23,1,ensemble,2025-04-19,23.0,31.0,4.8908695652173915,8.0,32.0
2025-04-12,23,1,baseline,2025-04-19,23.0,52.0,17.726086956521737,29.0,32.0
2025-04-12,23,2,ensemble,2025-04-26,16.0,26.0,5.877826086956522,10.0,39.0
2025-04-12,23,2,baseline,2025-04-26,16.0,52.0,21.13521739130435,36.0,39.0
2025-04-12,23,3,ensemble,2025-05-03,10.0,22.0,6.408260869565218,12.0,45.0
2025-04-12,23,3,baseline,2025-05-03,10.0,52.0,23.92739130434783,42.0,45.0
2025-04-12,24,1,ensemble,2025-04-19,62.0,63.0,9.25304347826087,1.0,67.0
2025-04-12,24,1,baseline,2025-04-19,62.0,121.0,33.85,59.0,67.0
2025-04-12,24,2,ensemble,2025-04-26,47.0,53.0,8.734782608695653,6.0,82.0
2025-04-12,24,2,baseline,2025-04-26,47.0,121.0,41.19869565217392,74.0,82.0
2025-04-12,24,3,ensemble,2025-05-03,41.0,39.0,7.4995652173913046,2.0,88.0
2025-04-12,24,3,baseline,2025-05-03,41.0,121.0,43.70086956521739,80.0,88.0
2025-04-12,25,1,ensemble,2025-04-19,86.0,78.0,11.677391304347827,8.0,49.0
2025-04-12,25,1,baseline,2025-04-19,86.0,130.0,29.58739130434783,44.0,49.0
2025-04-12,25,2,ensemble,2025-04-26,83.0,54.0,15.312608695652177,29.0,52.0
2025-04-12,25,2,baseline,2025-04-26,83.0,130.0,34.01,47.0,52.0
2025-04-12,25,3,ensemble,2025-05-03,49.0,36.0,11.541739130434781,13.0,86.0
2025-04-12,25,3,baseline,2025-05-03,49.0,130.0,48.03086956521738,81.0,86.0
2025-04-12,26,1,ensemble,2025-04-19,179.0,139.0,24.67782608695652,40.0,90.0
2025-04-12,26,1,baseline,2025-04-19,179.0,236.0,39.502173913043485,57.0,90.0
2025-04-12,26,2,ensemble,2025-04-26,115.0,109.0,18.466086956521742,6.0,154.0
2025-04-12,26,2,baseline,2025-04-26,115.0,236.0,68.3391304347826,121.0,154.0
2025-04-12,26,3,ensemble,2025-05-03,114.0,80.0,21.18826086956522,34.0,155.0
2025-04-12,26,3,baseline,2025-05-03,114.0,236.0,70.12347826086958,122.0,155.0
2025-04-12,27,1,ensemble,2025-04-19,38.0,39.0,7.537826086956522,1.0,21.0
2025-04-12,27,1,baseline,2025-04-19,38.0,59.0,13.975652173913046,21.0,21.0
2025-04-12,27,2,ensemble,2025-04-26,25.0,31.0,8.120869565217392,6.0,34.0
2025-04-12,27,2,baseline,2025-04-26,25.0,59.0,20.661739130434785,34.0,34.0
2025-04-12,27,3,ensemble,2025-05-03,28.0,20.0,7.63391304347826,8.0,31.0
2025-04-12,27,3,baseline,2025-05-03,28.0,59.0,20.90869565217391,31.0,31.0
2025-04-12,28,1,ensemble,2025-04-19,28.0,32.0,4.711739130434784,4.0,20.0
2025-04-12,28,1,baseline,2025-04-19,28.0,42.0,9.85608695652174,14.0,20.0
2025-04-12,28,2,ensemble,2025-04-26,21.0,28.0,5.150434782608696,7.0,27.0
2025-04-12,28,2,baseline,2025-04-26,21.0,42.0,13.601304347826087,21.0,27.0
2025-04-12,28,3,ensemble,2025-05-03,14.0,23.0,5.830869565217392,9.0,34.0
2025-04-12,28,3,baseline,2025-05-03,14.0,42.0,16.973913043478262,28.0,34.0
2025-04-12,29,1,ensemble,2025-04-19,100.0,69.0,17.479565217391304,31.0,30.0
2025-04-12,29,1,baseline,2025-04-19,100.0,128.0,22.481739130434786,28.0,30.0
2025-04-12,29,2,ensemble,2025-04-26,66.0,52.0,11.666086956521738,14.0,64.0
2025-04-12,29,2,baseline,2025-04-26,66.0,128.0,38.90565217391304,62.0,64.0
2025-04-12,29,3,ensemble,2025-05-03,59.0,35.0,12.725652173913044,24.0,71.0
2025-04-12,29,3,baseline,2025-05-03,59.0,128.0,43.74869565217392,69.0,71.0
2025-04-12,30,1,ensemble,2025-04-19,21.0,15.0,3.7656521739130433,6.0,10.0
2025-04-12,30,1,baseline,2025-04-19,21.0,22.0,3.2656521739130433,1.0,10.0
2025-04-12,30,2,ensemble,2025-04-26,8.0,11.0,2.9556521739130437,3.0,23.0
2025-04-12,30,2,baseline,2025-04-26,8.0,22.0,8.388260869565217,14.0,23.0
2025-04-12,30,3,ensemble,2025-05-03,4.0,8.0,2.979565217391305,4.0,27.0
2025-04-12,30,3,baseline,2025-05-03,4.0,22.0,10.051304347826088,18.0,27.0
2025-04-12,31,1,ensemble,2025-04-19,13.0,11.0,2.586521739130435,2.0,1.0
2025-04-12,31,1,baseline,2025-04-19,13.0,13.0,3.6534782608695657,0.0,1.0
2025-04-12,31,2,ensemble,2025-04-26,12.0,8.0,2.982173913043479,4.0,2.0
2025-04-12,31,2,baseline,2025-04-26,12.0,13.0,5.012608695652175,1.0,2.0
2025-04-12,31,3,ensemble,2025-05-03,3.0,5.0,2.4108695652173906,2.0,11.0
2025-04-12,31,3,baseline,2025-05-03,3.0,13.0,7.390434782608696,10.0,11.0
2025-04-12,32,1,ensemble,2025-04-19,41.0,29.0,6.6604347826086965,12.0,0.0
2025-04-12,32,1,baseline,2025-04-19,41.0,41.0,6.225217391304348,0.0,0.0
2025-04-12,32,2,ensemble,2025-04-26,29.0,25.0,4.684347826086957,4.0,12.0
2025-04-12,32,2,baseline,2025-04-26,29.0,41.0,10.34608695652174,12.0,12.0
2025-04-12,32,3,ensemble,2025-05-03,19.0,21.0,3.969130434782609,2.0,22.0
2025-04-12,32,3,baseline,2025-05-03,19.0,41.0,14.523478260869563,22.0,22.0
2025-04-12,33,1,ensemble,2025-04-19,22.0,10.0,6.014347826086957,12.0,5.0
2025-04-12,33,1,baseline,2025-04-19,22.0,16.0,3.951304347826087,6.0,5.0
2025-04-12,33,2,ensemble,2025-04-26,9.0,8.0,2.230434782608696,1.0,8.0
2025-04-12,33,2,baseline,2025-04-26,9.0,16.0,4.964782608695653,7.0,8.0
2025-04-12,33,3,ensemble,2025-05-03,6.0,7.0,1.9930434782608697,1.0,11.0
2025-04-12,33,3,baseline,2025-05-03,6.0,16.0,6.353913043478261,10.0,11.0
2025-04-12,34,1,ensemble,2025-04-19,137.0,150.0,18.092608695652174,13.0,111.0
2025-04-12,34,1,baseline,2025-04-19,137.0,248.0,64.87608695652173,111.0,111.0
2025-04-12,34,2,ensemble,2025-04-26,72.0,131.0,27.783913043478265,59.0,176.0
2025-04-12,34,2,baseline,2025-04-26,72.0,248.0,98.53782608695651,176.0,176.0
2025-04-12,34,3,ensemble,2025-05-03,70.0,93.0,20.65826086956522,23.0,178.0
2025-04-12,34,3,baseline,2025-05-03,70.0,248.0,96.8108695652174,178.0,178.0
2025-04-12,35,1,ensemble,2025-04-19,31.0,27.0,4.023913043478261,4.0,27.0
2025-04-12,35,1,baseline,2025-04-19,31.0,42.0,8.29304347826087,11.0,27.0
2025-04-12,35,2,ensemble,2025-04-26,42.0,19.0,12.251304347826089,23.0,16.0
2025-04-12,35,2,baseline,2025-04-26,42.0,42.0,8.56521739130435,0.0,16.0
2025-04-12,35,3,ensemble,2025-05-03,32.0,13.0,10.237391304347824,19.0,26.0
2025-04-12,35,3,baseline,2025-05-03,32.0,42.0,11.343913043478265,10.0,26.0
2025-04-12,36,1,ensemble,2025-04-19,281.0,275.0,31.227391304347833,6.0,222.0
2025-04-12,36,1,baseline,2025-04-19,281.0,457.0,99.07695652173915,176.0,222.0
2025-04-12,36,2,ensemble,2025-04-26,209.0,222.0,32.71608695652174,13.0,294.0
2025-04-12,36,2,baseline,2025-04-26,209.0,457.0,135.1426086956522,248.0,294.0
2025-04-12,36,3,ensemble,2025-05-03,157.0,153.0,31.224347826086955,4.0,346.0
2025-04-12,36,3,baseline,2025-05-03,157.0,457.0,160.71739130434784,300.0,346.0
2025-04-12,37,1,ensemble,2025-04-19,60.0,102.0,22.999565217391304,42.0,128.0
2025-04-12,37,1,baseline,2025-04-19,60.0,182.0,71.54434782608696,122.0,128.0
2025-04-12,37,2,ensemble,2025-04-26,50.0,77.0,19.34130434782609,27.0,138.0
2025-04-12,37,2,baseline,2025-04-26,50.0,182.0,74.58173913043478,132.0,138.0
2025-04-12,37,3,ensemble,2025-05-03,39.0,56.0,16.59695652173913,17.0,149.0
2025-04-12,37,3,baseline,2025-05-03,39.0,182.0,80.23608695652175,143.0,149.0
2025-04-12,38,1,ensemble,2025-04-19,14.0,10.0,2.4165217391304354,4.0,0.0
2025-04-12,38,1,baseline,2025-04-19,14.0,14.0,2.4200000000000004,0.0,0.0
2025-04-12,38,2,ensemble,2025-04-26,11.0,9.0,1.953913043478261,2.0,3.0
2025-04-12,38,2,baseline,2025-04-26,11.0,14.0,3.396521739130435,3.0,3.0
2025-04-12,38,3,ensemble,2025-05-03,9.0,6.0,1.8834782608695653,3.0,5.0
2025-04-12,38,3,baseline,2025-05-03,9.0,14.0,4.29304347826087,5.0,5.0
2025-04-12,39,1,ensemble,2025-04-19,107.0,129.0,22.192608695652176,22.0,162.0
2025-04-12,39,1,baseline,2025-04-19,107.0,249.0,85.82869565217392,142.0,162.0
2025-04-12,39,2,ensemble,2025-04-26,87.0,88.0,21.15086956521739,1.0,182.0
2025-04-12,39,2,baseline,2025-04-26,87.0,249.0,94.89347826086957,162.0,182.0
2025-04-12,39,3,ensemble,2025-05-03,45.0,65.0,19.019565217391303,20.0,224.0
2025-04-12,39,3,baseline,2025-05-03,45.0,249.0,114.2691304347826,204.0,224.0
2025-04-12,40,1,ensemble,2025-04-19,21.0,20.0,4.053043478260869,1.0,19.0
2025-04-12,40,1,baseline,2025-04-19,21.0,28.0,11.525217391304347,7.0,19.0
2025-04-12,40,2,ensemble,2025-04-26,17.0,17.0,4.806956521739132,0.0,23.0
2025-04-12,40,2,baseline,2025-04-26,17.0,28.0,16.296956521739133,11.0,23.0
2025-04-12,40,3,ensemble,2025-05-03,16.0,11.0,4.983478260869566,5.0,24.0
2025-04-12,40,3,baseline,2025-05-03,16.0,29.0,19.795652173913048,13.0,24.0
2025-04-12,41,1,ensemble,2025-04-19,42.0,38.0,5.892173913043478,4.0,43.0
2025-04-12,41,1,baseline,2025-04-19,42.0,66.0,15.533043478260868,24.0,43.0
2025-04-12,41,2,ensemble,2025-04-26,32.0,30.0,6.166086956521741,2.0,53.0
2025-04-12,41,2,baseline,2025-04-26,32.0,66.0,21.317826086956526,34.0,53.0
2025-04-12,41,3,ensemble,2025-05-03,35.0,21.0,7.913913043478264,14.0,50.0
2025-04-12,41,3,baseline,2025-05-03,35.0,66.0,21.56739130434783,31.0,50.0
2025-04-12,42,1,ensemble,2025-04-19,403.0,333.0,46.90652173913043,70.0,218.0
2025-04-12,42,1,baseline,2025-04-19,403.0,586.0,112.05913043478259,183.0,218.0
2025-04-12,42,2,ensemble,2025-04-26,472.0,255.0,112.03608695652171,217.0,149.0
2025-04-12,42,2,baseline,2025-04-26,472.0,586.0,80.94434782608695,114.0,149.0
2025-04-12,42,3,ensemble,2025-05-03,254.0,175.0,50.43521739130435,79.0,367.0
2025-04-12,42,3,baseline,2025-05-03,254.0,586.0,186.23347826086953,332.0,367.0
2025-04-12,44,1,ensemble,2025-04-19,17.0,9.0,4.0782608695652165,8.0,8.0
2025-04-12,44,1,baseline,2025-04-19,17.0,16.0,2.2534782608695654,1.0,8.0
2025-04-12,44,2,ensemble,2025-04-26,4.0,7.0,1.9956521739130435,3.0,21.0
2025-04-12,44,2,baseline,2025-04-26,4.0,16.0,6.792173913043479,12.0,21.0
2025-04-12,44,3,ensemble,2025-05-03,8.0,6.0,1.6334782608695648,2.0,17.0
2025-04-12,44,3,baseline,2025-05-03,8.0,16.0,5.27304347826087,8.0,17.0
2025-04-12,45,1,ensemble,2025-04-19,34.0,50.0,9.484347826086958,16.0,46.0
2025-04-12,45,1,baseline,2025-04-19,34.0,80.0,27.503478260869567,46.0,46.0
2025-04-12,45,2,ensemble,2025-04-26,33.0,40.0,7.318695652173914,7.0,47.0
2025-04-12,45,2,baseline,2025-04-26,33.0,80.0,28.47217391304348,47.0,47.0
2025-04-12,45,3,ensemble,2025-05-03,16.0,31.0,8.834782608695653,15.0,64.0
2025-04-12,45,3,baseline,2025-05-03,16.0,80.0,36.77913043478261,64.0,64.0
2025-04-12,46,1,ensemble,2025-04-19,10.0,5.0,2.9395652173913045,5.0,3.0
2025-04-12,46,1,baseline,2025-04-19,10.0,4.0,3.2117391304347827,6.0,3.0
2025-04-12,46,2,ensemble,2025-04-26,8.0,4.0,2.2417391304347825,4.0,1.0
2025-04-12,46,2,baseline,2025-04-26,8.0,4.0,3.132173913043478,4.0,1.0
2025-04-12,46,3,ensemble,2025-05-03,4.0,2.0,1.2960869565217394,2.0,3.0
2025-04-12,46,3,baseline,2025-05-03,4.0,4.0,3.3339130434782613,0.0,3.0
2025-04-12,47,1,ensemble,2025-04-19,59.0,92.0,17.320434782608697,33.0,91.0
2025-04-12,47,1,baseline,2025-04-19,59.0,150.0,52.80521739130437,91.0,91.0
2025-04-12,47,2,ensemble,2025-04-26,65.0,74.0,11.07913043478261,9.0,85.0
2025-04-12,47,2,baseline,2025-04-26,65.0,150.0,48.2791304347826,85.0,85.0
2025-04-12,47,3,ensemble,2025-05-03,46.0,58.0,10.719565217391304,12.0,104.0
2025-04-12,47,3,baseline,2025-05-03,46.0,150.0,57.735652173913046,104.0,104.0
2025-04-12,48,1,ensemble,2025-04-19,257.0,214.0,34.58565217391304,43.0,112.0
2025-04-12,48,1,baseline,2025-04-19,257.0,342.0,67.85217391304349,85.0,112.0
2025-04-12,48,2,ensemble,2025-04-26,229.0,170.0,38.67782608695652,59.0,140.0
2025-04-12,48,2,baseline,2025-04-26,229.0,342.0,88.32434782608696,113.0,140.0
2025-04-12,48,3,ensemble,2025-05-03,190.0,137.0,35.5204347826087,53.0,179.0
2025-04-12,48,3,baseline,2025-05-03,190.0,342.0,108.66260869565218,152.0,179.0
2025-04-12,49,1,ensemble,2025-04-19,27.0,35.0,4.621304347826087,8.0,27.0
2025-04-12,49,1,baseline,2025-04-19,27.0,52.0,14.97,25.0,27.0
2025-04-12,49,2,ensemble,2025-04-26,19.0,26.0,4.620869565217393,7.0,35.0
2025-04-12,49,2,baseline,2025-04-26,19.0,52.0,19.47391304347826,33.0,35.0
2025-04-12,49,3,ensemble,2025-05-03,17.0,21.0,3.856956521739131,4.0,37.0
2025-04-12,49,3,baseline,2025-05-03,17.0,52.0,20.01913043478261,35.0,37.0
2025-04-12,50,1,ensemble,2025-04-19,12.0,17.0,2.9517391304347824,5.0,16.0
2025-04-12,50,1,baseline,2025-04-19,12.0,28.0,10.084782608695653,16.0,16.0
2025-04-12,50,2,ensemble,2025-04-26,13.0,16.0,2.7056521739130437,3.0,15.0
2025-04-12,50,2,baseline,2025-04-26,13.0,28.0,8.742608695652175,15.0,15.0
2025-04-12,50,3,ensemble,2025-05-03,3.0,13.0,5.2760869565217385,10.0,25.0
2025-04-12,50,3,baseline,2025-05-03,3.0,28.0,15.143913043478264,25.0,25.0
2025-04-12,51,1,ensemble,2025-04-19,56.0,80.0,14.002608695652174,24.0,87.0
2025-04-12,51,1,baseline,2025-04-19,56.0,135.0,45.92391304347826,79.0,87.0
2025-04-12,51,2,ensemble,2025-04-26,45.0,61.0,13.385217391304352,16.0,98.0
2025-04-12,51,2,baseline,2025-04-26,45.0,135.0,50.42347826086957,90.0,98.0
2025-04-12,51,3,ensemble,2025-05-03,32.0,55.0,14.651304347826088,23.0,111.0
2025-04-12,51,3,baseline,2025-05-03,32.0,135.0,56.39478260869565,103.0,111.0
2025-04-12,53,1,ensemble,2025-04-19,42.0,62.0,11.81173913043478,20.0,59.0
2025-04-12,53,1,baseline,2025-04-19,42.0,101.0,35.16391304347826,59.0,59.0
2025-04-12,53,2,ensemble,2025-04-26,39.0,55.0,10.750869565217391,16.0,62.0
2025-04-12,53,2,baseline,2025-04-26,39.0,101.0,35.65,62.0,62.0
2025-04-12,53,3,ensemble,2025-05-03,20.0,46.0,13.595217391304347,26.0,81.0
2025-04-12,53,3,baseline,2025-05-03,20.0,101.0,45.10608695652175,81.0,81.0
2025-04-12,54,1,ensemble,2025-04-19,26.0,55.0,14.952608695652176,29.0,76.0
2025-04-12,54,1,baseline,2025-04-19,26.0,102.0,47.08217391304348,76.0,76.0
2025-04-12,54,2,ensemble,2025-04-26,18.0,42.0,12.456521739130435,24.0,84.0
2025-04-12,54,2,baseline,2025-04-26,18.0,102.0,48.98260869565218,84.0,84.0
2025-04-12,54,3,ensemble,2025-05-03,10.0,32.0,11.444347826086956,22.0,92.0
2025-04-12,54,3,baseline,2025-05-03,10.0,102.0,52.36,92.0,92.0
2025-04-12,55,1,ensemble,2025-04-19,40.0,38.0,7.466521739130435,2.0,37.0
2025-04-12,55,1,baseline,2025-04-19,40.0,67.0,18.06826086956522,27.0,37.0
2025-04-12,55,2,ensemble,2025-04-26,33.0,29.0,7.755217391304349,4.0,44.0
2025-04-12,55,2,baseline,2025-04-26,33.0,67.0,22.56217391304348,34.0,44.0
2025-04-12,55,3,ensemble,2025-05-03,30.0,18.0,7.329130434782608,12.0,47.0
2025-04-12,55,3,baseline,2025-05-03,30.0,67.0,25.624782608695657,37.0,47.0
2025-04-12,56,1,ensemble,2025-04-19,3.0,7.0,2.5734782608695657,4.0,9.0
2025-04-12,56,1,baseline,2025-04-19,3.0,11.0,4.73608695652174,8.0,9.0
2025-04-12,56,2,ensemble,2025-04-26,6.0,7.0,1.69304347826087,1.0,6.0
2025-04-12,56,2,baseline,2025-04-26,6.0,11.0,3.964782608695652,5.0,6.0
2025-04-12,56,3,ensemble,2025-05-03,1.0,5.0,2.218695652173913,4.0,11.0
2025-04-12,56,3,baseline,2025-05-03,1.0,11.0,5.823913043478262,10.0,11.0
2025-04-19,01,1,ensemble,2025-04-26,35.0,27.0,6.253913043478261,8.0,19.0
2025-04-19,01,1,baseline,2025-04-26,35.0,41.0,10.128695652173915,6.0,19.0
2025-04-19,01,2,ensemble,2025-05-03,27.0,20.0,5.9460869565217385,7.0,27.0
2025-04-19,01,2,baseline,2025-05-03,27.0,41.0,14.702608695652172,14.0,27.0
2025-04-19,01,3,ensemble,2025-05-10,33.0,15.0,8.35,18.0,21.0
2025-04-19,01,3,baseline,2025-05-10,33.0,41.0,16.67695652173913,8.0,21.0
2025-04-19,02,1,ensemble,2025-04-26,8.0,9.0,1.345217391304348,1.0,7.0
2025-04-19,02,1,baseline,2025-04-26,8.0,12.0,2.500434782608696,4.0,7.0
2025-04-19,02,2,ensemble,2025-05-03,9.0,8.0,1.5513043478260868,1.0,6.0
2025-04-19,02,2,baseline,2025-05-03,9.0,12.0,2.7056521739130437,3.0,6.0
2025-04-19,02,3,ensemble,2025-05-10,3.0,7.0,2.086956521739131,4.0,12.0
2025-04-19,02,3,baseline,2025-05-10,3.0,12.0,4.893478260869566,9.0,12.0
2025-04-19,04,1,ensemble,2025-04-26,74.0,51.0,12.712608695652175,23.0,15.0
2025-04-19,04,1,baseline,2025-04-26,74.0,61.0,20.235652173913046,13.0,15.0
2025-04-19,04,2,ensemble,2025-05-03,71.0,45.0,14.433478260869567,26.0,18.0
2025-04-19,04,2,baseline,2025-05-03,71.0,61.0,27.50347826086957,10.0,18.0
2025-04-19,04,3,ensemble,2025-05-10,53.0,41.0,11.635217391304352,12.0,36.0
2025-04-19,04,3,baseline,2025-05-10,53.0,61.0,34.09347826086957,8.0,36.0
2025-04-19,05,1,ensemble,2025-04-26,24.0,15.0,4.8908695652173915,9.0,8.0
2025-04-19,05,1,baseline,2025-04-26,24.0,22.0,8.03521739130435,2.0,8.0
2025-04-19,05,2,ensemble,2025-05-03,21.0,12.0,4.686521739130434,9.0,11.0
2025-04-19,05,2,baseline,2025-05-03,21.0,22.0,10.650434782608697,1.0,11.0
2025-04-19,05,3,ensemble,2025-05-10,13.0,10.0,3.1104347826086967,3.0,19.0
2025-04-19,05,3,baseline,2025-05-10,13.0,22.0,13.20695652173913,9.0,19.0
2025-04-19,06,1,ensemble,2025-04-26,246.0,264.0,29.762173913043483,18.0,163.0
2025-04-19,06,1,baseline,2025-04-26,246.0,391.0,96.53043478260872,145.0,163.0
2025-04-19,06,2,ensemble,2025-05-03,234.0,208.0,35.62347826086956,26.0,175.0
2025-04-19,06,2,baseline,2025-05-03,234.0,391.0,111.03695652173914,157.0,175.0
2025-04-19,06,3,ensemble,2025-05-10,164.0,187.0,35.36173913043478,23.0,245.0
2025-04-19,06,3,baseline,2025-05-10,164.0,391.0,142.48608695652175,227.0,245.0
2025-04-19,08,1,ensemble,2025-04-26,42.0,28.0,7.845217391304349,14.0,20.0
2025-04-19,08,1,baseline,2025-04-26,42.0,43.0,9.10434782608696,1.0,20.0
2025-04-19,08,2,ensemble,2025-05-03,30.0,20.0,5.569565217391306,10.0,32.0
2025-04-19,08,2,baseline,2025-05-03,30.0,43.0,13.793478260869563,13.0,32.0
2025-04-19,08,3,ensemble,2025-05-10,36.0,14.0,11.03608695652174,22.0,26.0
2025-04-19,08,3,baseline,2025-05-10,36.0,43.0,15.371739130434786,7.0,26.0
2025-04-19,09,1,ensemble,2025-04-26,53.0,26.0,15.442608695652174,27.0,14.0
2025-04-19,09,1,baseline,2025-04-26,53.0,39.0,10.025652173913045,14.0,14.0
2025-04-19,09,2,ensemble,2025-05-03,25.0,20.0,4.638695652173913,5.0,14.0
2025-04-19,09,2,baseline,2025-05-03,25.0,39.0,12.085652173913045,14.0,14.0
2025-04-19,09,3,ensemble,2025-05-10,9.0,14.0,4.241739130434784,5.0,30.0
2025-04-19,09,3,baseline,2025-05-10,9.0,39.0,18.051739130434786,30.0,30.0
2025-04-19,10,1,ensemble,2025-04-26,3.0,7.0,2.1543478260869566,4.0,9.0
2025-04-19,10,1,baseline,2025-04-26,3.0,12.0,5.404782608695653,9.0,9.0
2025-04-19,10,2,ensemble,2025-05-03,6.0,6.0,1.3860869565217393,0.0,6.0
2025-04-19,10,2,baseline,2025-05-03,6.0,12.0,4.487826086956523,6.0,6.0
2025-04-19,10,3,ensemble,2025-05-10,3.0,5.0,1.485217391304348,2.0,9.0
2025-04-19,10,3,baseline,2025-05-10,3.0,12.0,5.939565217391304,9.0,9.0
2025-04-19,11,1,ensemble,2025-04-26,7.0,7.0,1.8917391304347828,0.0,1.0
2025-04-19,11,1,baseline,2025-04-26,7.0,6.0,2.227391304347826,1.0,1.0
2025-04-19,11,2,ensemble,2025-05-03,4.0,6.0,1.7895652173913046,2.0,4.0
2025-04-19,11,2,baseline,2025-05-03,4.0,6.0,3.246521739130435,2.0,4.0
2025-04-19,11,3,ensemble,2025-05-10,6.0,5.0,1.4078260869565218,1.0,2.0
2025-04-19,11,3,baseline,2025-05-10,6.0,6.0,3.7339130434782617,0.0,2.0
2025-04-19,12,1,ensemble,2025-04-26,257.0,204.0,32.439565217391305,53.0,132.0
2025-04-19,12,1,baseline,2025-04-26,257.0,294.0,42.57695652173914,37.0,132.0
2025-04-19,12,2,ensemble,2025-05-03,224.0,147.0,40.07826086956521,77.0,165.0
2025-04-19,12,2,baseline,2025-05-03,224.0,294.0,61.53782608695653,70.0,165.0
2025-04-19,12,3,ensemble,2025-05-10,231.0,118.0,57.33,113.0,158.0
2025-04-19,12,3,baseline,2025-05-10,231.0,294.0,69.54521739130436,63.0,158.0
2025-04-19,13,1,ensemble,2025-04-26,44.0,46.0,8.084782608695651,2.0,40.0
2025-04-19,13,1,baseline,2025-04-26,44.0,64.0,18.39304347826087,20.0,40.0
2025-04-19,13,2,ensemble,2025-05-03,44.0,35.0,8.17608695652174,9.0,40.0
2025-04-19,13,2,baseline,2025-05-03,44.0,64.0,23.374782608695657,20.0,40.0
2025-04-19,13,3,ensemble,2025-05-10,44.0,26.0,10.119565217391305,18.0,40.0
2025-04-19,13,3,baseline,2025-05-10,44.0,64.0,28.271304347826092,20.0,40.0
2025-04-19,15,1,ensemble,2025-04-26,24.0,17.0,3.6221739130434796,7.0,0.0
2025-04-19,15,1,baseline,2025-04-26,24.0,23.0,2.09,1.0,0.0
2025-04-19,15,2,ensemble,2025-05-03,34.0,14.0,12.626956521739132,20.0,10.0
2025-04-19,15,2,baseline,2025-05-03,34.0,23.0,5.923913043478261,11.0,10.0
2025-04-19,15,3,ensemble,2025-05-10,30.0,11.0,12.32826086956522,19.0,6.0
2025-04-19,15,3,baseline,2025-05-10,30.0,23.0,4.376956521739132,7.0,6.0
2025-04-19,16,1,ensemble,2025-04-26,20.0,8.0,6.447391304347826,12.0,7.0
2025-04-19,16,1,baseline,2025-04-26,20.0,7.0,7.091304347826087,13.0,7.0
2025-04-19,16,2,ensemble,2025-05-03,13.0,5.0,3.799999999999999,8.0,14.0
2025-04-19,16,2,baseline,2025-05-03,13.0,7.0,5.914782608695653,6.0,14.0
2025-04-19,16,3,ensemble,2025-05-10,11.0,4.0,3.577391304347827,7.0,16.0
2025-04-19,16,3,baseline,2025-05-10,11.0,7.0,6.76608695652174,4.0,16.0
2025-04-19,17,1,ensemble,2025-04-26,124.0,76.0,22.471304347826088,48.0,32.0
2025-04-19,17,1,baseline,2025-04-26,124.0,144.0,25.342173913043474,20.0,32.0
2025-04-19,17,2,ensemble,2025-05-03,81.0,55.0,15.544347826086959,26.0,75.0
2025-04-19,17,2,baseline,2025-05-03,81.0,144.0,44.729565217391304,63.0,75.0
2025-04-19,17,3,ensemble,2025-05-10,57.0,39.0,14.05565217391304,18.0,99.0
2025-04-19,17,3,baseline,2025-05-10,57.0,144.0,56.68913043478261,87.0,99.0
2025-04-19,18,1,ensemble,2025-04-26,43.0,45.0,9.672608695652176,2.0,44.0
2025-04-19,18,1,baseline,2025-04-26,43.0,84.0,27.386086956521744,41.0,44.0
2025-04-19,18,2,ensemble,2025-05-03,34.0,38.0,9.330000000000002,4.0,53.0
2025-04-19,18,2,baseline,2025-05-03,34.0,84.0,34.14173913043478,50.0,53.0
2025-04-19,18,3,ensemble,2025-05-10,27.0,26.0,8.765652173913045,1.0,60.0
2025-04-19,18,3,baseline,2025-05-10,27.0,84.0,39.620434782608704,57.0,60.0
2025-04-19,19,1,ensemble,2025-04-26,14.0,11.0,2.902173913043479,3.0,6.0
2025-04-19,19,1,baseline,2025-04-26,14.0,19.0,6.02695652173913,5.0,6.0
2025-04-19,19,2,ensemble,2025-05-03,4.0,8.0,2.789565217391304,4.0,16.0
2025-04-19,19,2,baseline,2025-05-03,4.0,19.0,10.533913043478263,15.0,16.0
2025-04-19,19,3,ensemble,2025-05-10,4.0,5.0,2.0386956521739132,1.0,16.0
2025-04-19,19,3,baseline,2025-05-10,4.0,19.0,11.542173913043479,15.0,16.0
2025-04-19,20,1,ensemble,2025-04-26,9.0,16.0,3.698260869565216,7.0,20.0
2025-04-19,20,1,baseline,2025-04-26,9.0,25.0,10.141304347826088,16.0,20.0
2025-04-19,20,2,ensemble,2025-05-03,6.0,11.0,3.27695652173913,5.0,23.0
2025-04-19,20,2,baseline,2025-05-03,6.0,25.0,12.101304347826089,19.0,23.0
2025-04-19,20,3,ensemble,2025-05-10,4.0,7.0,3.020869565217391,3.0,25.0
2025-04-19,20,3,baseline,2025-05-10,4.0,25.0,13.689565217391305,21.0,25.0
2025-04-19,21,1,ensemble,2025-04-26,38.0,41.0,7.241304347826088,3.0,50.0
2025-04-19,21,1,baseline,2025-04-26,38.0,81.0,26.821739130434782,43.0,50.0
2025-04-19,21,2,ensemble,2025-05-03,15.0,28.0,8.471739130434784,13.0,73.0
2025-04-19,21,2,baseline,2025-05-03,15.0,81.0,38.09217391304348,66.0,73.0
2025-04-19,21,3,ensemble,2025-05-10,14.0,18.0,5.951304347826088,4.0,74.0
2025-04-19,21,3,baseline,2025-05-10,14.0,81.0,39.384347826086966,67.0,74.0
2025-04-19,22,1,ensemble,2025-04-26,60.0,48.0,7.695217391304347,12.0,16.0
2025-04-19,22,1,baseline,2025-04-26,60.0,79.0,14.309565217391304,19.0,16.0
2025-04-19,22,2,ensemble,2025-05-03,41.0,39.0,6.870000000000001,2.0,35.0
2025-04-19,22,2,baseline,2025-05-03,41.0,79.0,23.193913043478258,38.0,35.0
2025-04-19,22,3,ensemble,2025-05-10,31.0,30.0,6.248260869565216,1.0,45.0
2025-04-19,22,3,baseline,2025-05-10,31.0,79.0,27.985217391304346,48.0,45.0
2025-04-19,23,1,ensemble,2025-04-26,16.0,23.0,4.45,7.0,24.0
2025-04-19,23,1,baseline,2025-04-26,16.0,40.0,14.385217391304348,24.0,24.0
2025-04-19,23,2,ensemble,2025-05-03,10.0,19.0,5.199565217391305,9.0,30.0
2025-04-19,23,2,baseline,2025-05-03,10.0,40.0,17.186521739130434,30.0,30.0
2025-04-19,23,3,ensemble,2025-05-10,3.0,12.0,5.560434782608696,9.0,37.0
2025-04-19,23,3,baseline,2025-05-10,3.0,40.0,20.626956521739135,37.0,37.0
2025-04-19,24,1,ensemble,2025-04-26,47.0,46.0,6.843913043478262,1.0,47.0
2025-04-19,24,1,baseline,2025-04-26,47.0,87.0,23.858695652173914,40.0,47.0
2025-04-19,24,2,ensemble,2025-05-03,41.0,31.0,7.178695652173913,10.0,53.0
2025-04-19,24,2,baseline,2025-05-03,41.0,87.0,27.142173913043482,46.0,53.0
2025-04-19,24,3,ensemble,2025-05-10,21.0,22.0,5.814782608695654,1.0,73.0
2025-04-19,24,3,baseline,2025-05-10,21.0,87.0,36.36695652173914,66.0,73.0
2025-04-19,25,1,ensemble,2025-04-26,83.0,44.0,19.43608695652174,39.0,31.0
2025-04-19,25,1,baseline,2025-04-26,83.0,86.0,16.305217391304353,3.0,31.0
2025-04-19,25,2,ensemble,2025-05-03,49.0,30.0,11.259130434782607,19.0,65.0
2025-04-19,25,2,baseline,2025-05-03,49.0,86.0,29.34173913043478,37.0,65.0
2025-04-19,25,3,ensemble,2025-05-10,39.0,25.0,9.27521739130435,14.0,75.0
2025-04-19,25,3,baseline,2025-05-10,39.0,86.0,35.184782608695656,47.0,75.0
2025-04-19,26,1,ensemble,2025-04-26,115.0,122.0,18.004347826086956,7.0,109.0
2025-04-19,26,1,baseline,2025-04-26,115.0,223.0,62.1504347826087,108.0,109.0
2025-04-19,26,2,ensemble,2025-05-03,114.0,90.0,20.063478260869566,24.0,110.0
2025-04-19,26,2,baseline,2025-05-03,114.0,223.0,62.771739130434774,109.0,110.0
2025-04-19,26,3,ensemble,2025-05-10,91.0,71.0,18.465652173913046,20.0,133.0
2025-04-19,26,3,baseline,2025-05-10,91.0,223.0,73.84565217391305,132.0,133.0
2025-04-19,27,1,ensemble,2025-04-26,25.0,32.0,6.730869565217391,7.0,28.0
2025-04-19,27,1,baseline,2025-04-26,25.0,53.0,17.047391304347826,28.0,28.0
2025-04-19,27,2,ensemble,2025-05-03,28.0,24.0,6.339565217391304,4.0,25.0
2025-04-19,27,2,baseline,2025-05-03,28.0,53.0,16.856956521739132,25.0,25.0
2025-04-19,27,3,ensemble,2025-05-10,22.0,18.0,6.608260869565219,4.0,31.0
2025-04-19,27,3,baseline,2025-05-10,22.0,53.0,20.404782608695655,31.0,31.0
2025-04-19,28,1,ensemble,2025-04-26,21.0,30.0,5.489130434782609,9.0,22.0
2025-04-19,28,1,baseline,2025-04-26,21.0,41.0,12.0804347826087,20.0,22.0
2025-04-19,28,2,ensemble,2025-05-03,14.0,26.0,6.326521739130435,12.0,29.0
2025-04-19,28,2,baseline,2025-05-03,14.0,41.0,15.812173913043479,27.0,29.0
2025-04-19,28,3,ensemble,2025-05-10,18.0,22.0,4.729130434782609,4.0,25.0
2025-04-19,28,3,baseline,2025-05-10,18.0,41.0,15.352608695652174,23.0,25.0
2025-04-19,29,1,ensemble,2025-04-26,66.0,39.0,13.055652173913044,27.0,33.0
2025-04-19,29,1,baseline,2025-04-26,66.0,71.0,15.23521739130435,5.0,33.0
2025-04-19,29,2,ensemble,2025-05-03,59.0,29.0,14.430869565217392,30.0,40.0
2025-04-19,29,2,baseline,2025-05-03,59.0,71.0,22.205652173913048,12.0,40.0
2025-04-19,29,3,ensemble,2025-05-10,49.0,17.0,13.309130434782606,32.0,50.0
2025-04-19,29,3,baseline,2025-05-10,49.0,71.0,28.482173913043486,22.0,50.0
2025-04-19,30,1,ensemble,2025-04-26,8.0,12.0,2.708260869565218,4.0,24.0
2025-04-19,30,1,baseline,2025-04-26,8.0,22.0,8.166086956521738,14.0,24.0
2025-04-19,30,2,ensemble,2025-05-03,4.0,9.0,2.913478260869566,5.0,28.0
2025-04-19,30,2,baseline,2025-05-03,4.0,22.0,10.049130434782608,18.0,28.0
2025-04-19,30,3,ensemble,2025-05-10,0.0,7.0,4.432608695652174,7.0,32.0
2025-04-19,30,3,baseline,2025-05-10,0.0,22.0,11.801304347826084,22.0,32.0
2025-04-19,31,1,ensemble,2025-04-26,12.0,9.0,2.378695652173913,3.0,4.0
2025-04-19,31,1,baseline,2025-04-26,12.0,15.0,4.018260869565218,3.0,4.0
2025-04-19,31,2,ensemble,2025-05-03,3.0,7.0,2.5217391304347827,4.0,13.0
2025-04-19,31,2,baseline,2025-05-03,3.0,15.0,7.5260869565217385,12.0,13.0
2025-04-19,31,3,ensemble,2025-05-10,10.0,6.0,2.7282608695652173,4.0,6.0
2025-04-19,31,3,baseline,2025-05-10,10.0,15.0,6.5713043478260875,5.0,6.0
2025-04-19,32,1,ensemble,2025-04-26,29.0,27.0,3.729130434782609,2.0,19.0
2025-04-19,32,1,baseline,2025-04-26,29.0,40.0,8.212608695652175,11.0,19.0
2025-04-19,32,2,ensemble,2025-05-03,19.0,21.0,4.477826086956523,2.0,29.0
2025-04-19,32,2,baseline,2025-05-03,19.0,40.0,13.144347826086959,21.0,29.0
2025-04-19,32,3,ensemble,2025-05-10,20.0,18.0,3.844782608695652,2.0,28.0
2025-04-19,32,3,baseline,2025-05-10,20.0,40.0,13.820869565217391,20.0,28.0
2025-04-19,33,1,ensemble,2025-04-26,9.0,9.0,1.7060869565217396,0.0,13.0
2025-04-19,33,1,baseline,2025-04-26,9.0,15.0,3.928695652173913,6.0,13.0
2025-04-19,33,2,ensemble,2025-05-03,6.0,8.0,1.7921739130434782,2.0,16.0
2025-04-19,33,2,baseline,2025-05-03,6.0,15.0,5.605217391304349,9.0,16.0
2025-04-19,33,3,ensemble,2025-05-10,8.0,5.0,1.9704347826086954,3.0,14.0
2025-04-19,33,3,baseline,2025-05-10,8.0,15.0,5.355217391304348,7.0,14.0
2025-04-19,34,1,ensemble,2025-04-26,72.0,100.0,18.37217391304348,28.0,89.0
2025-04-19,34,1,baseline,2025-04-26,72.0,161.0,51.68826086956523,89.0,89.0
2025-04-19,34,2,ensemble,2025-05-03,70.0,76.0,16.276521739130438,6.0,91.0
2025-04-19,34,2,baseline,2025-05-03,70.0,161.0,53.306521739130446,91.0,91.0
2025-04-19,34,3,ensemble,2025-05-10,40.0,60.0,16.267391304347825,20.0,121.0
2025-04-19,34,3,baseline,2025-05-10,40.0,161.0,67.2821739130435,121.0,121.0
2025-04-19,35,1,ensemble,2025-04-26,42.0,14.0,19.419999999999998,28.0,5.0
2025-04-19,35,1,baseline,2025-04-26,42.0,18.0,12.768695652173916,24.0,5.0
2025-04-19,35,2,ensemble,2025-05-03,32.0,10.0,13.889999999999999,22.0,5.0
2025-04-19,35,2,baseline,2025-05-03,32.0,18.0,9.245652173913046,14.0,5.0
2025-04-19,35,3,ensemble,2025-05-10,25.0,7.0,11.012608695652174,18.0,12.0
2025-04-19,35,3,baseline,2025-05-10,25.0,18.0,9.22913043478261,7.0,12.0
2025-04-19,36,1,ensemble,2025-04-26,209.0,195.0,25.829999999999995,14.0,186.0
2025-04-19,36,1,baseline,2025-04-26,209.0,348.0,80.63869565217392,139.0,186.0
2025-04-19,36,2,ensemble,2025-05-03,157.0,136.0,26.39739130434783,21.0,238.0
2025-04-19,36,2,baseline,2025-05-03,157.0,348.0,105.55608695652174,191.0,238.0
2025-04-19,36,3,ensemble,2025-05-10,105.0,105.0,23.833043478260873,0.0,290.0
2025-04-19,36,3,baseline,2025-05-10,105.0,348.0,131.2573913043478,243.0,290.0
2025-04-19,37,1,ensemble,2025-04-26,50.0,54.0,10.298260869565217,4.0,48.0
2025-04-19,37,1,baseline,2025-04-26,50.0,81.0,25.8,31.0,48.0
2025-04-19,37,2,ensemble,2025-05-03,39.0,41.0,10.23,2.0,59.0
2025-04-19,37,2,baseline,2025-05-03,39.0,81.0,34.83869565217392,42.0,59.0
2025-04-19,37,3,ensemble,2025-05-10,28.0,26.0,9.453478260869565,2.0,70.0
2025-04-19,37,3,baseline,2025-05-10,28.0,81.0,42.155217391304355,53.0,70.0
2025-04-19,38,1,ensemble,2025-04-26,11.0,8.0,2.100434782608696,3.0,1.0
2025-04-19,38,1,baseline,2025-04-26,11.0,12.0,2.3660869565217393,1.0,1.0
2025-04-19,38,2,ensemble,2025-05-03,9.0,6.0,1.937826086956522,3.0,3.0
2025-04-19,38,2,baseline,2025-05-03,9.0,12.0,3.341739130434783,3.0,3.0
2025-04-19,38,3,ensemble,2025-05-10,5.0,5.0,1.3208695652173912,0.0,7.0
2025-04-19,38,3,baseline,2025-05-10,5.0,12.0,4.553478260869565,7.0,7.0
2025-04-19,39,1,ensemble,2025-04-26,87.0,72.0,16.075217391304353,15.0,79.0
2025-04-19,39,1,baseline,2025-04-26,87.0,167.0,51.62956521739132,80.0,79.0
2025-04-19,39,2,ensemble,2025-05-03,45.0,50.0,17.610000000000003,5.0,121.0
2025-04-19,39,2,baseline,2025-05-03,45.0,167.0,73.80521739130437,122.0,121.0
2025-04-19,39,3,ensemble,2025-05-10,32.0,36.0,12.890869565217391,4.0,134.0
2025-04-19,39,3,baseline,2025-05-10,32.0,167.0,82.41130434782609,135.0,134.0
2025-04-19,40,1,ensemble,2025-04-26,17.0,16.0,3.73695652173913,1.0,3.0
2025-04-19,40,1,baseline,2025-04-26,17.0,16.0,10.085217391304349,1.0,3.0
2025-04-19,40,2,ensemble,2025-05-03,16.0,10.0,4.4278260869565225,6.0,4.0
2025-04-19,40,2,baseline,2025-05-03,16.0,16.0,14.020000000000001,0.0,4.0
2025-04-19,40,3,ensemble,2025-05-10,13.0,9.0,4.096521739130435,4.0,7.0
2025-04-19,40,3,baseline,2025-05-10,13.0,16.0,17.377391304347825,3.0,7.0
2025-04-19,41,1,ensemble,2025-04-26,32.0,25.0,4.9173913043478255,7.0,18.0
2025-04-19,41,1,baseline,2025-04-26,32.0,38.0,8.641304347826088,6.0,18.0
2025-04-19,41,2,ensemble,2025-05-03,35.0,20.0,8.052608695652173,15.0,15.0
2025-04-19,41,2,baseline,2025-05-03,35.0,38.0,11.403478260869564,3.0,15.0
2025-04-19,41,3,ensemble,2025-05-10,27.0,12.0,6.670434782608696,15.0,23.0
2025-04-19,41,3,baseline,2025-05-10,27.0,38.0,15.262173913043481,11.0,23.0
2025-04-19,42,1,ensemble,2025-04-26,472.0,259.0,112.12347826086958,213.0,3.0
2025-04-19,42,1,baseline,2025-04-26,472.0,441.0,39.56826086956522,31.0,3.0
2025-04-19,42,2,ensemble,2025-05-03,254.0,215.0,41.46782608695652,39.0,221.0
2025-04-19,42,2,baseline,2025-05-03,254.0,441.0,111.95565217391307,187.0,221.0
2025-04-19,42,3,ensemble,2025-05-10,251.0,161.0,48.34391304347825,90.0,224.0
2025-04-19,42,3,baseline,2025-05-10,251.0,441.0,115.52608695652175,190.0,224.0
2025-04-19,44,1,ensemble,2025-04-26,4.0,10.0,2.8721739130434782,6.0,18.0
2025-04-19,44,1,baseline,2025-04-26,4.0,16.0,7.007826086956523,12.0,18.0
2025-04-19,44,2,ensemble,2025-05-03,8.0,8.0,1.5539130434782613,0.0,14.0
2025-04-19,44,2,baseline,2025-05-03,8.0,16.0,4.983478260869566,8.0,14.0
2025-04-19,44,3,ensemble,2025-05-10,3.0,6.0,1.7239130434782608,3.0,19.0
2025-04-19,44,3,baseline,2025-05-10,3.0,16.0,7.266521739130436,13.0,19.0
2025-04-19,45,1,ensemble,2025-04-26,33.0,29.0,5.482608695652174,4.0,10.0
2025-04-19,45,1,baseline,2025-04-26,33.0,41.0,11.016956521739134,8.0,10.0
2025-04-19,45,2,ensemble,2025-05-03,16.0,21.0,4.973478260869565,5.0,27.0
2025-04-19,45,2,baseline,2025-05-03,16.0,41.0,18.75391304347826,25.0,27.0
2025-04-19,45,3,ensemble,2025-05-10,13.0,17.0,4.987826086956522,4.0,30.0
2025-04-19,45,3,baseline,2025-05-10,13.0,41.0,21.990869565217398,28.0,30.0
2025-04-19,46,1,ensemble,2025-04-26,8.0,5.0,1.604347826086957,3.0,1.0
2025-04-19,46,1,baseline,2025-04-26,8.0,7.0,2.3817391304347826,1.0,1.0
2025-04-19,46,2,ensemble,2025-05-03,4.0,5.0,1.288695652173913,1.0,3.0
2025-04-19,46,2,baseline,2025-05-03,4.0,7.0,3.36,3.0,3.0
2025-04-19,46,3,ensemble,2025-05-10,1.0,4.0,1.569130434782609,3.0,6.0
2025-04-19,46,3,baseline,2025-05-10,1.0,7.0,4.307391304347827,6.0,6.0
2025-04-19,47,1,ensemble,2025-04-26,65.0,50.0,9.590434782608696,15.0,35.0
2025-04-19,47,1,baseline,2025-04-26,65.0,81.0,16.87260869565218,16.0,35.0
2025-04-19,47,2,ensemble,2025-05-03,46.0,39.0,7.904782608695652,7.0,54.0
2025-04-19,47,2,baseline,2025-05-03,46.0,81.0,26.30695652173914,35.0,54.0
2025-04-19,47,3,ensemble,2025-05-10,32.0,27.0,6.671304347826087,5.0,68.0
2025-04-19,47,3,baseline,2025-05-10,32.0,81.0,33.42521739130436,49.0,68.0
2025-04-19,48,1,ensemble,2025-04-26,229.0,151.0,39.89434782608696,78.0,54.0
2025-04-19,48,1,baseline,2025-04-26,229.0,202.0,51.45043478260871,27.0,54.0
2025-04-19,48,2,ensemble,2025-05-03,190.0,130.0,33.55478260869565,60.0,93.0
2025-04-19,48,2,baseline,2025-05-03,190.0,202.0,66.57434782608696,12.0,93.0
2025-04-19,48,3,ensemble,2025-05-10,170.0,92.0,38.68826086956523,78.0,113.0
2025-04-19,48,3,baseline,2025-05-10,170.0,202.0,79.91260869565217,32.0,113.0
2025-04-19,49,1,ensemble,2025-04-26,19.0,17.0,2.719130434782609,2.0,14.0
2025-04-19,49,1,baseline,2025-04-26,19.0,28.0,5.692608695652174,9.0,14.0
2025-04-19,49,2,ensemble,2025-05-03,17.0,13.0,2.901739130434783,4.0,16.0
2025-04-19,49,2,baseline,2025-05-03,17.0,28.0,7.05521739130435,11.0,16.0
2025-04-19,49,3,ensemble,2025-05-10,14.0,8.0,3.034782608695653,6.0,19.0
2025-04-19,49,3,baseline,2025-05-10,14.0,28.0,8.751304347826087,14.0,19.0
2025-04-19,50,1,ensemble,2025-04-26,13.0,5.0,4.6808695652173915,8.0,5.0
2025-04-19,50,1,baseline,2025-04-26,13.0,5.0,4.325652173913044,8.0,5.0
2025-04-19,50,2,ensemble,2025-05-03,3.0,4.0,1.058695652173913,1.0,5.0
2025-04-19,50,2,baseline,2025-05-03,3.0,5.0,2.0930434782608702,2.0,5.0
2025-04-19,50,3,ensemble,2025-05-10,1.0,3.0,1.1621739130434783,2.0,7.0
2025-04-19,50,3,baseline,2025-05-10,1.0,5.0,2.8386956521739135,4.0,7.0
2025-04-19,51,1,ensemble,2025-04-26,45.0,40.0,7.107391304347826,5.0,39.0
2025-04-19,51,1,baseline,2025-04-26,45.0,60.0,16.3804347826087,15.0,39.0
2025-04-19,51,2,ensemble,2025-05-03,32.0,32.0,6.8234782608695665,0.0,52.0
2025-04-19,51,2,baseline,2025-05-03,32.0,60.0,23.90956521739131,28.0,52.0
2025-04-19,51,3,ensemble,2025-05-10,32.0,28.0,7.37217391304348,4.0,52.0
2025-04-19,51,3,baseline,2025-05-10,32.0,60.0,27.245652173913047,28.0,52.0
2025-04-19,53,1,ensemble,2025-04-26,39.0,44.0,6.52391304347826,5.0,35.0
2025-04-19,53,1,baseline,2025-04-26,39.0,71.0,19.53347826086957,32.0,35.0
2025-04-19,53,2,ensemble,2025-05-03,20.0,31.0,8.272608695652176,11.0,54.0
2025-04-19,53,2,baseline,2025-05-03,20.0,71.0,29.45652173913044,51.0,54.0
2025-04-19,53,3,ensemble,2025-05-10,24.0,26.0,7.02913043478261,2.0,50.0
2025-04-19,53,3,baseline,2025-05-10,24.0,71.0,28.50217391304348,47.0,50.0
2025-04-19,54,1,ensemble,2025-04-26,18.0,23.0,4.524347826086957,5.0,29.0
2025-04-19,54,1,baseline,2025-04-26,18.0,43.0,15.230434782608693,25.0,29.0
2025-04-19,54,2,ensemble,2025-05-03,10.0,14.0,3.7304347826086954,4.0,37.0
2025-04-19,54,2,baseline,2025-05-03,10.0,43.0,18.70739130434783,33.0,37.0
2025-04-19,54,3,ensemble,2025-05-10,6.0,9.0,3.4378260869565214,3.0,41.0
2025-04-19,54,3,baseline,2025-05-10,6.0,43.0,20.77304347826087,37.0,41.0
2025-04-19,55,1,ensemble,2025-04-26,33.0,34.0,7.262608695652175,1.0,33.0
2025-04-19,55,1,baseline,2025-04-26,33.0,61.0,18.30652173913043,28.0,33.0
2025-04-19,55,2,ensemble,2025-05-03,30.0,28.0,7.291739130434782,2.0,36.0
2025-04-19,55,2,baseline,2025-05-03,30.0,61.0,21.130869565217395,31.0,36.0
2025-04-19,55,3,ensemble,2025-05-10,27.0,20.0,7.209565217391305,7.0,39.0
2025-04-19,55,3,baseline,2025-05-10,27.0,61.0,24.257826086956523,34.0,39.0
2025-04-19,56,1,ensemble,2025-04-26,6.0,3.0,1.642173913043478,3.0,2.0
2025-04-19,56,1,baseline,2025-04-26,6.0,1.0,2.7265217391304346,5.0,2.0
2025-04-19,56,2,ensemble,2025-05-03,1.0,2.0,0.9960869565217393,1.0,3.0
2025-04-19,56,2,baseline,2025-05-03,1.0,1.0,2.221304347826087,0.0,3.0
2025-04-19,56,3,ensemble,2025-05-10,4.0,2.0,1.1608695652173915,2.0,0.0
2025-04-19,56,3,baseline,2025-05-10,4.0,1.0,2.8078260869565215,3.0,0.0
2025-04-26,01,1,ensemble,2025-05-03,27.0,32.0,5.78,5.0,23.0
2025-04-26,01,1,baseline,2025-05-03,27.0,50.0,15.156086956521738,23.0,23.0
2025-04-26,01,2,ensemble,2025-05-10,33.0,24.0,6.563478260869566,9.0,17.0
2025-04-26,01,2,baseline,2025-05-10,33.0,50.0,15.630000000000003,17.0,17.0
2025-04-26,01,3,ensemble,2025-05-17,37.0,18.0,8.54782608695652,19.0,13.0
2025-04-26,01,3,baseline,2025-05-17,37.0,50.0,17.690000000000005,13.0,13.0
2025-04-26,02,1,ensemble,2025-05-03,9.0,6.0,1.870869565217391,3.0,0.0
2025-04-26,02,1,baseline,2025-05-03,9.0,7.0,1.8678260869565217,2.0,0.0
2025-04-26,02,2,ensemble,2025-05-10,3.0,5.0,1.202608695652174,2.0,6.0
2025-04-26,02,2,baseline,2025-05-10,3.0,7.0,2.794782608695652,4.0,6.0
2025-04-26,02,3,ensemble,2025-05-17,5.0,4.0,1.0769565217391304,1.0,4.0
2025-04-26,02,3,baseline,2025-05-17,5.0,7.0,2.7630434782608697,2.0,4.0
2025-04-26,04,1,ensemble,2025-05-03,71.0,52.0,11.371304347826085,19.0,12.0
2025-04-26,04,1,baseline,2025-05-03,71.0,73.0,19.37130434782609,2.0,12.0
2025-04-26,04,2,ensemble,2025-05-10,53.0,41.0,10.109565217391305,12.0,30.0
2025-04-26,04,2,baseline,2025-05-10,53.0,73.0,29.45608695652174,20.0,30.0
2025-04-26,04,3,ensemble,2025-05-17,63.0,37.0,14.397826086956524,26.0,20.0
2025-04-26,04,3,baseline,2025-05-17,63.0,73.0,35.06521739130436,10.0,20.0
2025-04-26,05,1,ensemble,2025-05-03,21.0,16.0,3.8152173913043477,5.0,8.0
2025-04-26,05,1,baseline,2025-05-03,21.0,19.0,7.7660869565217405,2.0,8.0
2025-04-26,05,2,ensemble,2025-05-10,13.0,11.0,2.9513043478260874,2.0,16.0
2025-04-26,05,2,baseline,2025-05-10,13.0,19.0,10.538695652173914,6.0,16.0
2025-04-26,05,3,ensemble,2025-05-17,13.0,8.0,3.382173913043478,5.0,16.0
2025-04-26,05,3,baseline,2025-05-17,13.0,19.0,12.573913043478262,6.0,16.0
2025-04-26,06,1,ensemble,2025-05-03,234.0,207.0,28.88,27.0,105.0
2025-04-26,06,1,baseline,2025-05-03,234.0,316.0,69.82043478260871,82.0,105.0
2025-04-26,06,2,ensemble,2025-05-10,164.0,164.0,31.41826086956521,0.0,175.0
2025-04-26,06,2,baseline,2025-05-10,164.0,316.0,106.18739130434783,152.0,175.0
2025-04-26,06,3,ensemble,2025-05-17,163.0,121.0,34.48695652173914,42.0,176.0
2025-04-26,06,3,baseline,2025-05-17,163.0,316.0,116.39913043478262,153.0,176.0
2025-04-26,08,1,ensemble,2025-05-03,30.0,23.0,4.84,7.0,10.0
2025-04-26,08,1,baseline,2025-05-03,30.0,39.0,9.983478260869566,9.0,10.0
2025-04-26,08,2,ensemble,2025-05-10,36.0,16.0,9.031304347826088,20.0,4.0
2025-04-26,08,2,baseline,2025-05-10,36.0,39.0,12.162608695652175,3.0,4.0
2025-04-26,08,3,ensemble,2025-05-17,19.0,13.0,5.056521739130435,6.0,21.0
2025-04-26,08,3,baseline,2025-05-17,19.0,39.0,16.92,20.0,21.0
2025-04-26,09,1,ensemble,2025-05-03,25.0,18.0,4.383478260869566,7.0,9.0
2025-04-26,09,1,baseline,2025-05-03,25.0,34.0,8.487826086956522,9.0,9.0
2025-04-26,09,2,ensemble,2025-05-10,9.0,14.0,4.183913043478261,5.0,25.0
2025-04-26,09,2,baseline,2025-05-10,9.0,34.0,15.074347826086958,25.0,25.0
2025-04-26,09,3,ensemble,2025-05-17,17.0,11.0,3.906956521739131,6.0,17.0
2025-04-26,09,3,baseline,2025-05-17,17.0,34.0,14.009565217391303,17.0,17.0
2025-04-26,10,1,ensemble,2025-05-03,6.0,6.0,1.3239130434782609,0.0,3.0
2025-04-26,10,1,baseline,2025-05-03,6.0,9.0,2.8052173913043488,3.0,3.0
2025-04-26,10,2,ensemble,2025-05-10,3.0,4.0,1.1934782608695653,1.0,6.0
2025-04-26,10,2,baseline,2025-05-10,3.0,9.0,4.3417391304347825,6.0,6.0
2025-04-26,10,3,ensemble,2025-05-17,0.0,3.0,1.6708695652173913,3.0,9.0
2025-04-26,10,3,baseline,2025-05-17,0.0,9.0,5.638260869565218,9.0,9.0
2025-04-26,11,1,ensemble,2025-05-03,4.0,3.0,1.2086956521739134,1.0,3.0
2025-04-26,11,1,baseline,2025-05-03,4.0,2.0,2.0978260869565224,2.0,3.0
2025-04-26,11,2,ensemble,2025-05-10,6.0,2.0,1.7895652173913048,4.0,1.0
2025-04-26,11,2,baseline,2025-05-10,6.0,2.0,2.9852173913043485,4.0,1.0
2025-04-26,11,3,ensemble,2025-05-17,2.0,2.0,1.2991304347826087,0.0,5.0
2025-04-26,11,3,baseline,2025-05-17,2.0,2.0,3.220869565217392,0.0,5.0
2025-04-26,12,1,ensemble,2025-05-03,224.0,214.0,25.353913043478265,10.0,111.0
2025-04-26,12,1,baseline,2025-05-03,224.0,311.0,56.98043478260871,87.0,111.0
2025-04-26,12,2,ensemble,2025-05-10,231.0,176.0,33.83,55.0,104.0
2025-04-26,12,2,baseline,2025-05-10,231.0,311.0,63.3504347826087,80.0,104.0
2025-04-26,12,3,ensemble,2025-05-17,208.0,153.0,35.94217391304348,55.0,127.0
2025-04-26,12,3,baseline,2025-05-17,208.0,311.0,77.46913043478261,103.0,127.0
2025-04-26,13,1,ensemble,2025-05-03,44.0,33.0,8.06608695652174,11.0,20.0
2025-04-26,13,1,baseline,2025-05-03,44.0,52.0,15.34913043478261,8.0,20.0
2025-04-26,13,2,ensemble,2025-05-10,44.0,25.0,9.698260869565217,19.0,20.0
2025-04-26,13,2,baseline,2025-05-10,44.0,52.0,20.98826086956522,8.0,20.0
2025-04-26,13,3,ensemble,2025-05-17,34.0,21.0,8.883478260869566,13.0,30.0
2025-04-26,13,3,baseline,2025-05-17,34.0,52.0,26.619565217391308,18.0,30.0
2025-04-26,15,1,ensemble,2025-05-03,34.0,14.0,12.963478260869566,20.0,10.0
2025-04-26,15,1,baseline,2025-05-03,34.0,19.0,8.768260869565218,15.0,10.0
2025-04-26,15,2,ensemble,2025-05-10,30.0,11.0,11.534347826086957,19.0,6.0
2025-04-26,15,2,baseline,2025-05-10,30.0,19.0,5.880434782608695,11.0,6.0
2025-04-26,15,3,ensemble,2025-05-17,25.0,10.0,9.099130434782609,15.0,1.0
2025-04-26,15,3,baseline,2025-05-17,25.0,19.0,4.019130434782609,6.0,1.0
2025-04-26,16,1,ensemble,2025-05-03,13.0,7.0,2.8708695652173915,6.0,0.0
2025-04-26,16,1,baseline,2025-05-03,13.0,12.0,4.395652173913044,1.0,0.0
2025-04-26,16,2,ensemble,2025-05-10,11.0,6.0,2.8204347826086957,5.0,2.0
2025-04-26,16,2,baseline,2025-05-10,11.0,12.0,5.923478260869565,1.0,2.0
2025-04-26,16,3,ensemble,2025-05-17,11.0,5.0,2.97608695652174,6.0,2.0
2025-04-26,16,3,baseline,2025-05-17,11.0,12.0,7.150869565217392,1.0,2.0
2025-04-26,17,1,ensemble,2025-05-03,81.0,90.0,15.076086956521738,9.0,75.0
2025-04-26,17,1,baseline,2025-05-03,81.0,139.0,38.37869565217392,58.0,75.0
2025-04-26,17,2,ensemble,2025-05-10,57.0,75.0,15.581739130434785,18.0,99.0
2025-04-26,17,2,baseline,2025-05-10,57.0,139.0,51.37826086956523,82.0,99.0
2025-04-26,17,3,ensemble,2025-05-17,52.0,52.0,13.230869565217391,0.0,104.0
2025-04-26,17,3,baseline,2025-05-17,52.0,139.0,56.27391304347826,87.0,104.0
2025-04-26,18,1,ensemble,2025-05-03,34.0,31.0,6.866086956521738,3.0,18.0
2025-04-26,18,1,baseline,2025-05-03,34.0,51.0,17.807391304347828,17.0,18.0
2025-04-26,18,2,ensemble,2025-05-10,27.0,24.0,7.106086956521741,3.0,25.0
2025-04-26,18,2,baseline,2025-05-10,27.0,51.0,24.76,24.0,25.0
2025-04-26,18,3,ensemble,2025-05-17,25.0,16.0,7.516956521739131,9.0,27.0
2025-04-26,18,3,baseline,2025-05-17,25.0,51.0,29.371739130434786,26.0,27.0
2025-04-26,19,1,ensemble,2025-05-03,4.0,7.0,2.3886956521739133,3.0,7.0
2025-04-26,19,1,baseline,2025-05-03,4.0,11.0,6.091739130434783,7.0,7.0
2025-04-26,19,2,ensemble,2025-05-10,4.0,5.0,2.2465217391304346,1.0,7.0
2025-04-26,19,2,baseline,2025-05-10,4.0,11.0,7.750434782608698,7.0,7.0
2025-04-26,19,3,ensemble,2025-05-17,1.0,4.0,2.4930434782608697,3.0,10.0
2025-04-26,19,3,baseline,2025-05-17,1.0,11.0,9.69086956521739,10.0,10.0
2025-04-26,20,1,ensemble,2025-05-03,6.0,12.0,3.5660869565217395,6.0,14.0
2025-04-26,20,1,baseline,2025-05-03,6.0,19.0,8.705652173913046,13.0,14.0
2025-04-26,20,2,ensemble,2025-05-10,4.0,8.0,3.3291304347826096,4.0,16.0
2025-04-26,20,2,baseline,2025-05-10,4.0,19.0,10.367826086956521,15.0,16.0
2025-04-26,20,3,ensemble,2025-05-17,8.0,8.0,2.4182608695652177,0.0,12.0
2025-04-26,20,3,baseline,2025-05-17,8.0,19.0,10.456086956521741,11.0,12.0
2025-04-26,21,1,ensemble,2025-05-03,15.0,24.0,5.663478260869566,9.0,34.0
2025-04-26,21,1,baseline,2025-05-03,15.0,46.0,20.496521739130436,31.0,34.0
2025-04-26,21,2,ensemble,2025-05-10,14.0,17.0,4.551304347826088,3.0,35.0
2025-04-26,21,2,baseline,2025-05-10,14.0,46.0,23.48217391304348,32.0,35.0
2025-04-26,21,3,ensemble,2025-05-17,15.0,11.0,4.668260869565217,4.0,34.0
2025-04-26,21,3,baseline,2025-05-17,15.0,46.0,25.796956521739137,31.0,34.0
2025-04-26,22,1,ensemble,2025-05-03,41.0,30.0,6.026956521739132,11.0,24.0
2025-04-26,22,1,baseline,2025-05-03,41.0,48.0,10.562173913043479,7.0,24.0
2025-04-26,22,2,ensemble,2025-05-10,31.0,26.0,5.199565217391305,5.0,34.0
2025-04-26,22,2,baseline,2025-05-10,31.0,48.0,15.505217391304345,17.0,34.0
2025-04-26,22,3,ensemble,2025-05-17,40.0,19.0,9.582608695652175,21.0,25.0
2025-04-26,22,3,baseline,2025-05-17,40.0,48.0,16.767391304347825,8.0,25.0
2025-04-26,23,1,ensemble,2025-05-03,10.0,14.0,2.4939130434782606,4.0,13.0
2025-04-26,23,1,baseline,2025-05-03,10.0,23.0,7.666086956521739,13.0,13.0
2025-04-26,23,2,ensemble,2025-05-10,3.0,10.0,4.026956521739129,7.0,20.0
2025-04-26,23,2,baseline,2025-05-10,3.0,23.0,11.269565217391307,20.0,20.0
2025-04-26,23,3,ensemble,2025-05-17,2.0,7.0,2.8947826086956523,5.0,21.0
2025-04-26,23,3,baseline,2025-05-17,2.0,23.0,11.67086956521739,21.0,21.0
2025-04-26,24,1,ensemble,2025-05-03,41.0,31.0,7.03521739130435,10.0,21.0
2025-04-26,24,1,baseline,2025-05-03,41.0,55.0,12.803913043478264,14.0,21.0
2025-04-26,24,2,ensemble,2025-05-10,21.0,20.0,5.528695652173914,1.0,41.0
2025-04-26,24,2,baseline,2025-05-10,21.0,55.0,21.436521739130438,34.0,41.0
2025-04-26,24,3,ensemble,2025-05-17,10.0,15.0,5.937826086956521,5.0,52.0
2025-04-26,24,3,baseline,2025-05-17,10.0,55.0,26.423478260869565,45.0,52.0
2025-04-26,25,1,ensemble,2025-05-03,49.0,31.0,9.614782608695652,18.0,37.0
2025-04-26,25,1,baseline,2025-05-03,49.0,56.0,15.57521739130435,7.0,37.0
2025-04-26,25,2,ensemble,2025-05-10,39.0,23.0,9.362608695652176,16.0,47.0
2025-04-26,25,2,baseline,2025-05-10,39.0,56.0,22.80695652173913,17.0,47.0
2025-04-26,25,3,ensemble,2025-05-17,30.0,17.0,9.00608695652174,13.0,56.0
2025-04-26,25,3,baseline,2025-05-17,30.0,56.0,28.215652173913046,26.0,56.0
2025-04-26,26,1,ensemble,2025-05-03,114.0,104.0,14.904782608695655,10.0,65.0
2025-04-26,26,1,baseline,2025-05-03,114.0,176.0,40.31913043478261,62.0,65.0
2025-04-26,26,2,ensemble,2025-05-10,91.0,68.0,16.46608695652174,23.0,88.0
2025-04-26,26,2,baseline,2025-05-10,91.0,176.0,52.24739130434783,85.0,88.0
2025-04-26,26,3,ensemble,2025-05-17,62.0,57.0,14.199565217391307,5.0,117.0
2025-04-26,26,3,baseline,2025-05-17,62.0,176.0,65.16304347826087,114.0,117.0
2025-04-26,27,1,ensemble,2025-05-03,28.0,24.0,5.248695652173913,4.0,10.0
2025-04-26,27,1,baseline,2025-05-03,28.0,38.0,9.407391304347827,10.0,10.0
2025-04-26,27,2,ensemble,2025-05-10,22.0,18.0,5.392173913043479,4.0,16.0
2025-04-26,27,2,baseline,2025-05-10,22.0,38.0,13.417826086956525,16.0,16.0
2025-04-26,27,3,ensemble,2025-05-17,7.0,13.0,5.4656521739130435,6.0,31.0
2025-04-26,27,3,baseline,2025-05-17,7.0,38.0,19.614782608695656,31.0,31.0
2025-04-26,28,1,ensemble,2025-05-03,14.0,21.0,4.062608695652174,7.0,14.0
2025-04-26,28,1,baseline,2025-05-03,14.0,27.0,8.986956521739131,13.0,14.0
2025-04-26,28,2,ensemble,2025-05-10,18.0,18.0,3.2704347826086964,0.0,10.0
2025-04-26,28,2,baseline,2025-05-10,18.0,27.0,9.811304347826088,9.0,10.0
2025-04-26,28,3,ensemble,2025-05-17,16.0,15.0,3.3921739130434783,1.0,12.0
2025-04-26,28,3,baseline,2025-05-17,16.0,27.0,11.773043478260874,11.0,12.0
2025-04-26,29,1,ensemble,2025-05-03,59.0,47.0,10.39826086956522,12.0,41.0
2025-04-26,29,1,baseline,2025-05-03,59.0,76.0,17.728260869565222,17.0,41.0
2025-04-26,29,2,ensemble,2025-05-10,49.0,34.0,10.809565217391308,15.0,51.0
2025-04-26,29,2,baseline,2025-05-10,49.0,76.0,25.179565217391303,27.0,51.0
2025-04-26,29,3,ensemble,2025-05-17,53.0,32.0,12.630434782608695,21.0,47.0
2025-04-26,29,3,baseline,2025-05-17,53.0,76.0,28.81434782608696,23.0,47.0
2025-04-26,30,1,ensemble,2025-05-03,4.0,10.0,2.9773913043478264,6.0,17.0
2025-04-26,30,1,baseline,2025-05-03,4.0,16.0,7.104347826086956,12.0,17.0
2025-04-26,30,2,ensemble,2025-05-10,0.0,8.0,4.089130434782609,8.0,21.0
2025-04-26,30,2,baseline,2025-05-10,0.0,16.0,9.120000000000001,16.0,21.0
2025-04-26,30,3,ensemble,2025-05-17,0.0,6.0,3.1560869565217393,6.0,21.0
2025-04-26,30,3,baseline,2025-05-17,0.0,16.0,8.82913043478261,16.0,21.0
2025-04-26,31,1,ensemble,2025-05-03,3.0,7.0,2.343913043478261,4.0,10.0
2025-04-26,31,1,baseline,2025-05-03,3.0,11.0,5.357391304347826,8.0,10.0
2025-04-26,31,2,ensemble,2025-05-10,10.0,5.0,2.4695652173913047,5.0,3.0
2025-04-26,31,2,baseline,2025-05-10,10.0,11.0,4.770869565217392,1.0,3.0
2025-04-26,31,3,ensemble,2025-05-17,5.0,5.0,1.706956521739131,0.0,8.0
2025-04-26,31,3,baseline,2025-05-17,5.0,11.0,6.340000000000001,6.0,8.0
2025-04-26,32,1,ensemble,2025-05-03,19.0,25.0,4.229130434782609,6.0,22.0
2025-04-26,32,1,baseline,2025-05-03,19.0,38.0,11.559565217391304,19.0,22.0
2025-04-26,32,2,ensemble,2025-05-10,20.0,20.0,3.8469565217391306,0.0,21.0
2025-04-26,32,2,baseline,2025-05-10,20.0,38.0,11.863478260869567,18.0,21.0
2025-04-26,32,3,ensemble,2025-05-17,16.0,15.0,3.8778260869565218,1.0,25.0
2025-04-26,32,3,baseline,2025-05-17,16.0,38.0,14.25826086956522,22.0,25.0
2025-04-26,33,1,ensemble,2025-05-03,6.0,12.0,3.402173913043479,6.0,16.0
2025-04-26,33,1,baseline,2025-05-03,6.0,22.0,9.27608695652174,16.0,16.0
2025-04-26,33,2,ensemble,2025-05-10,8.0,10.0,2.2313043478260868,2.0,14.0
2025-04-26,33,2,baseline,2025-05-10,8.0,22.0,8.063478260869568,14.0,14.0
2025-04-26,33,3,ensemble,2025-05-17,3.0,8.0,2.9195652173913045,5.0,19.0
2025-04-26,33,3,baseline,2025-05-17,3.0,22.0,10.510434782608696,19.0,19.0
2025-04-26,34,1,ensemble,2025-05-03,70.0,82.0,14.315217391304348,12.0,67.0
2025-04-26,34,1,baseline,2025-05-03,70.0,134.0,39.25565217391304,64.0,67.0
2025-04-26,34,2,ensemble,2025-05-10,40.0,71.0,16.96608695652174,31.0,97.0
2025-04-26,34,2,baseline,2025-05-10,40.0,134.0,53.678260869565214,94.0,97.0
2025-04-26,34,3,ensemble,2025-05-17,43.0,44.0,12.117826086956521,1.0,94.0
2025-04-26,34,3,baseline,2025-05-17,43.0,134.0,54.34000000000001,91.0,94.0
2025-04-26,35,1,ensemble,2025-05-03,32.0,10.0,13.750869565217387,22.0,1.0
2025-04-26,35,1,baseline,2025-05-03,32.0,14.0,9.636086956521739,18.0,1.0
2025-04-26,35,2,ensemble,2025-05-10,25.0,8.0,9.77217391304348,17.0,6.0
2025-04-26,35,2,baseline,2025-05-10,25.0,14.0,8.229565217391304,11.0,6.0
2025-04-26,35,3,ensemble,2025-05-17,11.0,5.0,2.7360869565217394,6.0,20.0
2025-04-26,35,3,baseline,2025-05-17,11.0,14.0,8.375652173913045,3.0,20.0
2025-04-26,36,1,ensemble,2025-05-03,157.0,157.0,23.303043478260864,0.0,124.0
2025-04-26,36,1,baseline,2025-05-03,157.0,271.0,69.2691304347826,114.0,124.0
2025-04-26,36,2,ensemble,2025-05-10,105.0,117.0,26.54304347826087,12.0,176.0
2025-04-26,36,2,baseline,2025-05-10,105.0,271.0,93.37652173913045,166.0,176.0
2025-04-26,36,3,ensemble,2025-05-17,63.0,80.0,27.330000000000005,17.0,218.0
2025-04-26,36,3,baseline,2025-05-17,63.0,271.0,112.48565217391305,208.0,218.0
2025-04-26,37,1,ensemble,2025-05-03,39.0,40.0,9.577391304347826,1.0,21.0
2025-04-26,37,1,baseline,2025-05-03,39.0,58.0,20.789130434782614,19.0,21.0
2025-04-26,37,2,ensemble,2025-05-10,28.0,35.0,10.723478260869568,7.0,32.0
2025-04-26,37,2,baseline,2025-05-10,28.0,58.0,29.790000000000003,30.0,32.0
2025-04-26,37,3,ensemble,2025-05-17,18.0,18.0,8.551739130434784,0.0,42.0
2025-04-26,37,3,baseline,2025-05-17,18.0,58.0,36.91434782608695,40.0,42.0
2025-04-26,38,1,ensemble,2025-05-03,9.0,8.0,1.431304347826087,1.0,5.0
2025-04-26,38,1,baseline,2025-05-03,9.0,14.0,3.2808695652173925,5.0,5.0
2025-04-26,38,2,ensemble,2025-05-10,5.0,7.0,1.6156521739130436,2.0,9.0
2025-04-26,38,2,baseline,2025-05-10,5.0,14.0,5.1347826086956525,9.0,9.0
2025-04-26,38,3,ensemble,2025-05-17,7.0,6.0,1.5934782608695655,1.0,7.0
2025-04-26,38,3,baseline,2025-05-17,7.0,14.0,4.721304347826087,7.0,7.0
2025-04-26,39,1,ensemble,2025-05-03,45.0,53.0,12.261739130434785,8.0,62.0
2025-04-26,39,1,baseline,2025-05-03,45.0,103.0,40.80782608695653,58.0,62.0
2025-04-26,39,2,ensemble,2025-05-10,32.0,45.0,11.94826086956522,13.0,75.0
2025-04-26,39,2,baseline,2025-05-10,32.0,103.0,51.50695652173913,71.0,75.0
2025-04-26,39,3,ensemble,2025-05-17,25.0,32.0,11.690434782608698,7.0,82.0
2025-04-26,39,3,baseline,2025-05-17,25.0,103.0,59.34086956521741,78.0,82.0
2025-04-26,40,1,ensemble,2025-05-03,16.0,11.0,3.6713043478260867,5.0,5.0
2025-04-26,40,1,baseline,2025-05-03,16.0,12.0,9.593478260869567,4.0,5.0
2025-04-26,40,2,ensemble,2025-05-10,13.0,9.0,4.045217391304347,4.0,8.0
2025-04-26,40,2,baseline,2025-05-10,13.0,12.0,13.403043478260871,1.0,8.0
2025-04-26,40,3,ensemble,2025-05-17,19.0,10.0,5.702173913043478,9.0,2.0
2025-04-26,40,3,baseline,2025-05-17,19.0,12.0,16.76913043478261,7.0,2.0
2025-04-26,41,1,ensemble,2025-05-03,35.0,21.0,6.425652173913043,14.0,7.0
2025-04-26,41,1,baseline,2025-05-03,35.0,36.0,7.56913043478261,1.0,7.0
2025-04-26,41,2,ensemble,2025-05-10,27.0,19.0,5.1060869565217395,8.0,15.0
2025-04-26,41,2,baseline,2025-05-10,27.0,36.0,11.98521739130435,9.0,15.0
2025-04-26,41,3,ensemble,2025-05-17,19.0,13.0,4.6543478260869575,6.0,23.0
2025-04-26,41,3,baseline,2025-05-17,19.0,36.0,16.1304347826087,17.0,23.0
2025-04-26,42,1,ensemble,2025-05-03,254.0,216.0,32.59347826086957,38.0,149.0
2025-04-26,42,1,baseline,2025-05-03,254.0,345.0,60.73260869565218,91.0,149.0
2025-04-26,42,2,ensemble,2025-05-10,251.0,182.0,42.20217391304348,69.0,152.0
2025-04-26,42,2,baseline,2025-05-10,251.0,345.0,69.31304347826087,94.0,152.0
2025-04-26,42,3,ensemble,2025-05-17,169.0,154.0,31.88478260869566,15.0,234.0
2025-04-26,42,3,baseline,2025-05-17,169.0,345.0,107.29347826086956,176.0,234.0
2025-04-26,44,1,ensemble,2025-05-03,8.0,8.0,1.5539130434782609,0.0,9.0
2025-04-26,44,1,baseline,2025-05-03,8.0,13.0,3.3226086956521734,5.0,9.0
2025-04-26,44,2,ensemble,2025-05-10,3.0,6.0,1.7660869565217394,3.0,14.0
2025-04-26,44,2,baseline,2025-05-10,3.0,13.0,5.830869565217391,10.0,14.0
2025-04-26,44,3,ensemble,2025-05-17,2.0,5.0,1.783478260869565,3.0,15.0
2025-04-26,44,3,baseline,2025-05-17,2.0,13.0,6.309565217391306,11.0,15.0
2025-04-26,45,1,ensemble,2025-05-03,16.0,22.0,4.660000000000002,6.0,18.0
2025-04-26,45,1,baseline,2025-05-03,16.0,34.0,13.338695652173914,18.0,18.0
2025-04-26,45,2,ensemble,2025-05-10,13.0,17.0,4.7586956521739125,4.0,21.0
2025-04-26,45,2,baseline,2025-05-10,13.0,34.0,16.924782608695654,21.0,21.0
2025-04-26,45,3,ensemble,2025-05-17,15.0,16.0,4.579565217391305,1.0,19.0
2025-04-26,45,3,baseline,2025-05-17,15.0,34.0,19.14,19.0,19.0
2025-04-26,46,1,ensemble,2025-05-03,4.0,7.0,1.6565217391304348,3.0,6.0
2025-04-26,46,1,baseline,2025-05-03,4.0,10.0,3.8517391304347828,6.0,6.0
2025-04-26,46,2,ensemble,2025-05-10,1.0,5.0,2.4373913043478264,4.0,9.0
2025-04-26,46,2,baseline,2025-05-10,1.0,10.0,5.170000000000001,9.0,9.0
2025-04-26,46,3,ensemble,2025-05-17,5.0,4.0,1.3908695652173915,1.0,5.0
2025-04-26,46,3,baseline,2025-05-17,5.0,10.0,4.432608695652175,5.0,5.0
2025-04-26,47,1,ensemble,2025-05-03,46.0,33.0,7.54782608695652,13.0,13.0
2025-04-26,47,1,baseline,2025-05-03,46.0,56.0,14.727391304347828,10.0,13.0
2025-04-26,47,2,ensemble,2025-05-10,32.0,27.0,5.530869565217392,5.0,27.0
2025-04-26,47,2,baseline,2025-05-10,32.0,56.0,22.131739130434784,24.0,27.0
2025-04-26,47,3,ensemble,2025-05-17,50.0,20.0,14.850869565217394,30.0,9.0
2025-04-26,47,3,baseline,2025-05-17,50.0,56.0,23.90478260869566,6.0,9.0
2025-04-26,48,1,ensemble,2025-05-03,190.0,161.0,27.876086956521743,29.0,67.0
2025-04-26,48,1,baseline,2025-05-03,190.0,236.0,55.20304347826088,46.0,67.0
2025-04-26,48,2,ensemble,2025-05-10,170.0,133.0,33.23565217391305,37.0,87.0
2025-04-26,48,2,baseline,2025-05-10,170.0,236.0,73.05521739130437,66.0,87.0
2025-04-26,48,3,ensemble,2025-05-17,202.0,107.0,48.41782608695653,95.0,55.0
2025-04-26,48,3,baseline,2025-05-17,202.0,236.0,81.60739130434783,34.0,55.0
2025-04-26,49,1,ensemble,2025-05-03,17.0,16.0,2.4769565217391305,1.0,10.0
2025-04-26,49,1,baseline,2025-05-03,17.0,27.0,6.141739130434782,10.0,10.0
2025-04-26,49,2,ensemble,2025-05-10,14.0,12.0,2.6395652173913042,2.0,13.0
2025-04-26,49,2,baseline,2025-05-10,14.0,27.0,7.865217391304347,13.0,13.0
2025-04-26,49,3,ensemble,2025-05-17,12.0,10.0,2.3760869565217395,2.0,15.0
2025-04-26,49,3,baseline,2025-05-17,12.0,27.0,9.113478260869567,15.0,15.0
2025-04-26,50,1,ensemble,2025-05-03,3.0,7.0,2.0630434782608704,4.0,9.0
2025-04-26,50,1,baseline,2025-05-03,3.0,12.0,5.19695652173913,9.0,9.0
2025-04-26,50,2,ensemble,2025-05-10,1.0,6.0,2.3226086956521743,5.0,11.0
2025-04-26,50,2,baseline,2025-05-10,1.0,12.0,6.099130434782608,11.0,11.0
2025-04-26,50,3,ensemble,2025-05-17,2.0,4.0,1.4456521739130435,2.0,10.0
2025-04-26,50,3,baseline,2025-05-17,2.0,12.0,5.6286956521739135,10.0,10.0
2025-04-26,51,1,ensemble,2025-05-03,32.0,37.0,7.095217391304351,5.0,24.0
2025-04-26,51,1,baseline,2025-05-03,32.0,54.0,17.80608695652174,22.0,24.0
2025-04-26,51,2,ensemble,2025-05-10,32.0,31.0,6.24304347826087,1.0,24.0
2025-04-26,51,2,baseline,2025-05-10,32.0,54.0,22.05260869565217,22.0,24.0
2025-04-26,51,3,ensemble,2025-05-17,15.0,27.0,7.41,12.0,41.0
2025-04-26,51,3,baseline,2025-05-17,15.0,54.0,28.939565217391305,39.0,41.0
2025-04-26,53,1,ensemble,2025-05-03,20.0,25.0,4.751304347826087,5.0,22.0
2025-04-26,53,1,baseline,2025-05-03,20.0,39.0,13.05391304347826,19.0,22.0
2025-04-26,53,2,ensemble,2025-05-10,24.0,20.0,4.278695652173913,4.0,18.0
2025-04-26,53,2,baseline,2025-05-10,24.0,39.0,14.648695652173913,15.0,18.0
2025-04-26,53,3,ensemble,2025-05-17,16.0,16.0,3.7017391304347833,0.0,26.0
2025-04-26,53,3,baseline,2025-05-17,16.0,39.0,18.997826086956525,23.0,26.0
2025-04-26,54,1,ensemble,2025-05-03,10.0,15.0,3.2313043478260868,5.0,16.0
2025-04-26,54,1,baseline,2025-05-03,10.0,26.0,10.553913043478264,16.0,16.0
2025-04-26,54,2,ensemble,2025-05-10,6.0,11.0,3.3369565217391304,5.0,20.0
2025-04-26,54,2,baseline,2025-05-10,6.0,26.0,12.89913043478261,20.0,20.0
2025-04-26,54,3,ensemble,2025-05-17,5.0,8.0,3.023913043478261,3.0,21.0
2025-04-26,54,3,baseline,2025-05-17,5.0,26.0,14.215652173913048,21.0,21.0
2025-04-26,55,1,ensemble,2025-05-03,30.0,18.0,5.791739130434783,12.0,10.0
2025-04-26,55,1,baseline,2025-05-03,30.0,34.0,9.440869565217394,4.0,10.0
2025-04-26,55,2,ensemble,2025-05-10,27.0,13.0,6.233478260869567,14.0,13.0
2025-04-26,55,2,baseline,2025-05-10,27.0,34.0,13.650869565217395,7.0,13.0
2025-04-26,55,3,ensemble,2025-05-17,15.0,9.0,4.664347826086958,6.0,25.0
2025-04-26,55,3,baseline,2025-05-17,15.0,34.0,18.49217391304348,19.0,25.0
2025-04-26,56,1,ensemble,2025-05-03,1.0,3.0,1.0843478260869568,2.0,2.0
2025-04-26,56,1,baseline,2025-05-03,1.0,3.0,2.1486956521739136,2.0,2.0
2025-04-26,56,2,ensemble,2025-05-10,4.0,2.0,1.0934782608695652,2.0,1.0
2025-04-26,56,2,baseline,2025-05-10,4.0,3.0,2.4765217391304355,1.0,1.0
2025-04-26,56,3,ensemble,2025-05-17,3.0,2.0,0.9256521739130434,1.0,0.0
2025-04-26,56,3,baseline,2025-05-17,3.0,3.0,3.0226086956521745,0.0,0.0
2025-05-03,01,1,ensemble,2025-05-10,33.0,22.0,5.993913043478261,11.0,2.0
2025-05-03,01,1,baseline,2025-05-10,33.0,34.0,9.27913043478261,1.0,2.0
2025-05-03,01,2,ensemble,2025-05-17,37.0,17.0,9.82391304347826,20.0,2.0
2025-05-03,01,2,baseline,2025-05-17,37.0,34.0,12.759565217391309,3.0,2.0
2025-05-03,01,3,ensemble,2025-05-24,28.0,15.0,6.71304347826087,13.0,7.0
2025-05-03,01,3,baseline,2025-05-24,28.0,34.0,15.63739130434783,6.0,7.0
2025-05-03,02,1,ensemble,2025-05-10,3.0,4.0,1.0295652173913046,1.0,5.0
2025-05-03,02,1,baseline,2025-05-10,3.0,4.0,1.5021739130434784,1.0,5.0
2025-05-03,02,2,ensemble,2025-05-17,5.0,3.0,1.0904347826086958,2.0,3.0
2025-05-03,02,2,baseline,2025-05-17,5.0,4.0,2.078260869565218,1.0,3.0
2025-05-03,02,3,ensemble,2025-05-24,7.0,3.0,2.2295652173913045,4.0,1.0
2025-05-03,02,3,baseline,2025-05-24,7.0,4.0,2.492173913043479,3.0,1.0
2025-05-03,04,1,ensemble,2025-05-10,53.0,54.0,8.539565217391305,1.0,21.0
2025-05-03,04,1,baseline,2025-05-10,53.0,73.0,22.212608695652175,20.0,21.0
2025-05-03,04,2,ensemble,2025-05-17,63.0,40.0,12.56478260869565,23.0,11.0
2025-05-03,04,2,baseline,2025-05-17,63.0,73.0,28.067391304347826,10.0,11.0
2025-05-03,04,3,ensemble,2025-05-24,35.0,40.0,9.869565217391305,5.0,39.0
2025-05-03,04,3,baseline,2025-05-24,35.0,73.0,38.450434782608696,38.0,39.0
2025-05-03,05,1,ensemble,2025-05-10,13.0,10.0,2.775652173913044,3.0,11.0
2025-05-03,05,1,baseline,2025-05-10,13.0,13.0,7.188695652173914,0.0,11.0
2025-05-03,05,2,ensemble,2025-05-17,13.0,8.0,3.010869565217392,5.0,11.0
2025-05-03,05,2,baseline,2025-05-17,13.0,13.0,9.536956521739132,0.0,11.0
2025-05-03,05,3,ensemble,2025-05-24,14.0,8.0,3.493913043478261,6.0,10.0
2025-05-03,05,3,baseline,2025-05-24,14.0,13.0,11.413043478260873,1.0,10.0
2025-05-03,06,1,ensemble,2025-05-10,164.0,166.0,20.587391304347825,2.0,82.0
2025-05-03,06,1,baseline,2025-05-10,164.0,229.0,61.89826086956522,65.0,82.0
2025-05-03,06,2,ensemble,2025-05-17,163.0,136.0,24.939130434782616,27.0,83.0
2025-05-03,06,2,baseline,2025-05-17,163.0,229.0,78.60173913043478,66.0,83.0
2025-05-03,06,3,ensemble,2025-05-24,177.0,120.0,33.75130434782609,57.0,69.0
2025-05-03,06,3,baseline,2025-05-24,177.0,229.0,90.77,52.0,69.0
2025-05-03,08,1,ensemble,2025-05-10,36.0,27.0,5.852173913043478,9.0,6.0
2025-05-03,08,1,baseline,2025-05-10,36.0,42.0,9.41130434782609,6.0,6.0
2025-05-03,08,2,ensemble,2025-05-17,19.0,22.0,5.044782608695653,3.0,23.0
2025-05-03,08,2,baseline,2025-05-17,19.0,42.0,16.11913043478261,23.0,23.0
2025-05-03,08,3,ensemble,2025-05-24,15.0,17.0,4.8078260869565215,2.0,27.0
2025-05-03,08,3,baseline,2025-05-24,15.0,42.0,18.62391304347826,27.0,27.0
2025-05-03,09,1,ensemble,2025-05-10,9.0,40.0,17.579565217391306,31.0,44.0
2025-05-03,09,1,baseline,2025-05-10,9.0,61.0,30.127826086956528,52.0,44.0
2025-05-03,09,2,ensemble,2025-05-17,17.0,29.0,8.083043478260869,12.0,36.0
2025-05-03,09,2,baseline,2025-05-17,17.0,61.0,24.33347826086957,44.0,36.0
2025-05-03,09,3,ensemble,2025-05-24,14.0,27.0,8.61086956521739,13.0,39.0
2025-05-03,09,3,baseline,2025-05-24,14.0,61.0,25.75869565217391,47.0,39.0
2025-05-03,10,1,ensemble,2025-05-10,3.0,2.0,0.893478260869565,1.0,0.0
2025-05-03,10,1,baseline,2025-05-10,3.0,2.0,1.771739130434783,1.0,0.0
2025-05-03,10,2,ensemble,2025-05-17,0.0,2.0,0.972608695652174,2.0,3.0
2025-05-03,10,2,baseline,2025-05-17,0.0,2.0,2.5478260869565217,2.0,3.0
2025-05-03,10,3,ensemble,2025-05-24,0.0,1.0,0.7726086956521739,1.0,3.0
2025-05-03,10,3,baseline,2025-05-24,0.0,2.0,3.207391304347826,2.0,3.0
2025-05-03,11,1,ensemble,2025-05-10,6.0,2.0,1.5886956521739133,4.0,1.0
2025-05-03,11,1,baseline,2025-05-10,6.0,3.0,2.332608695652174,3.0,1.0
2025-05-03,11,2,ensemble,2025-05-17,2.0,2.0,1.0969565217391306,0.0,5.0
2025-05-03,11,2,baseline,2025-05-17,2.0,3.0,2.6504347826086962,1.0,5.0
2025-05-03,11,3,ensemble,2025-05-24,2.0,2.0,1.1508695652173915,0.0,5.0
2025-05-03,11,3,baseline,2025-05-24,2.0,3.0,3.3813043478260876,1.0,5.0
2025-05-03,12,1,ensemble,2025-05-10,231.0,166.0,35.830434782608684,65.0,26.0
2025-05-03,12,1,baseline,2025-05-10,231.0,240.0,37.296521739130434,9.0,26.0
2025-05-03,12,2,ensemble,2025-05-17,208.0,132.0,39.170434782608694,76.0,49.0
2025-05-03,12,2,baseline,2025-05-17,208.0,240.0,52.38173913043479,32.0,49.0
2025-05-03,12,3,ensemble,2025-05-24,213.0,130.0,42.35565217391305,83.0,44.0
2025-05-03,12,3,baseline,2025-05-24,213.0,240.0,62.1504347826087,27.0,44.0
2025-05-03,13,1,ensemble,2025-05-10,44.0,27.0,8.44608695652174,17.0,0.0
2025-05-03,13,1,baseline,2025-05-10,44.0,41.0,14.310000000000002,3.0,0.0
2025-05-03,13,2,ensemble,2025-05-17,34.0,21.0,6.978260869565219,13.0,10.0
2025-05-03,13,2,baseline,2025-05-17,34.0,41.0,19.891304347826086,7.0,10.0
2025-05-03,13,3,ensemble,2025-05-24,21.0,20.0,5.36695652173913,1.0,23.0
2025-05-03,13,3,baseline,2025-05-24,21.0,41.0,25.758695652173916,20.0,23.0
2025-05-03,15,1,ensemble,2025-05-10,30.0,18.0,6.855652173913042,12.0,6.0
2025-05-03,15,1,baseline,2025-05-10,30.0,24.0,3.4408695652173913,6.0,6.0
2025-05-03,15,2,ensemble,2025-05-17,25.0,14.0,5.937391304347825,11.0,1.0
2025-05-03,15,2,baseline,2025-05-17,25.0,24.0,2.7630434782608693,1.0,1.0
2025-05-03,15,3,ensemble,2025-05-24,18.0,14.0,2.9847826086956526,4.0,6.0
2025-05-03,15,3,baseline,2025-05-24,18.0,24.0,4.064782608695651,6.0,6.0
2025-05-03,16,1,ensemble,2025-05-10,11.0,11.0,2.1191304347826083,0.0,9.0
2025-05-03,16,1,baseline,2025-05-10,11.0,15.0,4.938260869565218,4.0,9.0
2025-05-03,16,2,ensemble,2025-05-17,11.0,8.0,2.232608695652174,3.0,9.0
2025-05-03,16,2,baseline,2025-05-17,11.0,15.0,6.368695652173915,4.0,9.0
2025-05-03,16,3,ensemble,2025-05-24,11.0,7.0,2.422608695652174,4.0,9.0
2025-05-03,16,3,baseline,2025-05-24,11.0,15.0,7.666521739130434,4.0,9.0
2025-05-03,17,1,ensemble,2025-05-10,57.0,62.0,10.594347826086958,5.0,67.0
2025-05-03,17,1,baseline,2025-05-10,57.0,100.0,31.003043478260867,43.0,67.0
2025-05-03,17,2,ensemble,2025-05-17,52.0,43.0,10.285652173913046,9.0,72.0
2025-05-03,17,2,baseline,2025-05-17,52.0,100.0,37.53739130434782,48.0,72.0
2025-05-03,17,3,ensemble,2025-05-24,74.0,35.0,17.703478260869566,39.0,50.0
2025-05-03,17,3,baseline,2025-05-24,74.0,100.0,38.43478260869565,26.0,50.0
2025-05-03,18,1,ensemble,2025-05-10,27.0,26.0,5.534782608695653,1.0,16.0
2025-05-03,18,1,baseline,2025-05-10,27.0,42.0,16.846521739130438,15.0,16.0
2025-05-03,18,2,ensemble,2025-05-17,25.0,20.0,6.4443478260869576,5.0,18.0
2025-05-03,18,2,baseline,2025-05-17,25.0,42.0,22.574782608695653,17.0,18.0
2025-05-03,18,3,ensemble,2025-05-24,18.0,17.0,6.35608695652174,1.0,25.0
2025-05-03,18,3,baseline,2025-05-24,18.0,42.0,28.02478260869566,24.0,25.0
2025-05-03,19,1,ensemble,2025-05-10,4.0,9.0,2.5382608695652173,5.0,10.0
2025-05-03,19,1,baseline,2025-05-10,4.0,14.0,7.454347826086957,10.0,10.0
2025-05-03,19,2,ensemble,2025-05-17,1.0,5.0,3.080869565217392,4.0,13.0
2025-05-03,19,2,baseline,2025-05-17,1.0,14.0,9.595652173913043,13.0,13.0
2025-05-03,19,3,ensemble,2025-05-24,5.0,6.0,2.299130434782609,1.0,9.0
2025-05-03,19,3,baseline,2025-05-24,5.0,14.0,9.81,9.0,9.0
2025-05-03,20,1,ensemble,2025-05-10,4.0,5.0,1.8900000000000003,1.0,5.0
2025-05-03,20,1,baseline,2025-05-10,4.0,8.0,5.03,4.0,5.0
2025-05-03,20,2,ensemble,2025-05-17,8.0,4.0,2.273913043478261,4.0,1.0
2025-05-03,20,2,baseline,2025-05-17,8.0,8.0,6.500000000000001,0.0,1.0
2025-05-03,20,3,ensemble,2025-05-24,11.0,4.0,3.4786956521739127,7.0,2.0
2025-05-03,20,3,baseline,2025-05-24,11.0,8.0,8.211739130434784,3.0,2.0
2025-05-03,21,1,ensemble,2025-05-10,14.0,17.0,4.465217391304349,3.0,24.0
2025-05-03,21,1,baseline,2025-05-10,14.0,31.0,14.613478260869568,17.0,24.0
2025-05-03,21,2,ensemble,2025-05-17,15.0,11.0,4.601739130434782,4.0,23.0
2025-05-03,21,2,baseline,2025-05-17,15.0,31.0,18.037826086956528,16.0,23.0
2025-05-03,21,3,ensemble,2025-05-24,10.0,10.0,4.249565217391304,0.0,28.0
2025-05-03,21,3,baseline,2025-05-24,10.0,31.0,21.987826086956524,21.0,28.0
2025-05-03,22,1,ensemble,2025-05-10,31.0,44.0,7.11391304347826,13.0,29.0
2025-05-03,22,1,baseline,2025-05-10,31.0,63.0,19.334347826086958,32.0,29.0
2025-05-03,22,2,ensemble,2025-05-17,40.0,36.0,6.456521739130436,4.0,20.0
2025-05-03,22,2,baseline,2025-05-17,40.0,63.0,17.54869565217391,23.0,20.0
2025-05-03,22,3,ensemble,2025-05-24,29.0,35.0,6.669130434782608,6.0,31.0
2025-05-03,22,3,baseline,2025-05-24,29.0,63.0,22.532608695652176,34.0,31.0
2025-05-03,23,1,ensemble,2025-05-10,3.0,9.0,3.4147826086956523,6.0,13.0
2025-05-03,23,1,baseline,2025-05-10,3.0,15.0,6.988695652173912,12.0,13.0
2025-05-03,23,2,ensemble,2025-05-17,2.0,7.0,2.872608695652174,5.0,14.0
2025-05-03,23,2,baseline,2025-05-17,2.0,15.0,7.52608695652174,13.0,14.0
2025-05-03,23,3,ensemble,2025-05-24,2.0,6.0,2.1278260869565218,4.0,14.0
2025-05-03,23,3,baseline,2025-05-24,2.0,15.0,7.805217391304348,13.0,14.0
2025-05-03,24,1,ensemble,2025-05-10,21.0,26.0,5.058260869565218,5.0,26.0
2025-05-03,24,1,baseline,2025-05-10,21.0,44.0,15.44521739130435,23.0,26.0
2025-05-03,24,2,ensemble,2025-05-17,10.0,19.0,6.1173913043478265,9.0,37.0
2025-05-03,24,2,baseline,2025-05-17,10.0,44.0,20.95608695652174,34.0,37.0
2025-05-03,24,3,ensemble,2025-05-24,26.0,16.0,5.712608695652174,10.0,21.0
2025-05-03,24,3,baseline,2025-05-24,26.0,44.0,18.410000000000004,18.0,21.0
2025-05-03,25,1,ensemble,2025-05-10,39.0,60.0,11.022608695652176,21.0,44.0
2025-05-03,25,1,baseline,2025-05-10,39.0,80.0,27.120869565217387,41.0,44.0
2025-05-03,25,2,ensemble,2025-05-17,30.0,45.0,10.755652173913045,15.0,53.0
2025-05-03,25,2,baseline,2025-05-17,30.0,80.0,32.76391304347826,50.0,53.0
2025-05-03,25,3,ensemble,2025-05-24,29.0,39.0,11.018695652173914,10.0,54.0
2025-05-03,25,3,baseline,2025-05-24,29.0,80.0,35.49130434782609,51.0,54.0
2025-05-03,26,1,ensemble,2025-05-10,91.0,55.0,19.53391304347826,36.0,24.0
2025-05-03,26,1,baseline,2025-05-10,91.0,78.0,21.569565217391304,13.0,24.0
2025-05-03,26,2,ensemble,2025-05-17,62.0,39.0,13.34260869565217,23.0,53.0
2025-05-03,26,2,baseline,2025-05-17,62.0,78.0,29.382608695652173,16.0,53.0
2025-05-03,26,3,ensemble,2025-05-24,50.0,27.0,11.818695652173913,23.0,65.0
2025-05-03,26,3,baseline,2025-05-24,50.0,78.0,36.333043478260876,28.0,65.0
2025-05-03,27,1,ensemble,2025-05-10,22.0,15.0,4.476521739130435,7.0,3.0
2025-05-03,27,1,baseline,2025-05-10,22.0,25.0,7.445217391304349,3.0,3.0
2025-05-03,27,2,ensemble,2025-05-17,7.0,11.0,4.166521739130436,4.0,18.0
2025-05-03,27,2,baseline,2025-05-17,7.0,25.0,13.23739130434783,18.0,18.0
2025-05-03,27,3,ensemble,2025-05-24,9.0,9.0,4.097826086956522,0.0,16.0
2025-05-03,27,3,baseline,2025-05-24,9.0,25.0,14.453043478260872,16.0,16.0
2025-05-03,28,1,ensemble,2025-05-10,18.0,14.0,2.783913043478261,4.0,3.0
2025-05-03,28,1,baseline,2025-05-10,18.0,18.0,6.109130434782611,0.0,3.0
2025-05-03,28,2,ensemble,2025-05-17,16.0,12.0,2.6539130434782607,4.0,5.0
2025-05-03,28,2,baseline,2025-05-17,16.0,18.0,8.29913043478261,2.0,5.0
2025-05-03,28,3,ensemble,2025-05-24,13.0,12.0,2.336521739130435,1.0,8.0
2025-05-03,28,3,baseline,2025-05-24,13.0,18.0,9.978695652173913,5.0,8.0
2025-05-03,29,1,ensemble,2025-05-10,49.0,26.0,10.70217391304348,23.0,17.0
2025-05-03,29,1,baseline,2025-05-10,49.0,42.0,13.93130434782609,7.0,17.0
2025-05-03,29,2,ensemble,2025-05-17,53.0,22.0,15.12086956521739,31.0,13.0
2025-05-03,29,2,baseline,2025-05-17,53.0,42.0,19.79869565217392,11.0,13.0
2025-05-03,29,3,ensemble,2025-05-24,42.0,15.0,12.185652173913045,27.0,24.0
2025-05-03,29,3,baseline,2025-05-24,42.0,42.0,23.70521739130435,0.0,24.0
2025-05-03,30,1,ensemble,2025-05-10,0.0,7.0,3.8639130434782603,7.0,8.0
2025-05-03,30,1,baseline,2025-05-10,0.0,11.0,6.641304347826086,11.0,8.0
2025-05-03,30,2,ensemble,2025-05-17,0.0,5.0,2.813043478260869,5.0,8.0
2025-05-03,30,2,baseline,2025-05-17,0.0,11.0,6.534347826086958,11.0,8.0
2025-05-03,30,3,ensemble,2025-05-24,2.0,5.0,1.646086956521739,3.0,6.0
2025-05-03,30,3,baseline,2025-05-24,2.0,11.0,6.09,9.0,6.0
2025-05-03,31,1,ensemble,2025-05-10,10.0,7.0,1.9804347826086954,3.0,2.0
2025-05-03,31,1,baseline,2025-05-10,10.0,12.0,3.7221739130434788,2.0,2.0
2025-05-03,31,2,ensemble,2025-05-17,5.0,6.0,1.7552173913043474,1.0,7.0
2025-05-03,31,2,baseline,2025-05-17,5.0,12.0,5.601739130434784,7.0,7.0
2025-05-03,31,3,ensemble,2025-05-24,2.0,5.0,1.9682608695652173,3.0,10.0
2025-05-03,31,3,baseline,2025-05-24,2.0,12.0,7.2082608695652155,10.0,10.0
2025-05-03,32,1,ensemble,2025-05-10,20.0,17.0,3.1073913043478267,3.0,9.0
2025-05-03,32,1,baseline,2025-05-10,20.0,25.0,6.264782608695653,5.0,9.0
2025-05-03,32,2,ensemble,2025-05-17,16.0,14.0,3.322608695652174,2.0,13.0
2025-05-03,32,2,baseline,2025-05-17,16.0,25.0,8.774347826086956,9.0,13.0
2025-05-03,32,3,ensemble,2025-05-24,26.0,13.0,6.958260869565217,13.0,3.0
2025-05-03,32,3,baseline,2025-05-24,26.0,25.0,9.716521739130435,1.0,3.0
2025-05-03,33,1,ensemble,2025-05-10,8.0,6.0,1.596521739130435,2.0,1.0
2025-05-03,33,1,baseline,2025-05-10,8.0,9.0,2.336521739130435,1.0,1.0
2025-05-03,33,2,ensemble,2025-05-17,3.0,4.0,1.315217391304348,1.0,6.0
2025-05-03,33,2,baseline,2025-05-17,3.0,9.0,4.363043478260869,6.0,6.0
2025-05-03,33,3,ensemble,2025-05-24,1.0,3.0,1.5121739130434784,2.0,8.0
2025-05-03,33,3,baseline,2025-05-24,1.0,9.0,5.239130434782608,8.0,8.0
2025-05-03,34,1,ensemble,2025-05-10,40.0,41.0,8.247391304347826,1.0,32.0
2025-05-03,34,1,baseline,2025-05-10,40.0,68.0,23.324782608695653,28.0,32.0
2025-05-03,34,2,ensemble,2025-05-17,43.0,29.0,9.21304347826087,14.0,29.0
2025-05-03,34,2,baseline,2025-05-17,43.0,68.0,27.97217391304348,25.0,29.0
2025-05-03,34,3,ensemble,2025-05-24,25.0,25.0,8.517826086956523,0.0,47.0
2025-05-03,34,3,baseline,2025-05-24,25.0,68.0,36.14347826086957,43.0,47.0
2025-05-03,35,1,ensemble,2025-05-10,25.0,24.0,2.8804347826086962,1.0,17.0
2025-05-03,35,1,baseline,2025-05-10,25.0,39.0,9.241739130434784,14.0,17.0
2025-05-03,35,2,ensemble,2025-05-17,11.0,20.0,5.1286956521739135,9.0,31.0
2025-05-03,35,2,baseline,2025-05-17,11.0,39.0,15.691304347826087,28.0,31.0
2025-05-03,35,3,ensemble,2025-05-24,14.0,17.0,3.4721739130434797,3.0,28.0
2025-05-03,35,3,baseline,2025-05-24,14.0,39.0,14.921304347826084,25.0,28.0
2025-05-03,36,1,ensemble,2025-05-10,105.0,99.0,16.093043478260874,6.0,104.0
2025-05-03,36,1,baseline,2025-05-10,105.0,173.0,49.39652173913044,68.0,104.0
2025-05-03,36,2,ensemble,2025-05-17,63.0,73.0,16.86478260869565,10.0,146.0
2025-05-03,36,2,baseline,2025-05-17,63.0,173.0,69.18739130434783,110.0,146.0
2025-05-03,36,3,ensemble,2025-05-24,50.0,58.0,17.883043478260873,8.0,159.0
2025-05-03,36,3,baseline,2025-05-24,50.0,173.0,77.45652173913045,123.0,159.0
2025-05-03,37,1,ensemble,2025-05-10,28.0,28.0,6.700869565217393,0.0,22.0
2025-05-03,37,1,baseline,2025-05-10,28.0,45.0,19.385217391304348,17.0,22.0
2025-05-03,37,2,ensemble,2025-05-17,18.0,24.0,7.327391304347825,6.0,32.0
2025-05-03,37,2,baseline,2025-05-17,18.0,45.0,27.963913043478268,27.0,32.0
2025-05-03,37,3,ensemble,2025-05-24,19.0,20.0,7.025652173913045,1.0,31.0
2025-05-03,37,3,baseline,2025-05-24,19.0,45.0,32.789565217391306,26.0,31.0
2025-05-03,38,1,ensemble,2025-05-10,5.0,7.0,1.5056521739130435,2.0,6.0
2025-05-03,38,1,baseline,2025-05-10,5.0,11.0,3.65,6.0,6.0
2025-05-03,38,2,ensemble,2025-05-17,7.0,5.0,1.4934782608695656,2.0,4.0
2025-05-03,38,2,baseline,2025-05-17,7.0,11.0,3.4908695652173916,4.0,4.0
2025-05-03,38,3,ensemble,2025-05-24,3.0,5.0,1.722608695652174,2.0,8.0
2025-05-03,38,3,baseline,2025-05-24,3.0,11.0,4.772173913043478,8.0,8.0
2025-05-03,39,1,ensemble,2025-05-10,32.0,48.0,11.573043478260873,16.0,55.0
2025-05-03,39,1,baseline,2025-05-10,32.0,81.0,36.270869565217396,49.0,55.0
2025-05-03,39,2,ensemble,2025-05-17,25.0,35.0,11.915652173913045,10.0,62.0
2025-05-03,39,2,baseline,2025-05-17,25.0,81.0,45.3795652173913,56.0,62.0
2025-05-03,39,3,ensemble,2025-05-24,20.0,32.0,12.003913043478262,12.0,67.0
2025-05-03,39,3,baseline,2025-05-24,20.0,81.0,52.87739130434783,61.0,67.0
2025-05-03,40,1,ensemble,2025-05-10,13.0,10.0,2.890434782608695,3.0,4.0
2025-05-03,40,1,baseline,2025-05-10,13.0,8.0,9.111739130434783,5.0,4.0
2025-05-03,40,2,ensemble,2025-05-17,19.0,7.0,6.350869565217391,12.0,2.0
2025-05-03,40,2,baseline,2025-05-17,19.0,8.0,13.339130434782613,11.0,2.0
2025-05-03,40,3,ensemble,2025-05-24,13.0,5.0,3.5334782608695643,8.0,4.0
2025-05-03,40,3,baseline,2025-05-24,13.0,8.0,15.812608695652179,5.0,4.0
2025-05-03,41,1,ensemble,2025-05-10,27.0,20.0,4.457826086956523,7.0,5.0
2025-05-03,41,1,baseline,2025-05-10,27.0,30.0,7.5304347826086975,3.0,5.0
2025-05-03,41,2,ensemble,2025-05-17,19.0,17.0,3.794782608695652,2.0,13.0
2025-05-03,41,2,baseline,2025-05-17,19.0,30.0,12.027391304347828,11.0,13.0
2025-05-03,41,3,ensemble,2025-05-24,19.0,15.0,4.467826086956523,4.0,13.0
2025-05-03,41,3,baseline,2025-05-24,19.0,30.0,14.423913043478258,11.0,13.0
2025-05-03,42,1,ensemble,2025-05-10,251.0,170.0,43.668260869565216,81.0,221.0
2025-05-03,42,1,baseline,2025-05-10,251.0,239.0,33.396956521739135,12.0,221.0
2025-05-03,42,2,ensemble,2025-05-17,169.0,136.0,25.786086956521736,33.0,303.0
2025-05-03,42,2,baseline,2025-05-17,169.0,239.0,58.95043478260871,70.0,303.0
2025-05-03,42,3,ensemble,2025-05-24,171.0,111.0,31.420869565217394,60.0,301.0
2025-05-03,42,3,baseline,2025-05-24,171.0,239.0,68.41869565217392,68.0,301.0
2025-05-03,44,1,ensemble,2025-05-10,3.0,3.0,1.053478260869565,0.0,1.0
2025-05-03,44,1,baseline,2025-05-10,3.0,4.0,1.8300000000000005,1.0,1.0
2025-05-03,44,2,ensemble,2025-05-17,2.0,2.0,0.8156521739130436,0.0,2.0
2025-05-03,44,2,baseline,2025-05-17,2.0,4.0,2.6165217391304347,2.0,2.0
2025-05-03,44,3,ensemble,2025-05-24,2.0,1.0,0.7721739130434782,1.0,2.0
2025-05-03,44,3,baseline,2025-05-24,2.0,4.0,2.961739130434782,2.0,2.0
2025-05-03,45,1,ensemble,2025-05-10,13.0,17.0,3.3782608695652177,4.0,20.0
2025-05-03,45,1,baseline,2025-05-10,13.0,25.0,10.867391304347828,12.0,20.0
2025-05-03,45,2,ensemble,2025-05-17,15.0,15.0,3.5247826086956526,0.0,18.0
2025-05-03,45,2,baseline,2025-05-17,15.0,25.0,13.76782608695652,10.0,18.0
2025-05-03,45,3,ensemble,2025-05-24,17.0,15.0,3.8360869565217395,2.0,16.0
2025-05-03,45,3,baseline,2025-05-24,17.0,25.0,16.512608695652176,8.0,16.0
2025-05-03,46,1,ensemble,2025-05-10,1.0,5.0,2.356086956521739,4.0,7.0
2025-05-03,46,1,baseline,2025-05-10,1.0,8.0,4.231739130434784,7.0,7.0
2025-05-03,46,2,ensemble,2025-05-17,5.0,4.0,1.387826086956522,1.0,3.0
2025-05-03,46,2,baseline,2025-05-17,5.0,8.0,3.4543478260869573,3.0,3.0
2025-05-03,46,3,ensemble,2025-05-24,7.0,4.0,1.79,3.0,1.0
2025-05-03,46,3,baseline,2025-05-24,7.0,8.0,3.803913043478261,1.0,1.0
2025-05-03,47,1,ensemble,2025-05-10,32.0,42.0,6.819565217391306,10.0,33.0
2025-05-03,47,1,baseline,2025-05-10,32.0,64.0,21.22217391304348,32.0,33.0
2025-05-03,47,2,ensemble,2025-05-17,50.0,36.0,8.520000000000001,14.0,15.0
2025-05-03,47,2,baseline,2025-05-17,50.0,64.0,20.583478260869565,14.0,15.0
2025-05-03,47,3,ensemble,2025-05-24,35.0,31.0,6.48913043478261,4.0,30.0
2025-05-03,47,3,baseline,2025-05-24,35.0,64.0,27.018260869565214,29.0,30.0
2025-05-03,48,1,ensemble,2025-05-10,170.0,149.0,24.653478260869573,21.0,59.0
2025-05-03,48,1,baseline,2025-05-10,170.0,214.0,53.64391304347826,44.0,59.0
2025-05-03,48,2,ensemble,2025-05-17,202.0,129.0,40.20565217391305,73.0,27.0
2025-05-03,48,2,baseline,2025-05-17,202.0,214.0,66.28956521739131,12.0,27.0
2025-05-03,48,3,ensemble,2025-05-24,140.0,125.0,25.379565217391306,15.0,89.0
2025-05-03,48,3,baseline,2025-05-24,140.0,214.0,83.98739130434782,74.0,89.0
2025-05-03,49,1,ensemble,2025-05-10,14.0,11.0,2.3352173913043477,3.0,5.0
2025-05-03,49,1,baseline,2025-05-10,14.0,19.0,4.084782608695653,5.0,5.0
2025-05-03,49,2,ensemble,2025-05-17,12.0,8.0,2.261739130434783,4.0,7.0
2025-05-03,49,2,baseline,2025-05-17,12.0,19.0,5.497391304347826,7.0,7.0
2025-05-03,49,3,ensemble,2025-05-24,14.0,8.0,3.146521739130435,6.0,5.0
2025-05-03,49,3,baseline,2025-05-24,14.0,19.0,5.94913043478261,5.0,5.0
2025-05-03,50,1,ensemble,2025-05-10,1.0,7.0,3.2291304347826078,6.0,12.0
2025-05-03,50,1,baseline,2025-05-10,1.0,12.0,6.498260869565217,11.0,12.0
2025-05-03,50,2,ensemble,2025-05-17,2.0,6.0,1.9813043478260872,4.0,11.0
2025-05-03,50,2,baseline,2025-05-17,2.0,12.0,5.580869565217391,10.0,11.0
2025-05-03,50,3,ensemble,2025-05-24,1.0,5.0,2.1486956521739127,4.0,12.0
2025-05-03,50,3,baseline,2025-05-24,1.0,12.0,6.106956521739132,11.0,12.0
2025-05-03,51,1,ensemble,2025-05-10,32.0,28.0,5.217826086956522,4.0,13.0
2025-05-03,51,1,baseline,2025-05-10,32.0,37.0,13.526521739130432,5.0,13.0
2025-05-03,51,2,ensemble,2025-05-17,15.0,25.0,6.66608695652174,10.0,30.0
2025-05-03,51,2,baseline,2025-05-17,15.0,37.0,20.594782608695656,22.0,30.0
2025-05-03,51,3,ensemble,2025-05-24,27.0,22.0,5.476956521739131,5.0,18.0
2025-05-03,51,3,baseline,2025-05-24,27.0,37.0,22.476956521739133,10.0,18.0
2025-05-03,53,1,ensemble,2025-05-10,24.0,25.0,3.694782608695653,1.0,15.0
2025-05-03,53,1,baseline,2025-05-10,24.0,37.0,11.063043478260873,13.0,15.0
2025-05-03,53,2,ensemble,2025-05-17,16.0,21.0,4.673913043478262,5.0,23.0
2025-05-03,53,2,baseline,2025-05-17,16.0,37.0,15.891739130434784,21.0,23.0
2025-05-03,53,3,ensemble,2025-05-24,29.0,19.0,6.056086956521739,10.0,10.0
2025-05-03,53,3,baseline,2025-05-24,29.0,37.0,16.020869565217396,8.0,10.0
2025-05-03,54,1,ensemble,2025-05-10,6.0,10.0,2.577391304347827,4.0,12.0
2025-05-03,54,1,baseline,2025-05-10,6.0,18.0,8.634782608695652,12.0,12.0
2025-05-03,54,2,ensemble,2025-05-17,5.0,8.0,2.6947826086956526,3.0,13.0
2025-05-03,54,2,baseline,2025-05-17,5.0,18.0,10.35086956521739,13.0,13.0
2025-05-03,54,3,ensemble,2025-05-24,1.0,5.0,2.7317391304347827,4.0,17.0
2025-05-03,54,3,baseline,2025-05-24,1.0,18.0,12.5,17.0,17.0
2025-05-03,55,1,ensemble,2025-05-10,27.0,18.0,5.216521739130435,9.0,6.0
2025-05-03,55,1,baseline,2025-05-10,27.0,29.0,9.037826086956523,2.0,6.0
2025-05-03,55,2,ensemble,2025-05-17,15.0,15.0,4.185217391304348,0.0,18.0
2025-05-03,55,2,baseline,2025-05-17,15.0,29.0,14.35913043478261,14.0,18.0
2025-05-03,55,3,ensemble,2025-05-24,10.0,13.0,4.217391304347825,3.0,23.0
2025-05-03,55,3,baseline,2025-05-24,10.0,29.0,17.901739130434784,19.0,23.0
2025-05-03,56,1,ensemble,2025-05-10,4.0,2.0,1.076086956521739,2.0,2.0
2025-05-03,56,1,baseline,2025-05-10,4.0,2.0,1.8469565217391308,2.0,2.0
2025-05-03,56,2,ensemble,2025-05-17,3.0,1.0,0.9221739130434782,2.0,3.0
2025-05-03,56,2,baseline,2025-05-17,3.0,2.0,2.3169565217391304,1.0,3.0
2025-05-03,56,3,ensemble,2025-05-24,3.0,1.0,0.8665217391304347,2.0,3.0
2025-05-03,56,3,baseline,2025-05-24,3.0,2.0,2.892608695652174,1.0,3.0
2025-05-10,01,1,ensemble,2025-05-17,37.0,18.0,9.939130434782609,19.0,10.0
2025-05-10,01,1,baseline,2025-05-17,37.0,25.0,10.158695652173913,12.0,10.0
2025-05-10,01,2,ensemble,2025-05-24,28.0,15.0,6.598695652173913,13.0,1.0
2025-05-10,01,2,baseline,2025-05-24,28.0,25.0,11.932173913043481,3.0,1.0
2025-05-10,01,3,ensemble,2025-05-31,11.0,14.0,3.354347826086957,3.0,16.0
2025-05-10,01,3,baseline,2025-05-31,11.0,25.0,15.510434782608694,14.0,16.0
2025-05-10,02,1,ensemble,2025-05-17,5.0,4.0,0.8769565217391305,1.0,4.0
2025-05-10,02,1,baseline,2025-05-17,5.0,6.0,1.61695652173913,1.0,4.0
2025-05-10,02,2,ensemble,2025-05-24,7.0,4.0,1.6765217391304346,3.0,2.0
2025-05-10,02,2,baseline,2025-05-24,7.0,6.0,2.115652173913044,1.0,2.0
2025-05-10,02,3,ensemble,2025-05-31,6.0,3.0,1.566521739130435,3.0,3.0
2025-05-10,02,3,baseline,2025-05-31,6.0,6.0,2.5034782608695654,0.0,3.0
2025-05-10,04,1,ensemble,2025-05-17,63.0,50.0,9.188695652173914,13.0,8.0
2025-05-10,04,1,baseline,2025-05-17,63.0,65.0,18.58304347826087,2.0,8.0
2025-05-10,04,2,ensemble,2025-05-24,35.0,43.0,10.323913043478264,8.0,36.0
2025-05-10,04,2,baseline,2025-05-24,35.0,65.0,30.575217391304353,30.0,36.0
2025-05-10,04,3,ensemble,2025-05-31,54.0,39.0,11.531304347826085,15.0,17.0
2025-05-10,04,3,baseline,2025-05-31,54.0,65.0,33.67608695652175,11.0,17.0
2025-05-10,05,1,ensemble,2025-05-17,13.0,9.0,2.5730434782608698,4.0,8.0
2025-05-10,05,1,baseline,2025-05-17,13.0,11.0,7.048695652173914,2.0,8.0
2025-05-10,05,2,ensemble,2025-05-24,14.0,7.0,3.3430434782608702,7.0,7.0
2025-05-10,05,2,baseline,2025-05-24,14.0,11.0,9.339130434782609,3.0,7.0
2025-05-10,05,3,ensemble,2025-05-31,14.0,7.0,3.720434782608695,7.0,7.0
2025-05-10,05,3,baseline,2025-05-31,14.0,11.0,11.104782608695654,3.0,7.0
2025-05-10,06,1,ensemble,2025-05-17,163.0,160.0,18.779565217391305,3.0,71.0
2025-05-10,06,1,baseline,2025-05-17,163.0,235.0,63.69913043478262,72.0,71.0
2025-05-10,06,2,ensemble,2025-05-24,177.0,142.0,26.65869565217392,35.0,57.0
2025-05-10,06,2,baseline,2025-05-24,177.0,235.0,76.32565217391306,58.0,57.0
2025-05-10,06,3,ensemble,2025-05-31,180.0,119.0,34.115652173913034,61.0,54.0
2025-05-10,06,3,baseline,2025-05-31,180.0,235.0,91.05260869565218,55.0,54.0
2025-05-10,08,1,ensemble,2025-05-17,19.0,19.0,3.47304347826087,0.0,11.0
2025-05-10,08,1,baseline,2025-05-17,19.0,29.0,9.624782608695654,10.0,11.0
2025-05-10,08,2,ensemble,2025-05-24,15.0,15.0,3.561304347826087,0.0,15.0
2025-05-10,08,2,baseline,2025-05-24,15.0,29.0,12.894782608695653,14.0,15.0
2025-05-10,08,3,ensemble,2025-05-31,19.0,12.0,4.27391304347826,7.0,11.0
2025-05-10,08,3,baseline,2025-05-31,19.0,29.0,14.200434782608696,10.0,11.0
2025-05-10,09,1,ensemble,2025-05-17,17.0,16.0,2.9008695652173917,1.0,8.0
2025-05-10,09,1,baseline,2025-05-17,17.0,25.0,7.855652173913044,8.0,8.0
2025-05-10,09,2,ensemble,2025-05-24,14.0,13.0,3.195217391304348,1.0,11.0
2025-05-10,09,2,baseline,2025-05-24,14.0,25.0,10.531304347826088,11.0,11.0
2025-05-10,09,3,ensemble,2025-05-31,16.0,11.0,3.4499999999999997,5.0,9.0
2025-05-10,09,3,baseline,2025-05-31,16.0,25.0,11.858695652173916,9.0,9.0
2025-05-10,10,1,ensemble,2025-05-17,0.0,4.0,2.0573913043478256,4.0,6.0
2025-05-10,10,1,baseline,2025-05-17,0.0,6.0,3.908260869565218,6.0,6.0
2025-05-10,10,2,ensemble,2025-05-24,0.0,3.0,1.6373913043478263,3.0,6.0
2025-05-10,10,2,baseline,2025-05-24,0.0,6.0,4.27304347826087,6.0,6.0
2025-05-10,10,3,ensemble,2025-05-31,0.0,3.0,1.3039130434782609,3.0,6.0
2025-05-10,10,3,baseline,2025-05-31,0.0,6.0,4.365217391304348,6.0,6.0
2025-05-10,11,1,ensemble,2025-05-17,2.0,3.0,0.8826086956521741,1.0,2.0
2025-05-10,11,1,baseline,2025-05-17,2.0,3.0,2.040434782608696,1.0,2.0
2025-05-10,11,2,ensemble,2025-05-24,2.0,2.0,0.9878260869565217,0.0,2.0
2025-05-10,11,2,baseline,2025-05-24,2.0,3.0,2.64304347826087,1.0,2.0
2025-05-10,11,3,ensemble,2025-05-31,5.0,1.0,1.6765217391304352,4.0,1.0
2025-05-10,11,3,baseline,2025-05-31,5.0,3.0,3.46304347826087,2.0,1.0
2025-05-10,12,1,ensemble,2025-05-17,208.0,155.0,28.969565217391306,53.0,16.0
2025-05-10,12,1,baseline,2025-05-17,208.0,201.0,36.0808695652174,7.0,16.0
2025-05-10,12,2,ensemble,2025-05-24,213.0,134.0,39.9,79.0,11.0
2025-05-10,12,2,baseline,2025-05-24,213.0,201.0,49.12217391304348,12.0,11.0
2025-05-10,12,3,ensemble,2025-05-31,226.0,120.0,53.079999999999984,106.0,2.0
2025-05-10,12,3,baseline,2025-05-31,226.0,201.0,59.76608695652173,25.0,2.0
2025-05-10,13,1,ensemble,2025-05-17,34.0,25.0,5.608695652173913,9.0,10.0
2025-05-10,13,1,baseline,2025-05-17,34.0,36.0,13.789565217391308,2.0,10.0
2025-05-10,13,2,ensemble,2025-05-24,21.0,20.0,4.719130434782609,1.0,23.0
2025-05-10,13,2,baseline,2025-05-24,21.0,36.0,20.170434782608698,15.0,23.0
2025-05-10,13,3,ensemble,2025-05-31,26.0,20.0,5.481739130434782,6.0,18.0
2025-05-10,13,3,baseline,2025-05-31,26.0,36.0,23.932608695652174,10.0,18.0
2025-05-10,15,1,ensemble,2025-05-17,25.0,23.0,2.740869565217392,2.0,9.0
2025-05-10,15,1,baseline,2025-05-17,25.0,30.0,3.0539130434782606,5.0,9.0
2025-05-10,15,2,ensemble,2025-05-24,18.0,20.0,2.769130434782609,2.0,16.0
2025-05-10,15,2,baseline,2025-05-24,18.0,30.0,6.474782608695653,12.0,16.0
2025-05-10,15,3,ensemble,2025-05-31,19.0,18.0,2.7360869565217394,1.0,15.0
2025-05-10,15,3,baseline,2025-05-31,19.0,30.0,5.963478260869565,11.0,15.0
2025-05-10,16,1,ensemble,2025-05-17,11.0,5.0,2.8743478260869564,6.0,2.0
2025-05-10,16,1,baseline,2025-05-17,11.0,7.0,4.3426086956521734,4.0,2.0
2025-05-10,16,2,ensemble,2025-05-24,11.0,5.0,3.1252173913043477,6.0,2.0
2025-05-10,16,2,baseline,2025-05-24,11.0,7.0,5.609565217391305,4.0,2.0
2025-05-10,16,3,ensemble,2025-05-31,5.0,3.0,1.4734782608695653,2.0,8.0
2025-05-10,16,3,baseline,2025-05-31,5.0,7.0,6.579565217391305,2.0,8.0
2025-05-10,17,1,ensemble,2025-05-17,52.0,46.0,8.661304347826086,6.0,29.0
2025-05-10,17,1,baseline,2025-05-17,52.0,70.0,21.567826086956526,18.0,29.0
2025-05-10,17,2,ensemble,2025-05-24,74.0,40.0,15.949565217391303,34.0,7.0
2025-05-10,17,2,baseline,2025-05-24,74.0,70.0,27.218260869565217,4.0,7.0
2025-05-10,17,3,ensemble,2025-05-31,56.0,33.0,12.312608695652177,23.0,25.0
2025-05-10,17,3,baseline,2025-05-31,56.0,70.0,34.26521739130435,14.0,25.0
2025-05-10,18,1,ensemble,2025-05-17,25.0,21.0,4.616521739130436,4.0,9.0
2025-05-10,18,1,baseline,2025-05-17,25.0,31.0,14.354347826086961,6.0,9.0
2025-05-10,18,2,ensemble,2025-05-24,18.0,15.0,4.964347826086957,3.0,16.0
2025-05-10,18,2,baseline,2025-05-24,18.0,31.0,20.730869565217393,13.0,16.0
2025-05-10,18,3,ensemble,2025-05-31,20.0,14.0,5.176086956521741,6.0,14.0
2025-05-10,18,3,baseline,2025-05-31,20.0,31.0,24.9604347826087,11.0,14.0
2025-05-10,19,1,ensemble,2025-05-17,1.0,4.0,1.9721739130434779,3.0,3.0
2025-05-10,19,1,baseline,2025-05-17,1.0,4.0,4.5200000000000005,3.0,3.0
2025-05-10,19,2,ensemble,2025-05-24,5.0,3.0,1.6643478260869566,2.0,1.0
2025-05-10,19,2,baseline,2025-05-24,5.0,4.0,6.031739130434784,1.0,1.0
2025-05-10,19,3,ensemble,2025-05-31,3.0,2.0,1.4921739130434784,1.0,1.0
2025-05-10,19,3,baseline,2025-05-31,3.0,4.0,7.563913043478262,1.0,1.0
2025-05-10,20,1,ensemble,2025-05-17,8.0,4.0,1.976956521739131,4.0,2.0
2025-05-10,20,1,baseline,2025-05-17,8.0,6.0,4.502173913043479,2.0,2.0
2025-05-10,20,2,ensemble,2025-05-24,11.0,3.0,3.93304347826087,8.0,5.0
2025-05-10,20,2,baseline,2025-05-24,11.0,6.0,6.523043478260871,5.0,5.0
2025-05-10,20,3,ensemble,2025-05-31,9.0,3.0,3.049130434782609,6.0,3.0
2025-05-10,20,3,baseline,2025-05-31,9.0,6.0,7.801304347826087,3.0,3.0
2025-05-10,21,1,ensemble,2025-05-17,15.0,8.0,3.542608695652174,7.0,0.0
2025-05-10,21,1,baseline,2025-05-17,15.0,12.0,10.15130434782609,3.0,0.0
2025-05-10,21,2,ensemble,2025-05-24,10.0,6.0,2.776956521739131,4.0,5.0
2025-05-10,21,2,baseline,2025-05-24,10.0,12.0,14.254347826086958,2.0,5.0
2025-05-10,21,3,ensemble,2025-05-31,21.0,5.0,7.557826086956522,16.0,6.0
2025-05-10,21,3,baseline,2025-05-31,21.0,12.0,17.70913043478261,9.0,6.0
2025-05-10,22,1,ensemble,2025-05-17,40.0,31.0,5.528695652173913,9.0,1.0
2025-05-10,22,1,baseline,2025-05-17,40.0,43.0,9.64304347826087,3.0,1.0
2025-05-10,22,2,ensemble,2025-05-24,29.0,26.0,4.718695652173913,3.0,12.0
2025-05-10,22,2,baseline,2025-05-24,29.0,43.0,14.516086956521741,14.0,12.0
2025-05-10,22,3,ensemble,2025-05-31,33.0,21.0,6.192608695652174,12.0,8.0
2025-05-10,22,3,baseline,2025-05-31,33.0,43.0,16.37130434782609,10.0,8.0
2025-05-10,23,1,ensemble,2025-05-17,2.0,5.0,1.5304347826086961,3.0,8.0
2025-05-10,23,1,baseline,2025-05-17,2.0,8.0,4.093478260869565,6.0,8.0
2025-05-10,23,2,ensemble,2025-05-24,2.0,4.0,1.3069565217391308,2.0,8.0
2025-05-10,23,2,baseline,2025-05-24,2.0,8.0,4.638695652173913,6.0,8.0
2025-05-10,23,3,ensemble,2025-05-31,1.0,4.0,1.3208695652173914,3.0,9.0
2025-05-10,23,3,baseline,2025-05-31,1.0,8.0,5.538695652173913,7.0,9.0
2025-05-10,24,1,ensemble,2025-05-17,10.0,25.0,7.152608695652174,15.0,31.0
2025-05-10,24,1,baseline,2025-05-17,10.0,40.0,18.249565217391304,30.0,31.0
2025-05-10,24,2,ensemble,2025-05-24,26.0,18.0,5.33,8.0,15.0
2025-05-10,24,2,baseline,2025-05-24,26.0,40.0,14.863913043478261,14.0,15.0
2025-05-10,24,3,ensemble,2025-05-31,38.0,15.0,10.060869565217393,23.0,3.0
2025-05-10,24,3,baseline,2025-05-31,38.0,40.0,16.281739130434786,2.0,3.0
2025-05-10,25,1,ensemble,2025-05-17,30.0,30.0,4.82913043478261,0.0,19.0
2025-05-10,25,1,baseline,2025-05-17,30.0,48.0,17.43608695652174,18.0,19.0
2025-05-10,25,2,ensemble,2025-05-24,29.0,22.0,5.933913043478261,7.0,20.0
2025-05-10,25,2,baseline,2025-05-24,29.0,48.0,22.262608695652176,19.0,20.0
2025-05-10,25,3,ensemble,2025-05-31,26.0,17.0,6.74304347826087,9.0,23.0
2025-05-10,25,3,baseline,2025-05-31,26.0,48.0,26.60956521739131,22.0,23.0
2025-05-10,26,1,ensemble,2025-05-17,62.0,63.0,7.905652173913044,1.0,52.0
2025-05-10,26,1,baseline,2025-05-17,62.0,104.0,30.91304347826087,42.0,52.0
2025-05-10,26,2,ensemble,2025-05-24,50.0,57.0,9.068260869565217,7.0,64.0
2025-05-10,26,2,baseline,2025-05-24,50.0,104.0,39.44608695652175,54.0,64.0
2025-05-10,26,3,ensemble,2025-05-31,50.0,51.0,9.433913043478261,1.0,64.0
2025-05-10,26,3,baseline,2025-05-31,50.0,104.0,43.02782608695653,54.0,64.0
2025-05-10,27,1,ensemble,2025-05-17,7.0,17.0,5.951739130434782,10.0,21.0
2025-05-10,27,1,baseline,2025-05-17,7.0,27.0,12.783043478260867,20.0,21.0
2025-05-10,27,2,ensemble,2025-05-24,9.0,13.0,4.467391304347827,4.0,19.0
2025-05-10,27,2,baseline,2025-05-24,9.0,27.0,13.383913043478264,18.0,19.0
2025-05-10,27,3,ensemble,2025-05-31,12.0,11.0,4.2617391304347825,1.0,16.0
2025-05-10,27,3,baseline,2025-05-31,12.0,27.0,14.266521739130434,15.0,16.0
2025-05-10,28,1,ensemble,2025-05-17,16.0,12.0,2.488695652173913,4.0,2.0
2025-05-10,28,1,baseline,2025-05-17,16.0,14.0,5.912173913043479,2.0,2.0
2025-05-10,28,2,ensemble,2025-05-24,13.0,10.0,2.027826086956522,3.0,1.0
2025-05-10,28,2,baseline,2025-05-24,13.0,14.0,7.81304347826087,1.0,1.0
2025-05-10,28,3,ensemble,2025-05-31,18.0,10.0,4.090869565217391,8.0,4.0
2025-05-10,28,3,baseline,2025-05-31,18.0,14.0,9.433478260869567,4.0,4.0
2025-05-10,29,1,ensemble,2025-05-17,53.0,22.0,14.10086956521739,31.0,6.0
2025-05-10,29,1,baseline,2025-05-17,53.0,35.0,15.65304347826087,18.0,6.0
2025-05-10,29,2,ensemble,2025-05-24,42.0,18.0,9.795652173913044,24.0,17.0
2025-05-10,29,2,baseline,2025-05-24,42.0,35.0,18.68,7.0,17.0
2025-05-10,29,3,ensemble,2025-05-31,44.0,15.0,12.72173913043478,29.0,15.0
2025-05-10,29,3,baseline,2025-05-31,44.0,35.0,23.211304347826083,9.0,15.0
2025-05-10,30,1,ensemble,2025-05-17,0.0,4.0,1.9026086956521737,4.0,4.0
2025-05-10,30,1,baseline,2025-05-17,0.0,6.0,4.093478260869565,6.0,4.0
2025-05-10,30,2,ensemble,2025-05-24,2.0,3.0,0.9947826086956522,1.0,2.0
2025-05-10,30,2,baseline,2025-05-24,2.0,6.0,3.832173913043479,4.0,2.0
2025-05-10,30,3,ensemble,2025-05-31,4.0,2.0,1.0917391304347828,2.0,0.0
2025-05-10,30,3,baseline,2025-05-31,4.0,6.0,4.321304347826087,2.0,0.0
2025-05-10,31,1,ensemble,2025-05-17,5.0,2.0,1.3526086956521741,3.0,2.0
2025-05-10,31,1,baseline,2025-05-17,5.0,3.0,2.826521739130435,2.0,2.0
2025-05-10,31,2,ensemble,2025-05-24,2.0,2.0,1.0895652173913046,0.0,1.0
2025-05-10,31,2,baseline,2025-05-24,2.0,3.0,3.7465217391304355,1.0,1.0
2025-05-10,31,3,ensemble,2025-05-31,2.0,2.0,1.056086956521739,0.0,1.0
2025-05-10,31,3,baseline,2025-05-31,2.0,3.0,4.648695652173914,1.0,1.0
2025-05-10,32,1,ensemble,2025-05-17,16.0,12.0,2.706521739130435,4.0,3.0
2025-05-10,32,1,baseline,2025-05-17,16.0,17.0,5.425652173913043,1.0,3.0
2025-05-10,32,2,ensemble,2025-05-24,26.0,9.0,9.428695652173914,17.0,7.0
2025-05-10,32,2,baseline,2025-05-24,26.0,17.0,8.093478260869565,9.0,7.0
2025-05-10,32,3,ensemble,2025-05-31,15.0,7.0,3.5004347826086954,8.0,4.0
2025-05-10,32,3,baseline,2025-05-31,15.0,17.0,8.857826086956523,2.0,4.0
2025-05-10,33,1,ensemble,2025-05-17,3.0,4.0,1.0186956521739132,1.0,3.0
2025-05-10,33,1,baseline,2025-05-17,3.0,6.0,2.540434782608696,3.0,3.0
2025-05-10,33,2,ensemble,2025-05-24,1.0,3.0,1.3239130434782609,2.0,5.0
2025-05-10,33,2,baseline,2025-05-24,1.0,6.0,3.7008695652173915,5.0,5.0
2025-05-10,33,3,ensemble,2025-05-31,3.0,3.0,0.9339130434782609,0.0,3.0
2025-05-10,33,3,baseline,2025-05-31,3.0,6.0,3.759565217391305,3.0,3.0
2025-05-10,34,1,ensemble,2025-05-17,43.0,44.0,7.1739130434782625,1.0,27.0
2025-05-10,34,1,baseline,2025-05-17,43.0,69.0,22.780434782608697,26.0,27.0
2025-05-10,34,2,ensemble,2025-05-24,25.0,41.0,9.515217391304349,16.0,45.0
2025-05-10,34,2,baseline,2025-05-24,25.0,69.0,32.56347826086958,44.0,45.0
2025-05-10,34,3,ensemble,2025-05-31,30.0,29.0,7.99608695652174,1.0,40.0
2025-05-10,34,3,baseline,2025-05-31,30.0,69.0,35.4,39.0,40.0
2025-05-10,35,1,ensemble,2025-05-17,11.0,21.0,5.276521739130436,10.0,21.0
2025-05-10,35,1,baseline,2025-05-17,11.0,31.0,11.713043478260872,20.0,21.0
2025-05-10,35,2,ensemble,2025-05-24,14.0,18.0,3.439565217391305,4.0,18.0
2025-05-10,35,2,baseline,2025-05-24,14.0,31.0,10.986521739130437,17.0,18.0
2025-05-10,35,3,ensemble,2025-05-31,7.0,15.0,4.67913043478261,8.0,25.0
2025-05-10,35,3,baseline,2025-05-31,7.0,31.0,14.155652173913046,24.0,25.0
2025-05-10,36,1,ensemble,2025-05-17,63.0,83.0,15.533478260869567,20.0,94.0
2025-05-10,36,1,baseline,2025-05-17,63.0,147.0,54.14913043478262,84.0,94.0
2025-05-10,36,2,ensemble,2025-05-24,50.0,64.0,16.77956521739131,14.0,107.0
2025-05-10,36,2,baseline,2025-05-24,50.0,147.0,63.48782608695653,97.0,107.0
2025-05-10,36,3,ensemble,2025-05-31,41.0,54.0,17.050869565217393,13.0,116.0
2025-05-10,36,3,baseline,2025-05-31,41.0,147.0,70.26347826086959,106.0,116.0
2025-05-10,37,1,ensemble,2025-05-17,18.0,29.0,6.406956521739131,11.0,21.0
2025-05-10,37,1,baseline,2025-05-17,18.0,39.0,20.149565217391306,21.0,21.0
2025-05-10,37,2,ensemble,2025-05-24,19.0,19.0,5.705217391304349,0.0,20.0
2025-05-10,37,2,baseline,2025-05-24,19.0,39.0,25.778695652173912,20.0,20.0
2025-05-10,37,3,ensemble,2025-05-31,18.0,20.0,6.2752173913043485,2.0,21.0
2025-05-10,37,3,baseline,2025-05-31,18.0,39.0,31.12434782608696,21.0,21.0
2025-05-10,38,1,ensemble,2025-05-17,7.0,6.0,1.1391304347826086,1.0,2.0
2025-05-10,38,1,baseline,2025-05-17,7.0,9.0,2.356956521739131,2.0,2.0
2025-05-10,38,2,ensemble,2025-05-24,3.0,5.0,1.1478260869565218,2.0,6.0
2025-05-10,38,2,baseline,2025-05-24,3.0,9.0,3.819565217391305,6.0,6.0
2025-05-10,38,3,ensemble,2025-05-31,1.0,4.0,1.4265217391304348,3.0,8.0
2025-05-10,38,3,baseline,2025-05-31,1.0,9.0,4.584782608695653,8.0,8.0
2025-05-10,39,1,ensemble,2025-05-17,25.0,35.0,7.827826086956523,10.0,20.0
2025-05-10,39,1,baseline,2025-05-17,25.0,46.0,25.28608695652174,21.0,20.0
2025-05-10,39,2,ensemble,2025-05-24,20.0,25.0,9.382608695652173,5.0,25.0
2025-05-10,39,2,baseline,2025-05-24,20.0,46.0,34.85478260869566,26.0,25.0
2025-05-10,39,3,ensemble,2025-05-31,19.0,19.0,9.59608695652174,0.0,26.0
2025-05-10,39,3,baseline,2025-05-31,19.0,46.0,42.39608695652174,27.0,26.0
2025-05-10,40,1,ensemble,2025-05-17,19.0,7.0,5.885217391304349,12.0,3.0
2025-05-10,40,1,baseline,2025-05-17,19.0,8.0,10.081304347826089,11.0,3.0
2025-05-10,40,2,ensemble,2025-05-24,13.0,6.0,3.4143478260869577,7.0,3.0
2025-05-10,40,2,baseline,2025-05-24,13.0,8.0,12.687391304347829,5.0,3.0
2025-05-10,40,3,ensemble,2025-05-31,8.0,5.0,2.9539130434782606,3.0,8.0
2025-05-10,40,3,baseline,2025-05-31,8.0,8.0,15.511739130434785,0.0,8.0
2025-05-10,41,1,ensemble,2025-05-17,19.0,21.0,3.359565217391305,2.0,16.0
2025-05-10,41,1,baseline,2025-05-17,19.0,30.0,9.633913043478262,11.0,16.0
2025-05-10,41,2,ensemble,2025-05-24,19.0,17.0,4.031304347826087,2.0,16.0
2025-05-10,41,2,baseline,2025-05-24,19.0,30.0,11.888695652173915,11.0,16.0
2025-05-10,41,3,ensemble,2025-05-31,14.0,13.0,4.01695652173913,1.0,21.0
2025-05-10,41,3,baseline,2025-05-31,14.0,30.0,15.269565217391303,16.0,21.0
2025-05-10,42,1,ensemble,2025-05-17,169.0,169.0,19.68521739130435,0.0,85.0
2025-05-10,42,1,baseline,2025-05-17,169.0,251.0,54.608695652173914,82.0,85.0
2025-05-10,42,2,ensemble,2025-05-24,171.0,142.0,24.033913043478265,29.0,83.0
2025-05-10,42,2,baseline,2025-05-24,171.0,251.0,62.31391304347827,80.0,83.0
2025-05-10,42,3,ensemble,2025-05-31,183.0,118.0,33.568695652173915,65.0,71.0
2025-05-10,42,3,baseline,2025-05-31,183.0,251.0,69.01608695652176,68.0,71.0
2025-05-10,44,1,ensemble,2025-05-17,2.0,5.0,1.5034782608695654,3.0,6.0
2025-05-10,44,1,baseline,2025-05-17,2.0,8.0,3.6878260869565214,6.0,6.0
2025-05-10,44,2,ensemble,2025-05-24,2.0,4.0,1.3508695652173914,2.0,6.0
2025-05-10,44,2,baseline,2025-05-24,2.0,8.0,4.040869565217391,6.0,6.0
2025-05-10,44,3,ensemble,2025-05-31,2.0,3.0,1.1621739130434785,1.0,6.0
2025-05-10,44,3,baseline,2025-05-31,2.0,8.0,4.215217391304348,6.0,6.0
2025-05-10,45,1,ensemble,2025-05-17,15.0,13.0,3.3347826086956522,2.0,1.0
2025-05-10,45,1,baseline,2025-05-17,15.0,16.0,8.58913043478261,1.0,1.0
2025-05-10,45,2,ensemble,2025-05-24,17.0,12.0,3.670434782608696,5.0,1.0
2025-05-10,45,2,baseline,2025-05-24,17.0,16.0,11.998695652173916,1.0,1.0
2025-05-10,45,3,ensemble,2025-05-31,18.0,11.0,3.9839130434782613,7.0,2.0
2025-05-10,45,3,baseline,2025-05-31,18.0,16.0,15.02434782608696,2.0,2.0
2025-05-10,46,1,ensemble,2025-05-17,5.0,3.0,1.0943478260869566,2.0,1.0
2025-05-10,46,1,baseline,2025-05-17,5.0,4.0,2.218695652173913,1.0,1.0
2025-05-10,46,2,ensemble,2025-05-24,7.0,3.0,2.3956521739130436,4.0,3.0
2025-05-10,46,2,baseline,2025-05-24,7.0,4.0,3.048260869565218,3.0,3.0
2025-05-10,46,3,ensemble,2025-05-31,5.0,2.0,1.4295652173913045,3.0,1.0
2025-05-10,46,3,baseline,2025-05-31,5.0,4.0,3.4586956521739136,1.0,1.0
2025-05-10,47,1,ensemble,2025-05-17,50.0,30.0,9.533913043478261,20.0,4.0
2025-05-10,47,1,baseline,2025-05-17,50.0,45.0,13.385217391304348,5.0,4.0
2025-05-10,47,2,ensemble,2025-05-24,35.0,23.0,5.947826086956522,12.0,11.0
2025-05-10,47,2,baseline,2025-05-24,35.0,45.0,18.71260869565218,10.0,11.0
2025-05-10,47,3,ensemble,2025-05-31,35.0,22.0,6.518260869565217,13.0,11.0
2025-05-10,47,3,baseline,2025-05-31,35.0,45.0,22.719130434782606,10.0,11.0
2025-05-10,48,1,ensemble,2025-05-17,202.0,122.0,37.916086956521745,80.0,12.0
2025-05-10,48,1,baseline,2025-05-17,202.0,176.0,48.703913043478266,26.0,12.0
2025-05-10,48,2,ensemble,2025-05-24,140.0,97.0,25.516956521739125,43.0,50.0
2025-05-10,48,2,baseline,2025-05-24,140.0,176.0,64.38391304347827,36.0,50.0
2025-05-10,48,3,ensemble,2025-05-31,161.0,94.0,35.298260869565226,67.0,29.0
2025-05-10,48,3,baseline,2025-05-31,161.0,176.0,75.02913043478262,15.0,29.0
2025-05-10,49,1,ensemble,2025-05-17,12.0,10.0,1.9291304347826093,2.0,5.0
2025-05-10,49,1,baseline,2025-05-17,12.0,16.0,3.6595652173913042,4.0,5.0
2025-05-10,49,2,ensemble,2025-05-24,14.0,8.0,3.046956521739131,6.0,3.0
2025-05-10,49,2,baseline,2025-05-24,14.0,16.0,4.375217391304348,2.0,3.0
2025-05-10,49,3,ensemble,2025-05-31,13.0,7.0,3.0769565217391297,6.0,4.0
2025-05-10,49,3,baseline,2025-05-31,13.0,16.0,5.45304347826087,3.0,4.0
2025-05-10,50,1,ensemble,2025-05-17,2.0,2.0,0.7591304347826088,0.0,1.0
2025-05-10,50,1,baseline,2025-05-17,2.0,3.0,1.4086956521739133,1.0,1.0
2025-05-10,50,2,ensemble,2025-05-24,1.0,2.0,0.7278260869565218,1.0,2.0
2025-05-10,50,2,baseline,2025-05-24,1.0,3.0,1.978260869565218,2.0,2.0
2025-05-10,50,3,ensemble,2025-05-31,1.0,1.0,0.6265217391304349,0.0,2.0
2025-05-10,50,3,baseline,2025-05-31,1.0,3.0,2.1491304347826086,2.0,2.0
2025-05-10,51,1,ensemble,2025-05-17,15.0,24.0,5.2669565217391305,9.0,17.0
2025-05-10,51,1,baseline,2025-05-17,15.0,31.0,14.921739130434785,16.0,17.0
2025-05-10,51,2,ensemble,2025-05-24,27.0,20.0,4.540869565217391,7.0,5.0
2025-05-10,51,2,baseline,2025-05-24,27.0,31.0,17.628695652173914,4.0,5.0
2025-05-10,51,3,ensemble,2025-05-31,27.0,20.0,4.891739130434783,7.0,5.0
2025-05-10,51,3,baseline,2025-05-31,27.0,31.0,21.21434782608696,4.0,5.0
2025-05-10,53,1,ensemble,2025-05-17,16.0,20.0,3.096521739130436,4.0,4.0
2025-05-10,53,1,baseline,2025-05-17,16.0,28.0,10.30521739130435,12.0,4.0
2025-05-10,53,2,ensemble,2025-05-24,29.0,18.0,6.019130434782609,11.0,9.0
2025-05-10,53,2,baseline,2025-05-24,29.0,28.0,12.05608695652174,1.0,9.0
2025-05-10,53,3,ensemble,2025-05-31,26.0,15.0,5.470434782608696,11.0,6.0
2025-05-10,53,3,baseline,2025-05-31,26.0,28.0,14.859565217391307,2.0,6.0
2025-05-10,54,1,ensemble,2025-05-17,5.0,5.0,1.85,0.0,5.0
2025-05-10,54,1,baseline,2025-05-17,5.0,10.0,5.93608695652174,5.0,5.0
2025-05-10,54,2,ensemble,2025-05-24,1.0,4.0,2.4260869565217393,3.0,9.0
2025-05-10,54,2,baseline,2025-05-24,1.0,10.0,8.432608695652172,9.0,9.0
2025-05-10,54,3,ensemble,2025-05-31,1.0,4.0,1.9382608695652173,3.0,9.0
2025-05-10,54,3,baseline,2025-05-31,1.0,10.0,9.86434782608696,9.0,9.0
2025-05-10,55,1,ensemble,2025-05-17,15.0,17.0,3.336521739130436,2.0,15.0
2025-05-10,55,1,baseline,2025-05-17,15.0,26.0,10.429565217391307,11.0,15.0
2025-05-10,55,2,ensemble,2025-05-24,10.0,13.0,3.7139130434782617,3.0,20.0
2025-05-10,55,2,baseline,2025-05-24,10.0,26.0,14.409130434782607,16.0,20.0
2025-05-10,55,3,ensemble,2025-05-31,4.0,10.0,4.501304347826087,6.0,26.0
2025-05-10,55,3,baseline,2025-05-31,4.0,26.0,18.27347826086957,22.0,26.0
2025-05-10,56,1,ensemble,2025-05-17,3.0,1.0,1.0104347826086957,2.0,2.0
2025-05-10,56,1,baseline,2025-05-17,3.0,1.0,1.77,2.0,2.0
2025-05-10,56,2,ensemble,2025-05-24,3.0,1.0,0.9508695652173912,2.0,2.0
2025-05-10,56,2,baseline,2025-05-24,3.0,1.0,2.2400000000000007,2.0,2.0
2025-05-10,56,3,ensemble,2025-05-31,3.0,1.0,0.9865217391304345,2.0,2.0
2025-05-10,56,3,baseline,2025-05-31,3.0,1.0,2.609130434782609,2.0,2.0
2025-05-17,01,1,ensemble,2025-05-24,28.0,19.0,4.695652173913045,9.0,5.0
2025-05-17,01,1,baseline,2025-05-24,28.0,26.0,8.694347826086958,2.0,5.0
2025-05-17,01,2,ensemble,2025-05-31,11.0,18.0,3.8786956521739135,7.0,22.0
2025-05-17,01,2,baseline,2025-05-31,11.0,26.0,13.503913043478265,15.0,22.0
2025-05-17,01,3,ensemble,2025-06-07,14.0,17.0,3.523043478260869,3.0,19.0
2025-05-17,01,3,baseline,2025-06-07,14.0,26.0,15.234782608695651,12.0,19.0
2025-05-17,02,1,ensemble,2025-05-24,7.0,2.0,2.5173913043478264,5.0,4.0
2025-05-17,02,1,baseline,2025-05-24,7.0,2.0,2.575652173913044,5.0,4.0
2025-05-17,02,2,ensemble,2025-05-31,6.0,2.0,2.256521739130435,4.0,3.0
2025-05-17,02,2,baseline,2025-05-31,6.0,2.0,2.1765217391304352,4.0,3.0
2025-05-17,02,3,ensemble,2025-06-07,8.0,2.0,3.88695652173913,6.0,5.0
2025-05-17,02,3,baseline,2025-06-07,8.0,2.0,2.867826086956522,6.0,5.0
2025-05-17,04,1,ensemble,2025-05-24,35.0,43.0,7.658260869565219,8.0,18.0
2025-05-17,04,1,baseline,2025-05-24,35.0,48.0,18.946086956521743,13.0,18.0
2025-05-17,04,2,ensemble,2025-05-31,54.0,36.0,10.858695652173914,18.0,1.0
2025-05-17,04,2,baseline,2025-05-31,54.0,48.0,25.373043478260872,6.0,1.0
2025-05-17,04,3,ensemble,2025-06-07,32.0,38.0,8.316956521739131,6.0,21.0
2025-05-17,04,3,baseline,2025-06-07,32.0,48.0,32.208695652173915,16.0,21.0
2025-05-17,05,1,ensemble,2025-05-24,14.0,5.0,4.0660869565217395,9.0,1.0
2025-05-17,05,1,baseline,2025-05-24,14.0,5.0,7.107826086956522,9.0,1.0
2025-05-17,05,2,ensemble,2025-05-31,14.0,4.0,4.77391304347826,10.0,1.0
2025-05-17,05,2,baseline,2025-05-31,14.0,5.0,8.895217391304348,9.0,1.0
2025-05-17,05,3,ensemble,2025-06-07,14.0,5.0,4.916956521739129,9.0,1.0
2025-05-17,05,3,baseline,2025-06-07,14.0,5.0,10.27608695652174,9.0,1.0
2025-05-17,06,1,ensemble,2025-05-24,177.0,113.0,31.11652173913044,64.0,13.0
2025-05-17,06,1,baseline,2025-05-24,177.0,157.0,45.97913043478262,20.0,13.0
2025-05-17,06,2,ensemble,2025-05-31,180.0,95.0,41.533478260869565,85.0,16.0
2025-05-17,06,2,baseline,2025-05-31,180.0,157.0,65.07652173913044,23.0,16.0
2025-05-17,06,3,ensemble,2025-06-07,143.0,94.0,28.711304347826086,49.0,21.0
2025-05-17,06,3,baseline,2025-06-07,143.0,157.0,79.9617391304348,14.0,21.0
2025-05-17,08,1,ensemble,2025-05-24,15.0,22.0,4.310869565217392,7.0,21.0
2025-05-17,08,1,baseline,2025-05-24,15.0,31.0,11.409565217391307,16.0,21.0
2025-05-17,08,2,ensemble,2025-05-31,19.0,21.0,3.7721739130434786,2.0,17.0
2025-05-17,08,2,baseline,2025-05-31,19.0,31.0,12.57826086956522,12.0,17.0
2025-05-17,08,3,ensemble,2025-06-07,20.0,16.0,4.088695652173913,4.0,16.0
2025-05-17,08,3,baseline,2025-06-07,20.0,31.0,14.493478260869566,11.0,16.0
2025-05-17,09,1,ensemble,2025-05-24,14.0,7.0,3.439130434782609,7.0,5.0
2025-05-17,09,1,baseline,2025-05-24,14.0,9.0,6.036956521739131,5.0,5.0
2025-05-17,09,2,ensemble,2025-05-31,16.0,6.0,4.811304347826088,10.0,7.0
2025-05-17,09,2,baseline,2025-05-31,16.0,9.0,8.095652173913043,7.0,7.0
2025-05-17,09,3,ensemble,2025-06-07,8.0,6.0,2.1669565217391304,2.0,1.0
2025-05-17,09,3,baseline,2025-06-07,8.0,9.0,9.199565217391307,1.0,1.0
2025-05-17,10,1,ensemble,2025-05-24,0.0,2.0,1.2556521739130435,2.0,3.0
2025-05-17,10,1,baseline,2025-05-24,0.0,3.0,2.4913043478260875,3.0,3.0
2025-05-17,10,2,ensemble,2025-05-31,0.0,2.0,1.0491304347826087,2.0,3.0
2025-05-17,10,2,baseline,2025-05-31,0.0,3.0,2.75304347826087,3.0,3.0
2025-05-17,10,3,ensemble,2025-06-07,0.0,2.0,0.9721739130434782,2.0,3.0
2025-05-17,10,3,baseline,2025-06-07,0.0,3.0,3.4243478260869575,3.0,3.0
2025-05-17,11,1,ensemble,2025-05-24,2.0,5.0,1.523913043478261,3.0,4.0
2025-05-17,11,1,baseline,2025-05-24,2.0,6.0,2.9913043478260875,4.0,4.0
2025-05-17,11,2,ensemble,2025-05-31,5.0,5.0,1.088695652173913,0.0,1.0
2025-05-17,11,2,baseline,2025-05-31,5.0,6.0,3.0891304347826094,1.0,1.0
2025-05-17,11,3,ensemble,2025-06-07,4.0,4.0,1.0243478260869565,0.0,2.0
2025-05-17,11,3,baseline,2025-06-07,4.0,6.0,3.738695652173914,2.0,2.0
2025-05-17,12,1,ensemble,2025-05-24,213.0,168.0,24.659565217391307,45.0,18.0
2025-05-17,12,1,baseline,2025-05-24,213.0,208.0,35.729130434782604,5.0,18.0
2025-05-17,12,2,ensemble,2025-05-31,226.0,141.0,45.74826086956522,85.0,5.0
2025-05-17,12,2,baseline,2025-05-31,226.0,208.0,49.276086956521745,18.0,5.0
2025-05-17,12,3,ensemble,2025-06-07,210.0,132.0,44.624347826086954,78.0,21.0
2025-05-17,12,3,baseline,2025-06-07,210.0,208.0,58.6504347826087,2.0,21.0
2025-05-17,13,1,ensemble,2025-05-24,21.0,31.0,6.328695652173913,10.0,23.0
2025-05-17,13,1,baseline,2025-05-24,21.0,40.0,16.543913043478266,19.0,23.0
2025-05-17,13,2,ensemble,2025-05-31,26.0,27.0,5.581739130434783,1.0,18.0
2025-05-17,13,2,baseline,2025-05-31,26.0,40.0,20.15826086956522,14.0,18.0
2025-05-17,13,3,ensemble,2025-06-07,25.0,23.0,4.83913043478261,2.0,19.0
2025-05-17,13,3,baseline,2025-06-07,25.0,40.0,24.458695652173915,15.0,19.0
2025-05-17,15,1,ensemble,2025-05-24,18.0,24.0,3.294782608695652,6.0,12.0
2025-05-17,15,1,baseline,2025-05-24,18.0,30.0,6.736521739130435,12.0,12.0
2025-05-17,15,2,ensemble,2025-05-31,19.0,21.0,2.7256521739130437,2.0,11.0
2025-05-17,15,2,baseline,2025-05-31,19.0,30.0,5.911739130434784,11.0,11.0
2025-05-17,15,3,ensemble,2025-06-07,10.0,18.0,4.490869565217392,8.0,20.0
2025-05-17,15,3,baseline,2025-06-07,10.0,30.0,11.225652173913044,20.0,20.0
2025-05-17,16,1,ensemble,2025-05-24,11.0,5.0,2.8026086956521743,6.0,0.0
2025-05-17,16,1,baseline,2025-05-24,11.0,7.0,4.285217391304348,4.0,0.0
2025-05-17,16,2,ensemble,2025-05-31,5.0,4.0,1.4121739130434785,1.0,6.0
2025-05-17,16,2,baseline,2025-05-31,5.0,7.0,5.334782608695652,2.0,6.0
2025-05-17,16,3,ensemble,2025-06-07,7.0,3.0,1.869130434782609,4.0,4.0
2025-05-17,16,3,baseline,2025-06-07,7.0,7.0,6.421304347826087,0.0,4.0
2025-05-17,17,1,ensemble,2025-05-24,74.0,35.0,19.850434782608694,39.0,17.0
2025-05-17,17,1,baseline,2025-05-24,74.0,50.0,21.752173913043475,24.0,17.0
2025-05-17,17,2,ensemble,2025-05-31,56.0,27.0,13.790434782608694,29.0,1.0
2025-05-17,17,2,baseline,2025-05-31,56.0,50.0,25.622173913043476,6.0,1.0
2025-05-17,17,3,ensemble,2025-06-07,28.0,23.0,6.550434782608697,5.0,29.0
2025-05-17,17,3,baseline,2025-06-07,28.0,50.0,32.86391304347828,22.0,29.0
2025-05-17,18,1,ensemble,2025-05-24,18.0,20.0,4.51913043478261,2.0,9.0
2025-05-17,18,1,baseline,2025-05-24,18.0,25.0,13.831739130434782,7.0,9.0
2025-05-17,18,2,ensemble,2025-05-31,20.0,17.0,4.268695652173912,3.0,7.0
2025-05-17,18,2,baseline,2025-05-31,20.0,25.0,19.187391304347827,5.0,7.0
2025-05-17,18,3,ensemble,2025-06-07,15.0,16.0,4.091304347826087,1.0,12.0
2025-05-17,18,3,baseline,2025-06-07,15.0,25.0,23.90826086956522,10.0,12.0
2025-05-17,19,1,ensemble,2025-05-24,5.0,3.0,1.3447826086956522,2.0,1.0
2025-05-17,19,1,baseline,2025-05-24,5.0,4.0,4.199130434782609,1.0,1.0
2025-05-17,19,2,ensemble,2025-05-31,3.0,2.0,1.2891304347826085,1.0,1.0
2025-05-17,19,2,baseline,2025-05-31,3.0,4.0,5.962173913043479,1.0,1.0
2025-05-17,19,3,ensemble,2025-06-07,6.0,3.0,1.8256521739130436,3.0,2.0
2025-05-17,19,3,baseline,2025-06-07,6.0,4.0,7.548260869565218,2.0,2.0
2025-05-17,20,1,ensemble,2025-05-24,11.0,3.0,3.7056521739130432,8.0,7.0
2025-05-17,20,1,baseline,2025-05-24,11.0,4.0,5.156956521739131,7.0,7.0
2025-05-17,20,2,ensemble,2025-05-31,9.0,3.0,3.0543478260869565,6.0,5.0
2025-05-17,20,2,baseline,2025-05-31,9.0,4.0,6.243043478260871,5.0,5.0
2025-05-17,20,3,ensemble,2025-06-07,2.0,3.0,1.4473913043478261,1.0,2.0
2025-05-17,20,3,baseline,2025-06-07,2.0,4.0,7.312173913043479,2.0,2.0
2025-05-17,21,1,ensemble,2025-05-24,10.0,10.0,3.143478260869565,0.0,4.0
2025-05-17,21,1,baseline,2025-05-24,10.0,14.0,10.483043478260871,4.0,4.0
2025-05-17,21,2,ensemble,2025-05-31,21.0,9.0,5.6121739130434785,12.0,7.0
2025-05-17,21,2,baseline,2025-05-31,21.0,14.0,14.675217391304347,7.0,7.0
2025-05-17,21,3,ensemble,2025-06-07,20.0,8.0,5.9443478260869576,12.0,6.0
2025-05-17,21,3,baseline,2025-06-07,20.0,14.0,17.924347826086954,6.0,6.0
2025-05-17,22,1,ensemble,2025-05-24,29.0,23.0,4.110434782608695,6.0,2.0
2025-05-17,22,1,baseline,2025-05-24,29.0,30.0,8.966521739130437,1.0,2.0
2025-05-17,22,2,ensemble,2025-05-31,33.0,20.0,7.357826086956522,13.0,2.0
2025-05-17,22,2,baseline,2025-05-31,33.0,30.0,12.126956521739132,3.0,2.0
2025-05-17,22,3,ensemble,2025-06-07,32.0,17.0,7.677391304347827,15.0,1.0
2025-05-17,22,3,baseline,2025-06-07,32.0,30.0,14.631304347826086,2.0,1.0
2025-05-17,23,1,ensemble,2025-05-24,2.0,2.0,0.845217391304348,0.0,1.0
2025-05-17,23,1,baseline,2025-05-24,2.0,3.0,2.289130434782609,1.0,1.0
2025-05-17,23,2,ensemble,2025-05-31,1.0,2.0,1.0460869565217394,1.0,2.0
2025-05-17,23,2,baseline,2025-05-31,1.0,3.0,3.3430434782608702,2.0,2.0
2025-05-17,23,3,ensemble,2025-06-07,0.0,2.0,1.157391304347826,2.0,3.0
2025-05-17,23,3,baseline,2025-06-07,0.0,3.0,4.119130434782608,3.0,3.0
2025-05-17,24,1,ensemble,2025-05-24,26.0,14.0,6.912608695652173,12.0,5.0
2025-05-17,24,1,baseline,2025-05-24,26.0,17.0,9.250000000000002,9.0,5.0
2025-05-17,24,2,ensemble,2025-05-31,38.0,10.0,17.54782608695652,28.0,17.0
2025-05-17,24,2,baseline,2025-05-31,38.0,17.0,14.132173913043479,21.0,17.0
2025-05-17,24,3,ensemble,2025-06-07,34.0,8.0,15.123478260869566,26.0,13.0
2025-05-17,24,3,baseline,2025-06-07,34.0,17.0,14.997826086956524,17.0,13.0
2025-05-17,25,1,ensemble,2025-05-24,29.0,22.0,5.061739130434782,7.0,10.0
2025-05-17,25,1,baseline,2025-05-24,29.0,32.0,13.156521739130438,3.0,10.0
2025-05-17,25,2,ensemble,2025-05-31,26.0,18.0,6.445652173913044,8.0,13.0
2025-05-17,25,2,baseline,2025-05-31,26.0,32.0,18.950434782608692,6.0,13.0
2025-05-17,25,3,ensemble,2025-06-07,19.0,16.0,5.293478260869565,3.0,20.0
2025-05-17,25,3,baseline,2025-06-07,19.0,32.0,23.457391304347826,13.0,20.0
2025-05-17,26,1,ensemble,2025-05-24,50.0,60.0,9.035652173913046,10.0,41.0
2025-05-17,26,1,baseline,2025-05-24,50.0,88.0,28.792608695652174,38.0,41.0
2025-05-17,26,2,ensemble,2025-05-31,50.0,48.0,10.196521739130436,2.0,41.0
2025-05-17,26,2,baseline,2025-05-31,50.0,88.0,34.01565217391305,38.0,41.0
2025-05-17,26,3,ensemble,2025-06-07,29.0,31.0,8.559565217391306,2.0,62.0
2025-05-17,26,3,baseline,2025-06-07,29.0,88.0,42.83521739130435,59.0,62.0
2025-05-17,27,1,ensemble,2025-05-24,9.0,15.0,3.4352173913043473,6.0,13.0
2025-05-17,27,1,baseline,2025-05-24,9.0,22.0,9.49608695652174,13.0,13.0
2025-05-17,27,2,ensemble,2025-05-31,12.0,13.0,3.4439130434782608,1.0,10.0
2025-05-17,27,2,baseline,2025-05-31,12.0,22.0,10.918695652173914,10.0,10.0
2025-05-17,27,3,ensemble,2025-06-07,6.0,12.0,4.321739130434784,6.0,16.0
2025-05-17,27,3,baseline,2025-06-07,6.0,22.0,14.053913043478264,16.0,16.0
2025-05-17,28,1,ensemble,2025-05-24,13.0,15.0,2.270434782608696,2.0,5.0
2025-05-17,28,1,baseline,2025-05-24,13.0,18.0,6.563478260869566,5.0,5.0
2025-05-17,28,2,ensemble,2025-05-31,18.0,14.0,2.735217391304348,4.0,0.0
2025-05-17,28,2,baseline,2025-05-31,18.0,18.0,8.111304347826087,0.0,0.0
2025-05-17,28,3,ensemble,2025-06-07,17.0,12.0,3.0200000000000005,5.0,1.0
2025-05-17,28,3,baseline,2025-06-07,17.0,18.0,9.840434782608696,1.0,1.0
2025-05-17,29,1,ensemble,2025-05-24,42.0,21.0,10.827826086956522,21.0,7.0
2025-05-17,29,1,baseline,2025-05-24,42.0,26.0,14.465652173913048,16.0,7.0
2025-05-17,29,2,ensemble,2025-05-31,44.0,17.0,14.597391304347827,27.0,5.0
2025-05-17,29,2,baseline,2025-05-31,44.0,26.0,18.924347826086958,18.0,5.0
2025-05-17,29,3,ensemble,2025-06-07,33.0,15.0,7.7239130434782615,18.0,16.0
2025-05-17,29,3,baseline,2025-06-07,33.0,26.0,21.876956521739135,7.0,16.0
2025-05-17,30,1,ensemble,2025-05-24,2.0,1.0,0.7495652173913043,1.0,2.0
2025-05-17,30,1,baseline,2025-05-24,2.0,0.0,1.931304347826087,2.0,2.0
2025-05-17,30,2,ensemble,2025-05-31,4.0,1.0,1.3743478260869566,3.0,4.0
2025-05-17,30,2,baseline,2025-05-31,4.0,0.0,2.9482608695652175,4.0,4.0
2025-05-17,30,3,ensemble,2025-06-07,2.0,1.0,0.6860869565217392,1.0,2.0
2025-05-17,30,3,baseline,2025-06-07,2.0,1.0,3.1639130434782605,1.0,2.0
2025-05-17,31,1,ensemble,2025-05-24,2.0,6.0,1.8786956521739133,4.0,8.0
2025-05-17,31,1,baseline,2025-05-24,2.0,8.0,4.343913043478262,6.0,8.0
2025-05-17,31,2,ensemble,2025-05-31,2.0,5.0,1.6360869565217395,3.0,8.0
2025-05-17,31,2,baseline,2025-05-31,2.0,8.0,5.113913043478262,6.0,8.0
2025-05-17,31,3,ensemble,2025-06-07,4.0,4.0,1.5256521739130435,0.0,6.0
2025-05-17,31,3,baseline,2025-06-07,4.0,8.0,5.622173913043478,4.0,6.0
2025-05-17,32,1,ensemble,2025-05-24,26.0,14.0,6.942608695652174,12.0,6.0
2025-05-17,32,1,baseline,2025-05-24,26.0,19.0,6.183913043478261,7.0,6.0
2025-05-17,32,2,ensemble,2025-05-31,15.0,13.0,2.8717391304347823,2.0,5.0
2025-05-17,32,2,baseline,2025-05-31,15.0,19.0,7.5908695652173925,4.0,5.0
2025-05-17,32,3,ensemble,2025-06-07,12.0,12.0,2.38,0.0,8.0
2025-05-17,32,3,baseline,2025-06-07,12.0,19.0,9.43608695652174,7.0,8.0
2025-05-17,33,1,ensemble,2025-05-24,1.0,5.0,1.6734782608695653,4.0,7.0
2025-05-17,33,1,baseline,2025-05-24,1.0,7.0,3.6956521739130435,6.0,7.0
2025-05-17,33,2,ensemble,2025-05-31,3.0,4.0,1.1482608695652174,1.0,5.0
2025-05-17,33,2,baseline,2025-05-31,3.0,7.0,3.577826086956523,4.0,5.0
2025-05-17,33,3,ensemble,2025-06-07,1.0,4.0,1.251739130434783,3.0,7.0
2025-05-17,33,3,baseline,2025-06-07,1.0,7.0,4.420434782608695,6.0,7.0
2025-05-17,34,1,ensemble,2025-05-24,25.0,26.0,5.091304347826087,1.0,15.0
2025-05-17,34,1,baseline,2025-05-24,25.0,39.0,17.857826086956525,14.0,15.0
2025-05-17,34,2,ensemble,2025-05-31,30.0,21.0,5.971739130434783,9.0,10.0
2025-05-17,34,2,baseline,2025-05-31,30.0,39.0,23.08391304347827,9.0,10.0
2025-05-17,34,3,ensemble,2025-06-07,26.0,20.0,5.940869565217392,6.0,14.0
2025-05-17,34,3,baseline,2025-06-07,26.0,39.0,28.110434782608703,13.0,14.0
2025-05-17,35,1,ensemble,2025-05-24,14.0,15.0,2.1747826086956525,1.0,11.0
2025-05-17,35,1,baseline,2025-05-24,14.0,22.0,6.697391304347827,8.0,11.0
2025-05-17,35,2,ensemble,2025-05-31,7.0,12.0,2.9065217391304357,5.0,18.0
2025-05-17,35,2,baseline,2025-05-31,7.0,22.0,9.890869565217391,15.0,18.0
2025-05-17,35,3,ensemble,2025-06-07,10.0,11.0,2.4565217391304355,1.0,15.0
2025-05-17,35,3,baseline,2025-06-07,10.0,22.0,10.196956521739132,12.0,15.0
2025-05-17,36,1,ensemble,2025-05-24,50.0,59.0,10.913478260869566,9.0,55.0
2025-05-17,36,1,baseline,2025-05-24,50.0,101.0,40.5808695652174,51.0,55.0
2025-05-17,36,2,ensemble,2025-05-31,41.0,46.0,11.734782608695651,5.0,64.0
2025-05-17,36,2,baseline,2025-05-31,41.0,101.0,50.01347826086956,60.0,64.0
2025-05-17,36,3,ensemble,2025-06-07,27.0,39.0,13.003043478260869,12.0,78.0
2025-05-17,36,3,baseline,2025-06-07,27.0,101.0,58.58521739130436,74.0,78.0
2025-05-17,37,1,ensemble,2025-05-24,19.0,20.0,5.13,1.0,9.0
2025-05-17,37,1,baseline,2025-05-24,19.0,26.0,15.841304347826087,7.0,9.0
2025-05-17,37,2,ensemble,2025-05-31,18.0,17.0,5.011739130434783,1.0,10.0
2025-05-17,37,2,baseline,2025-05-31,18.0,26.0,22.67130434782609,8.0,10.0
2025-05-17,37,3,ensemble,2025-06-07,25.0,17.0,6.012608695652175,8.0,3.0
2025-05-17,37,3,baseline,2025-06-07,25.0,26.0,27.81434782608696,1.0,3.0
2025-05-17,38,1,ensemble,2025-05-24,3.0,4.0,0.956086956521739,1.0,2.0
2025-05-17,38,1,baseline,2025-05-24,3.0,5.0,2.1534782608695657,2.0,2.0
2025-05-17,38,2,ensemble,2025-05-31,1.0,3.0,1.137826086956522,2.0,4.0
2025-05-17,38,2,baseline,2025-05-31,1.0,5.0,2.8521739130434787,4.0,4.0
2025-05-17,38,3,ensemble,2025-06-07,5.0,3.0,1.2865217391304349,2.0,0.0
2025-05-17,38,3,baseline,2025-06-07,5.0,5.0,2.8160869565217395,0.0,0.0
2025-05-17,39,1,ensemble,2025-05-24,20.0,22.0,5.465217391304349,2.0,12.0
2025-05-17,39,1,baseline,2025-05-24,20.0,32.0,22.086956521739136,12.0,12.0
2025-05-17,39,2,ensemble,2025-05-31,19.0,19.0,6.086956521739131,0.0,13.0
2025-05-17,39,2,baseline,2025-05-31,19.0,32.0,31.189130434782616,13.0,13.0
2025-05-17,39,3,ensemble,2025-06-07,20.0,17.0,6.428695652173913,3.0,12.0
2025-05-17,39,3,baseline,2025-06-07,20.0,32.0,38.39782608695653,12.0,12.0
2025-05-17,40,1,ensemble,2025-05-24,13.0,7.0,3.2008695652173915,6.0,0.0
2025-05-17,40,1,baseline,2025-05-24,13.0,7.0,9.084347826086958,6.0,0.0
2025-05-17,40,2,ensemble,2025-05-31,8.0,5.0,2.416086956521739,3.0,5.0
2025-05-17,40,2,baseline,2025-05-31,8.0,7.0,12.224782608695655,1.0,5.0
2025-05-17,40,3,ensemble,2025-06-07,12.0,6.0,3.046956521739131,6.0,1.0
2025-05-17,40,3,baseline,2025-06-07,12.0,7.0,15.382173913043479,5.0,1.0
2025-05-17,41,1,ensemble,2025-05-24,19.0,15.0,3.05608695652174,4.0,8.0
2025-05-17,41,1,baseline,2025-05-24,19.0,20.0,6.740434782608696,1.0,8.0
2025-05-17,41,2,ensemble,2025-05-31,14.0,12.0,3.031739130434783,2.0,13.0
2025-05-17,41,2,baseline,2025-05-31,14.0,20.0,10.29608695652174,6.0,13.0
2025-05-17,41,3,ensemble,2025-06-07,16.0,11.0,3.862608695652174,5.0,11.0
2025-05-17,41,3,baseline,2025-06-07,16.0,20.0,12.509565217391305,4.0,11.0
2025-05-17,42,1,ensemble,2025-05-24,171.0,168.0,19.738260869565217,3.0,80.0
2025-05-17,42,1,baseline,2025-05-24,171.0,251.0,54.1504347826087,80.0,80.0
2025-05-17,42,2,ensemble,2025-05-31,183.0,134.0,26.60130434782609,49.0,68.0
2025-05-17,42,2,baseline,2025-05-31,183.0,251.0,59.05913043478262,68.0,68.0
2025-05-17,42,3,ensemble,2025-06-07,160.0,123.0,28.98478260869565,37.0,91.0
2025-05-17,42,3,baseline,2025-06-07,160.0,251.0,74.31782608695653,91.0,91.0
2025-05-17,44,1,ensemble,2025-05-24,2.0,2.0,0.7056521739130437,0.0,1.0
2025-05-17,44,1,baseline,2025-05-24,2.0,3.0,1.7617391304347831,1.0,1.0
2025-05-17,44,2,ensemble,2025-05-31,2.0,1.0,0.6308695652173913,1.0,1.0
2025-05-17,44,2,baseline,2025-05-31,2.0,3.0,2.2147826086956526,1.0,1.0
2025-05-17,44,3,ensemble,2025-06-07,3.0,1.0,0.8800000000000001,2.0,0.0
2025-05-17,44,3,baseline,2025-06-07,3.0,3.0,2.7491304347826087,0.0,0.0
2025-05-17,45,1,ensemble,2025-05-24,17.0,12.0,3.4291304347826084,5.0,4.0
2025-05-17,45,1,baseline,2025-05-24,17.0,12.0,8.424782608695654,5.0,4.0
2025-05-17,45,2,ensemble,2025-05-31,18.0,10.0,4.032173913043478,8.0,5.0
2025-05-17,45,2,baseline,2025-05-31,18.0,12.0,11.666521739130435,6.0,5.0
2025-05-17,45,3,ensemble,2025-06-07,9.0,10.0,3.0078260869565225,1.0,4.0
2025-05-17,45,3,baseline,2025-06-07,9.0,12.0,14.426956521739132,3.0,4.0
2025-05-17,46,1,ensemble,2025-05-24,7.0,2.0,2.849565217391304,5.0,6.0
2025-05-17,46,1,baseline,2025-05-24,7.0,1.0,2.867826086956522,6.0,6.0
2025-05-17,46,2,ensemble,2025-05-31,5.0,1.0,1.7982608695652174,4.0,4.0
2025-05-17,46,2,baseline,2025-05-31,5.0,1.0,2.5700000000000003,4.0,4.0
2025-05-17,46,3,ensemble,2025-06-07,3.0,1.0,0.9030434782608695,2.0,2.0
2025-05-17,46,3,baseline,2025-06-07,3.0,1.0,2.8043478260869565,2.0,2.0
2025-05-17,47,1,ensemble,2025-05-24,35.0,25.0,5.991739130434783,10.0,3.0
2025-05-17,47,1,baseline,2025-05-24,35.0,32.0,12.4904347826087,3.0,3.0
2025-05-17,47,2,ensemble,2025-05-31,35.0,22.0,7.3326086956521745,13.0,3.0
2025-05-17,47,2,baseline,2025-05-31,35.0,32.0,17.00521739130435,3.0,3.0
2025-05-17,47,3,ensemble,2025-06-07,34.0,17.0,7.97521739130435,17.0,2.0
2025-05-17,47,3,baseline,2025-06-07,34.0,32.0,20.616521739130437,2.0,2.0
2025-05-17,48,1,ensemble,2025-05-24,140.0,124.0,19.78,16.0,30.0
2025-05-17,48,1,baseline,2025-05-24,140.0,156.0,46.246521739130436,16.0,30.0
2025-05-17,48,2,ensemble,2025-05-31,161.0,117.0,27.916086956521752,44.0,9.0
2025-05-17,48,2,baseline,2025-05-31,161.0,156.0,60.81521739130435,5.0,9.0
2025-05-17,48,3,ensemble,2025-06-07,144.0,97.0,27.829565217391302,47.0,26.0
2025-05-17,48,3,baseline,2025-06-07,144.0,156.0,72.46782608695652,12.0,26.0
2025-05-17,49,1,ensemble,2025-05-24,14.0,10.0,2.5278260869565217,4.0,0.0
2025-05-17,49,1,baseline,2025-05-24,14.0,14.0,2.973913043478261,0.0,0.0
2025-05-17,49,2,ensemble,2025-05-31,13.0,8.0,2.7317391304347827,5.0,1.0
2025-05-17,49,2,baseline,2025-05-31,13.0,14.0,4.125652173913043,1.0,1.0
2025-05-17,49,3,ensemble,2025-06-07,7.0,6.0,1.7830434782608695,1.0,7.0
2025-05-17,49,3,baseline,2025-06-07,7.0,14.0,5.875217391304349,7.0,7.0
2025-05-17,50,1,ensemble,2025-05-24,1.0,1.0,0.4491304347826088,0.0,0.0
2025-05-17,50,1,baseline,2025-05-24,1.0,1.0,1.1321739130434785,0.0,0.0
2025-05-17,50,2,ensemble,2025-05-31,1.0,1.0,0.4404347826086957,0.0,0.0
2025-05-17,50,2,baseline,2025-05-31,1.0,1.0,1.4082608695652175,0.0,0.0
2025-05-17,50,3,ensemble,2025-06-07,0.0,1.0,0.5452173913043479,1.0,1.0
2025-05-17,50,3,baseline,2025-06-07,0.0,1.0,1.8147826086956527,1.0,1.0
2025-05-17,51,1,ensemble,2025-05-24,27.0,27.0,4.090869565217392,0.0,5.0
2025-05-17,51,1,baseline,2025-05-24,27.0,30.0,12.769565217391307,3.0,5.0
2025-05-17,51,2,ensemble,2025-05-31,27.0,26.0,4.259130434782609,1.0,5.0
2025-05-17,51,2,baseline,2025-05-31,27.0,30.0,17.25826086956522,3.0,5.0
2025-05-17,51,3,ensemble,2025-06-07,19.0,21.0,4.450434782608697,2.0,13.0
2025-05-17,51,3,baseline,2025-06-07,19.0,31.0,21.219565217391306,12.0,13.0
2025-05-17,53,1,ensemble,2025-05-24,29.0,25.0,4.351304347826087,4.0,5.0
2025-05-17,53,1,baseline,2025-05-24,29.0,33.0,9.060869565217393,4.0,5.0
2025-05-17,53,2,ensemble,2025-05-31,26.0,21.0,4.90913043478261,5.0,2.0
2025-05-17,53,2,baseline,2025-05-31,26.0,33.0,12.679130434782609,7.0,2.0
2025-05-17,53,3,ensemble,2025-06-07,31.0,21.0,6.206521739130434,10.0,7.0
2025-05-17,53,3,baseline,2025-06-07,31.0,33.0,15.291739130434781,2.0,7.0
2025-05-17,54,1,ensemble,2025-05-24,1.0,5.0,2.3747826086956523,4.0,5.0
2025-05-17,54,1,baseline,2025-05-24,1.0,6.0,5.542173913043479,5.0,5.0
2025-05-17,54,2,ensemble,2025-05-31,1.0,4.0,1.9939130434782613,3.0,5.0
2025-05-17,54,2,baseline,2025-05-31,1.0,6.0,7.206521739130436,5.0,5.0
2025-05-17,54,3,ensemble,2025-06-07,7.0,3.0,2.346521739130435,4.0,1.0
2025-05-17,54,3,baseline,2025-06-07,7.0,6.0,8.35608695652174,1.0,1.0
2025-05-17,55,1,ensemble,2025-05-24,10.0,21.0,5.261304347826087,11.0,17.0
2025-05-17,55,1,baseline,2025-05-24,10.0,26.0,12.140434782608697,16.0,17.0
2025-05-17,55,2,ensemble,2025-05-31,4.0,18.0,7.1573913043478266,14.0,23.0
2025-05-17,55,2,baseline,2025-05-31,4.0,26.0,16.212173913043475,22.0,23.0
2025-05-17,55,3,ensemble,2025-06-07,2.0,16.0,6.487391304347825,14.0,25.0
2025-05-17,55,3,baseline,2025-06-07,2.0,26.0,18.567391304347826,24.0,25.0
2025-05-17,56,1,ensemble,2025-05-24,3.0,3.0,0.8034782608695652,0.0,1.0
2025-05-17,56,1,baseline,2025-05-24,3.0,4.0,1.9660869565217396,1.0,1.0
2025-05-17,56,2,ensemble,2025-05-31,3.0,3.0,0.7904347826086956,0.0,1.0
2025-05-17,56,2,baseline,2025-05-31,3.0,4.0,2.5700000000000003,1.0,1.0
2025-05-17,56,3,ensemble,2025-06-07,2.0,3.0,0.8413043478260872,1.0,2.0
2025-05-17,56,3,baseline,2025-06-07,2.0,4.0,3.172608695652174,2.0,2.0
2025-05-24,01,1,ensemble,2025-05-31,11.0,28.0,8.360434782608696,17.0,26.0
2025-05-24,01,1,baseline,2025-05-31,11.0,37.0,15.801739130434784,26.0,26.0
2025-05-24,01,2,ensemble,2025-06-07,14.0,26.0,5.632608695652174,12.0,23.0
2025-05-24,01,2,baseline,2025-06-07,14.0,37.0,16.336956521739136,23.0,23.0
2025-05-24,01,3,ensemble,2025-06-14,18.0,20.0,4.6521739130434785,2.0,19.0
2025-05-24,01,3,baseline,2025-06-14,18.0,37.0,17.363043478260874,19.0,19.0
2025-05-24,02,1,ensemble,2025-05-31,6.0,4.0,1.1978260869565218,2.0,1.0
2025-05-24,02,1,baseline,2025-05-31,6.0,5.0,1.5356521739130438,1.0,1.0
2025-05-24,02,2,ensemble,2025-06-07,8.0,4.0,2.6021739130434787,4.0,3.0
2025-05-24,02,2,baseline,2025-06-07,8.0,5.0,2.197391304347826,3.0,3.0
2025-05-24,02,3,ensemble,2025-06-14,9.0,3.0,3.7643478260869556,6.0,4.0
2025-05-24,02,3,baseline,2025-06-14,9.0,5.0,2.7865217391304355,4.0,4.0
2025-05-24,04,1,ensemble,2025-05-31,54.0,45.0,6.917391304347827,9.0,9.0
2025-05-24,04,1,baseline,2025-05-31,54.0,52.0,17.625217391304346,2.0,9.0
2025-05-24,04,2,ensemble,2025-06-07,32.0,39.0,8.429565217391305,7.0,31.0
2025-05-24,04,2,baseline,2025-06-07,32.0,52.0,27.034347826086954,20.0,31.0
2025-05-24,04,3,ensemble,2025-06-14,26.0,34.0,7.300434782608695,8.0,37.0
2025-05-24,04,3,baseline,2025-06-14,26.0,52.0,33.698695652173924,26.0,37.0
2025-05-24,05,1,ensemble,2025-05-31,14.0,5.0,5.240000000000001,9.0,1.0
2025-05-24,05,1,baseline,2025-05-31,14.0,3.0,7.223043478260871,11.0,1.0
2025-05-24,05,2,ensemble,2025-06-07,14.0,4.0,5.876086956521739,10.0,1.0
2025-05-24,05,2,baseline,2025-06-07,14.0,3.0,8.608695652173912,11.0,1.0
2025-05-24,05,3,ensemble,2025-06-14,12.0,4.0,4.464782608695652,8.0,1.0
2025-05-24,05,3,baseline,2025-06-14,12.0,3.0,9.804347826086957,9.0,1.0
2025-05-24,06,1,ensemble,2025-05-31,180.0,104.0,40.61391304347826,76.0,17.0
2025-05-24,06,1,baseline,2025-05-31,180.0,137.0,49.03695652173913,43.0,17.0
2025-05-24,06,2,ensemble,2025-06-07,143.0,95.0,23.989565217391306,48.0,20.0
2025-05-24,06,2,baseline,2025-06-07,143.0,137.0,62.36652173913044,6.0,20.0
2025-05-24,06,3,ensemble,2025-06-14,152.0,98.0,30.923478260869565,54.0,11.0
2025-05-24,06,3,baseline,2025-06-14,152.0,137.0,77.72130434782612,15.0,11.0
2025-05-24,08,1,ensemble,2025-05-31,19.0,13.0,3.2730434782608695,6.0,0.0
2025-05-24,08,1,baseline,2025-05-31,19.0,17.0,7.490869565217395,2.0,0.0
2025-05-24,08,2,ensemble,2025-06-07,20.0,11.0,4.416086956521739,9.0,1.0
2025-05-24,08,2,baseline,2025-06-07,20.0,17.0,10.208260869565219,3.0,1.0
2025-05-24,08,3,ensemble,2025-06-14,17.0,9.0,4.0426086956521745,8.0,2.0
2025-05-24,08,3,baseline,2025-06-14,17.0,17.0,12.11826086956522,0.0,2.0
2025-05-24,09,1,ensemble,2025-05-31,16.0,11.0,2.958260869565218,5.0,1.0
2025-05-24,09,1,baseline,2025-05-31,16.0,17.0,6.146521739130435,1.0,1.0
2025-05-24,09,2,ensemble,2025-06-07,8.0,9.0,2.406521739130435,1.0,9.0
2025-05-24,09,2,baseline,2025-06-07,8.0,17.0,9.28304347826087,9.0,9.0
2025-05-24,09,3,ensemble,2025-06-14,4.0,8.0,2.7021739130434783,4.0,13.0
2025-05-24,09,3,baseline,2025-06-14,4.0,17.0,11.461739130434783,13.0,13.0
2025-05-24,10,1,ensemble,2025-05-31,0.0,1.0,0.4491304347826087,1.0,0.0
2025-05-24,10,1,baseline,2025-05-31,0.0,0.0,1.3539130434782614,0.0,0.0
2025-05-24,10,2,ensemble,2025-06-07,0.0,1.0,0.4556521739130435,1.0,0.0
2025-05-24,10,2,baseline,2025-06-07,0.0,1.0,2.066956521739131,1.0,0.0
2025-05-24,10,3,ensemble,2025-06-14,5.0,1.0,2.349130434782609,4.0,5.0
2025-05-24,10,3,baseline,2025-06-14,5.0,0.0,3.115652173913044,5.0,5.0
2025-05-24,11,1,ensemble,2025-05-31,5.0,2.0,1.576086956521739,3.0,3.0
2025-05-24,11,1,baseline,2025-05-31,5.0,2.0,2.2647826086956524,3.0,3.0
2025-05-24,11,2,ensemble,2025-06-07,4.0,2.0,1.087826086956522,2.0,2.0
2025-05-24,11,2,baseline,2025-06-07,4.0,2.0,2.6139130434782616,2.0,2.0
2025-05-24,11,3,ensemble,2025-06-14,2.0,1.0,0.6139130434782609,1.0,0.0
2025-05-24,11,3,baseline,2025-06-14,2.0,2.0,3.1221739130434782,0.0,0.0
2025-05-24,12,1,ensemble,2025-05-31,226.0,160.0,34.72347826086956,66.0,18.0
2025-05-24,12,1,baseline,2025-05-31,226.0,195.0,37.84869565217393,31.0,18.0
2025-05-24,12,2,ensemble,2025-06-07,210.0,140.0,35.0595652173913,70.0,2.0
2025-05-24,12,2,baseline,2025-06-07,210.0,195.0,48.13956521739131,15.0,2.0
2025-05-24,12,3,ensemble,2025-06-14,219.0,127.0,47.81130434782608,92.0,11.0
2025-05-24,12,3,baseline,2025-06-14,219.0,195.0,58.37043478260868,24.0,11.0
2025-05-24,13,1,ensemble,2025-05-31,26.0,27.0,4.245652173913044,1.0,8.0
2025-05-24,13,1,baseline,2025-05-31,26.0,32.0,13.519565217391307,6.0,8.0
2025-05-24,13,2,ensemble,2025-06-07,25.0,24.0,4.296521739130435,1.0,9.0
2025-05-24,13,2,baseline,2025-06-07,25.0,32.0,18.66130434782609,7.0,9.0
2025-05-24,13,3,ensemble,2025-06-14,27.0,20.0,4.625652173913043,7.0,7.0
2025-05-24,13,3,baseline,2025-06-14,27.0,32.0,22.882608695652177,5.0,7.0
2025-05-24,15,1,ensemble,2025-05-31,19.0,20.0,1.9586956521739132,1.0,6.0
2025-05-24,15,1,baseline,2025-05-31,19.0,25.0,3.4408695652173913,6.0,6.0
2025-05-24,15,2,ensemble,2025-06-07,10.0,17.0,3.4852173913043476,7.0,15.0
2025-05-24,15,2,baseline,2025-06-07,10.0,25.0,8.331304347826089,15.0,15.0
2025-05-24,15,3,ensemble,2025-06-14,14.0,15.0,2.1291304347826085,1.0,11.0
2025-05-24,15,3,baseline,2025-06-14,14.0,25.0,5.938695652173913,11.0,11.0
2025-05-24,16,1,ensemble,2025-05-31,5.0,2.0,1.2239130434782608,3.0,6.0
2025-05-24,16,1,baseline,2025-05-31,5.0,2.0,3.5273913043478258,3.0,6.0
2025-05-24,16,2,ensemble,2025-06-07,7.0,2.0,2.5834782608695654,5.0,4.0
2025-05-24,16,2,baseline,2025-06-07,7.0,2.0,4.868695652173914,5.0,4.0
2025-05-24,16,3,ensemble,2025-06-14,9.0,2.0,3.9643478260869576,7.0,2.0
2025-05-24,16,3,baseline,2025-06-14,9.0,2.0,5.963478260869566,7.0,2.0
2025-05-24,17,1,ensemble,2025-05-31,56.0,30.0,13.02304347826087,26.0,4.0
2025-05-24,17,1,baseline,2025-05-31,56.0,45.0,18.238695652173917,11.0,4.0
2025-05-24,17,2,ensemble,2025-06-07,28.0,25.0,5.389565217391305,3.0,24.0
2025-05-24,17,2,baseline,2025-06-07,28.0,45.0,25.979565217391304,17.0,24.0
2025-05-24,17,3,ensemble,2025-06-14,24.0,22.0,4.619565217391305,2.0,28.0
2025-05-24,17,3,baseline,2025-06-14,24.0,45.0,32.02434782608696,21.0,28.0
2025-05-24,18,1,ensemble,2025-05-31,20.0,16.0,3.3560869565217395,4.0,5.0
2025-05-24,18,1,baseline,2025-05-31,20.0,23.0,13.00913043478261,3.0,5.0
2025-05-24,18,2,ensemble,2025-06-07,15.0,14.0,3.3800000000000003,1.0,10.0
2025-05-24,18,2,baseline,2025-06-07,15.0,23.0,18.918260869565216,8.0,10.0
2025-05-24,18,3,ensemble,2025-06-14,5.0,11.0,4.582173913043479,6.0,20.0
2025-05-24,18,3,baseline,2025-06-14,5.0,23.0,24.39434782608696,18.0,20.0
2025-05-24,19,1,ensemble,2025-05-31,3.0,1.0,0.9795652173913044,2.0,2.0
2025-05-24,19,1,baseline,2025-05-31,3.0,1.0,3.7421739130434792,2.0,2.0
2025-05-24,19,2,ensemble,2025-06-07,6.0,2.0,2.114782608695652,4.0,5.0
2025-05-24,19,2,baseline,2025-06-07,6.0,1.0,5.690434782608697,5.0,5.0
2025-05-24,19,3,ensemble,2025-06-14,1.0,1.0,0.8182608695652174,0.0,0.0
2025-05-24,19,3,baseline,2025-06-14,1.0,1.0,6.800434782608698,0.0,0.0
2025-05-24,20,1,ensemble,2025-05-31,9.0,5.0,1.959130434782609,4.0,1.0
2025-05-24,20,1,baseline,2025-05-31,9.0,7.0,4.547826086956522,2.0,1.0
2025-05-24,20,2,ensemble,2025-06-07,2.0,5.0,2.055217391304348,3.0,6.0
2025-05-24,20,2,baseline,2025-06-07,2.0,7.0,6.6173913043478265,5.0,6.0
2025-05-24,20,3,ensemble,2025-06-14,1.0,3.0,1.4913043478260872,2.0,7.0
2025-05-24,20,3,baseline,2025-06-14,1.0,7.0,8.121304347826088,6.0,7.0
2025-05-24,21,1,ensemble,2025-05-31,21.0,7.0,7.145652173913044,14.0,6.0
2025-05-24,21,1,baseline,2025-05-31,21.0,10.0,10.904347826086958,11.0,6.0
2025-05-24,21,2,ensemble,2025-06-07,20.0,6.0,6.594782608695652,14.0,5.0
2025-05-24,21,2,baseline,2025-06-07,20.0,10.0,14.34826086956522,10.0,5.0
2025-05-24,21,3,ensemble,2025-06-14,19.0,5.0,7.072173913043479,14.0,4.0
2025-05-24,21,3,baseline,2025-06-14,19.0,10.0,17.15217391304348,9.0,4.0
2025-05-24,22,1,ensemble,2025-05-31,33.0,32.0,3.6317391304347826,1.0,7.0
2025-05-24,22,1,baseline,2025-05-31,33.0,39.0,9.68434782608696,6.0,7.0
2025-05-24,22,2,ensemble,2025-06-07,32.0,30.0,4.465217391304348,2.0,8.0
2025-05-24,22,2,baseline,2025-06-07,32.0,39.0,13.1,7.0,8.0
2025-05-24,22,3,ensemble,2025-06-14,33.0,22.0,6.233043478260869,11.0,7.0
2025-05-24,22,3,baseline,2025-06-14,33.0,39.0,15.509130434782612,6.0,7.0
2025-05-24,23,1,ensemble,2025-05-31,1.0,2.0,0.7069565217391307,1.0,1.0
2025-05-24,23,1,baseline,2025-05-31,1.0,2.0,2.1634782608695655,1.0,1.0
2025-05-24,23,2,ensemble,2025-06-07,0.0,2.0,0.9739130434782609,2.0,2.0
2025-05-24,23,2,baseline,2025-06-07,0.0,2.0,2.9882608695652175,2.0,2.0
2025-05-24,23,3,ensemble,2025-06-14,2.0,1.0,0.7491304347826085,1.0,0.0
2025-05-24,23,3,baseline,2025-06-14,2.0,2.0,3.777391304347827,0.0,0.0
2025-05-24,24,1,ensemble,2025-05-31,38.0,7.0,22.89869565217391,31.0,28.0
2025-05-24,24,1,baseline,2025-05-31,38.0,8.0,15.27304347826087,30.0,28.0
2025-05-24,24,2,ensemble,2025-06-07,34.0,5.0,19.45347826086957,29.0,24.0
2025-05-24,24,2,baseline,2025-06-07,34.0,8.0,14.210434782608697,26.0,24.0
2025-05-24,24,3,ensemble,2025-06-14,13.0,4.0,4.3591304347826085,9.0,3.0
2025-05-24,24,3,baseline,2025-06-14,13.0,8.0,12.478260869565217,5.0,3.0
2025-05-24,25,1,ensemble,2025-05-31,26.0,17.0,4.960000000000001,9.0,4.0
2025-05-24,25,1,baseline,2025-05-31,26.0,26.0,12.61130434782609,0.0,4.0
2025-05-24,25,2,ensemble,2025-06-07,19.0,14.0,3.3895652173913047,5.0,11.0
2025-05-24,25,2,baseline,2025-06-07,19.0,26.0,18.207391304347826,7.0,11.0
2025-05-24,25,3,ensemble,2025-06-14,23.0,14.0,5.611739130434784,9.0,7.0
2025-05-24,25,3,baseline,2025-06-14,23.0,26.0,22.04478260869565,3.0,7.0
2025-05-24,26,1,ensemble,2025-05-31,50.0,40.0,7.068695652173914,10.0,12.0
2025-05-24,26,1,baseline,2025-05-31,50.0,59.0,19.37652173913044,9.0,12.0
2025-05-24,26,2,ensemble,2025-06-07,29.0,34.0,6.4186956521739145,5.0,33.0
2025-05-24,26,2,baseline,2025-06-07,29.0,59.0,29.74956521739131,30.0,33.0
2025-05-24,26,3,ensemble,2025-06-14,28.0,26.0,5.84217391304348,2.0,34.0
2025-05-24,26,3,baseline,2025-06-14,28.0,59.0,34.111739130434785,31.0,34.0
2025-05-24,27,1,ensemble,2025-05-31,12.0,5.0,3.134782608695652,7.0,5.0
2025-05-24,27,1,baseline,2025-05-31,12.0,7.0,6.210000000000002,5.0,5.0
2025-05-24,27,2,ensemble,2025-06-07,6.0,4.0,2.0152173913043474,2.0,1.0
2025-05-24,27,2,baseline,2025-06-07,6.0,7.0,8.123913043478263,1.0,1.0
2025-05-24,27,3,ensemble,2025-06-14,10.0,3.0,3.181304347826088,7.0,3.0
2025-05-24,27,3,baseline,2025-06-14,10.0,7.0,10.26913043478261,3.0,3.0
2025-05-24,28,1,ensemble,2025-05-31,18.0,11.0,3.594782608695652,7.0,2.0
2025-05-24,28,1,baseline,2025-05-31,18.0,11.0,6.1573913043478266,7.0,2.0
2025-05-24,28,2,ensemble,2025-06-07,17.0,9.0,3.64304347826087,8.0,1.0
2025-05-24,28,2,baseline,2025-06-07,17.0,11.0,7.675217391304348,6.0,1.0
2025-05-24,28,3,ensemble,2025-06-14,17.0,10.0,3.6821739130434783,7.0,1.0
2025-05-24,28,3,baseline,2025-06-14,17.0,11.0,8.923043478260869,6.0,1.0
2025-05-24,29,1,ensemble,2025-05-31,44.0,22.0,12.230869565217391,22.0,9.0
2025-05-24,29,1,baseline,2025-05-31,44.0,30.0,14.148695652173917,14.0,9.0
2025-05-24,29,2,ensemble,2025-06-07,33.0,18.0,7.493478260869565,15.0,20.0
2025-05-24,29,2,baseline,2025-06-07,33.0,30.0,17.78260869565218,3.0,20.0
2025-05-24,29,3,ensemble,2025-06-14,41.0,16.0,13.988695652173908,25.0,12.0
2025-05-24,29,3,baseline,2025-06-14,41.0,30.0,22.345652173913045,11.0,12.0
2025-05-24,30,1,ensemble,2025-05-31,4.0,1.0,1.5100000000000002,3.0,4.0
2025-05-24,30,1,baseline,2025-05-31,4.0,0.0,2.4269565217391307,4.0,4.0
2025-05-24,30,2,ensemble,2025-06-07,2.0,1.0,0.6443478260869565,1.0,2.0
2025-05-24,30,2,baseline,2025-06-07,2.0,0.0,2.6056521739130445,2.0,2.0
2025-05-24,30,3,ensemble,2025-06-14,1.0,1.0,0.4395652173913044,0.0,1.0
2025-05-24,30,3,baseline,2025-06-14,1.0,1.0,3.178695652173914,0.0,1.0
2025-05-24,31,1,ensemble,2025-05-31,2.0,2.0,0.7813043478260873,0.0,3.0
2025-05-24,31,1,baseline,2025-05-31,2.0,3.0,2.735652173913044,1.0,3.0
2025-05-24,31,2,ensemble,2025-06-07,4.0,2.0,1.0295652173913044,2.0,1.0
2025-05-24,31,2,baseline,2025-06-07,4.0,3.0,3.679130434782609,1.0,1.0
2025-05-24,31,3,ensemble,2025-06-14,0.0,2.0,0.972608695652174,2.0,5.0
2025-05-24,31,3,baseline,2025-06-14,0.0,3.0,4.680434782608696,3.0,5.0
2025-05-24,32,1,ensemble,2025-05-31,15.0,12.0,2.2426086956521742,3.0,1.0
2025-05-24,32,1,baseline,2025-05-31,15.0,14.0,5.212173913043479,1.0,1.0
2025-05-24,32,2,ensemble,2025-06-07,12.0,11.0,2.1108695652173917,1.0,4.0
2025-05-24,32,2,baseline,2025-06-07,12.0,14.0,7.059565217391306,2.0,4.0
2025-05-24,32,3,ensemble,2025-06-14,16.0,9.0,3.8408695652173916,7.0,0.0
2025-05-24,32,3,baseline,2025-06-14,16.0,14.0,8.514347826086958,2.0,0.0
2025-05-24,33,1,ensemble,2025-05-31,3.0,2.0,0.6160869565217392,1.0,0.0
2025-05-24,33,1,baseline,2025-05-31,3.0,3.0,1.972608695652174,0.0,0.0
2025-05-24,33,2,ensemble,2025-06-07,1.0,2.0,0.7408695652173912,1.0,2.0
2025-05-24,33,2,baseline,2025-06-07,1.0,3.0,2.7221739130434788,2.0,2.0
2025-05-24,33,3,ensemble,2025-06-14,2.0,1.0,0.6256521739130435,1.0,1.0
2025-05-24,33,3,baseline,2025-06-14,2.0,3.0,3.276521739130435,1.0,1.0
2025-05-24,34,1,ensemble,2025-05-31,30.0,30.0,5.82,0.0,13.0
2025-05-24,34,1,baseline,2025-05-31,30.0,43.0,17.87608695652174,13.0,13.0
2025-05-24,34,2,ensemble,2025-06-07,26.0,26.0,6.119130434782607,0.0,17.0
2025-05-24,34,2,baseline,2025-06-07,26.0,43.0,24.4404347826087,17.0,17.0
2025-05-24,34,3,ensemble,2025-06-14,24.0,23.0,5.304347826086957,1.0,19.0
2025-05-24,34,3,baseline,2025-06-14,24.0,43.0,29.124782608695654,19.0,19.0
2025-05-24,35,1,ensemble,2025-05-31,7.0,9.0,1.559130434782609,2.0,4.0
2025-05-24,35,1,baseline,2025-05-31,7.0,11.0,5.141304347826088,4.0,4.0
2025-05-24,35,2,ensemble,2025-06-07,10.0,6.0,2.1639130434782614,4.0,1.0
2025-05-24,35,2,baseline,2025-06-07,10.0,11.0,6.442608695652174,1.0,1.0
2025-05-24,35,3,ensemble,2025-06-14,6.0,4.0,1.4643478260869565,2.0,5.0
2025-05-24,35,3,baseline,2025-06-14,6.0,11.0,7.883478260869565,5.0,5.0
2025-05-24,36,1,ensemble,2025-05-31,41.0,37.0,5.981304347826088,4.0,22.0
2025-05-24,36,1,baseline,2025-05-31,41.0,56.0,28.980869565217393,15.0,22.0
2025-05-24,36,2,ensemble,2025-06-07,27.0,29.0,5.68217391304348,2.0,36.0
2025-05-24,36,2,baseline,2025-06-07,27.0,56.0,39.616956521739134,29.0,36.0
2025-05-24,36,3,ensemble,2025-06-14,29.0,23.0,5.901739130434783,6.0,34.0
2025-05-24,36,3,baseline,2025-06-14,29.0,56.0,45.487826086956524,27.0,34.0
2025-05-24,37,1,ensemble,2025-05-31,18.0,14.0,3.6021739130434787,4.0,0.0
2025-05-24,37,1,baseline,2025-05-31,18.0,18.0,14.515217391304354,0.0,0.0
2025-05-24,37,2,ensemble,2025-06-07,25.0,10.0,6.521739130434781,15.0,7.0
2025-05-24,37,2,baseline,2025-06-07,25.0,18.0,21.348695652173916,7.0,7.0
2025-05-24,37,3,ensemble,2025-06-14,18.0,9.0,4.352608695652174,9.0,0.0
2025-05-24,37,3,baseline,2025-06-14,18.0,18.0,26.218260869565228,0.0,0.0
2025-05-24,38,1,ensemble,2025-05-31,1.0,5.0,1.829565217391304,4.0,6.0
2025-05-24,38,1,baseline,2025-05-31,1.0,7.0,3.5282608695652176,6.0,6.0
2025-05-24,38,2,ensemble,2025-06-07,5.0,4.0,0.9960869565217392,1.0,2.0
2025-05-24,38,2,baseline,2025-06-07,5.0,7.0,2.8778260869565218,2.0,2.0
2025-05-24,38,3,ensemble,2025-06-14,4.0,3.0,1.0621739130434786,1.0,3.0
2025-05-24,38,3,baseline,2025-06-14,4.0,7.0,3.2830434782608697,3.0,3.0
2025-05-24,39,1,ensemble,2025-05-31,19.0,17.0,4.3673913043478265,2.0,6.0
2025-05-24,39,1,baseline,2025-05-31,19.0,25.0,20.442608695652176,6.0,6.0
2025-05-24,39,2,ensemble,2025-06-07,20.0,14.0,4.793478260869565,6.0,5.0
2025-05-24,39,2,baseline,2025-06-07,20.0,25.0,29.42173913043479,5.0,5.0
2025-05-24,39,3,ensemble,2025-06-14,15.0,14.0,3.746521739130435,1.0,10.0
2025-05-24,39,3,baseline,2025-06-14,15.0,25.0,37.13130434782609,10.0,10.0
2025-05-24,40,1,ensemble,2025-05-31,8.0,12.0,2.4382608695652177,4.0,11.0
2025-05-24,40,1,baseline,2025-05-31,8.0,15.0,10.042608695652175,7.0,11.0
2025-05-24,40,2,ensemble,2025-06-07,12.0,11.0,2.1621739130434783,1.0,7.0
2025-05-24,40,2,baseline,2025-06-07,12.0,15.0,13.397391304347828,3.0,7.0
2025-05-24,40,3,ensemble,2025-06-14,12.0,10.0,2.3360869565217395,2.0,7.0
2025-05-24,40,3,baseline,2025-06-14,12.0,15.0,16.611739130434785,3.0,7.0
2025-05-24,41,1,ensemble,2025-05-31,14.0,11.0,2.1669565217391304,3.0,5.0
2025-05-24,41,1,baseline,2025-05-31,14.0,13.0,6.247391304347828,1.0,5.0
2025-05-24,41,2,ensemble,2025-06-07,16.0,8.0,3.7799999999999994,8.0,3.0
2025-05-24,41,2,baseline,2025-06-07,16.0,13.0,9.20304347826087,3.0,3.0
2025-05-24,41,3,ensemble,2025-06-14,13.0,7.0,3.5973913043478265,6.0,6.0
2025-05-24,41,3,baseline,2025-06-14,13.0,13.0,11.338695652173914,0.0,6.0
2025-05-24,42,1,ensemble,2025-05-31,183.0,103.0,43.43913043478261,80.0,14.0
2025-05-24,42,1,baseline,2025-05-31,183.0,148.0,35.676956521739136,35.0,14.0
2025-05-24,42,2,ensemble,2025-06-07,160.0,83.0,38.51304347826087,77.0,9.0
2025-05-24,42,2,baseline,2025-06-07,160.0,148.0,44.786956521739135,12.0,9.0
2025-05-24,42,3,ensemble,2025-06-14,148.0,72.0,40.85695652173913,76.0,21.0
2025-05-24,42,3,baseline,2025-06-14,148.0,148.0,55.36565217391305,0.0,21.0
2025-05-24,44,1,ensemble,2025-05-31,2.0,1.0,0.6247826086956522,1.0,0.0
2025-05-24,44,1,baseline,2025-05-31,2.0,2.0,1.5021739130434784,0.0,0.0
2025-05-24,44,2,ensemble,2025-06-07,3.0,1.0,0.917391304347826,2.0,1.0
2025-05-24,44,2,baseline,2025-06-07,3.0,2.0,2.0508695652173916,1.0,1.0
2025-05-24,44,3,ensemble,2025-06-14,0.0,1.0,0.47652173913043483,1.0,2.0
2025-05-24,44,3,baseline,2025-06-14,0.0,2.0,2.7252173913043483,2.0,2.0
2025-05-24,45,1,ensemble,2025-05-31,18.0,10.0,4.14,8.0,3.0
2025-05-24,45,1,baseline,2025-05-31,18.0,10.0,8.567826086956524,8.0,3.0
2025-05-24,45,2,ensemble,2025-06-07,9.0,9.0,2.615217391304348,0.0,6.0
2025-05-24,45,2,baseline,2025-06-07,9.0,10.0,10.993478260869566,1.0,6.0
2025-05-24,45,3,ensemble,2025-06-14,8.0,8.0,2.2995652173913044,0.0,7.0
2025-05-24,45,3,baseline,2025-06-14,8.0,10.0,13.860000000000003,2.0,7.0
2025-05-24,46,1,ensemble,2025-05-31,5.0,3.0,1.0482608695652176,2.0,0.0
2025-05-24,46,1,baseline,2025-05-31,5.0,5.0,2.1865217391304346,0.0,0.0
2025-05-24,46,2,ensemble,2025-06-07,3.0,3.0,0.8091304347826089,0.0,2.0
2025-05-24,46,2,baseline,2025-06-07,3.0,5.0,2.859565217391305,2.0,2.0
2025-05-24,46,3,ensemble,2025-06-14,7.0,2.0,2.6160869565217397,5.0,2.0
2025-05-24,46,3,baseline,2025-06-14,7.0,5.0,3.4534782608695656,2.0,2.0
2025-05-24,47,1,ensemble,2025-05-31,35.0,33.0,4.204347826086958,2.0,15.0
2025-05-24,47,1,baseline,2025-05-31,35.0,43.0,13.487826086956526,8.0,15.0
2025-05-24,47,2,ensemble,2025-06-07,34.0,29.0,4.966521739130435,5.0,16.0
2025-05-24,47,2,baseline,2025-06-07,34.0,43.0,18.143913043478264,9.0,16.0
2025-05-24,47,3,ensemble,2025-06-14,45.0,25.0,10.276521739130436,20.0,5.0
2025-05-24,47,3,baseline,2025-06-14,45.0,43.0,21.858260869565214,2.0,5.0
2025-05-24,48,1,ensemble,2025-05-31,161.0,135.0,21.450000000000003,26.0,41.0
2025-05-24,48,1,baseline,2025-05-31,161.0,189.0,49.005217391304356,28.0,41.0
2025-05-24,48,2,ensemble,2025-06-07,144.0,121.0,23.342608695652174,23.0,58.0
2025-05-24,48,2,baseline,2025-06-07,144.0,189.0,65.66478260869567,45.0,58.0
2025-05-24,48,3,ensemble,2025-06-14,132.0,101.0,24.31521739130435,31.0,70.0
2025-05-24,48,3,baseline,2025-06-14,132.0,189.0,78.16913043478262,57.0,70.0
2025-05-24,49,1,ensemble,2025-05-31,13.0,9.0,2.2969565217391303,4.0,1.0
2025-05-24,49,1,baseline,2025-05-31,13.0,12.0,2.9147826086956523,1.0,1.0
2025-05-24,49,2,ensemble,2025-06-07,7.0,8.0,1.5313043478260868,1.0,5.0
2025-05-24,49,2,baseline,2025-06-07,7.0,12.0,4.610869565217392,5.0,5.0
2025-05-24,49,3,ensemble,2025-06-14,9.0,6.0,1.7160869565217391,3.0,3.0
2025-05-24,49,3,baseline,2025-06-14,9.0,12.0,4.987826086956522,3.0,3.0
2025-05-24,50,1,ensemble,2025-05-31,1.0,2.0,0.5169565217391306,1.0,1.0
2025-05-24,50,1,baseline,2025-05-31,1.0,2.0,1.309130434782609,1.0,1.0
2025-05-24,50,2,ensemble,2025-06-07,0.0,1.0,0.5895652173913044,1.0,2.0
2025-05-24,50,2,baseline,2025-06-07,0.0,2.0,1.6778260869565218,2.0,2.0
2025-05-24,50,3,ensemble,2025-06-14,0.0,1.0,0.48695652173913057,1.0,2.0
2025-05-24,50,3,baseline,2025-06-14,0.0,2.0,2.0343478260869565,2.0,2.0
2025-05-24,51,1,ensemble,2025-05-31,27.0,14.0,6.2721739130434795,13.0,12.0
2025-05-24,51,1,baseline,2025-05-31,27.0,15.0,12.187391304347827,12.0,12.0
2025-05-24,51,2,ensemble,2025-06-07,19.0,13.0,3.86695652173913,6.0,4.0
2025-05-24,51,2,baseline,2025-06-07,19.0,15.0,15.342173913043482,4.0,4.0
2025-05-24,51,3,ensemble,2025-06-14,17.0,11.0,3.8895652173913047,6.0,2.0
2025-05-24,51,3,baseline,2025-06-14,17.0,15.0,18.47,2.0,2.0
2025-05-24,53,1,ensemble,2025-05-31,26.0,14.0,6.015652173913042,12.0,10.0
2025-05-24,53,1,baseline,2025-05-31,26.0,17.0,8.25304347826087,9.0,10.0
2025-05-24,53,2,ensemble,2025-06-07,31.0,13.0,9.703913043478261,18.0,15.0
2025-05-24,53,2,baseline,2025-06-07,31.0,17.0,11.443478260869567,14.0,15.0
2025-05-24,53,3,ensemble,2025-06-14,23.0,12.0,5.85304347826087,11.0,7.0
2025-05-24,53,3,baseline,2025-06-14,23.0,17.0,12.263913043478263,6.0,7.0
2025-05-24,54,1,ensemble,2025-05-31,1.0,4.0,1.7373913043478262,3.0,4.0
2025-05-24,54,1,baseline,2025-05-31,1.0,5.0,5.078260869565218,4.0,4.0
2025-05-24,54,2,ensemble,2025-06-07,7.0,3.0,2.0791304347826087,4.0,2.0
2025-05-24,54,2,baseline,2025-06-07,7.0,5.0,6.626521739130436,2.0,2.0
2025-05-24,54,3,ensemble,2025-06-14,0.0,3.0,1.6065217391304352,3.0,5.0
2025-05-24,54,3,baseline,2025-06-14,0.0,5.0,8.337391304347825,5.0,5.0
2025-05-24,55,1,ensemble,2025-05-31,4.0,10.0,3.408260869565218,6.0,11.0
2025-05-24,55,1,baseline,2025-05-31,4.0,15.0,9.706956521739132,11.0,11.0
2025-05-24,55,2,ensemble,2025-06-07,2.0,9.0,3.917826086956522,7.0,13.0
2025-05-24,55,2,baseline,2025-06-07,2.0,15.0,12.747826086956522,13.0,13.0
2025-05-24,55,3,ensemble,2025-06-14,4.0,8.0,2.248695652173913,4.0,11.0
2025-05-24,55,3,baseline,2025-06-14,4.0,15.0,14.707826086956523,11.0,11.0
2025-05-24,56,1,ensemble,2025-05-31,3.0,2.0,0.7408695652173914,1.0,0.0
2025-05-24,56,1,baseline,2025-05-31,3.0,2.0,1.786086956521739,1.0,0.0
2025-05-24,56,2,ensemble,2025-06-07,2.0,2.0,0.6756521739130436,0.0,1.0
2025-05-24,56,2,baseline,2025-06-07,2.0,2.0,2.24304347826087,0.0,1.0
2025-05-24,56,3,ensemble,2025-06-14,1.0,1.0,0.6278260869565219,0.0,2.0
2025-05-24,56,3,baseline,2025-06-14,1.0,2.0,2.854347826086957,1.0,2.0
2025-05-31,01,1,ensemble,2025-06-07,14.0,20.0,3.7504347826086963,6.0,14.0
2025-05-31,01,1,baseline,2025-06-07,14.0,26.0,10.121739130434783,12.0,14.0
2025-05-31,01,2,ensemble,2025-06-14,18.0,18.0,3.3391304347826085,0.0,10.0
2025-05-31,01,2,baseline,2025-06-14,18.0,26.0,12.14304347826087,8.0,10.0
2025-05-31,01,3,ensemble,2025-06-21,22.0,15.0,4.439130434782609,7.0,6.0
2025-05-31,01,3,baseline,2025-06-21,22.0,26.0,14.379565217391304,4.0,6.0
2025-05-31,02,1,ensemble,2025-06-07,8.0,6.0,1.2882608695652176,2.0,1.0
2025-05-31,02,1,baseline,2025-06-07,8.0,7.0,1.6895652173913047,1.0,1.0
2025-05-31,02,2,ensemble,2025-06-14,9.0,6.0,1.8608695652173912,3.0,2.0
2025-05-31,02,2,baseline,2025-06-14,9.0,7.0,2.2265217391304346,2.0,2.0
2025-05-31,02,3,ensemble,2025-06-21,16.0,5.0,7.0147826086956515,11.0,9.0
2025-05-31,02,3,baseline,2025-06-21,16.0,7.0,4.5926086956521734,9.0,9.0
2025-05-31,04,1,ensemble,2025-06-07,32.0,34.0,5.176521739130436,2.0,3.0
2025-05-31,04,1,baseline,2025-06-07,32.0,35.0,16.607391304347825,3.0,3.0
2025-05-31,04,2,ensemble,2025-06-14,26.0,27.0,5.697391304347826,1.0,9.0
2025-05-31,04,2,baseline,2025-06-14,26.0,35.0,23.976956521739133,9.0,9.0
2025-05-31,04,3,ensemble,2025-06-21,18.0,26.0,6.782608695652174,8.0,17.0
2025-05-31,04,3,baseline,2025-06-21,18.0,35.0,30.21695652173913,17.0,17.0
2025-05-31,05,1,ensemble,2025-06-07,14.0,4.0,5.475652173913044,10.0,0.0
2025-05-31,05,1,baseline,2025-06-07,14.0,4.0,7.138260869565219,10.0,0.0
2025-05-31,05,2,ensemble,2025-06-14,12.0,3.0,5.286521739130435,9.0,2.0
2025-05-31,05,2,baseline,2025-06-14,12.0,4.0,8.44304347826087,8.0,2.0
2025-05-31,05,3,ensemble,2025-06-21,14.0,4.0,5.347391304347826,10.0,0.0
2025-05-31,05,3,baseline,2025-06-21,14.0,4.0,10.090869565217393,10.0,0.0
2025-05-31,06,1,ensemble,2025-06-07,143.0,159.0,14.517826086956523,16.0,34.0
2025-05-31,06,1,baseline,2025-06-07,143.0,175.0,48.534347826086965,32.0,34.0
2025-05-31,06,2,ensemble,2025-06-14,152.0,141.0,20.275652173913045,11.0,25.0
2025-05-31,06,2,baseline,2025-06-14,152.0,175.0,65.67695652173914,23.0,25.0
2025-05-31,06,3,ensemble,2025-06-21,116.0,150.0,24.440434782608694,34.0,61.0
2025-05-31,06,3,baseline,2025-06-21,116.0,175.0,84.86652173913043,59.0,61.0
2025-05-31,08,1,ensemble,2025-06-07,20.0,12.0,4.404782608695652,8.0,5.0
2025-05-31,08,1,baseline,2025-06-07,20.0,15.0,7.549130434782611,5.0,5.0
2025-05-31,08,2,ensemble,2025-06-14,17.0,10.0,3.6543478260869557,7.0,2.0
2025-05-31,08,2,baseline,2025-06-14,17.0,15.0,9.826521739130436,2.0,2.0
2025-05-31,08,3,ensemble,2025-06-21,4.0,10.0,3.5026086956521736,6.0,11.0
2025-05-31,08,3,baseline,2025-06-21,4.0,15.0,12.441304347826087,11.0,11.0
2025-05-31,09,1,ensemble,2025-06-07,8.0,10.0,1.8243478260869568,2.0,6.0
2025-05-31,09,1,baseline,2025-06-07,8.0,14.0,6.4943478260869565,6.0,6.0
2025-05-31,09,2,ensemble,2025-06-14,4.0,9.0,2.4352173913043482,5.0,10.0
2025-05-31,09,2,baseline,2025-06-14,4.0,14.0,9.20695652173913,10.0,10.0
2025-05-31,09,3,ensemble,2025-06-21,4.0,8.0,2.6169565217391306,4.0,10.0
2025-05-31,09,3,baseline,2025-06-21,4.0,14.0,10.569565217391306,10.0,10.0
2025-05-31,10,1,ensemble,2025-06-07,0.0,1.0,0.5573913043478261,1.0,0.0
2025-05-31,10,1,baseline,2025-06-07,0.0,0.0,1.3356521739130438,0.0,0.0
2025-05-31,10,2,ensemble,2025-06-14,5.0,1.0,2.4178260869565222,4.0,5.0
2025-05-31,10,2,baseline,2025-06-14,5.0,1.0,2.6126086956521744,4.0,5.0
2025-05-31,10,3,ensemble,2025-06-21,2.0,1.0,0.7121739130434783,1.0,2.0
2025-05-31,10,3,baseline,2025-06-21,2.0,0.0,2.6243478260869564,2.0,2.0
2025-05-31,11,1,ensemble,2025-06-07,4.0,2.0,1.1095652173913044,2.0,2.0
2025-05-31,11,1,baseline,2025-06-07,4.0,2.0,2.020434782608696,2.0,2.0
2025-05-31,11,2,ensemble,2025-06-14,2.0,1.0,0.612608695652174,1.0,0.0
2025-05-31,11,2,baseline,2025-06-14,2.0,2.0,2.4291304347826093,0.0,0.0
2025-05-31,11,3,ensemble,2025-06-21,1.0,1.0,0.73,0.0,1.0
2025-05-31,11,3,baseline,2025-06-21,1.0,2.0,3.139565217391305,1.0,1.0
2025-05-31,12,1,ensemble,2025-06-07,210.0,146.0,31.57043478260869,64.0,3.0
2025-05-31,12,1,baseline,2025-06-07,210.0,174.0,38.135652173913044,36.0,3.0
2025-05-31,12,2,ensemble,2025-06-14,219.0,130.0,50.82826086956523,89.0,6.0
2025-05-31,12,2,baseline,2025-06-14,219.0,174.0,50.00043478260869,45.0,6.0
2025-05-31,12,3,ensemble,2025-06-21,212.0,125.0,45.26347826086956,87.0,1.0
2025-05-31,12,3,baseline,2025-06-21,212.0,174.0,57.91130434782609,38.0,1.0
2025-05-31,13,1,ensemble,2025-06-07,25.0,16.0,4.858695652173914,9.0,4.0
2025-05-31,13,1,baseline,2025-06-07,25.0,18.0,12.36304347826087,7.0,4.0
2025-05-31,13,2,ensemble,2025-06-14,27.0,15.0,5.906956521739128,12.0,6.0
2025-05-31,13,2,baseline,2025-06-14,27.0,18.0,16.76391304347826,9.0,6.0
2025-05-31,13,3,ensemble,2025-06-21,16.0,15.0,3.82695652173913,1.0,5.0
2025-05-31,13,3,baseline,2025-06-21,16.0,18.0,20.449565217391307,2.0,5.0
2025-05-31,15,1,ensemble,2025-06-07,10.0,14.0,2.2013043478260874,4.0,8.0
2025-05-31,15,1,baseline,2025-06-07,10.0,17.0,3.8743478260869573,7.0,8.0
2025-05-31,15,2,ensemble,2025-06-14,14.0,12.0,1.8000000000000003,2.0,4.0
2025-05-31,15,2,baseline,2025-06-14,14.0,17.0,2.8886956521739138,3.0,4.0
2025-05-31,15,3,ensemble,2025-06-21,5.0,11.0,3.2856521739130438,6.0,13.0
2025-05-31,15,3,baseline,2025-06-21,5.0,17.0,6.333913043478261,12.0,13.0
2025-05-31,16,1,ensemble,2025-06-07,7.0,7.0,1.2091304347826088,0.0,4.0
2025-05-31,16,1,baseline,2025-06-07,7.0,8.0,3.973913043478261,1.0,4.0
2025-05-31,16,2,ensemble,2025-06-14,9.0,6.0,1.8347826086956516,3.0,2.0
2025-05-31,16,2,baseline,2025-06-14,9.0,8.0,5.3982608695652194,1.0,2.0
2025-05-31,16,3,ensemble,2025-06-21,7.0,6.0,1.8473913043478263,1.0,4.0
2025-05-31,16,3,baseline,2025-06-21,7.0,8.0,6.509565217391307,1.0,4.0
2025-05-31,17,1,ensemble,2025-06-07,28.0,49.0,10.224347826086957,21.0,46.0
2025-05-31,17,1,baseline,2025-06-07,28.0,64.0,26.727391304347826,36.0,46.0
2025-05-31,17,2,ensemble,2025-06-14,24.0,43.0,10.045652173913044,19.0,50.0
2025-05-31,17,2,baseline,2025-06-14,24.0,64.0,32.493478260869566,40.0,50.0
2025-05-31,17,3,ensemble,2025-06-21,23.0,40.0,9.39304347826087,17.0,51.0
2025-05-31,17,3,baseline,2025-06-21,23.0,64.0,37.321304347826086,41.0,51.0
2025-05-31,18,1,ensemble,2025-06-07,15.0,15.0,3.1004347826086955,0.0,3.0
2025-05-31,18,1,baseline,2025-06-07,15.0,18.0,12.549565217391304,3.0,3.0
2025-05-31,18,2,ensemble,2025-06-14,5.0,12.0,3.9591304347826086,7.0,13.0
2025-05-31,18,2,baseline,2025-06-14,5.0,18.0,18.860000000000003,13.0,13.0
2025-05-31,18,3,ensemble,2025-06-21,11.0,11.0,3.5413043478260877,0.0,7.0
2025-05-31,18,3,baseline,2025-06-21,11.0,18.0,22.426521739130436,7.0,7.0
2025-05-31,19,1,ensemble,2025-06-07,6.0,4.0,1.3065217391304347,2.0,1.0
2025-05-31,19,1,baseline,2025-06-07,6.0,5.0,4.204347826086957,1.0,1.0
2025-05-31,19,2,ensemble,2025-06-14,1.0,4.0,1.473913043478261,3.0,4.0
2025-05-31,19,2,baseline,2025-06-14,1.0,5.0,6.249130434782609,4.0,4.0
2025-05-31,19,3,ensemble,2025-06-21,3.0,3.0,1.102608695652174,0.0,2.0
2025-05-31,19,3,baseline,2025-06-21,3.0,5.0,7.451304347826088,2.0,2.0
2025-05-31,20,1,ensemble,2025-06-07,2.0,10.0,3.89,8.0,9.0
2025-05-31,20,1,baseline,2025-06-07,2.0,11.0,6.518695652173915,9.0,9.0
2025-05-31,20,2,ensemble,2025-06-14,1.0,8.0,3.417826086956521,7.0,10.0
2025-05-31,20,2,baseline,2025-06-14,1.0,11.0,8.171304347826087,10.0,10.0
2025-05-31,20,3,ensemble,2025-06-21,5.0,7.0,1.9969565217391307,2.0,6.0
2025-05-31,20,3,baseline,2025-06-21,5.0,11.0,8.62217391304348,6.0,6.0
2025-05-31,21,1,ensemble,2025-06-07,20.0,7.0,6.796086956521741,13.0,10.0
2025-05-31,21,1,baseline,2025-06-07,20.0,9.0,10.756956521739133,11.0,10.0
2025-05-31,21,2,ensemble,2025-06-14,19.0,5.0,6.613043478260869,14.0,9.0
2025-05-31,21,2,baseline,2025-06-14,19.0,9.0,14.102173913043481,10.0,9.0
2025-05-31,21,3,ensemble,2025-06-21,13.0,5.0,3.9639130434782617,8.0,3.0
2025-05-31,21,3,baseline,2025-06-21,13.0,9.0,16.738260869565224,4.0,3.0
2025-05-31,22,1,ensemble,2025-06-07,32.0,25.0,4.089565217391305,7.0,3.0
2025-05-31,22,1,baseline,2025-06-07,32.0,31.0,8.965652173913043,1.0,3.0
2025-05-31,22,2,ensemble,2025-06-14,33.0,23.0,5.90695652173913,10.0,4.0
2025-05-31,22,2,baseline,2025-06-14,33.0,31.0,12.052608695652175,2.0,4.0
2025-05-31,22,3,ensemble,2025-06-21,36.0,23.0,7.339130434782611,13.0,7.0
2025-05-31,22,3,baseline,2025-06-21,36.0,31.0,14.70304347826087,5.0,7.0
2025-05-31,23,1,ensemble,2025-06-07,0.0,2.0,1.109130434782609,2.0,2.0
2025-05-31,23,1,baseline,2025-06-07,0.0,2.0,2.2947826086956526,2.0,2.0
2025-05-31,23,2,ensemble,2025-06-14,2.0,2.0,0.7395652173913042,0.0,0.0
2025-05-31,23,2,baseline,2025-06-14,2.0,2.0,2.867391304347827,0.0,0.0
2025-05-31,23,3,ensemble,2025-06-21,2.0,1.0,0.9569565217391304,1.0,0.0
2025-05-31,23,3,baseline,2025-06-21,2.0,2.0,3.7730434782608704,0.0,0.0
2025-05-31,24,1,ensemble,2025-06-07,34.0,16.0,9.923478260869565,18.0,8.0
2025-05-31,24,1,baseline,2025-06-07,34.0,22.0,10.064347826086959,12.0,8.0
2025-05-31,24,2,ensemble,2025-06-14,13.0,16.0,3.180434782608696,3.0,13.0
2025-05-31,24,2,baseline,2025-06-14,13.0,22.0,12.306956521739133,9.0,13.0
2025-05-31,24,3,ensemble,2025-06-21,6.0,14.0,4.2404347826086966,8.0,20.0
2025-05-31,24,3,baseline,2025-06-21,6.0,22.0,15.530434782608697,16.0,20.0
2025-05-31,25,1,ensemble,2025-06-07,19.0,23.0,3.895217391304348,4.0,10.0
2025-05-31,25,1,baseline,2025-06-07,19.0,29.0,13.950869565217392,10.0,10.0
2025-05-31,25,2,ensemble,2025-06-14,23.0,19.0,5.0660869565217395,4.0,6.0
2025-05-31,25,2,baseline,2025-06-14,23.0,29.0,18.295652173913048,6.0,6.0
2025-05-31,25,3,ensemble,2025-06-21,8.0,17.0,4.586086956521741,9.0,21.0
2025-05-31,25,3,baseline,2025-06-21,8.0,29.0,23.778260869565223,21.0,21.0
2025-05-31,26,1,ensemble,2025-06-07,29.0,29.0,4.504782608695652,0.0,21.0
2025-05-31,26,1,baseline,2025-06-07,29.0,42.0,19.05652173913044,13.0,21.0
2025-05-31,26,2,ensemble,2025-06-14,28.0,22.0,5.923913043478261,6.0,22.0
2025-05-31,26,2,baseline,2025-06-14,28.0,42.0,25.31478260869566,14.0,22.0
2025-05-31,26,3,ensemble,2025-06-21,27.0,15.0,6.15,12.0,23.0
2025-05-31,26,3,baseline,2025-06-21,27.0,42.0,29.92739130434783,15.0,23.0
2025-05-31,27,1,ensemble,2025-06-07,6.0,8.0,1.8104347826086957,2.0,3.0
2025-05-31,27,1,baseline,2025-06-07,6.0,9.0,6.124782608695654,3.0,3.0
2025-05-31,27,2,ensemble,2025-06-14,10.0,6.0,2.4821739130434786,4.0,1.0
2025-05-31,27,2,baseline,2025-06-14,10.0,9.0,8.457391304347825,1.0,1.0
2025-05-31,27,3,ensemble,2025-06-21,7.0,6.0,2.226956521739131,1.0,2.0
2025-05-31,27,3,baseline,2025-06-21,7.0,9.0,10.406956521739131,2.0,2.0
2025-05-31,28,1,ensemble,2025-06-07,17.0,7.0,4.8765217391304345,10.0,4.0
2025-05-31,28,1,baseline,2025-06-07,17.0,7.0,6.40304347826087,10.0,4.0
2025-05-31,28,2,ensemble,2025-06-14,17.0,6.0,5.039130434782609,11.0,4.0
2025-05-31,28,2,baseline,2025-06-14,17.0,7.0,7.557391304347827,10.0,4.0
2025-05-31,28,3,ensemble,2025-06-21,18.0,8.0,4.940434782608695,10.0,5.0
2025-05-31,28,3,baseline,2025-06-21,18.0,7.0,8.950869565217392,11.0,5.0
2025-05-31,29,1,ensemble,2025-06-07,33.0,14.0,10.462608695652175,19.0,9.0
2025-05-31,29,1,baseline,2025-06-07,33.0,18.0,13.395652173913044,15.0,9.0
2025-05-31,29,2,ensemble,2025-06-14,41.0,9.0,18.178695652173914,32.0,1.0
2025-05-31,29,2,baseline,2025-06-14,41.0,18.0,18.84521739130435,23.0,1.0
2025-05-31,29,3,ensemble,2025-06-21,36.0,10.0,12.07391304347826,26.0,6.0
2025-05-31,29,3,baseline,2025-06-21,36.0,18.0,21.31130434782609,18.0,6.0
2025-05-31,30,1,ensemble,2025-06-07,2.0,1.0,0.6269565217391306,1.0,0.0
2025-05-31,30,1,baseline,2025-06-07,2.0,0.0,1.9030434782608694,2.0,0.0
2025-05-31,30,2,ensemble,2025-06-14,1.0,1.0,0.48652173913043484,0.0,1.0
2025-05-31,30,2,baseline,2025-06-14,1.0,0.0,2.47,1.0,1.0
2025-05-31,30,3,ensemble,2025-06-21,2.0,1.0,0.7621739130434783,1.0,0.0
2025-05-31,30,3,baseline,2025-06-21,2.0,1.0,3.221304347826087,1.0,0.0
2025-05-31,31,1,ensemble,2025-06-07,4.0,2.0,1.017391304347826,2.0,2.0
2025-05-31,31,1,baseline,2025-06-07,4.0,2.0,2.6660869565217395,2.0,2.0
2025-05-31,31,2,ensemble,2025-06-14,0.0,1.0,0.8617391304347827,1.0,2.0
2025-05-31,31,2,baseline,2025-06-14,0.0,2.0,3.632608695652174,2.0,2.0
2025-05-31,31,3,ensemble,2025-06-21,0.0,2.0,0.9008695652173916,2.0,2.0
2025-05-31,31,3,baseline,2025-06-21,0.0,2.0,4.341304347826087,2.0,2.0
2025-05-31,32,1,ensemble,2025-06-07,12.0,20.0,4.1091304347826085,8.0,14.0
2025-05-31,32,1,baseline,2025-06-07,12.0,26.0,9.040434782608695,14.0,14.0
2025-05-31,32,2,ensemble,2025-06-14,16.0,18.0,3.1213043478260865,2.0,10.0
2025-05-31,32,2,baseline,2025-06-14,16.0,26.0,8.90913043478261,10.0,10.0
2025-05-31,32,3,ensemble,2025-06-21,12.0,17.0,3.3260869565217392,5.0,14.0
2025-05-31,32,3,baseline,2025-06-21,12.0,26.0,11.193913043478263,14.0,14.0
2025-05-31,33,1,ensemble,2025-06-07,1.0,2.0,0.641304347826087,1.0,0.0
2025-05-31,33,1,baseline,2025-06-07,1.0,2.0,1.8708695652173915,1.0,0.0
2025-05-31,33,2,ensemble,2025-06-14,2.0,1.0,0.7056521739130437,1.0,1.0
2025-05-31,33,2,baseline,2025-06-14,2.0,2.0,2.3973913043478263,0.0,1.0
2025-05-31,33,3,ensemble,2025-06-21,2.0,1.0,0.7347826086956523,1.0,1.0
2025-05-31,33,3,baseline,2025-06-21,2.0,2.0,2.957391304347826,0.0,1.0
2025-05-31,34,1,ensemble,2025-06-07,26.0,19.0,4.68304347826087,7.0,1.0
2025-05-31,34,1,baseline,2025-06-07,26.0,25.0,15.255217391304347,1.0,1.0
2025-05-31,34,2,ensemble,2025-06-14,24.0,17.0,5.641739130434783,7.0,1.0
2025-05-31,34,2,baseline,2025-06-14,24.0,25.0,20.934347826086956,1.0,1.0
2025-05-31,34,3,ensemble,2025-06-21,20.0,15.0,5.442173913043478,5.0,5.0
2025-05-31,34,3,baseline,2025-06-21,20.0,25.0,25.66086956521739,5.0,5.0
2025-05-31,35,1,ensemble,2025-06-07,10.0,9.0,1.626521739130435,1.0,4.0
2025-05-31,35,1,baseline,2025-06-07,10.0,12.0,4.948695652173914,2.0,4.0
2025-05-31,35,2,ensemble,2025-06-14,6.0,8.0,1.5465217391304351,2.0,8.0
2025-05-31,35,2,baseline,2025-06-14,6.0,12.0,6.950000000000001,6.0,8.0
2025-05-31,35,3,ensemble,2025-06-21,8.0,8.0,1.506521739130435,0.0,6.0
2025-05-31,35,3,baseline,2025-06-21,8.0,12.0,7.995217391304348,4.0,6.0
2025-05-31,36,1,ensemble,2025-06-07,27.0,26.0,5.081304347826087,1.0,23.0
2025-05-31,36,1,baseline,2025-06-07,27.0,39.0,26.77521739130435,12.0,23.0
2025-05-31,36,2,ensemble,2025-06-14,29.0,22.0,5.5426086956521745,7.0,21.0
2025-05-31,36,2,baseline,2025-06-14,29.0,39.0,35.61304347826088,10.0,21.0
2025-05-31,36,3,ensemble,2025-06-21,27.0,19.0,6.602173913043478,8.0,23.0
2025-05-31,36,3,baseline,2025-06-21,27.0,39.0,42.17347826086957,12.0,23.0
2025-05-31,37,1,ensemble,2025-06-07,25.0,13.0,5.543478260869565,12.0,6.0
2025-05-31,37,1,baseline,2025-06-07,25.0,15.0,15.000869565217393,10.0,6.0
2025-05-31,37,2,ensemble,2025-06-14,18.0,10.0,3.860869565217391,8.0,1.0
2025-05-31,37,2,baseline,2025-06-14,18.0,15.0,20.609130434782607,3.0,1.0
2025-05-31,37,3,ensemble,2025-06-21,22.0,9.0,5.898260869565219,13.0,3.0
2025-05-31,37,3,baseline,2025-06-21,22.0,15.0,25.846521739130434,7.0,3.0
2025-05-31,38,1,ensemble,2025-06-07,5.0,3.0,1.1756521739130434,2.0,2.0
2025-05-31,38,1,baseline,2025-06-07,5.0,3.0,1.848695652173913,2.0,2.0
2025-05-31,38,2,ensemble,2025-06-14,4.0,2.0,1.014782608695652,2.0,1.0
2025-05-31,38,2,baseline,2025-06-14,4.0,3.0,2.2113043478260876,1.0,1.0
2025-05-31,38,3,ensemble,2025-06-21,3.0,2.0,0.7365217391304348,1.0,0.0
2025-05-31,38,3,baseline,2025-06-21,3.0,3.0,2.6317391304347826,0.0,0.0
2025-05-31,39,1,ensemble,2025-06-07,20.0,81.0,36.08391304347826,61.0,0.0
2025-05-31,39,1,baseline,2025-06-07,20.0,111.0,55.341304347826096,91.0,0.0
2025-05-31,39,2,ensemble,2025-06-14,15.0,72.0,30.415652173913045,57.0,5.0
2025-05-31,39,2,baseline,2025-06-14,15.0,111.0,60.311739130434795,96.0,5.0
2025-05-31,39,3,ensemble,2025-06-21,16.0,56.0,25.092608695652178,40.0,4.0
2025-05-31,39,3,baseline,2025-06-21,16.0,111.0,63.72304347826086,95.0,4.0
2025-05-31,40,1,ensemble,2025-06-07,12.0,4.0,3.362608695652174,8.0,1.0
2025-05-31,40,1,baseline,2025-06-07,12.0,5.0,8.78913043478261,7.0,1.0
2025-05-31,40,2,ensemble,2025-06-14,12.0,4.0,3.643043478260869,8.0,1.0
2025-05-31,40,2,baseline,2025-06-14,12.0,5.0,11.928695652173914,7.0,1.0
2025-05-31,40,3,ensemble,2025-06-21,9.0,5.0,2.40304347826087,4.0,4.0
2025-05-31,40,3,baseline,2025-06-21,9.0,5.0,14.773478260869569,4.0,4.0
2025-05-31,41,1,ensemble,2025-06-07,16.0,11.0,2.7600000000000002,5.0,3.0
2025-05-31,41,1,baseline,2025-06-07,16.0,14.0,6.358260869565218,2.0,3.0
2025-05-31,41,2,ensemble,2025-06-14,13.0,8.0,2.6952173913043476,5.0,6.0
2025-05-31,41,2,baseline,2025-06-14,13.0,14.0,9.10695652173913,1.0,6.0
2025-05-31,41,3,ensemble,2025-06-21,11.0,9.0,3.0069565217391303,2.0,8.0
2025-05-31,41,3,baseline,2025-06-21,11.0,15.0,11.60521739130435,4.0,8.0
2025-05-31,42,1,ensemble,2025-06-07,160.0,117.0,22.11304347826087,43.0,11.0
2025-05-31,42,1,baseline,2025-06-07,160.0,167.0,31.380869565217395,7.0,11.0
2025-05-31,42,2,ensemble,2025-06-14,148.0,104.0,25.444347826086954,44.0,23.0
2025-05-31,42,2,baseline,2025-06-14,148.0,167.0,45.81217391304348,19.0,23.0
2025-05-31,42,3,ensemble,2025-06-21,151.0,106.0,30.036521739130436,45.0,20.0
2025-05-31,42,3,baseline,2025-06-21,151.0,167.0,56.876086956521746,16.0,20.0
2025-05-31,44,1,ensemble,2025-06-07,3.0,2.0,0.7908695652173912,1.0,1.0
2025-05-31,44,1,baseline,2025-06-07,3.0,2.0,1.5434782608695656,1.0,1.0
2025-05-31,44,2,ensemble,2025-06-14,0.0,1.0,0.6078260869565218,1.0,2.0
2025-05-31,44,2,baseline,2025-06-14,0.0,2.0,2.180434782608696,2.0,2.0
2025-05-31,44,3,ensemble,2025-06-21,0.0,1.0,0.5795652173913044,1.0,2.0
2025-05-31,44,3,baseline,2025-06-21,0.0,2.0,2.7243478260869565,2.0,2.0
2025-05-31,45,1,ensemble,2025-06-07,9.0,15.0,3.3756521739130427,6.0,8.0
2025-05-31,45,1,baseline,2025-06-07,9.0,16.0,8.95434782608696,7.0,8.0
2025-05-31,45,2,ensemble,2025-06-14,8.0,12.0,3.0656521739130445,4.0,9.0
2025-05-31,45,2,baseline,2025-06-14,8.0,16.0,12.265652173913043,8.0,9.0
2025-05-31,45,3,ensemble,2025-06-21,10.0,14.0,3.426521739130435,4.0,7.0
2025-05-31,45,3,baseline,2025-06-21,10.0,16.0,14.963043478260873,6.0,7.0
2025-05-31,46,1,ensemble,2025-06-07,3.0,5.0,1.3534782608695652,2.0,4.0
2025-05-31,46,1,baseline,2025-06-07,3.0,7.0,2.9591304347826095,4.0,4.0
2025-05-31,46,2,ensemble,2025-06-14,7.0,5.0,1.191304347826087,2.0,0.0
2025-05-31,46,2,baseline,2025-06-14,7.0,7.0,3.0352173913043488,0.0,0.0
2025-05-31,46,3,ensemble,2025-06-21,6.0,4.0,1.2343478260869565,2.0,1.0
2025-05-31,46,3,baseline,2025-06-21,6.0,7.0,3.604347826086957,1.0,1.0
2025-05-31,47,1,ensemble,2025-06-07,34.0,26.0,4.660000000000001,8.0,1.0
2025-05-31,47,1,baseline,2025-06-07,34.0,31.0,12.327391304347827,3.0,1.0
2025-05-31,47,2,ensemble,2025-06-14,45.0,24.0,10.991739130434782,21.0,10.0
2025-05-31,47,2,baseline,2025-06-14,45.0,31.0,17.610000000000003,14.0,10.0
2025-05-31,47,3,ensemble,2025-06-21,33.0,22.0,5.396521739130435,11.0,2.0
2025-05-31,47,3,baseline,2025-06-21,33.0,32.0,20.26304347826087,1.0,2.0
2025-05-31,48,1,ensemble,2025-06-07,144.0,102.0,23.216956521739124,42.0,4.0
2025-05-31,48,1,baseline,2025-06-07,144.0,126.0,43.84608695652174,18.0,4.0
2025-05-31,48,2,ensemble,2025-06-14,132.0,85.0,25.950434782608703,47.0,8.0
2025-05-31,48,2,baseline,2025-06-14,132.0,127.0,57.33739130434783,5.0,8.0
2025-05-31,48,3,ensemble,2025-06-21,119.0,82.0,26.29434782608696,37.0,21.0
2025-05-31,48,3,baseline,2025-06-21,119.0,126.0,68.06608695652174,7.0,21.0
2025-05-31,49,1,ensemble,2025-06-07,7.0,11.0,1.92304347826087,4.0,7.0
2025-05-31,49,1,baseline,2025-06-07,7.0,14.0,4.618695652173915,7.0,7.0
2025-05-31,49,2,ensemble,2025-06-14,9.0,9.0,1.8034782608695654,0.0,5.0
2025-05-31,49,2,baseline,2025-06-14,9.0,14.0,4.713913043478262,5.0,5.0
2025-05-31,49,3,ensemble,2025-06-21,1.0,10.0,4.3469565217391315,9.0,13.0
2025-05-31,49,3,baseline,2025-06-21,1.0,14.0,7.59304347826087,13.0,13.0
2025-05-31,50,1,ensemble,2025-06-07,0.0,1.0,0.5186956521739131,1.0,1.0
2025-05-31,50,1,baseline,2025-06-07,0.0,1.0,1.156086956521739,1.0,1.0
2025-05-31,50,2,ensemble,2025-06-14,0.0,1.0,0.4926086956521739,1.0,1.0
2025-05-31,50,2,baseline,2025-06-14,0.0,1.0,1.3995652173913045,1.0,1.0
2025-05-31,50,3,ensemble,2025-06-21,0.0,1.0,0.5517391304347826,1.0,1.0
2025-05-31,50,3,baseline,2025-06-21,0.0,1.0,1.7400000000000004,1.0,1.0
2025-05-31,51,1,ensemble,2025-06-07,19.0,21.0,3.260434782608696,2.0,8.0
2025-05-31,51,1,baseline,2025-06-07,19.0,23.0,12.046086956521739,4.0,8.0
2025-05-31,51,2,ensemble,2025-06-14,17.0,17.0,2.7760869565217394,0.0,10.0
2025-05-31,51,2,baseline,2025-06-14,17.0,23.0,16.49608695652174,6.0,10.0
2025-05-31,51,3,ensemble,2025-06-21,10.0,18.0,5.578260869565218,8.0,17.0
2025-05-31,51,3,baseline,2025-06-21,10.0,23.0,20.398695652173913,13.0,17.0
2025-05-31,53,1,ensemble,2025-06-07,31.0,14.0,10.079130434782607,17.0,2.0
2025-05-31,53,1,baseline,2025-06-07,31.0,16.0,9.691304347826087,15.0,2.0
2025-05-31,53,2,ensemble,2025-06-14,23.0,12.0,5.918260869565216,11.0,6.0
2025-05-31,53,2,baseline,2025-06-14,23.0,16.0,10.161304347826087,7.0,6.0
2025-05-31,53,3,ensemble,2025-06-21,14.0,12.0,2.452608695652174,2.0,15.0
2025-05-31,53,3,baseline,2025-06-21,14.0,16.0,11.959130434782608,2.0,15.0
2025-05-31,54,1,ensemble,2025-06-07,7.0,1.0,2.5630434782608695,6.0,6.0
2025-05-31,54,1,baseline,2025-06-07,7.0,1.0,4.70913043478261,6.0,6.0
2025-05-31,54,2,ensemble,2025-06-14,0.0,1.0,0.8665217391304347,1.0,1.0
2025-05-31,54,2,baseline,2025-06-14,0.0,1.0,5.807826086956522,1.0,1.0
2025-05-31,54,3,ensemble,2025-06-21,2.0,1.0,1.1282608695652174,1.0,1.0
2025-05-31,54,3,baseline,2025-06-21,2.0,1.0,7.290869565217391,1.0,1.0
2025-05-31,55,1,ensemble,2025-06-07,2.0,8.0,2.996086956521739,6.0,8.0
2025-05-31,55,1,baseline,2025-06-07,2.0,9.0,8.259565217391307,7.0,8.0
2025-05-31,55,2,ensemble,2025-06-14,4.0,5.0,2.119565217391304,1.0,6.0
2025-05-31,55,2,baseline,2025-06-14,4.0,9.0,10.548260869565217,5.0,6.0
2025-05-31,55,3,ensemble,2025-06-21,3.0,5.0,1.8547826086956523,2.0,7.0
2025-05-31,55,3,baseline,2025-06-21,3.0,9.0,13.142608695652175,6.0,7.0
2025-05-31,56,1,ensemble,2025-06-07,2.0,3.0,0.7317391304347826,1.0,1.0
2025-05-31,56,1,baseline,2025-06-07,2.0,3.0,1.8813043478260871,1.0,1.0
2025-05-31,56,2,ensemble,2025-06-14,1.0,3.0,0.8113043478260868,2.0,2.0
2025-05-31,56,2,baseline,2025-06-14,1.0,3.0,2.537391304347826,2.0,2.0
2025-05-31,56,3,ensemble,2025-06-21,2.0,3.0,0.8569565217391306,1.0,1.0
2025-05-31,56,3,baseline,2025-06-21,2.0,3.0,2.9326086956521746,1.0,1.0
