reference_date,location,horizon,model,target_end_date,truth,point,wis,mae,persistence_mae
2023-10-14,01,1,ensemble,2023-10-21,30.0,27.0,4.623785644234678,3.0,10.0
2023-10-14,01,1,baseline,2023-10-21,30.0,23.0,6.2589769288997275,7.0,10.0
2023-10-14,01,2,ensemble,2023-10-28,32.0,28.87,6.264811294373078,3.129999999999999,12.0
2023-10-14,01,2,baseline,2023-10-28,32.0,23.0,7.833082125712565,9.0,12.0
2023-10-14,01,3,ensemble,2023-11-04,37.0,27.0,6.6983180691336806,10.0,17.0
2023-10-14,01,3,baseline,2023-11-04,37.0,23.0,9.928818461858535,14.0,17.0
2023-10-14,02,1,ensemble,2023-10-21,21.0,6.29,8.758104320841133,14.71,11.0
2023-10-14,02,1,baseline,2023-10-21,21.0,6.0,8.755818219725677,15.0,11.0
2023-10-14,02,2,ensemble,2023-10-28,30.0,7.0,15.210107879309726,23.0,20.0
2023-10-14,02,2,baseline,2023-10-28,30.0,6.0,14.752135953294308,24.0,20.0
2023-10-14,02,3,ensemble,2023-11-04,33.0,7.0,16.293125397617672,26.0,23.0
2023-10-14,02,3,baseline,2023-11-04,33.0,6.0,16.308205360097073,27.0,23.0
2023-10-14,04,1,ensemble,2023-10-21,52.0,21.5,14.827438054005869,30.5,36.0
2023-10-14,04,1,baseline,2023-10-21,52.0,21.0,17.184491888788447,31.0,36.0
2023-10-14,04,2,ensemble,2023-10-28,49.0,22.0,12.14676805585459,27.0,33.0
2023-10-14,04,2,baseline,2023-10-28,49.0,21.0,16.692170929861483,28.0,33.0
2023-10-14,04,3,ensemble,2023-11-04,51.0,24.0,12.599547969655879,27.0,35.0
2023-10-14,04,3,baseline,2023-11-04,51.0,21.0,18.474558505041564,30.0,35.0
2023-10-14,05,1,ensemble,2023-10-21,18.0,11.77,3.37139054086446,6.23,1.0
2023-10-14,05,1,baseline,2023-10-21,18.0,10.0,5.793053119161626,8.0,1.0
2023-10-14,05,2,ensemble,2023-10-28,13.0,14.0,2.576486014563675,1.0,4.0
2023-10-14,05,2,baseline,2023-10-28,13.0,10.0,5.952401175229147,3.0,4.0
2023-10-14,05,3,ensemble,2023-11-04,18.0,13.974525828361518,3.1325200473936863,4.025474171638482,1.0
2023-10-14,05,3,baseline,2023-11-04,18.0,10.0,7.3705377817691256,8.0,1.0
2023-10-14,06,1,ensemble,2023-10-21,51.0,54.613863970398405,8.699383562623717,3.6138639703984055,6.0
2023-10-14,06,1,baseline,2023-10-21,51.0,47.0,23.438678793570556,4.0,6.0
2023-10-14,06,2,ensemble,2023-10-28,76.0,61.0,12.567101667368886,15.0,31.0
2023-10-14,06,2,baseline,2023-10-28,76.0,47.0,33.347971664825415,29.0,31.0
2023-10-14,06,3,ensemble,2023-11-04,97.0,66.0,18.55936268890504,31.0,52.0
2023-10-14,06,3,baseline,2023-11-04,97.0,47.0,43.64001399557471,50.0,52.0
2023-10-14,08,1,ensemble,2023-10-21,16.0,14.915831686854364,2.8553687174206286,1.0841683131456357,6.0
2023-10-14,08,1,baseline,2023-10-21,16.0,12.0,5.84706204244651,4.0,6.0
2023-10-14,08,2,ensemble,2023-10-28,19.0,14.856723991993242,4.559994547149501,4.143276008006758,9.0
2023-10-14,08,2,baseline,2023-10-28,19.0,12.0,7.268600344046922,7.0,9.0
2023-10-14,08,3,ensemble,2023-11-04,31.0,16.280928800940515,7.268296714923302,14.719071199059485,21.0
2023-10-14,08,3,baseline,2023-11-04,31.0,12.0,10.550686972826247,19.0,21.0
2023-10-14,09,1,ensemble,2023-10-21,1.0,12.25,7.006025079338195,11.25,3.0
2023-10-14,09,1,baseline,2023-10-21,1.0,8.0,4.98141297480366,7.0,3.0
2023-10-14,09,2,ensemble,2023-10-28,7.0,11.92,4.106459477830287,4.92,3.0
2023-10-14,09,2,baseline,2023-10-28,7.0,8.0,4.8105811511375975,1.0,3.0
2023-10-14,09,3,ensemble,2023-11-04,12.0,12.03,5.122176170882035,0.02999999999999936,8.0
2023-10-14,09,3,baseline,2023-11-04,12.0,8.0,5.903668731687319,4.0,8.0
2023-10-14,10,1,ensemble,2023-10-21,1.0,1.0,0.692163982138348,0.0,1.0
2023-10-14,10,1,baseline,2023-10-21,1.0,0.0,1.0227532189017545,1.0,1.0
2023-10-14,10,2,ensemble,2023-10-28,1.0,1.0,0.5674307486263338,0.0,1.0
2023-10-14,10,2,baseline,2023-10-28,1.0,0.0,1.2976191700177875,1.0,1.0
2023-10-14,10,3,ensemble,2023-11-04,1.0,1.0,0.5153488243093725,0.0,1.0
2023-10-14,10,3,baseline,2023-11-04,1.0,0.0,1.55785755914081,1.0,1.0
2023-10-14,11,1,ensemble,2023-10-21,4.0,1.74705557703972,1.1189765516011936,2.25294442296028,2.0
2023-10-14,11,1,baseline,2023-10-21,4.0,0.0,1.879562335927707,4.0,2.0
2023-10-14,11,2,ensemble,2023-10-28,1.0,2.760674427747728,0.7764147798321679,1.7606744277477282,1.0
2023-10-14,11,2,baseline,2023-10-28,1.0,0.0,0.8712255885167545,1.0,1.0
2023-10-14,11,3,ensemble,2023-11-04,0.0,1.305,0.8932706474754176,1.305,2.0
2023-10-14,11,3,baseline,2023-11-04,0.0,0.0,0.9830796974926276,0.0,2.0
2023-10-14,12,1,ensemble,2023-10-21,292.0,190.5,55.145882188273056,101.5,62.0
2023-10-14,12,1,baseline,2023-10-21,292.0,177.0,63.28402308940481,115.0,62.0
2023-10-14,12,2,ensemble,2023-10-28,313.0,191.5,65.01609689152114,121.5,83.0
2023-10-14,12,2,baseline,2023-10-28,313.0,177.0,73.49494493105801,136.0,83.0
2023-10-14,12,3,ensemble,2023-11-04,444.0,192.5,152.66049505394437,251.5,214.0
2023-10-14,12,3,baseline,2023-11-04,444.0,177.0,159.0726277930387,267.0,214.0
2023-10-14,13,1,ensemble,2023-10-21,31.0,37.74237106897106,5.217959234143181,6.74237106897106,4.0
2023-10-14,13,1,baseline,2023-10-21,31.0,35.0,5.996697312407912,4.0,4.0
2023-10-14,13,2,ensemble,2023-10-28,40.0,38.0,4.843795648642894,2.0,5.0
2023-10-14,13,2,baseline,2023-10-28,40.0,35.0,7.087513657919187,5.0,5.0
2023-10-14,13,3,ensemble,2023-11-04,60.0,36.18285019060315,10.622626564341003,23.817149809396852,25.0
2023-10-14,13,3,baseline,2023-11-04,60.0,35.0,13.288343749567952,25.0,25.0
2023-10-14,15,1,ensemble,2023-10-21,13.0,8.912934719819873,2.036279510957652,4.087065280180127,3.0
2023-10-14,15,1,baseline,2023-10-21,13.0,10.0,1.7947050700507001,3.0,3.0
2023-10-14,15,2,ensemble,2023-10-28,13.0,9.999999999999998,1.9510198020457097,3.0000000000000018,3.0
2023-10-14,15,2,baseline,2023-10-28,13.0,10.0,1.8594378457480223,3.0,3.0
2023-10-14,15,3,ensemble,2023-11-04,14.0,10.2,2.3467730067068318,3.8000000000000007,4.0
2023-10-14,15,3,baseline,2023-11-04,14.0,10.0,2.3370968415336337,4.0,4.0
2023-10-14,16,1,ensemble,2023-10-21,2.0,3.26,1.363429732020417,1.2599999999999998,2.0
2023-10-14,16,1,baseline,2023-10-21,2.0,2.0,2.1602667366021464,0.0,2.0
2023-10-14,16,2,ensemble,2023-10-28,4.0,3.5,1.2073930318116408,0.5,0.0
2023-10-14,16,2,baseline,2023-10-28,4.0,2.0,2.9189862014707124,2.0,0.0
2023-10-14,16,3,ensemble,2023-11-04,5.0,3.6,1.5889989041342714,1.4,1.0
2023-10-14,16,3,baseline,2023-11-04,5.0,2.0,3.6811374119176,3.0,1.0
2023-10-14,17,1,ensemble,2023-10-21,27.0,24.0,4.403820912803047,3.0,6.0
2023-10-14,17,1,baseline,2023-10-21,27.0,17.0,10.329398369570656,10.0,6.0
2023-10-14,17,2,ensemble,2023-10-28,21.0,26.96,5.868796077691652,5.960000000000001,0.0
2023-10-14,17,2,baseline,2023-10-28,21.0,17.0,11.777612466515972,4.0,0.0
2023-10-14,17,3,ensemble,2023-11-04,34.0,30.1,6.747082986884693,3.8999999999999986,13.0
2023-10-14,17,3,baseline,2023-11-04,34.0,17.0,15.97323869603913,17.0,13.0
2023-10-14,18,1,ensemble,2023-10-21,25.0,17.0,4.905622448249571,8.0,17.0
2023-10-14,18,1,baseline,2023-10-21,25.0,13.0,8.549942070551143,12.0,17.0
2023-10-14,18,2,ensemble,2023-10-28,33.0,19.58673633098604,7.597303032596989,13.413263669013961,25.0
2023-10-14,18,2,baseline,2023-10-28,33.0,13.0,12.154236424777292,20.0,25.0
2023-10-14,18,3,ensemble,2023-11-04,39.0,24.0,9.080082112637085,15.0,31.0
2023-10-14,18,3,baseline,2023-11-04,39.0,13.0,14.962485957490017,26.0,31.0
2023-10-14,19,1,ensemble,2023-10-21,4.0,4.39,1.2462741521214276,0.3899999999999997,1.0
2023-10-14,19,1,baseline,2023-10-21,4.0,4.0,2.5540804630872413,0.0,1.0
2023-10-14,19,2,ensemble,2023-10-28,4.0,6.999999999999999,1.864662734548882,2.999999999999999,1.0
2023-10-14,19,2,baseline,2023-10-28,4.0,4.0,3.1140151903040825,0.0,1.0
2023-10-14,19,3,ensemble,2023-11-04,10.0,7.496832337915634,2.6412952711128983,2.5031676620843664,7.0
2023-10-14,19,3,baseline,2023-11-04,10.0,4.0,4.664227769712476,6.0,7.0
2023-10-14,20,1,ensemble,2023-10-21,7.0,7.782,1.423005462650541,0.782,8.0
2023-10-14,20,1,baseline,2023-10-21,7.0,5.0,2.827212494255378,2.0,8.0
2023-10-14,20,2,ensemble,2023-10-28,5.0,8.84046,2.059386209845598,3.84046,10.0
2023-10-14,20,2,baseline,2023-10-28,5.0,5.0,3.352092046398727,0.0,10.0
2023-10-14,20,3,ensemble,2023-11-04,6.0,9.393264932334422,2.2075619040827634,3.3932649323344215,9.0
2023-10-14,20,3,baseline,2023-11-04,6.0,5.0,3.973099989521638,1.0,9.0
2023-10-14,21,1,ensemble,2023-10-21,20.0,17.4,3.697613676052572,2.6000000000000014,8.0
2023-10-14,21,1,baseline,2023-10-21,20.0,14.0,7.474514210163839,6.0,8.0
2023-10-14,21,2,ensemble,2023-10-28,23.0,16.0,4.667474770552911,7.0,11.0
2023-10-14,21,2,baseline,2023-10-28,23.0,14.0,9.74951060756259,9.0,11.0
2023-10-14,21,3,ensemble,2023-11-04,21.0,17.0,5.717670897281527,4.0,9.0
2023-10-14,21,3,baseline,2023-11-04,21.0,14.0,11.124530122518616,7.0,9.0
2023-10-14,22,1,ensemble,2023-10-21,31.0,19.623122639656067,6.844467371460405,11.376877360343933,12.0
2023-10-14,22,1,baseline,2023-10-21,31.0,16.0,8.076988074750313,15.0,12.0
2023-10-14,22,2,ensemble,2023-10-28,46.0,19.0,17.092628618240852,27.0,27.0
2023-10-14,22,2,baseline,2023-10-28,46.0,16.0,15.987862679887673,30.0,27.0
2023-10-14,22,3,ensemble,2023-11-04,40.0,19.7,10.509981983846586,20.3,21.0
2023-10-14,22,3,baseline,2023-11-04,40.0,16.0,12.42683302180847,24.0,21.0
2023-10-14,23,1,ensemble,2023-10-21,2.0,1.9999999999999991,0.7091795759588969,8.881784197001252e-16,3.0
2023-10-14,23,1,baseline,2023-10-21,2.0,8.500084999196744e-05,1.7735612215469978,1.999914999150008,3.0
2023-10-14,23,2,ensemble,2023-10-28,4.0,2.0562141346931453,1.037163560502373,1.9437858653068547,1.0
2023-10-14,23,2,baseline,2023-10-28,4.0,0.0,2.5665139247914213,4.0,1.0
2023-10-14,23,3,ensemble,2023-11-04,1.0,1.958747864065608,1.0633156099349355,0.958747864065608,4.0
2023-10-14,23,3,baseline,2023-11-04,1.0,0.0,2.4654494703425294,1.0,4.0
2023-10-14,24,1,ensemble,2023-10-21,9.0,4.993874127599956,2.1135414034556192,4.006125872400044,6.0
2023-10-14,24,1,baseline,2023-10-21,9.0,4.0,4.144908890436727,5.0,6.0
2023-10-14,24,2,ensemble,2023-10-28,10.0,5.668641758630044,2.473289138431467,4.331358241369956,7.0
2023-10-14,24,2,baseline,2023-10-28,10.0,4.0,5.0151569490477526,6.0,7.0
2023-10-14,24,3,ensemble,2023-11-04,15.0,5.545,4.5273291703243,9.455,12.0
2023-10-14,24,3,baseline,2023-11-04,15.0,4.0,6.72147845806719,11.0,12.0
2023-10-14,25,1,ensemble,2023-10-21,14.0,20.082862756176063,4.281499204087437,6.082862756176063,0.0
2023-10-14,25,1,baseline,2023-10-21,14.0,16.0,7.294339726875535,2.0,0.0
2023-10-14,25,2,ensemble,2023-10-28,28.0,22.92544233789864,5.588713807575097,5.074557662101359,14.0
2023-10-14,25,2,baseline,2023-10-28,28.0,16.0,10.665753497382799,12.0,14.0
2023-10-14,25,3,ensemble,2023-11-04,30.0,26.3681508410682,7.446076838439577,3.6318491589318,16.0
2023-10-14,25,3,baseline,2023-11-04,30.0,16.0,12.583639799006699,14.0,16.0
2023-10-14,26,1,ensemble,2023-10-21,21.0,15.75,4.149054970423217,5.25,4.0
2023-10-14,26,1,baseline,2023-10-21,21.0,12.0,9.36331675545017,9.0,4.0
2023-10-14,26,2,ensemble,2023-10-28,12.0,18.75,6.049694141518245,6.75,5.0
2023-10-14,26,2,baseline,2023-10-28,12.0,12.0,10.674745261626537,0.0,5.0
2023-10-14,26,3,ensemble,2023-11-04,34.0,18.45,8.828595969719103,15.55,17.0
2023-10-14,26,3,baseline,2023-11-04,34.0,12.0,16.136304856374654,22.0,17.0
2023-10-14,27,1,ensemble,2023-10-21,4.0,3.944894933037213,1.117527642064462,0.05510506696278705,1.0
2023-10-14,27,1,baseline,2023-10-21,4.0,2.0,3.2507318464489017,2.0,1.0
2023-10-14,27,2,ensemble,2023-10-28,4.0,4.264520804901699,1.432958068933809,0.26452080490169916,1.0
2023-10-14,27,2,baseline,2023-10-28,4.0,2.0,4.1030077298816465,2.0,1.0
2023-10-14,27,3,ensemble,2023-11-04,9.0,4.41853315222093,2.6122242865194223,4.58146684777907,6.0
2023-10-14,27,3,baseline,2023-11-04,9.0,2.0,5.7334926660136185,7.0,6.0
2023-10-14,28,1,ensemble,2023-10-21,20.0,22.0,4.939804881053743,2.0,9.0
2023-10-14,28,1,baseline,2023-10-21,20.0,20.0,4.562518633142855,0.0,9.0
2023-10-14,28,2,ensemble,2023-10-28,18.0,24.0,5.7004544989837855,6.0,11.0
2023-10-14,28,2,baseline,2023-10-28,18.0,20.0,5.5484085605638676,2.0,11.0
2023-10-14,28,3,ensemble,2023-11-04,30.0,25.0,7.176152757037626,5.0,1.0
2023-10-14,28,3,baseline,2023-11-04,30.0,20.0,7.4162254505153875,10.0,1.0
2023-10-14,29,1,ensemble,2023-10-21,17.0,16.41857846804197,3.0639773861157202,0.5814215319580285,7.0
2023-10-14,29,1,baseline,2023-10-21,17.0,12.0,7.040582421737263,5.0,7.0
2023-10-14,29,2,ensemble,2023-10-28,17.0,18.0,3.9225560354768776,1.0,7.0
2023-10-14,29,2,baseline,2023-10-28,17.0,12.0,8.80715956072604,5.0,7.0
2023-10-14,29,3,ensemble,2023-11-04,24.0,19.0,4.977838870131423,5.0,0.0
2023-10-14,29,3,baseline,2023-11-04,24.0,12.0,11.674297948696871,12.0,0.0
2023-10-14,30,1,ensemble,2023-10-21,1.0,4.427165,1.8189388370595367,3.4271649999999996,1.0
2023-10-14,30,1,baseline,2023-10-21,1.0,4.0,2.3601844423661644,3.0,1.0
2023-10-14,30,2,ensemble,2023-10-28,0.0,5.0,2.981965776576963,5.0,0.0
2023-10-14,30,2,baseline,2023-10-28,0.0,4.0,2.8562205528577005,4.0,0.0
2023-10-14,30,3,ensemble,2023-11-04,1.0,4.9,2.591293454737802,3.9000000000000004,1.0
2023-10-14,30,3,baseline,2023-11-04,1.0,4.0,2.772024704790525,3.0,1.0
2023-10-14,31,1,ensemble,2023-10-21,8.0,4.0,2.0811056989316628,4.0,3.0
2023-10-14,31,1,baseline,2023-10-21,8.0,1.0,3.3371063045413094,7.0,3.0
2023-10-14,31,2,ensemble,2023-10-28,7.0,3.898334886772269,2.279772358333478,3.101665113227731,2.0
2023-10-14,31,2,baseline,2023-10-28,7.0,1.0,3.097673235471483,6.0,2.0
2023-10-14,31,3,ensemble,2023-11-04,5.0,5.0038354269823895,1.993289336886878,0.003835426982389478,0.0
2023-10-14,31,3,baseline,2023-11-04,5.0,1.0,3.019319371345884,4.0,0.0
2023-10-14,32,1,ensemble,2023-10-21,7.0,7.86,1.6862841747637822,0.8600000000000003,2.0
2023-10-14,32,1,baseline,2023-10-21,7.0,7.0,4.312912748605751,0.0,2.0
2023-10-14,32,2,ensemble,2023-10-28,8.0,7.86,2.056781542183262,0.13999999999999968,3.0
2023-10-14,32,2,baseline,2023-10-28,8.0,7.0,5.366402164782518,1.0,3.0
2023-10-14,32,3,ensemble,2023-11-04,13.0,9.999999999999996,3.339754744087049,3.0000000000000036,8.0
2023-10-14,32,3,baseline,2023-11-04,13.0,7.0,6.600669974982358,6.0,8.0
2023-10-14,33,1,ensemble,2023-10-21,0.0,2.0,1.2296672286131307,2.0,2.0
2023-10-14,33,1,baseline,2023-10-21,0.0,1.0,1.254581069484608,1.0,2.0
2023-10-14,33,2,ensemble,2023-10-28,2.0,2.442874681560808,0.8830563280328849,0.442874681560808,0.0
2023-10-14,33,2,baseline,2023-10-28,2.0,1.0,1.617999133186984,1.0,0.0
2023-10-14,33,3,ensemble,2023-11-04,2.0,2.207341853925512,0.8680647772486315,0.20734185392551208,0.0
2023-10-14,33,3,baseline,2023-11-04,2.0,1.0,1.9412326917834413,1.0,0.0
2023-10-14,34,1,ensemble,2023-10-21,33.0,19.59380167859404,6.700179596538434,13.40619832140596,16.0
2023-10-14,34,1,baseline,2023-10-21,33.0,11.0,12.44830695176517,22.0,16.0
2023-10-14,34,2,ensemble,2023-10-28,44.0,22.85445,9.777267882094886,21.14555,27.0
2023-10-14,34,2,baseline,2023-10-28,44.0,11.0,17.271618765731134,33.0,27.0
2023-10-14,34,3,ensemble,2023-11-04,26.0,24.3,7.20383226863836,1.6999999999999993,9.0
2023-10-14,34,3,baseline,2023-11-04,26.0,11.0,12.431016626470617,15.0,9.0
2023-10-14,35,1,ensemble,2023-10-21,2.0,7.286324464875417,3.2543541694220663,5.286324464875417,4.0
2023-10-14,35,1,baseline,2023-10-21,2.0,6.0,4.367057174397834,4.0,4.0
2023-10-14,35,2,ensemble,2023-10-28,2.0,7.343297069708717,3.8843099553630287,5.343297069708717,4.0
2023-10-14,35,2,baseline,2023-10-28,2.0,6.0,5.165900177827864,4.0,4.0
2023-10-14,35,3,ensemble,2023-11-04,10.0,7.945,2.73244103808439,2.0549999999999997,4.0
2023-10-14,35,3,baseline,2023-11-04,10.0,6.0,5.926917366782365,4.0,4.0
2023-10-14,36,1,ensemble,2023-10-21,37.0,54.85241820981352,12.910540408815168,17.85241820981352,0.0
2023-10-14,36,1,baseline,2023-10-21,37.0,48.0,17.02467209706877,11.0,0.0
2023-10-14,36,2,ensemble,2023-10-28,48.0,63.92384024620056,14.395717573119718,15.923840246200562,11.0
2023-10-14,36,2,baseline,2023-10-28,48.0,48.0,20.565927419687274,0.0,11.0
2023-10-14,36,3,ensemble,2023-11-04,57.0,73.26438653719136,17.60240046430813,16.264386537191356,20.0
2023-10-14,36,3,baseline,2023-11-04,57.0,48.0,24.852296492986653,9.0,20.0
2023-10-14,37,1,ensemble,2023-10-21,17.0,17.835,3.9141899477054536,0.8350000000000009,20.0
2023-10-14,37,1,baseline,2023-10-21,17.0,14.0,6.634554831787443,3.0,20.0
2023-10-14,37,2,ensemble,2023-10-28,20.0,20.62,4.733984876360693,0.620000000000001,17.0
2023-10-14,37,2,baseline,2023-10-28,20.0,14.0,8.319791772548161,6.0,17.0
2023-10-14,37,3,ensemble,2023-11-04,40.0,22.0,9.763054506396633,18.0,3.0
2023-10-14,37,3,baseline,2023-11-04,40.0,14.0,13.95298455562816,26.0,3.0
2023-10-14,38,1,ensemble,2023-10-21,1.0,3.0,1.275671351630074,2.0,1.0
2023-10-14,38,1,baseline,2023-10-21,1.0,3.0,1.551402930420609,2.0,1.0
2023-10-14,38,2,ensemble,2023-10-28,1.0,3.75,1.6776456258695351,2.75,1.0
2023-10-14,38,2,baseline,2023-10-28,1.0,3.0,1.7437998799770609,2.0,1.0
2023-10-14,38,3,ensemble,2023-11-04,0.0,4.181378886656523,2.3877519618874494,4.181378886656523,0.0
2023-10-14,38,3,baseline,2023-11-04,0.0,3.0,2.125856487064872,3.0,0.0
2023-10-14,39,1,ensemble,2023-10-21,25.0,20.57965019881725,4.681855562099889,4.4203498011827485,7.0
2023-10-14,39,1,baseline,2023-10-21,25.0,15.0,8.767767562979978,10.0,7.0
2023-10-14,39,2,ensemble,2023-10-28,17.0,24.05175737819116,6.358857759988461,7.051757378191159,1.0
2023-10-14,39,2,baseline,2023-10-28,17.0,15.000000000000002,9.505993190301472,1.9999999999999982,1.0
2023-10-14,39,3,ensemble,2023-11-04,21.0,25.032983081133438,7.2506633067894395,4.0329830811334375,3.0
2023-10-14,39,3,baseline,2023-11-04,21.0,15.0,11.690665607395184,6.0,3.0
2023-10-14,40,1,ensemble,2023-10-21,22.0,28.0,4.563951958399442,6.0,7.0
2023-10-14,40,1,baseline,2023-10-21,22.0,26.0,8.31151069467216,4.0,7.0
2023-10-14,40,2,ensemble,2023-10-28,10.0,29.5,9.846576714536287,19.5,5.0
2023-10-14,40,2,baseline,2023-10-28,10.0,26.0,12.587132748784002,16.0,5.0
2023-10-14,40,3,ensemble,2023-11-04,18.0,30.43249443971187,7.994074993946887,12.43249443971187,3.0
2023-10-14,40,3,baseline,2023-11-04,18.0,26.0,12.715582797414932,8.0,3.0
2023-10-14,41,1,ensemble,2023-10-21,8.0,8.225838267888841,1.6071740427801888,0.22583826788884132,2.0
2023-10-14,41,1,baseline,2023-10-21,8.0,6.0,4.403661788813544,2.0,2.0
2023-10-14,41,2,ensemble,2023-10-28,14.0,10.0,3.110863676027685,4.0,8.0
2023-10-14,41,2,baseline,2023-10-28,14.0,6.0,7.063734496692791,8.0,8.0
2023-10-14,41,3,ensemble,2023-11-04,6.0,10.471,2.754167701586161,4.471,0.0
2023-10-14,41,3,baseline,2023-11-04,6.0,6.0,6.935791478110439,0.0,0.0
2023-10-14,42,1,ensemble,2023-10-21,43.0,64.5,12.49130125913254,21.5,2.0
2023-10-14,42,1,baseline,2023-10-21,43.0,60.0,15.294188561929094,17.0,2.0
2023-10-14,42,2,ensemble,2023-10-28,50.0,69.35203147118696,11.603968893145456,19.35203147118696,9.0
2023-10-14,42,2,baseline,2023-10-28,50.0,60.0,17.061946980578497,10.0,9.0
2023-10-14,42,3,ensemble,2023-11-04,39.0,72.112955142982,20.37617680792946,33.112955142982,2.0
2023-10-14,42,3,baseline,2023-11-04,39.0,60.0,21.64483937256763,21.0,2.0
2023-10-14,44,1,ensemble,2023-10-21,0.0,1.43,0.8253361578355825,1.43,1.0
2023-10-14,44,1,baseline,2023-10-21,0.0,0.0,0.5559517141258362,0.0,1.0
2023-10-14,44,2,ensemble,2023-10-28,1.0,2.0,0.7785093469566996,1.0,0.0
2023-10-14,44,2,baseline,2023-10-28,1.0,0.0,0.8566431155615911,1.0,0.0
2023-10-14,44,3,ensemble,2023-11-04,0.0,1.43,0.8733227548928371,1.43,1.0
2023-10-14,44,3,baseline,2023-11-04,0.0,0.0,0.9074142451859296,0.0,1.0
2023-10-14,45,1,ensemble,2023-10-21,32.0,29.5,4.312124233195961,2.5,10.0
2023-10-14,45,1,baseline,2023-10-21,32.0,29.0,4.64848997553019,3.0,10.0
2023-10-14,45,2,ensemble,2023-10-28,21.0,29.298232385999057,5.885155669331017,8.298232385999057,1.0
2023-10-14,45,2,baseline,2023-10-28,21.0,29.0,6.443514144228397,8.0,1.0
2023-10-14,45,3,ensemble,2023-11-04,45.0,30.44829236684764,8.434619700367849,14.551707633152361,23.0
2023-10-14,45,3,baseline,2023-11-04,45.0,29.0,9.427608459715033,16.0,23.0
2023-10-14,46,1,ensemble,2023-10-21,2.0,2.471,0.889726559311496,0.4710000000000001,2.0
2023-10-14,46,1,baseline,2023-10-21,2.0,2.0,1.4207801704973573,0.0,2.0
2023-10-14,46,2,ensemble,2023-10-28,3.0,2.939795775413515,0.9376466523290741,0.06020422458648511,3.0
2023-10-14,46,2,baseline,2023-10-28,3.0,2.0,1.7551060744737885,1.0,3.0
2023-10-14,46,3,ensemble,2023-11-04,1.0,2.098,1.1599050691853428,1.0979999999999999,1.0
2023-10-14,46,3,baseline,2023-11-04,1.0,2.0,2.020243473043427,1.0,1.0
2023-10-14,47,1,ensemble,2023-10-21,43.0,46.740174478258695,5.863668063379345,3.7401744782586945,14.0
2023-10-14,47,1,baseline,2023-10-21,43.0,45.0,8.24531271884457,2.0,14.0
2023-10-14,47,2,ensemble,2023-10-28,44.0,49.00832436871367,6.159227214278168,5.008324368713673,15.0
2023-10-14,47,2,baseline,2023-10-28,44.0,45.0,10.110052510090318,1.0,15.0
2023-10-14,47,3,ensemble,2023-11-04,44.0,50.18567915678024,8.654513438663496,6.185679156780239,15.0
2023-10-14,47,3,baseline,2023-11-04,44.0,45.0,12.032386021577608,1.0,15.0
2023-10-14,48,1,ensemble,2023-10-21,242.0,145.228,54.221177241181216,96.77199999999999,130.0
2023-10-14,48,1,baseline,2023-10-21,242.0,134.0,59.693158754152776,108.0,130.0
2023-10-14,48,2,ensemble,2023-10-28,246.0,157.0,45.80263177131593,89.0,134.0
2023-10-14,48,2,baseline,2023-10-28,246.0,134.0,61.93709971097536,112.0,134.0
2023-10-14,48,3,ensemble,2023-11-04,305.0,157.78,68.82004819203257,147.22,193.0
2023-10-14,48,3,baseline,2023-11-04,305.0,134.0,87.60290801905848,171.0,193.0
2023-10-14,49,1,ensemble,2023-10-21,9.0,4.746805,2.3701385945829454,4.253195,5.0
2023-10-14,49,1,baseline,2023-10-21,9.0,4.0,2.6313193224323546,5.0,5.0
2023-10-14,49,2,ensemble,2023-10-28,5.0,5.197105,1.4219381142353453,0.19710499999999964,1.0
2023-10-14,49,2,baseline,2023-10-28,5.0,4.0,1.9768000294350774,1.0,1.0
2023-10-14,49,3,ensemble,2023-11-04,9.0,5.629075,2.343279303516158,3.3709249999999997,5.0
2023-10-14,49,3,baseline,2023-11-04,9.0,4.0,2.8848224646594285,5.0,5.0
2023-10-14,50,1,ensemble,2023-10-21,2.0,1.2,0.5972514222605672,0.8,2.0
2023-10-14,50,1,baseline,2023-10-21,2.0,1.0,0.8388798301678672,1.0,2.0
2023-10-14,50,2,ensemble,2023-10-28,0.0,1.5,0.9890149535529611,1.5,0.0
2023-10-14,50,2,baseline,2023-10-28,0.0,1.0,1.1191903139248784,1.0,0.0
2023-10-14,50,3,ensemble,2023-11-04,0.0,1.69,1.0683395237360096,1.69,0.0
2023-10-14,50,3,baseline,2023-11-04,0.0,1.0,1.2083071940284626,1.0,0.0
2023-10-14,51,1,ensemble,2023-10-21,72.0,62.0,7.006967683416437,10.0,22.0
2023-10-14,51,1,baseline,2023-10-21,72.0,59.0,9.769184555715123,13.0,22.0
2023-10-14,51,2,ensemble,2023-10-28,61.0,64.0,6.978526242740312,3.0,11.0
2023-10-14,51,2,baseline,2023-10-28,61.0,59.0,9.816431310421795,2.0,11.0
2023-10-14,51,3,ensemble,2023-11-04,51.0,66.36,11.395874627562629,15.36,1.0
2023-10-14,51,3,baseline,2023-11-04,51.0,59.0,12.104762209796009,8.0,1.0
2023-10-14,53,1,ensemble,2023-10-21,11.0,47.0,23.093201535992748,36.0,7.0
2023-10-14,53,1,baseline,2023-10-21,11.0,45.0,20.583871563106936,34.0,7.0
2023-10-14,53,2,ensemble,2023-10-28,8.0,52.0,26.425453918390698,44.0,4.0
2023-10-14,53,2,baseline,2023-10-28,8.0,45.0,22.28055778516482,37.0,4.0
2023-10-14,53,3,ensemble,2023-11-04,17.0,54.46461275339124,23.215088898859197,37.46461275339124,13.0
2023-10-14,53,3,baseline,2023-11-04,17.0,45.0,18.171164693973026,28.0,13.0
2023-10-14,54,1,ensemble,2023-10-21,3.0,7.0,2.45494568216987,4.0,1.0
2023-10-14,54,1,baseline,2023-10-21,3.0,7.0,3.796490535601009,4.0,1.0
2023-10-14,54,2,ensemble,2023-10-28,4.0,7.469,2.593467458653247,3.4690000000000003,2.0
2023-10-14,54,2,baseline,2023-10-28,4.0,7.0,4.38173660780086,3.0,2.0
2023-10-14,54,3,ensemble,2023-11-04,7.0,6.999999999999999,2.069037777382193,8.881784197001252e-16,5.0
2023-10-14,54,3,baseline,2023-11-04,7.0,7.0,4.921619177691782,0.0,5.0
2023-10-14,55,1,ensemble,2023-10-21,4.0,12.09,3.432830214794139,8.09,6.0
2023-10-14,55,1,baseline,2023-10-21,4.0,9.0,4.958524988597712,5.0,6.0
2023-10-14,55,2,ensemble,2023-10-28,7.0,12.037517559528345,5.284883566870511,5.037517559528345,3.0
2023-10-14,55,2,baseline,2023-10-28,7.0,9.0,5.467089959660463,2.0,3.0
2023-10-14,55,3,ensemble,2023-11-04,16.0,14.72,6.922991421457432,1.2799999999999994,6.0
2023-10-14,55,3,baseline,2023-11-04,16.0,9.0,6.951237385721691,7.0,6.0
2023-10-14,56,1,ensemble,2023-10-21,5.0,2.95,1.1996693016703899,2.05,1.0
2023-10-14,56,1,baseline,2023-10-21,5.0,2.0,1.5673322308223092,3.0,1.0
2023-10-14,56,2,ensemble,2023-10-28,0.0,3.0,1.924522073402589,3.0,6.0
2023-10-14,56,2,baseline,2023-10-28,0.0,2.0,1.4986030731829054,2.0,6.0
2023-10-14,56,3,ensemble,2023-11-04,1.0,3.0,1.468475543712957,2.0,5.0
2023-10-14,56,3,baseline,2023-11-04,1.0,2.0,1.447219866416056,1.0,5.0
2023-10-21,01,1,ensemble,2023-10-28,32.0,26.0,4.219534861789017,6.0,6.0
2023-10-21,01,1,baseline,2023-10-28,32.0,20.0,7.4866446635335935,12.0,6.0
2023-10-21,01,2,ensemble,2023-11-04,37.0,28.0,5.430728636572643,9.0,11.0
2023-10-21,01,2,baseline,2023-11-04,37.0,20.0,10.067846886164507,17.0,11.0
2023-10-21,01,3,ensemble,2023-11-11,60.0,28.01903615025394,16.61582883313753,31.98096384974606,34.0
2023-10-21,01,3,baseline,2023-11-11,60.0,20.0,20.766828400957923,40.0,34.0
2023-10-21,02,1,ensemble,2023-10-28,30.0,9.739,13.880338358090397,20.261,16.0
2023-10-21,02,1,baseline,2023-10-28,30.0,10.0,12.654718627447142,20.0,16.0
2023-10-21,02,2,ensemble,2023-11-04,33.0,9.7453225,15.746023943440708,23.2546775,19.0
2023-10-21,02,2,baseline,2023-11-04,33.0,10.0,14.237473594714206,23.0,19.0
2023-10-21,02,3,ensemble,2023-11-11,39.0,10.1817123776348,19.797996855342575,28.818287622365197,25.0
2023-10-21,02,3,baseline,2023-11-11,39.0,10.0,18.286174118284663,29.0,25.0
2023-10-21,04,1,ensemble,2023-10-28,49.0,20.87,16.35741889629544,28.13,28.0
2023-10-21,04,1,baseline,2023-10-28,49.0,16.0,17.89842600634702,33.0,28.0
2023-10-21,04,2,ensemble,2023-11-04,51.0,23.04,13.224646317585806,27.96,30.0
2023-10-21,04,2,baseline,2023-11-04,51.0,16.0,18.941244434031287,35.0,30.0
2023-10-21,04,3,ensemble,2023-11-11,132.0,25.1945,75.0681789564742,106.8055,111.0
2023-10-21,04,3,baseline,2023-11-11,132.0,16.0,61.36940373366775,116.0,111.0
2023-10-21,05,1,ensemble,2023-10-28,13.0,15.669,2.5106985693188104,2.6690000000000005,2.0
2023-10-21,05,1,baseline,2023-10-28,13.0,17.0,5.555892310988332,4.0,2.0
2023-10-21,05,2,ensemble,2023-11-04,18.0,19.1,3.6860265060165993,1.1000000000000014,3.0
2023-10-21,05,2,baseline,2023-11-04,18.0,17.0,6.4690204998571765,1.0,3.0
2023-10-21,05,3,ensemble,2023-11-11,24.0,19.5825,4.890009713046773,4.4175,9.0
2023-10-21,05,3,baseline,2023-11-11,24.0,17.0,8.00567337323373,7.0,9.0
2023-10-21,06,1,ensemble,2023-10-28,76.0,66.0,10.599194376517483,10.0,15.0
2023-10-21,06,1,baseline,2023-10-28,76.0,45.0,27.827283264528283,31.0,15.0
2023-10-21,06,2,ensemble,2023-11-04,97.0,67.0,17.169022237577405,30.0,36.0
2023-10-21,06,2,baseline,2023-11-04,97.0,45.0,39.0731684587933,52.0,36.0
2023-10-21,06,3,ensemble,2023-11-11,222.0,72.52963992439706,88.04594731923582,149.47036007560294,161.0
2023-10-21,06,3,baseline,2023-11-11,222.0,45.0,94.7237871241974,177.0,161.0
2023-10-21,08,1,ensemble,2023-10-28,19.0,13.164187228679658,3.582741998906158,5.835812771320342,4.0
2023-10-21,08,1,baseline,2023-10-28,19.0,10.0,6.42448503871995,9.0,4.0
2023-10-21,08,2,ensemble,2023-11-04,31.0,13.90819169898234,9.579046798242922,17.091808301017657,16.0
2023-10-21,08,2,baseline,2023-11-04,31.0,10.0,10.630745256169954,21.0,16.0
2023-10-21,08,3,ensemble,2023-11-11,52.0,15.535772212687135,23.172053852223645,36.464227787312865,37.0
2023-10-21,08,3,baseline,2023-11-11,52.0,10.0,19.483158525433083,42.0,37.0
2023-10-21,09,1,ensemble,2023-10-28,7.0,7.295403686011163,1.8216270348248798,0.29540368601116285,4.0
2023-10-21,09,1,baseline,2023-10-28,7.0,4.0,3.6026681678555925,3.0,4.0
2023-10-21,09,2,ensemble,2023-11-04,12.0,8.93753968142857,2.4589121065867774,3.0624603185714303,9.0
2023-10-21,09,2,baseline,2023-11-04,12.0,4.0,5.323995746087896,8.0,9.0
2023-10-21,09,3,ensemble,2023-11-11,5.0,10.2058752812437,3.1859955660877888,5.205875281243699,2.0
2023-10-21,09,3,baseline,2023-11-11,5.0,4.0,5.056944735925617,1.0,2.0
2023-10-21,10,1,ensemble,2023-10-28,1.0,1.1881355248294516,0.5664271666123196,0.18813552482945162,1.0
2023-10-21,10,1,baseline,2023-10-28,1.0,2.0,1.3883371987415516,1.0,1.0
2023-10-21,10,2,ensemble,2023-11-04,1.0,1.64,0.7573600634445807,0.6399999999999999,1.0
2023-10-21,10,2,baseline,2023-11-04,1.0,2.0,1.6899963970291882,1.0,1.0
2023-10-21,10,3,ensemble,2023-11-11,1.0,2.174836636168523,0.8350024785625464,1.1748366361685232,1.0
2023-10-21,10,3,baseline,2023-11-11,1.0,2.0,1.9326287854182882,1.0,1.0
2023-10-21,11,1,ensemble,2023-10-28,1.0,2.9480817781962165,1.032450575612965,1.9480817781962165,1.0
2023-10-21,11,1,baseline,2023-10-28,1.0,2.0,1.07221802854985,1.0,1.0
2023-10-21,11,2,ensemble,2023-11-04,0.0,3.1155,2.1892772035591626,3.1155,2.0
2023-10-21,11,2,baseline,2023-11-04,0.0,2.0,1.5228857822056476,2.0,2.0
2023-10-21,11,3,ensemble,2023-11-11,0.0,3.3688600546121603,2.1768980963023736,3.3688600546121603,2.0
2023-10-21,11,3,baseline,2023-11-11,0.0,2.0,1.6496854675938075,2.0,2.0
2023-10-21,12,1,ensemble,2023-10-28,313.0,231.0,41.05720089197016,82.0,98.0
2023-10-21,12,1,baseline,2023-10-28,313.0,229.0,47.03901410744541,84.0,98.0
2023-10-21,12,2,ensemble,2023-11-04,444.0,233.51214735154664,112.08277145307048,210.48785264845336,229.0
2023-10-21,12,2,baseline,2023-11-04,444.0,229.0,126.0314673058035,215.0,229.0
2023-10-21,12,3,ensemble,2023-11-11,462.0,233.0,115.06230542649979,229.0,247.0
2023-10-21,12,3,baseline,2023-11-11,462.0,229.0,134.55156242090683,233.0,247.0
2023-10-21,13,1,ensemble,2023-10-28,40.0,34.97029384169435,4.561702423912076,5.02970615830565,1.0
2023-10-21,13,1,baseline,2023-10-28,40.0,31.0,6.716537454265847,9.0,1.0
2023-10-21,13,2,ensemble,2023-11-04,60.0,36.0665523064638,12.228118477714998,23.933447693536202,21.0
2023-10-21,13,2,baseline,2023-11-04,60.0,31.0,15.183343266954417,29.0,21.0
2023-10-21,13,3,ensemble,2023-11-11,116.0,36.85,48.52118466851734,79.15,77.0
2023-10-21,13,3,baseline,2023-11-11,116.0,31.0,54.50217006589628,85.0,77.0
2023-10-21,15,1,ensemble,2023-10-28,13.0,11.45,1.6604204095994004,1.5500000000000007,2.0
2023-10-21,15,1,baseline,2023-10-28,13.0,10.0,1.7879381549032878,3.0,2.0
2023-10-21,15,2,ensemble,2023-11-04,14.0,12.0,1.8718260377955929,2.0,1.0
2023-10-21,15,2,baseline,2023-11-04,14.0,10.0,2.2606411973250173,4.0,1.0
2023-10-21,15,3,ensemble,2023-11-11,16.0,12.0,2.4394117742089,4.0,1.0
2023-10-21,15,3,baseline,2023-11-11,16.0,10.0,3.2010613015695384,6.0,1.0
2023-10-21,16,1,ensemble,2023-10-28,4.0,3.167593146420393,1.1676365935336308,0.8324068535796072,2.0
2023-10-21,16,1,baseline,2023-10-28,4.0,4.0,2.4767201107011094,0.0,2.0
2023-10-21,16,2,ensemble,2023-11-04,5.0,3.999999999999999,1.2867897511045736,1.0000000000000009,3.0
2023-10-21,16,2,baseline,2023-11-04,5.0,4.0,3.068768585577161,1.0,3.0
2023-10-21,16,3,ensemble,2023-11-11,4.0,4.095366973658448,1.1193950156047712,0.09536697365844837,2.0
2023-10-21,16,3,baseline,2023-11-11,4.0,4.0,3.667207192245834,0.0,2.0
2023-10-21,17,1,ensemble,2023-10-28,21.0,24.251,3.70302560434376,3.2510000000000012,3.0
2023-10-21,17,1,baseline,2023-10-28,21.0,21.0,9.319248177481771,0.0,3.0
2023-10-21,17,2,ensemble,2023-11-04,34.0,24.845133617484983,5.620667111850418,9.154866382515017,16.0
2023-10-21,17,2,baseline,2023-11-04,34.0,21.0,13.407784838370128,13.0,16.0
2023-10-21,17,3,ensemble,2023-11-11,54.0,25.049,14.922655934358053,28.951,36.0
2023-10-21,17,3,baseline,2023-11-11,54.0,21.0,20.639474112610685,33.0,36.0
2023-10-21,18,1,ensemble,2023-10-28,33.0,19.77418087136508,7.1657741437254,13.225819128634921,10.0
2023-10-21,18,1,baseline,2023-10-28,33.0,8.0,13.366383620814476,25.0,10.0
2023-10-21,18,2,ensemble,2023-11-04,39.0,21.07047644749168,9.075600758060903,17.92952355250832,16.0
2023-10-21,18,2,baseline,2023-11-04,39.0,8.0,16.06406953391274,31.0,16.0
2023-10-21,18,3,ensemble,2023-11-11,47.0,26.5,10.626361020260266,20.5,24.0
2023-10-21,18,3,baseline,2023-11-11,47.0,8.0,19.58676573548344,39.0,24.0
2023-10-21,19,1,ensemble,2023-10-28,4.0,4.020286979269065,1.3022910212814731,0.02028697926906542,3.0
2023-10-21,19,1,baseline,2023-10-28,4.0,3.0,2.3395006779415612,1.0,3.0
2023-10-21,19,2,ensemble,2023-11-04,10.0,4.098447901911078,3.083950215849856,5.901552098088922,9.0
2023-10-21,19,2,baseline,2023-11-04,10.0,3.0,4.464494731621225,7.0,9.0
2023-10-21,19,3,ensemble,2023-11-11,13.0,4.042503219210246,4.43689540369167,8.957496780789754,12.0
2023-10-21,19,3,baseline,2023-11-11,13.0,3.0,5.819443868590867,10.0,12.0
2023-10-21,20,1,ensemble,2023-10-28,5.0,8.38865,1.9123006231774138,3.38865,1.0
2023-10-21,20,1,baseline,2023-10-28,5.0,10.0,3.919368596729451,5.0,1.0
2023-10-21,20,2,ensemble,2023-11-04,6.0,8.59043,1.9816073144461028,2.5904299999999996,2.0
2023-10-21,20,2,baseline,2023-11-04,6.0,10.0,4.205118534120129,4.0,2.0
2023-10-21,20,3,ensemble,2023-11-11,10.0,9.333586726696794,1.8180457527467158,0.6664132733032062,6.0
2023-10-21,20,3,baseline,2023-11-11,10.0,10.0,4.477261791096173,0.0,6.0
2023-10-21,21,1,ensemble,2023-10-28,23.0,17.4026102747372,3.818615614397708,5.597389725262801,0.0
2023-10-21,21,1,baseline,2023-10-28,23.0,12.0,8.490178712634952,11.0,0.0
2023-10-21,21,2,ensemble,2023-11-04,21.0,18.9260863545816,3.5022267364255004,2.0739136454184006,2.0
2023-10-21,21,2,baseline,2023-11-04,21.0,12.0,9.481320492031012,9.0,2.0
2023-10-21,21,3,ensemble,2023-11-11,33.0,21.086226459771183,6.323757234209482,11.913773540228817,10.0
2023-10-21,21,3,baseline,2023-11-11,33.0,12.0,13.729434626281035,21.0,10.0
2023-10-21,22,1,ensemble,2023-10-28,46.0,22.0,14.711844893399915,24.0,18.0
2023-10-21,22,1,baseline,2023-10-28,46.0,19.0,15.130530914330878,27.0,18.0
2023-10-21,22,2,ensemble,2023-11-04,40.0,24.0,7.432507714447718,16.0,12.0
2023-10-21,22,2,baseline,2023-11-04,40.0,19.0,11.087448098828816,21.0,12.0
2023-10-21,22,3,ensemble,2023-11-11,65.0,22.56,28.261278257599756,42.44,37.0
2023-10-21,22,3,baseline,2023-11-11,65.0,19.0,25.582919570108746,46.0,37.0
2023-10-21,23,1,ensemble,2023-10-28,4.0,3.40937591222833,1.0434690094877646,0.59062408777167,0.0
2023-10-21,23,1,baseline,2023-10-28,4.0,5.0,2.314523867260413,1.0,0.0
2023-10-21,23,2,ensemble,2023-11-04,1.0,3.8627499999999992,1.8629768105903393,2.8627499999999992,3.0
2023-10-21,23,2,baseline,2023-11-04,1.0,5.0,3.414207449531016,4.0,3.0
2023-10-21,23,3,ensemble,2023-11-11,4.0,4.0,1.198850067302375,0.0,0.0
2023-10-21,23,3,baseline,2023-11-11,4.0,5.0,3.3522335695530865,1.0,0.0
2023-10-21,24,1,ensemble,2023-10-28,10.0,5.484999999999999,2.40035900911452,4.515000000000001,7.0
2023-10-21,24,1,baseline,2023-10-28,10.0,3.0,4.3849236704323555,7.0,7.0
2023-10-21,24,2,ensemble,2023-11-04,15.0,6.256621510607953,4.688231292266989,8.743378489392047,12.0
2023-10-21,24,2,baseline,2023-11-04,15.0,3.0,6.384674495114512,12.0,12.0
2023-10-21,24,3,ensemble,2023-11-11,19.0,5.862635913209678,7.10745867207197,13.137364086790322,16.0
2023-10-21,24,3,baseline,2023-11-11,19.0,3.0,7.965448487984873,16.0,16.0
2023-10-21,25,1,ensemble,2023-10-28,28.0,17.0,6.039719729830229,11.0,12.0
2023-10-21,25,1,baseline,2023-10-28,28.0,14.0,9.697087866900416,14.0,12.0
2023-10-21,25,2,ensemble,2023-11-04,30.0,19.8660063853043,5.6988784185299535,10.1339936146957,14.0
2023-10-21,25,2,baseline,2023-11-04,30.0,14.0,11.433616958713062,16.0,14.0
2023-10-21,25,3,ensemble,2023-11-11,31.0,19.586088621272467,6.278247396997479,11.413911378727533,15.0
2023-10-21,25,3,baseline,2023-11-11,31.0,14.0,12.890602156891132,17.0,15.0
2023-10-21,26,1,ensemble,2023-10-28,12.0,23.53785889239048,6.294239211928405,11.537858892390481,8.0
2023-10-21,26,1,baseline,2023-10-28,12.0,17.0,9.006482601847745,5.0,8.0
2023-10-21,26,2,ensemble,2023-11-04,34.0,23.448639880781005,6.620057319812149,10.551360119218995,14.0
2023-10-21,26,2,baseline,2023-11-04,34.0,17.0,13.6450280542588,17.0,14.0
2023-10-21,26,3,ensemble,2023-11-11,30.0,26.7305,7.0006629190068415,3.2695000000000007,10.0
2023-10-21,26,3,baseline,2023-11-11,30.0,17.0,14.58657476022589,13.0,10.0
2023-10-21,27,1,ensemble,2023-10-28,4.0,5.1059974137626725,1.5046747860344296,1.1059974137626725,2.0
2023-10-21,27,1,baseline,2023-10-28,4.0,3.0,3.2909878561394343,1.0,2.0
2023-10-21,27,2,ensemble,2023-11-04,9.0,5.623249991182129,2.1774415414102792,3.3767500088178712,3.0
2023-10-21,27,2,baseline,2023-11-04,9.0,3.0,4.884551793561419,6.0,3.0
2023-10-21,27,3,ensemble,2023-11-11,18.0,6.110392502921437,6.450439505652392,11.889607497078563,12.0
2023-10-21,27,3,baseline,2023-11-11,18.0,3.0,8.332129155204598,15.0,12.0
2023-10-21,28,1,ensemble,2023-10-28,18.0,28.0,5.48894076855656,10.0,4.0
2023-10-21,28,1,baseline,2023-10-28,18.0,29.0,6.800800778116478,11.0,4.0
2023-10-21,28,2,ensemble,2023-11-04,30.0,30.678,3.998003402677785,0.6780000000000008,8.0
2023-10-21,28,2,baseline,2023-11-04,30.0,29.0,5.8249450350807805,1.0,8.0
2023-10-21,28,3,ensemble,2023-11-11,38.0,30.4405,5.557423822999446,7.5595,16.0
2023-10-21,28,3,baseline,2023-11-11,38.0,29.0,7.583827290620727,9.0,16.0
2023-10-21,29,1,ensemble,2023-10-28,17.0,25.12,5.096327841328824,8.120000000000001,8.0
2023-10-21,29,1,baseline,2023-10-28,17.0,24.0,8.123690100683621,7.0,8.0
2023-10-21,29,2,ensemble,2023-11-04,24.0,29.64693066715517,5.142966159143235,5.646930667155171,1.0
2023-10-21,29,2,baseline,2023-11-04,24.0,24.0,9.41356358896199,0.0,1.0
2023-10-21,29,3,ensemble,2023-11-11,40.0,32.6,7.18440077875292,7.399999999999999,15.0
2023-10-21,29,3,baseline,2023-11-11,40.0,24.0,13.641470529792254,16.0,15.0
2023-10-21,30,1,ensemble,2023-10-28,0.0,1.5080607993953596,0.8288188124678431,1.5080607993953596,0.0
2023-10-21,30,1,baseline,2023-10-28,0.0,0.0,1.226037774356005,0.0,0.0
2023-10-21,30,2,ensemble,2023-11-04,1.0,1.7508,0.7649373413594384,0.7507999999999999,1.0
2023-10-21,30,2,baseline,2023-11-04,1.0,0.00024750247502502987,1.5939383090787436,0.999752497524975,1.0
2023-10-21,30,3,ensemble,2023-11-11,5.0,2.096492670653208,1.425195479127823,2.903507329346792,5.0
2023-10-21,30,3,baseline,2023-11-11,5.0,4.50004500081036e-05,2.5375650274111434,4.999954999549992,5.0
2023-10-21,31,1,ensemble,2023-10-28,7.0,5.479306705489516,1.3772756657055327,1.520693294510484,2.0
2023-10-21,31,1,baseline,2023-10-28,7.0,5.0,2.6259338456210646,2.0,2.0
2023-10-21,31,2,ensemble,2023-11-04,5.0,6.01,1.4500120991877041,1.0099999999999998,4.0
2023-10-21,31,2,baseline,2023-11-04,5.0,5.0,2.9769528238760663,0.0,4.0
2023-10-21,31,3,ensemble,2023-11-11,5.0,6.986087219038859,1.6209173427556576,1.9860872190388594,4.0
2023-10-21,31,3,baseline,2023-11-11,5.0,5.0,3.4161947155775905,0.0,4.0
2023-10-21,32,1,ensemble,2023-10-28,8.0,7.82,1.7093869916938584,0.17999999999999972,2.0
2023-10-21,32,1,baseline,2023-10-28,8.0,5.0,4.249384141450118,3.0,2.0
2023-10-21,32,2,ensemble,2023-11-04,13.0,9.5,2.7645542949634874,3.5,7.0
2023-10-21,32,2,baseline,2023-11-04,13.0,5.0,5.858346053460545,8.0,7.0
2023-10-21,32,3,ensemble,2023-11-11,22.0,10.45,5.374655086466499,11.55,16.0
2023-10-21,32,3,baseline,2023-11-11,22.0,5.0,8.661450516918215,17.0,16.0
2023-10-21,33,1,ensemble,2023-10-28,2.0,2.15137,0.6660996667189302,0.15137,2.0
2023-10-21,33,1,baseline,2023-10-28,2.0,2.0,1.3945217952831712,0.0,2.0
2023-10-21,33,2,ensemble,2023-11-04,2.0,2.4006937529014443,0.8231363288395014,0.40069375290144427,2.0
2023-10-21,33,2,baseline,2023-11-04,2.0,2.0,1.6990774737529986,0.0,2.0
2023-10-21,33,3,ensemble,2023-11-11,2.0,2.6087600032899214,0.9788182461789703,0.6087600032899214,2.0
2023-10-21,33,3,baseline,2023-11-11,2.0,2.0,2.0063429353206588,0.0,2.0
2023-10-21,34,1,ensemble,2023-10-28,44.0,19.82308842063631,13.919737919678433,24.17691157936369,31.0
2023-10-21,34,1,baseline,2023-10-28,44.0,17.0,15.03721706573588,27.0,31.0
2023-10-21,34,2,ensemble,2023-11-04,26.0,21.00436608570807,4.619895418546728,4.995633914291929,13.0
2023-10-21,34,2,baseline,2023-11-04,26.0,17.0,10.54560349868715,9.0,13.0
2023-10-21,34,3,ensemble,2023-11-11,46.0,23.09772196248936,12.014600849283719,22.90227803751064,33.0
2023-10-21,34,3,baseline,2023-11-11,46.0,17.0,16.952657551662472,29.0,33.0
2023-10-21,35,1,ensemble,2023-10-28,2.0,6.193712241967285,2.478341681312791,4.193712241967285,2.0
2023-10-21,35,1,baseline,2023-10-28,2.0,6.0,4.350466651927386,4.0,2.0
2023-10-21,35,2,ensemble,2023-11-04,10.0,7.045415950595837,2.2015966019043254,2.954584049404163,6.0
2023-10-21,35,2,baseline,2023-11-04,10.0,6.0,5.127408348170438,4.0,6.0
2023-10-21,35,3,ensemble,2023-11-11,9.0,7.302071773907295,1.9744962687311156,1.6979282260927047,5.0
2023-10-21,35,3,baseline,2023-11-11,9.0,6.0,5.815656311215286,3.0,5.0
2023-10-21,36,1,ensemble,2023-10-28,48.0,43.9495,7.271581525966102,4.0504999999999995,22.0
2023-10-21,36,1,baseline,2023-10-28,48.0,37.0,16.200711989293797,11.0,22.0
2023-10-21,36,2,ensemble,2023-11-04,57.0,48.932,10.036356168831231,8.067999999999998,31.0
2023-10-21,36,2,baseline,2023-11-04,57.0,37.0,21.36089422663792,20.0,31.0
2023-10-21,36,3,ensemble,2023-11-11,88.0,51.1501,20.42996953038198,36.8499,62.0
2023-10-21,36,3,baseline,2023-11-11,88.0,37.0,31.898394756077995,51.0,62.0
2023-10-21,37,1,ensemble,2023-10-28,20.0,30.728820090209037,6.338493060821486,10.728820090209037,0.0
2023-10-21,37,1,baseline,2023-10-28,20.0,37.0,11.049343893438945,17.0,0.0
2023-10-21,37,2,ensemble,2023-11-04,40.0,35.54154413938523,5.80367428300192,4.4584558606147695,20.0
2023-10-21,37,2,baseline,2023-11-04,40.0,37.0,9.794016458425439,3.0,20.0
2023-10-21,37,3,ensemble,2023-11-11,49.0,38.8145,9.093142788355179,10.185499999999998,29.0
2023-10-21,37,3,baseline,2023-11-11,49.0,37.0,12.343982219148279,12.0,29.0
2023-10-21,38,1,ensemble,2023-10-28,1.0,1.4098717530902038,0.5798218393016833,0.40987175309020385,0.0
2023-10-21,38,1,baseline,2023-10-28,1.0,0.0,0.8238304195215866,1.0,0.0
2023-10-21,38,2,ensemble,2023-11-04,0.0,1.835028745082311,1.1031616203834453,1.835028745082311,1.0
2023-10-21,38,2,baseline,2023-11-04,0.0,0.0,1.028002302653461,0.0,1.0
2023-10-21,38,3,ensemble,2023-11-11,2.0,2.004930076300982,0.7703481318582139,0.004930076300981856,1.0
2023-10-21,38,3,baseline,2023-11-11,2.0,0.0,1.4000976775854719,2.0,1.0
2023-10-21,39,1,ensemble,2023-10-28,17.0,18.95,3.980693148937593,1.9499999999999993,4.0
2023-10-21,39,1,baseline,2023-10-28,17.0,15.0,7.358404283455874,2.0,4.0
2023-10-21,39,2,ensemble,2023-11-04,21.0,19.75,4.637778343384098,1.25,0.0
2023-10-21,39,2,baseline,2023-11-04,21.0,14.999999999999998,9.729771543867608,6.000000000000002,0.0
2023-10-21,39,3,ensemble,2023-11-11,26.0,21.0,5.831060205753345,5.0,5.0
2023-10-21,39,3,baseline,2023-11-11,26.0,15.0,12.261056735980407,11.0,5.0
2023-10-21,40,1,ensemble,2023-10-28,10.0,22.97605,7.583022779178056,12.97605,29.0
2023-10-21,40,1,baseline,2023-10-28,10.0,15.0,7.694486463473336,5.0,29.0
2023-10-21,40,2,ensemble,2023-11-04,18.0,26.0017056308491,5.723375529082106,8.001705630849099,21.0
2023-10-21,40,2,baseline,2023-11-04,18.0,15.0,9.244366869690435,3.0,21.0
2023-10-21,40,3,ensemble,2023-11-11,34.0,27.85387611839495,5.433575638268145,6.14612388160505,5.0
2023-10-21,40,3,baseline,2023-11-11,34.0,15.0,13.453775450102322,19.0,5.0
2023-10-21,41,1,ensemble,2023-10-28,14.0,7.875,3.144010195442377,6.125,8.0
2023-10-21,41,1,baseline,2023-10-28,14.0,6.0,6.121301853627229,8.0,8.0
2023-10-21,41,2,ensemble,2023-11-04,6.0,8.0,2.1428780501605873,2.0,0.0
2023-10-21,41,2,baseline,2023-11-04,6.0,6.0,5.469610608758244,0.0,0.0
2023-10-21,41,3,ensemble,2023-11-11,11.0,9.11,2.140348044220589,1.8900000000000006,5.0
2023-10-21,41,3,baseline,2023-11-11,11.0,6.0,7.414195059146237,5.0,5.0
2023-10-21,42,1,ensemble,2023-10-28,50.0,48.58363296944792,6.285320269806283,1.416367030552081,8.0
2023-10-21,42,1,baseline,2023-10-28,50.0,41.0,12.887775126881701,9.0,8.0
2023-10-21,42,2,ensemble,2023-11-04,39.0,49.7826,9.095587090024141,10.782600000000002,3.0
2023-10-21,42,2,baseline,2023-11-04,39.0,41.0,15.301413295089473,2.0,3.0
2023-10-21,42,3,ensemble,2023-11-11,82.0,60.51959064191245,13.798155245082164,21.48040935808755,40.0
2023-10-21,42,3,baseline,2023-11-11,82.0,41.0,25.395682245952887,41.0,40.0
2023-10-21,44,1,ensemble,2023-10-28,1.0,1.0,0.39264454942928284,0.0,0.0
2023-10-21,44,1,baseline,2023-10-28,1.0,1.0,0.8212409580400145,0.0,0.0
2023-10-21,44,2,ensemble,2023-11-04,0.0,1.0,0.7646775802055,1.0,1.0
2023-10-21,44,2,baseline,2023-11-04,0.0,1.0,1.1030021451518859,1.0,1.0
2023-10-21,44,3,ensemble,2023-11-11,2.0,1.472223584308021,0.5944381346668725,0.5277764156919791,1.0
2023-10-21,44,3,baseline,2023-11-11,2.0,1.0,1.177975936107188,1.0,1.0
2023-10-21,45,1,ensemble,2023-10-28,21.0,25.22633407691141,3.297762071299669,4.22633407691141,5.0
2023-10-21,45,1,baseline,2023-10-28,21.0,22.0,4.316205679252444,1.0,5.0
2023-10-21,45,2,ensemble,2023-11-04,45.0,27.0,9.373143763680257,18.0,19.0
2023-10-21,45,2,baseline,2023-11-04,45.0,22.0,12.245638404557969,23.0,19.0
2023-10-21,45,3,ensemble,2023-11-11,52.0,26.40200015960107,13.981254286895846,25.59799984039893,26.0
2023-10-21,45,3,baseline,2023-11-11,52.0,22.0,15.844120820338615,30.0,26.0
2023-10-21,46,1,ensemble,2023-10-28,3.0,1.0,0.9474875453830308,2.0,3.0
2023-10-21,46,1,baseline,2023-10-28,3.0,0.0004500045000455089,1.5077652760875442,2.9995499954999545,3.0
2023-10-21,46,2,ensemble,2023-11-04,1.0,1.3401,0.6406181426964891,0.34010000000000007,1.0
2023-10-21,46,2,baseline,2023-11-04,1.0,0.0,1.2926488280317587,1.0,1.0
2023-10-21,46,3,ensemble,2023-11-11,2.0,1.11,0.697455515172159,0.8899999999999999,2.0
2023-10-21,46,3,baseline,2023-11-11,2.0,0.0,1.6910142070333734,2.0,2.0
2023-10-21,47,1,ensemble,2023-10-28,44.0,35.28676597399533,5.3355700894802975,8.71323402600467,12.0
2023-10-21,47,1,baseline,2023-10-28,44.0,31.0,9.66408538013639,13.0,12.0
2023-10-21,47,2,ensemble,2023-11-04,44.0,39.96000723918699,5.695800271887918,4.039992760813007,12.0
2023-10-21,47,2,baseline,2023-11-04,44.0,31.0,11.08185896272006,13.0,12.0
2023-10-21,47,3,ensemble,2023-11-11,47.0,41.36988132358279,6.579195914980688,5.6301186764172115,15.0
2023-10-21,47,3,baseline,2023-11-11,47.0,31.0,13.118152278196703,16.0,15.0
2023-10-21,48,1,ensemble,2023-10-28,246.0,143.38329088463405,58.72438797355188,102.61670911536595,78.0
2023-10-21,48,1,baseline,2023-10-28,246.0,124.0,65.9564551595951,122.0,78.0
2023-10-21,48,2,ensemble,2023-11-04,305.0,159.414820235645,83.94968439969342,145.585179764355,137.0
2023-10-21,48,2,baseline,2023-11-04,305.0,124.0,93.71638831279617,181.0,137.0
2023-10-21,48,3,ensemble,2023-11-11,373.0,172.7152103756095,115.94908276546498,200.2847896243905,205.0
2023-10-21,48,3,baseline,2023-11-11,373.0,124.0,127.93156192805397,249.0,205.0
2023-10-21,49,1,ensemble,2023-10-28,5.0,4.63,0.9310210873140136,0.3700000000000001,2.0
2023-10-21,49,1,baseline,2023-10-28,5.0,4.0,1.6290339297523417,1.0,2.0
2023-10-21,49,2,ensemble,2023-11-04,9.0,4.7701,2.2870341166636665,4.2299,6.0
2023-10-21,49,2,baseline,2023-11-04,9.0,4.0,2.7397298615160057,5.0,6.0
2023-10-21,49,3,ensemble,2023-11-11,5.0,5.622257059494505,1.1874514848819921,0.6222570594945047,2.0
2023-10-21,49,3,baseline,2023-11-11,5.0,4.0,2.1579790213771703,1.0,2.0
2023-10-21,50,1,ensemble,2023-10-28,0.0,0.4992,0.37074112613063986,0.4992,0.0
2023-10-21,50,1,baseline,2023-10-28,0.0,0.0,0.45989282849350194,0.0,0.0
2023-10-21,50,2,ensemble,2023-11-04,0.0,0.693,0.4927964447522952,0.693,0.0
2023-10-21,50,2,baseline,2023-11-04,0.0,0.0,0.6546839976443249,0.0,0.0
2023-10-21,50,3,ensemble,2023-11-11,2.0,0.7594458631342693,0.7204205267614244,1.2405541368657307,2.0
2023-10-21,50,3,baseline,2023-11-11,2.0,0.0,1.156627853517668,2.0,2.0
2023-10-21,51,1,ensemble,2023-10-28,61.0,53.6723843438032,6.087005645870556,7.327615656196798,7.0
2023-10-21,51,1,baseline,2023-10-28,61.0,50.0,8.97545085774771,11.0,7.0
2023-10-21,51,2,ensemble,2023-11-04,51.0,56.28066290813587,6.5946145754037575,5.2806629081358665,3.0
2023-10-21,51,2,baseline,2023-11-04,51.0,50.0,9.504615102151023,1.0,3.0
2023-10-21,51,3,ensemble,2023-11-11,92.0,56.5,17.586299431705108,35.5,38.0
2023-10-21,51,3,baseline,2023-11-11,92.0,50.0,22.925526462808104,42.0,38.0
2023-10-21,53,1,ensemble,2023-10-28,8.0,46.07743258714676,23.627764026830327,38.07743258714676,5.0
2023-10-21,53,1,baseline,2023-10-28,8.0,43.0,21.302575490407072,35.0,5.0
2023-10-21,53,2,ensemble,2023-11-04,17.0,45.5,17.853614422006384,28.5,4.0
2023-10-21,53,2,baseline,2023-11-04,17.0,43.0,16.490534114449833,26.0,4.0
2023-10-21,53,3,ensemble,2023-11-11,17.0,45.50000000000001,18.100008079446336,28.500000000000007,4.0
2023-10-21,53,3,baseline,2023-11-11,17.0,43.0,17.174039323741052,26.0,4.0
2023-10-21,54,1,ensemble,2023-10-28,4.0,5.48,1.4970510578243919,1.4800000000000004,1.0
2023-10-21,54,1,baseline,2023-10-28,4.0,2.0,2.8021516235379744,2.0,1.0
2023-10-21,54,2,ensemble,2023-11-04,7.0,5.39,1.5235051511343953,1.6100000000000003,4.0
2023-10-21,54,2,baseline,2023-11-04,7.0,2.0,3.88808615883985,5.0,4.0
2023-10-21,54,3,ensemble,2023-11-11,14.0,5.9385,4.180571674593607,8.061499999999999,11.0
2023-10-21,54,3,baseline,2023-11-11,14.0,2.0,6.105451358426621,12.0,11.0
2023-10-21,55,1,ensemble,2023-10-28,7.0,10.357648215211723,2.8070859464103965,3.3576482152117233,4.0
2023-10-21,55,1,baseline,2023-10-28,7.0,10.0,4.628172011285331,3.0,4.0
2023-10-21,55,2,ensemble,2023-11-04,16.0,10.481806655233797,3.915950527939917,5.518193344766203,13.0
2023-10-21,55,2,baseline,2023-11-04,16.0,10.0,5.9971097349669416,6.0,13.0
2023-10-21,55,3,ensemble,2023-11-11,20.0,11.309884560332288,5.132290497074902,8.690115439667712,17.0
2023-10-21,55,3,baseline,2023-11-11,20.0,10.0,7.668101565820004,10.0,17.0
2023-10-21,56,1,ensemble,2023-10-28,0.0,3.999999999999999,2.4804894732022245,3.999999999999999,4.0
2023-10-21,56,1,baseline,2023-10-28,0.0,6.0,3.5067147765825486,6.0,4.0
2023-10-21,56,2,ensemble,2023-11-04,1.0,4.674834446884788,2.1473888498286877,3.6748344468847884,3.0
2023-10-21,56,2,baseline,2023-11-04,1.0,6.0,2.8298634880044453,5.0,3.0
2023-10-21,56,3,ensemble,2023-11-11,5.0,5.3288,1.2204581614735128,0.3288000000000002,1.0
2023-10-21,56,3,baseline,2023-11-11,5.0,6.0,1.7351655852210692,1.0,1.0
2023-10-28,01,1,ensemble,2023-11-04,37.0,30.0,4.376376905350475,7.0,7.0
2023-10-28,01,1,baseline,2023-11-04,37.0,26.0,7.357140384969068,11.0,7.0
2023-10-28,01,2,ensemble,2023-11-11,60.0,32.73,14.190928009494188,27.270000000000003,30.0
2023-10-28,01,2,baseline,2023-11-11,60.0,26.0,18.58187951292556,34.0,30.0
2023-10-28,01,3,ensemble,2023-11-18,77.0,31.1007,24.75629685151206,45.8993,47.0
2023-10-28,01,3,baseline,2023-11-18,77.0,26.0,27.485077234902807,51.0,47.0
2023-10-28,02,1,ensemble,2023-11-04,33.0,18.105525,8.988636366392074,14.894475,12.0
2023-10-28,02,1,baseline,2023-11-04,33.0,14.0,11.998668914167403,19.0,12.0
2023-10-28,02,2,ensemble,2023-11-11,39.0,20.41129114101565,11.171221863685732,18.58870885898435,18.0
2023-10-28,02,2,baseline,2023-11-11,39.0,14.0,15.907565630004122,25.0,18.0
2023-10-28,02,3,ensemble,2023-11-18,17.0,23.0,3.813523151195281,6.0,4.0
2023-10-28,02,3,baseline,2023-11-18,17.0,14.0,2.7619369581521895,3.0,4.0
2023-10-28,04,1,ensemble,2023-11-04,51.0,36.815422,7.729288081117487,14.184578000000002,1.0
2023-10-28,04,1,baseline,2023-11-04,51.0,21.0,16.72597283629357,30.0,1.0
2023-10-28,04,2,ensemble,2023-11-11,132.0,44.0,56.884896858445174,88.0,80.0
2023-10-28,04,2,baseline,2023-11-11,132.0,21.0,63.33181385252985,111.0,80.0
2023-10-28,04,3,ensemble,2023-11-18,191.0,50.0,98.4512986318531,141.0,139.0
2023-10-28,04,3,baseline,2023-11-18,191.0,21.0,97.10765190625821,170.0,139.0
2023-10-28,05,1,ensemble,2023-11-04,18.0,19.0,2.568043046994851,1.0,0.0
2023-10-28,05,1,baseline,2023-11-04,18.0,15.0,5.239668956515654,3.0,0.0
2023-10-28,05,2,ensemble,2023-11-11,24.0,21.5,3.589138209271632,2.5,6.0
2023-10-28,05,2,baseline,2023-11-11,24.0,15.0,7.280516990409035,9.0,6.0
2023-10-28,05,3,ensemble,2023-11-18,17.0,22.25,5.2980116292194595,5.25,1.0
2023-10-28,05,3,baseline,2023-11-18,17.0,15.0,7.290826526765271,2.0,1.0
2023-10-28,06,1,ensemble,2023-11-04,97.0,75.0,12.737502560766428,22.0,46.0
2023-10-28,06,1,baseline,2023-11-04,97.0,69.0,28.111250354351363,28.0,46.0
2023-10-28,06,2,ensemble,2023-11-11,222.0,83.154,93.35239716499665,138.846,171.0
2023-10-28,06,2,baseline,2023-11-11,222.0,69.0,86.35818984046364,153.0,171.0
2023-10-28,06,3,ensemble,2023-11-18,360.0,90.147015997032,198.59838560266064,269.852984002968,309.0
2023-10-28,06,3,baseline,2023-11-18,360.0,69.0,157.89575663376195,291.0,309.0
2023-10-28,08,1,ensemble,2023-11-04,31.0,16.0,7.860299328959605,15.0,15.0
2023-10-28,08,1,baseline,2023-11-04,31.0,15.0,9.044761719704157,16.0,15.0
2023-10-28,08,2,ensemble,2023-11-11,52.0,18.9904047657581,19.737766439174464,33.0095952342419,36.0
2023-10-28,08,2,baseline,2023-11-11,52.0,15.0,18.109500069413734,37.0,36.0
2023-10-28,08,3,ensemble,2023-11-18,102.0,19.99,57.03546227642819,82.01,86.0
2023-10-28,08,3,baseline,2023-11-18,102.0,15.000000000000002,48.6646572761162,87.0,86.0
2023-10-28,09,1,ensemble,2023-11-04,12.0,5.061095953112607,3.6815891961260134,6.938904046887393,11.0
2023-10-28,09,1,baseline,2023-11-04,12.0,3.0,4.95835145977547,9.0,11.0
2023-10-28,09,2,ensemble,2023-11-11,5.0,5.401161593145998,1.37878520987845,0.4011615931459982,4.0
2023-10-28,09,2,baseline,2023-11-11,5.0,3.0,4.058840638971604,2.0,4.0
2023-10-28,09,3,ensemble,2023-11-18,22.0,5.98,9.813292286708359,16.02,21.0
2023-10-28,09,3,baseline,2023-11-18,22.0,3.0,9.197191336456843,19.0,21.0
2023-10-28,10,1,ensemble,2023-11-04,1.0,1.5,0.5195243241827813,0.5,0.0
2023-10-28,10,1,baseline,2023-11-04,1.0,0.0,1.0066228227499663,1.0,0.0
2023-10-28,10,2,ensemble,2023-11-11,1.0,2.0,0.7489949648182452,1.0,0.0
2023-10-28,10,2,baseline,2023-11-11,1.0,0.0,1.2859200795051418,1.0,0.0
2023-10-28,10,3,ensemble,2023-11-18,2.0,2.0,0.725292724156752,0.0,1.0
2023-10-28,10,3,baseline,2023-11-18,2.0,0.0,1.6658896836142276,2.0,1.0
2023-10-28,11,1,ensemble,2023-11-04,0.0,3.1307303270651987,2.0051685659386846,3.1307303270651987,4.0
2023-10-28,11,1,baseline,2023-11-04,0.0,2.0,1.370443337042066,2.0,4.0
2023-10-28,11,2,ensemble,2023-11-11,0.0,4.0,2.3474528164158333,4.0,4.0
2023-10-28,11,2,baseline,2023-11-11,0.0,2.0,1.5021623819499077,2.0,4.0
2023-10-28,11,3,ensemble,2023-11-18,5.0,4.4835,1.2305967567273262,0.5164999999999997,1.0
2023-10-28,11,3,baseline,2023-11-18,5.0,2.0,1.718684252299045,3.0,1.0
2023-10-28,12,1,ensemble,2023-11-04,444.0,279.745,104.90225521828977,164.255,152.0
2023-10-28,12,1,baseline,2023-11-04,444.0,211.0,146.15560322181483,233.0,152.0
2023-10-28,12,2,ensemble,2023-11-11,462.0,279.4665,106.78130710894428,182.5335,170.0
2023-10-28,12,2,baseline,2023-11-11,462.0,211.0,152.84936377957257,251.0,170.0
2023-10-28,12,3,ensemble,2023-11-18,652.0,286.534,242.34517778792377,365.466,360.0
2023-10-28,12,3,baseline,2023-11-18,652.0,211.0,307.6294257499098,441.0,360.0
2023-10-28,13,1,ensemble,2023-11-04,60.0,34.057,15.711956785117193,25.942999999999998,29.0
2023-10-28,13,1,baseline,2023-11-04,60.0,31.0,15.506005452228438,29.0,29.0
2023-10-28,13,2,ensemble,2023-11-11,116.0,36.02714878207091,63.22831233404494,79.97285121792909,85.0
2023-10-28,13,2,baseline,2023-11-11,116.0,31.0,56.952578011736605,85.0,85.0
2023-10-28,13,3,ensemble,2023-11-18,133.0,39.0,70.74227939004605,94.0,102.0
2023-10-28,13,3,baseline,2023-11-18,133.0,31.0,70.04353745513546,102.0,102.0
2023-10-28,15,1,ensemble,2023-11-04,14.0,12.0,1.7532322437986825,2.0,1.0
2023-10-28,15,1,baseline,2023-11-04,14.0,15.0,1.3049833219201752,1.0,1.0
2023-10-28,15,2,ensemble,2023-11-11,16.0,11.26,2.423602678696936,4.74,3.0
2023-10-28,15,2,baseline,2023-11-11,16.0,15.0,1.4915749081403866,1.0,3.0
2023-10-28,15,3,ensemble,2023-11-18,29.0,12.0,9.378992534543444,17.0,16.0
2023-10-28,15,3,baseline,2023-11-18,29.0,15.0,8.522351159946377,14.0,16.0
2023-10-28,16,1,ensemble,2023-11-04,5.0,3.466032406927884,1.048789999973431,1.533967593072116,3.0
2023-10-28,16,1,baseline,2023-11-04,5.0,2.0,2.5090009692923045,3.0,3.0
2023-10-28,16,2,ensemble,2023-11-11,4.0,4.0,0.9832403198306553,0.0,2.0
2023-10-28,16,2,baseline,2023-11-11,4.0,2.0,2.8569504965267014,2.0,2.0
2023-10-28,16,3,ensemble,2023-11-18,11.0,3.86,3.44724777306695,7.140000000000001,9.0
2023-10-28,16,3,baseline,2023-11-18,11.0,2.0,5.120653473839087,9.0,9.0
2023-10-28,17,1,ensemble,2023-11-04,34.0,25.0,5.0309997833443045,9.0,7.0
2023-10-28,17,1,baseline,2023-11-04,34.0,18.0,11.900321495432346,16.0,7.0
2023-10-28,17,2,ensemble,2023-11-11,54.0,27.2,13.63146246349067,26.8,27.0
2023-10-28,17,2,baseline,2023-11-11,54.0,18.0,20.58518830266564,36.0,27.0
2023-10-28,17,3,ensemble,2023-11-18,72.0,28.087,24.93326357374723,43.913,45.0
2023-10-28,17,3,baseline,2023-11-18,72.0,18.0,28.20787664009249,54.0,45.0
2023-10-28,18,1,ensemble,2023-11-04,39.0,26.304,6.560599150423836,12.696000000000002,14.0
2023-10-28,18,1,baseline,2023-11-04,39.0,23.0,10.466980577784033,16.0,14.0
2023-10-28,18,2,ensemble,2023-11-11,47.0,28.716,9.120063385529727,18.284,22.0
2023-10-28,18,2,baseline,2023-11-11,47.0,23.0,14.494362974912367,24.0,22.0
2023-10-28,18,3,ensemble,2023-11-18,87.0,33.0,31.72981119808297,54.0,62.0
2023-10-28,18,3,baseline,2023-11-18,87.0,23.0,34.319156760502395,64.0,62.0
2023-10-28,19,1,ensemble,2023-11-04,10.0,4.625481587024319,2.9619236768515442,5.374518412975681,6.0
2023-10-28,19,1,baseline,2023-11-04,10.0,1.0,4.792287576701852,9.0,6.0
2023-10-28,19,2,ensemble,2023-11-11,13.0,5.0,4.493499464999415,8.0,9.0
2023-10-28,19,2,baseline,2023-11-11,13.0,1.0,6.258520798468851,12.0,9.0
2023-10-28,19,3,ensemble,2023-11-18,14.0,5.0,4.6745882353509955,9.0,10.0
2023-10-28,19,3,baseline,2023-11-18,14.0,1.0,6.804779037464295,13.0,10.0
2023-10-28,20,1,ensemble,2023-11-04,6.0,7.0,1.128507125057488,1.0,1.0
2023-10-28,20,1,baseline,2023-11-04,6.0,4.0,2.704851630342389,2.0,1.0
2023-10-28,20,2,ensemble,2023-11-11,10.0,8.08,1.5740527280182164,1.92,3.0
2023-10-28,20,2,baseline,2023-11-11,10.0,4.0,3.97552806571544,6.0,3.0
2023-10-28,20,3,ensemble,2023-11-18,18.0,8.820289116922318,4.442714917116849,9.179710883077682,11.0
2023-10-28,20,3,baseline,2023-11-18,18.0,4.0,6.942611118785101,14.0,11.0
2023-10-28,21,1,ensemble,2023-11-04,21.0,24.04424362147234,3.445350076326864,3.04424362147234,1.0
2023-10-28,21,1,baseline,2023-11-04,21.0,23.0,7.472035892076301,2.0,1.0
2023-10-28,21,2,ensemble,2023-11-11,33.0,25.017,4.966169027183449,7.9830000000000005,13.0
2023-10-28,21,2,baseline,2023-11-11,33.0,23.0,10.578641207585989,10.0,13.0
2023-10-28,21,3,ensemble,2023-11-18,18.0,27.9799,6.769728986370665,9.9799,2.0
2023-10-28,21,3,baseline,2023-11-18,18.0,23.0,11.600872283940229,5.0,2.0
2023-10-28,22,1,ensemble,2023-11-04,40.0,33.75,4.549193442956498,6.25,9.0
2023-10-28,22,1,baseline,2023-11-04,40.0,28.0,7.117137569288737,12.0,9.0
2023-10-28,22,2,ensemble,2023-11-11,65.0,36.9,13.42589328342857,28.1,34.0
2023-10-28,22,2,baseline,2023-11-11,65.0,28.0,21.000624955945216,37.0,34.0
2023-10-28,22,3,ensemble,2023-11-18,96.0,40.3,31.273204653494087,55.7,65.0
2023-10-28,22,3,baseline,2023-11-18,96.0,28.0,41.47351860399037,68.0,65.0
2023-10-28,23,1,ensemble,2023-11-04,1.0,3.75,1.4479712747554359,2.75,1.0
2023-10-28,23,1,baseline,2023-11-04,1.0,4.0,2.6205569736566927,3.0,1.0
2023-10-28,23,2,ensemble,2023-11-11,4.0,3.92,1.0086857820875124,0.08000000000000007,2.0
2023-10-28,23,2,baseline,2023-11-11,4.0,4.0,2.6617402012933185,0.0,2.0
2023-10-28,23,3,ensemble,2023-11-18,2.0,3.7064634346453462,1.3778506894182323,1.7064634346453462,0.0
2023-10-28,23,3,baseline,2023-11-18,2.0,4.0,3.1936702431806925,2.0,0.0
2023-10-28,24,1,ensemble,2023-11-04,15.0,7.919519828117941,4.02958452740705,7.080480171882059,6.0
2023-10-28,24,1,baseline,2023-11-04,15.0,3.0,6.1045600922531,12.0,6.0
2023-10-28,24,2,ensemble,2023-11-11,19.0,8.129999999999999,6.0024983713364986,10.870000000000001,10.0
2023-10-28,24,2,baseline,2023-11-11,19.0,3.0,7.865264633950687,16.0,10.0
2023-10-28,24,3,ensemble,2023-11-18,27.0,7.6,10.451599448012905,19.4,18.0
2023-10-28,24,3,baseline,2023-11-18,27.0,3.0,11.036065453784968,24.0,18.0
2023-10-28,25,1,ensemble,2023-11-04,30.0,16.04005,7.234802071860483,13.95995,16.0
2023-10-28,25,1,baseline,2023-11-04,30.0,16.0,9.832637313612272,14.0,16.0
2023-10-28,25,2,ensemble,2023-11-11,31.0,17.0,7.180657644669164,14.0,17.0
2023-10-28,25,2,baseline,2023-11-11,31.0,16.0,11.29163193494978,15.0,17.0
2023-10-28,25,3,ensemble,2023-11-18,31.0,19.002362779078855,6.527088570016129,11.997637220921145,17.0
2023-10-28,25,3,baseline,2023-11-18,31.0,16.0,12.641552506546805,15.0,17.0
2023-10-28,26,1,ensemble,2023-11-04,34.0,24.61,5.410096484335847,9.39,13.0
2023-10-28,26,1,baseline,2023-11-04,34.0,20.0,11.2119796677532,14.0,13.0
2023-10-28,26,2,ensemble,2023-11-11,30.0,26.51623401361215,4.225844132055333,3.4837659863878514,9.0
2023-10-28,26,2,baseline,2023-11-11,30.0,20.0,12.24633042932605,10.0,9.0
2023-10-28,26,3,ensemble,2023-11-18,52.0,28.97,12.130276138525979,23.03,31.0
2023-10-28,26,3,baseline,2023-11-18,52.0,20.0,20.01425015226241,32.0,31.0
2023-10-28,27,1,ensemble,2023-11-04,9.0,7.5122453985791715,1.7271712502270171,1.4877546014208285,5.0
2023-10-28,27,1,baseline,2023-11-04,9.0,6.0,3.8515525712648437,3.0,5.0
2023-10-28,27,2,ensemble,2023-11-11,18.0,7.779710666317163,5.086843306068894,10.220289333682837,14.0
2023-10-28,27,2,baseline,2023-11-11,18.0,6.0,7.234267319716675,12.0,14.0
2023-10-28,27,3,ensemble,2023-11-18,15.0,9.448702698021764,3.629440548194304,5.551297301978236,11.0
2023-10-28,27,3,baseline,2023-11-18,15.0,6.0,6.723015681808994,9.0,11.0
2023-10-28,28,1,ensemble,2023-11-04,30.0,21.151561699202365,4.17493971904723,8.848438300797635,10.0
2023-10-28,28,1,baseline,2023-11-04,30.0,22.0,5.644902339219044,8.0,10.0
2023-10-28,28,2,ensemble,2023-11-11,38.0,24.0,6.305980894877776,14.0,18.0
2023-10-28,28,2,baseline,2023-11-11,38.0,22.0,8.842677240641972,16.0,18.0
2023-10-28,28,3,ensemble,2023-11-18,46.0,26.55,9.69759856583448,19.45,26.0
2023-10-28,28,3,baseline,2023-11-18,46.0,22.0,12.45880842586688,24.0,26.0
2023-10-28,29,1,ensemble,2023-11-04,24.0,24.42,3.601898011122411,0.4200000000000017,7.0
2023-10-28,29,1,baseline,2023-11-04,24.0,25.0,7.408447647867781,1.0,7.0
2023-10-28,29,2,ensemble,2023-11-11,40.0,27.0,7.2437020163527155,13.0,23.0
2023-10-28,29,2,baseline,2023-11-11,40.0,25.0,11.794830568783947,15.0,23.0
2023-10-28,29,3,ensemble,2023-11-18,40.0,27.638073275445567,7.535867407939987,12.361926724554433,23.0
2023-10-28,29,3,baseline,2023-11-18,40.0,25.0,13.402200623375785,15.0,23.0
2023-10-28,30,1,ensemble,2023-11-04,1.0,1.661032631369794,0.700422381229514,0.6610326313697941,0.0
2023-10-28,30,1,baseline,2023-11-04,1.0,0.0,1.2568588505232874,1.0,0.0
2023-10-28,30,2,ensemble,2023-11-11,5.0,2.3579126765339837,1.4737014259816668,2.6420873234660163,4.0
2023-10-28,30,2,baseline,2023-11-11,5.0,3.0000300002441804e-05,2.3983984287234166,4.999969999699998,4.0
2023-10-28,30,3,ensemble,2023-11-18,3.0,2.975,0.8688042607911276,0.02499999999999991,2.0
2023-10-28,30,3,baseline,2023-11-18,3.0,0.00020750207501851747,2.0875052718353286,2.9997924979249815,2.0
2023-10-28,31,1,ensemble,2023-11-04,5.0,12.481899011135102,3.633493642046114,7.481899011135102,3.0
2023-10-28,31,1,baseline,2023-11-04,5.0,9.0,3.312875873867436,4.0,3.0
2023-10-28,31,2,ensemble,2023-11-11,5.0,14.0,4.663842234861531,9.0,3.0
2023-10-28,31,2,baseline,2023-11-11,5.0,9.0,3.7543730058604963,4.0,3.0
2023-10-28,31,3,ensemble,2023-11-18,4.0,14.5,5.943804750562978,10.5,4.0
2023-10-28,31,3,baseline,2023-11-18,4.0,9.0,4.265768674991104,5.0,4.0
2023-10-28,32,1,ensemble,2023-11-04,13.0,7.36,2.8845086027188698,5.64,6.0
2023-10-28,32,1,baseline,2023-11-04,13.0,6.0,5.060904534936655,7.0,6.0
2023-10-28,32,2,ensemble,2023-11-11,22.0,8.02,7.302631874823,13.98,15.0
2023-10-28,32,2,baseline,2023-11-11,22.0,6.0,8.187937902922503,16.0,15.0
2023-10-28,32,3,ensemble,2023-11-18,30.0,8.855,11.844058230369972,21.145,23.0
2023-10-28,32,3,baseline,2023-11-18,30.0,6.0,11.273863634440692,24.0,23.0
2023-10-28,33,1,ensemble,2023-11-04,2.0,1.809,0.4955810942847171,0.19100000000000006,2.0
2023-10-28,33,1,baseline,2023-11-04,2.0,0.0,1.2711330686567721,2.0,2.0
2023-10-28,33,2,ensemble,2023-11-11,2.0,1.97632,0.594911781528336,0.023679999999999923,2.0
2023-10-28,33,2,baseline,2023-11-11,2.0,0.0,1.5726154490240554,2.0,2.0
2023-10-28,33,3,ensemble,2023-11-18,2.0,1.85004730064897,0.6501531751544194,0.14995269935103006,2.0
2023-10-28,33,3,baseline,2023-11-18,2.0,3.0000300000665447e-05,1.7949492898624626,1.9999699996999993,2.0
2023-10-28,34,1,ensemble,2023-11-04,26.0,27.0,3.749497284814658,1.0,7.0
2023-10-28,34,1,baseline,2023-11-04,26.0,13.0,9.407883714467578,13.0,7.0
2023-10-28,34,2,ensemble,2023-11-11,46.0,30.0,8.217996751491167,16.0,13.0
2023-10-28,34,2,baseline,2023-11-11,46.0,13.0,17.418063816594685,33.0,13.0
2023-10-28,34,3,ensemble,2023-11-18,33.0,30.880000000000003,5.409030878682763,2.1199999999999974,0.0
2023-10-28,34,3,baseline,2023-11-18,33.0,13.0,13.679984555106417,20.0,0.0
2023-10-28,35,1,ensemble,2023-11-04,10.0,5.752909218463427,2.2115992727767897,4.247090781536573,8.0
2023-10-28,35,1,baseline,2023-11-04,10.0,4.0,4.358330710307105,6.0,8.0
2023-10-28,35,2,ensemble,2023-11-11,9.0,5.955601290685726,1.981612192708929,3.044398709314274,7.0
2023-10-28,35,2,baseline,2023-11-11,9.0,4.0,4.923417103671037,5.0,7.0
2023-10-28,35,3,ensemble,2023-11-18,12.0,5.750434904932313,3.1052612867904874,6.249565095067687,10.0
2023-10-28,35,3,baseline,2023-11-18,12.0,4.0,6.06515607040854,8.0,10.0
2023-10-28,36,1,ensemble,2023-11-04,57.0,38.52091232276155,9.315204206296189,18.479087677238446,20.0
2023-10-28,36,1,baseline,2023-11-04,57.0,26.0,20.178174082501684,31.0,20.0
2023-10-28,36,2,ensemble,2023-11-11,88.0,38.71075692785625,26.447837280930344,49.28924307214375,51.0
2023-10-28,36,2,baseline,2023-11-11,88.0,26.0,33.41625833627902,62.0,51.0
2023-10-28,36,3,ensemble,2023-11-18,123.0,43.23090500648846,44.900136063481824,79.76909499351154,86.0
2023-10-28,36,3,baseline,2023-11-18,123.0,26.0,47.913407666902756,97.0,86.0
2023-10-28,37,1,ensemble,2023-11-04,40.0,22.63059325342386,8.735008629171016,17.36940674657614,23.0
2023-10-28,37,1,baseline,2023-11-04,40.0,20.0,11.446899766715067,20.0,23.0
2023-10-28,37,2,ensemble,2023-11-11,49.0,25.25,12.465073441721685,23.75,32.0
2023-10-28,37,2,baseline,2023-11-11,49.0,20.0,15.377844993949944,29.0,32.0
2023-10-28,37,3,ensemble,2023-11-18,88.0,25.107476534544556,39.13612397980655,62.89252346545544,71.0
2023-10-28,37,3,baseline,2023-11-18,88.0,20.0,34.95379749382276,68.0,71.0
2023-10-28,38,1,ensemble,2023-11-04,0.0,1.4787967501728174,0.9777571225665771,1.4787967501728174,1.0
2023-10-28,38,1,baseline,2023-11-04,0.0,1.0,0.9530436290232459,1.0,1.0
2023-10-28,38,2,ensemble,2023-11-11,2.0,2.0,0.5979871963547811,0.0,1.0
2023-10-28,38,2,baseline,2023-11-11,2.0,1.0,1.1989427757973237,1.0,1.0
2023-10-28,38,3,ensemble,2023-11-18,7.0,1.845,2.6539021079196066,5.155,6.0
2023-10-28,38,3,baseline,2023-11-18,7.0,1.0,2.764195466063358,6.0,6.0
2023-10-28,39,1,ensemble,2023-11-04,21.0,21.77,3.0388850853841105,0.7699999999999996,4.0
2023-10-28,39,1,baseline,2023-11-04,21.0,19.0,7.594565622308397,2.0,4.0
2023-10-28,39,2,ensemble,2023-11-11,26.0,23.32649135852734,3.9086283833189377,2.6735086414726617,1.0
2023-10-28,39,2,baseline,2023-11-11,26.0,19.0,10.166302813506396,7.0,1.0
2023-10-28,39,3,ensemble,2023-11-18,56.0,24.5,16.281314292457992,31.5,31.0
2023-10-28,39,3,baseline,2023-11-18,56.0,19.0,20.835577714538015,37.0,31.0
2023-10-28,40,1,ensemble,2023-11-04,18.0,30.69,6.8078491944687585,12.690000000000001,4.0
2023-10-28,40,1,baseline,2023-11-04,18.0,39.0,13.650497272668375,21.0,4.0
2023-10-28,40,2,ensemble,2023-11-11,34.0,32.453201795135776,4.197599392376035,1.5467982048642241,12.0
2023-10-28,40,2,baseline,2023-11-11,34.0,39.0,11.113498166525138,5.0,12.0
2023-10-28,40,3,ensemble,2023-11-18,37.0,33.8347097839587,5.311728106347686,3.1652902160412992,15.0
2023-10-28,40,3,baseline,2023-11-18,37.0,39.0,13.10348432658242,2.0,15.0
2023-10-28,41,1,ensemble,2023-11-04,6.0,7.176297304182439,1.3117810188893366,1.1762973041824392,2.0
2023-10-28,41,1,baseline,2023-11-04,6.0,6.0,4.1732797006665745,0.0,2.0
2023-10-28,41,2,ensemble,2023-11-11,11.0,8.430195407174732,1.7975371462424634,2.5698045928252675,3.0
2023-10-28,41,2,baseline,2023-11-11,11.0,6.0,6.05919283216745,5.0,3.0
2023-10-28,41,3,ensemble,2023-11-18,17.0,8.72264,4.237918802721445,8.27736,9.0
2023-10-28,41,3,baseline,2023-11-18,17.0,6.0,8.926285606921297,11.0,9.0
2023-10-28,42,1,ensemble,2023-11-04,39.0,51.0,7.130668479016218,12.0,4.0
2023-10-28,42,1,baseline,2023-11-04,39.0,42.0,12.257136260819133,3.0,4.0
2023-10-28,42,2,ensemble,2023-11-11,82.0,52.2978169604274,16.200991103517445,29.702183039572603,39.0
2023-10-28,42,2,baseline,2023-11-11,82.0,42.0,23.840230222237018,40.0,39.0
2023-10-28,42,3,ensemble,2023-11-18,89.0,52.95281958712405,17.993489345631215,36.04718041287595,46.0
2023-10-28,42,3,baseline,2023-11-18,89.0,42.0,27.45390324238023,47.0,46.0
2023-10-28,44,1,ensemble,2023-11-04,0.0,1.03689159397019,0.707087654210534,1.03689159397019,0.0
2023-10-28,44,1,baseline,2023-11-04,0.0,1.0,0.953698615529634,1.0,0.0
2023-10-28,44,2,ensemble,2023-11-11,2.0,1.3806571184161631,0.6254095482432754,0.6193428815838369,2.0
2023-10-28,44,2,baseline,2023-11-11,2.0,1.0,1.0395985984207676,1.0,2.0
2023-10-28,44,3,ensemble,2023-11-18,0.0,1.358367804676188,1.1118180547805794,1.358367804676188,0.0
2023-10-28,44,3,baseline,2023-11-18,0.0,1.0,1.1830408329952862,1.0,0.0
2023-10-28,45,1,ensemble,2023-11-04,45.0,31.3322879132634,7.739677360357091,13.6677120867366,13.0
2023-10-28,45,1,baseline,2023-11-04,45.0,26.0,10.40223944332922,19.0,13.0
2023-10-28,45,2,ensemble,2023-11-11,52.0,31.89,10.801345457565066,20.11,20.0
2023-10-28,45,2,baseline,2023-11-11,52.0,26.0,14.062194225529211,26.0,20.0
2023-10-28,45,3,ensemble,2023-11-18,64.0,33.27915,18.09880267904495,30.72085,32.0
2023-10-28,45,3,baseline,2023-11-18,64.0,26.0,20.770649686040343,38.0,32.0
2023-10-28,46,1,ensemble,2023-11-04,1.0,1.7255508899688738,0.5708286924914272,0.7255508899688738,1.0
2023-10-28,46,1,baseline,2023-11-04,1.0,0.0001075010750106742,1.08740170506053,0.9998924989249893,1.0
2023-10-28,46,2,ensemble,2023-11-11,2.0,2.0,0.7667599454246308,0.0,0.0
2023-10-28,46,2,baseline,2023-11-11,2.0,0.0001900019000187214,1.411046056851874,1.9998099980999813,0.0
2023-10-28,46,3,ensemble,2023-11-18,1.0,2.0,0.8738594510906457,1.0,1.0
2023-10-28,46,3,baseline,2023-11-18,1.0,0.0,1.5407976305197835,1.0,1.0
2023-10-28,47,1,ensemble,2023-11-04,44.0,41.23783938891829,4.200447548115117,2.762160611081711,1.0
2023-10-28,47,1,baseline,2023-11-04,44.0,38.0,8.359065266804844,6.0,1.0
2023-10-28,47,2,ensemble,2023-11-11,47.0,43.02,5.149813375470948,3.979999999999997,4.0
2023-10-28,47,2,baseline,2023-11-11,47.0,38.0,10.4941893322629,9.0,4.0
2023-10-28,47,3,ensemble,2023-11-18,57.0,43.0,8.366572113375037,14.0,14.0
2023-10-28,47,3,baseline,2023-11-18,57.0,38.0,14.1632888951933,19.0,14.0
2023-10-28,48,1,ensemble,2023-11-04,305.0,254.005,33.35323860351464,50.995000000000005,63.0
2023-10-28,48,1,baseline,2023-11-04,305.0,176.0,71.3150253288185,129.0,63.0
2023-10-28,48,2,ensemble,2023-11-11,373.0,278.0,56.44368196919656,95.0,131.0
2023-10-28,48,2,baseline,2023-11-11,373.0,176.0,105.29124637096366,197.0,131.0
2023-10-28,48,3,ensemble,2023-11-18,373.0,307.0,47.0675148481303,66.0,131.0
2023-10-28,48,3,baseline,2023-11-18,373.0,176.0,102.48426697801759,197.0,131.0
2023-10-28,49,1,ensemble,2023-11-04,9.0,6.06494989160549,1.6070729631484317,2.9350501083945097,0.0
2023-10-28,49,1,baseline,2023-11-04,9.0,3.0,2.9456623964500515,6.0,0.0
2023-10-28,49,2,ensemble,2023-11-11,5.0,7.163394999999999,1.5040728190146768,2.1633949999999986,4.0
2023-10-28,49,2,baseline,2023-11-11,5.0,3.0,1.9118854856374656,2.0,4.0
2023-10-28,49,3,ensemble,2023-11-18,7.0,7.0,1.5518244251252609,0.0,2.0
2023-10-28,49,3,baseline,2023-11-18,7.0,3.0,2.494850824573464,4.0,2.0
2023-10-28,50,1,ensemble,2023-11-04,0.0,1.0,0.6093871581639708,1.0,2.0
2023-10-28,50,1,baseline,2023-11-04,0.0,0.0,0.45256755937124543,0.0,2.0
2023-10-28,50,2,ensemble,2023-11-11,2.0,2.0,0.5226181781747833,0.0,0.0
2023-10-28,50,2,baseline,2023-11-11,2.0,0.0,1.0722385295374688,2.0,0.0
2023-10-28,50,3,ensemble,2023-11-18,5.0,2.0,1.618347609480556,3.0,3.0
2023-10-28,50,3,baseline,2023-11-18,5.0,0.0,2.327576944421617,5.0,3.0
2023-10-28,51,1,ensemble,2023-11-04,51.0,64.5178533413449,8.481140837042139,13.517853341344903,21.0
2023-10-28,51,1,baseline,2023-11-04,51.0,54.0,7.692788164925127,3.0,21.0
2023-10-28,51,2,ensemble,2023-11-11,92.0,70.70054254419905,11.70754444375561,21.299457455800948,20.0
2023-10-28,51,2,baseline,2023-11-11,92.0,54.0,20.981628389131707,38.0,20.0
2023-10-28,51,3,ensemble,2023-11-18,100.0,71.0,16.005137800050942,29.0,28.0
2023-10-28,51,3,baseline,2023-11-18,100.0,54.0,25.024381440966582,46.0,28.0
2023-10-28,53,1,ensemble,2023-11-04,17.0,35.42408465528442,9.831639878039429,18.424084655284418,6.0
2023-10-28,53,1,baseline,2023-11-04,17.0,40.0,14.272605834797478,23.0,6.0
2023-10-28,53,2,ensemble,2023-11-11,17.0,40.0,11.525362815114848,23.0,6.0
2023-10-28,53,2,baseline,2023-11-11,17.0,40.0,14.823294709164486,23.0,6.0
2023-10-28,53,3,ensemble,2023-11-18,33.0,40.085,6.954810386942797,7.085000000000001,22.0
2023-10-28,53,3,baseline,2023-11-18,33.0,40.0,11.608276075282491,7.0,22.0
2023-10-28,54,1,ensemble,2023-11-04,7.0,4.231542620118654,1.4139989068023253,2.7684573798813457,4.0
2023-10-28,54,1,baseline,2023-11-04,7.0,3.0,3.2551758443671384,4.0,4.0
2023-10-28,54,2,ensemble,2023-11-11,14.0,4.8658,4.733268221655989,9.1342,11.0
2023-10-28,54,2,baseline,2023-11-11,14.0,3.0,5.763605268378775,11.0,11.0
2023-10-28,54,3,ensemble,2023-11-18,8.0,4.82585767435924,1.7084185602587456,3.1741423256407604,5.0
2023-10-28,54,3,baseline,2023-11-18,8.0,3.0,4.599985248787268,5.0,5.0
2023-10-28,55,1,ensemble,2023-11-04,16.0,7.244433773307781,4.546017961994716,8.755566226692219,12.0
2023-10-28,55,1,baseline,2023-11-04,16.0,3.0,6.969539978965014,13.0,12.0
2023-10-28,55,2,ensemble,2023-11-11,20.0,7.5,5.960973368102638,12.5,16.0
2023-10-28,55,2,baseline,2023-11-11,20.0,3.0,8.567330843851915,17.0,16.0
2023-10-28,55,3,ensemble,2023-11-18,15.0,8.93735,3.366142389113424,6.06265,11.0
2023-10-28,55,3,baseline,2023-11-18,15.0,3.0,7.189586904325564,12.0,11.0
2023-10-28,56,1,ensemble,2023-11-04,1.0,4.95,2.1632778610131727,3.95,4.0
2023-10-28,56,1,baseline,2023-11-04,1.0,4.0,1.8078588339144255,3.0,4.0
2023-10-28,56,2,ensemble,2023-11-11,5.0,5.2719,1.118386209658107,0.2718999999999996,0.0
2023-10-28,56,2,baseline,2023-11-11,5.0,4.0,1.3611199508734213,1.0,0.0
2023-10-28,56,3,ensemble,2023-11-18,9.0,6.0,1.750848367157205,3.0,4.0
2023-10-28,56,3,baseline,2023-11-18,9.0,4.0,2.6308425029902476,5.0,4.0
2023-11-04,01,1,ensemble,2023-11-11,60.0,34.56522104886985,13.16804653660397,25.43477895113015,28.0
2023-11-04,01,1,baseline,2023-11-11,60.0,32.0,16.78373997618237,28.0,28.0
2023-11-04,01,2,ensemble,2023-11-18,77.0,35.0872,23.799812416845814,41.9128,45.0
2023-11-04,01,2,baseline,2023-11-18,77.0,32.0,26.547213045239154,45.0,45.0
2023-11-04,01,3,ensemble,2023-11-25,73.0,35.0,18.360267530335058,38.0,41.0
2023-11-04,01,3,baseline,2023-11-25,73.0,32.0,22.680900521222597,41.0,41.0
2023-11-04,02,1,ensemble,2023-11-11,39.0,29.0,6.146358634083182,10.0,9.0
2023-11-04,02,1,baseline,2023-11-11,39.0,30.0,5.414440197206321,9.0,9.0
2023-11-04,02,2,ensemble,2023-11-18,17.0,29.5,6.3975266914649715,12.5,13.0
2023-11-04,02,2,baseline,2023-11-18,17.0,30.0,7.694097619410977,13.0,13.0
2023-11-04,02,3,ensemble,2023-11-25,14.0,30.0,8.157702221691789,16.0,16.0
2023-11-04,02,3,baseline,2023-11-25,14.0,30.0,9.356948408418866,16.0,16.0
2023-11-04,04,1,ensemble,2023-11-11,132.0,60.0,39.86207553275823,72.0,83.0
2023-11-04,04,1,baseline,2023-11-11,132.0,49.0,53.83716113030696,83.0,83.0
2023-11-04,04,2,ensemble,2023-11-18,191.0,61.18284334172585,76.19406637819749,129.81715665827414,142.0
2023-11-04,04,2,baseline,2023-11-18,191.0,49.0,90.89244023209794,142.0,142.0
2023-11-04,04,3,ensemble,2023-11-25,212.0,66.67518228797823,80.28068764653905,145.32481771202177,163.0
2023-11-04,04,3,baseline,2023-11-25,212.0,49.0,98.87435023511131,163.0,163.0
2023-11-04,05,1,ensemble,2023-11-11,24.0,18.51468581587709,3.4260554072074267,5.48531418412291,11.0
2023-11-04,05,1,baseline,2023-11-11,24.0,13.0,6.145240384316885,11.0,11.0
2023-11-04,05,2,ensemble,2023-11-18,17.0,19.5,3.086509659907752,2.5,4.0
2023-11-04,05,2,baseline,2023-11-18,17.0,13.0,5.177864279034095,4.0,4.0
2023-11-04,05,3,ensemble,2023-11-25,27.0,18.11,4.542200480152369,8.89,14.0
2023-11-04,05,3,baseline,2023-11-25,27.0,13.0,8.350212866085183,14.0,14.0
2023-11-04,06,1,ensemble,2023-11-11,222.0,80.80441531777385,94.60954837575197,141.19558468222615,146.0
2023-11-04,06,1,baseline,2023-11-11,222.0,73.0,94.13563604412118,149.0,146.0
2023-11-04,06,2,ensemble,2023-11-18,360.0,86.96937561035156,206.31198325606954,273.03062438964844,284.0
2023-11-04,06,2,baseline,2023-11-18,360.0,73.0,176.71142659252686,287.0,284.0
2023-11-04,06,3,ensemble,2023-11-25,437.0,87.0,279.3271666407777,350.0,361.0
2023-11-04,06,3,baseline,2023-11-25,437.0,73.0,211.96765703109196,364.0,361.0
2023-11-04,08,1,ensemble,2023-11-11,52.0,22.59,19.361859780633914,29.41,33.0
2023-11-04,08,1,baseline,2023-11-11,52.0,20.0,18.004433381007722,32.0,33.0
2023-11-04,08,2,ensemble,2023-11-18,102.0,26.5,56.59599370825977,75.5,83.0
2023-11-04,08,2,baseline,2023-11-18,102.0,20.0,50.93192323334101,82.0,83.0
2023-11-04,08,3,ensemble,2023-11-25,137.0,29.46,79.58948790374399,107.53999999999999,118.0
2023-11-04,08,3,baseline,2023-11-25,137.0,20.0,76.10117390926084,117.0,118.0
2023-11-04,09,1,ensemble,2023-11-11,5.0,7.034622792706742,1.9059362431818767,2.0346227927067417,2.0
2023-11-04,09,1,baseline,2023-11-11,5.0,7.0,2.795353310598325,2.0,2.0
2023-11-04,09,2,ensemble,2023-11-18,22.0,7.164650973568357,7.206854903668726,14.835349026431643,15.0
2023-11-04,09,2,baseline,2023-11-18,22.0,7.0,8.126000199828082,15.0,15.0
2023-11-04,09,3,ensemble,2023-11-25,33.0,7.398,15.350911298556577,25.602,26.0
2023-11-04,09,3,baseline,2023-11-25,33.0,7.0,13.30814200642006,26.0,26.0
2023-11-04,10,1,ensemble,2023-11-11,1.0,1.391396093776581,0.4959953329235588,0.391396093776581,0.0
2023-11-04,10,1,baseline,2023-11-11,1.0,1.0,0.8436082689957332,0.0,0.0
2023-11-04,10,2,ensemble,2023-11-18,2.0,2.0,0.5689496844441546,0.0,1.0
2023-11-04,10,2,baseline,2023-11-18,2.0,1.0,1.1663903915560905,1.0,1.0
2023-11-04,10,3,ensemble,2023-11-25,1.0,2.0,0.8109875846702105,1.0,0.0
2023-11-04,10,3,baseline,2023-11-25,1.0,1.0,1.2849312385949956,0.0,0.0
2023-11-04,11,1,ensemble,2023-11-11,0.0,2.9819564374128937,1.7066104700774347,2.9819564374128937,1.0
2023-11-04,11,1,baseline,2023-11-11,0.0,1.0,0.8363216024334151,1.0,1.0
2023-11-04,11,2,ensemble,2023-11-18,5.0,3.0,1.1013634863132091,2.0,4.0
2023-11-04,11,2,baseline,2023-11-18,5.0,1.0,1.9249148823009974,4.0,4.0
2023-11-04,11,3,ensemble,2023-11-25,8.0,3.0,2.5003670559845528,5.0,7.0
2023-11-04,11,3,baseline,2023-11-25,8.0,1.0,3.3338918622881946,7.0,7.0
2023-11-04,12,1,ensemble,2023-11-11,462.0,333.9153228088753,68.07722143813217,128.08467719112468,149.0
2023-11-04,12,1,baseline,2023-11-11,462.0,311.0,91.50347729075119,151.0,149.0
2023-11-04,12,2,ensemble,2023-11-18,652.0,344.5435,202.6757066453373,307.4565,339.0
2023-11-04,12,2,baseline,2023-11-18,652.0,311.0,241.3242620309033,341.0,339.0
2023-11-04,12,3,ensemble,2023-11-25,701.0,351.6540894251168,208.15031599122904,349.3459105748832,388.0
2023-11-04,12,3,baseline,2023-11-25,701.0,311.0,273.5126130771308,390.0,388.0
2023-11-04,13,1,ensemble,2023-11-11,116.0,33.118,63.68589458462017,82.882,76.0
2023-11-04,13,1,baseline,2023-11-11,116.0,30.0,65.54630284598502,86.0,76.0
2023-11-04,13,2,ensemble,2023-11-18,133.0,34.38851390301095,75.6653843077634,98.61148609698904,93.0
2023-11-04,13,2,baseline,2023-11-18,133.0,30.0,77.94972458505018,103.0,93.0
2023-11-04,13,3,ensemble,2023-11-25,156.0,35.11946473956395,87.3268542626313,120.88053526043605,116.0
2023-11-04,13,3,baseline,2023-11-25,156.0,30.0,97.14461239462398,126.0,116.0
2023-11-04,15,1,ensemble,2023-11-11,16.0,14.0,1.7056750430402448,2.0,3.0
2023-11-04,15,1,baseline,2023-11-11,16.0,13.0,1.6601313174436088,3.0,3.0
2023-11-04,15,2,ensemble,2023-11-18,29.0,14.000000000000002,9.18978249893616,14.999999999999998,16.0
2023-11-04,15,2,baseline,2023-11-18,29.0,13.0,10.999313234958425,16.0,16.0
2023-11-04,15,3,ensemble,2023-11-25,26.0,14.42,6.681636705714152,11.58,13.0
2023-11-04,15,3,baseline,2023-11-25,26.0,13.0,8.094769628609331,13.0,13.0
2023-11-04,16,1,ensemble,2023-11-11,4.0,4.1175,0.9125781586202857,0.11749999999999972,0.0
2023-11-04,16,1,baseline,2023-11-11,4.0,4.0,1.6535582810610716,0.0,0.0
2023-11-04,16,2,ensemble,2023-11-18,11.0,4.498033547237018,3.4014089147415834,6.501966452762982,7.0
2023-11-04,16,2,baseline,2023-11-18,11.0,4.0,4.065420431443443,7.0,7.0
2023-11-04,16,3,ensemble,2023-11-25,8.0,5.882,1.6623316505269885,2.1180000000000003,4.0
2023-11-04,16,3,baseline,2023-11-25,8.0,4.0,3.487723044860884,4.0,4.0
2023-11-04,17,1,ensemble,2023-11-11,54.0,28.16141507924623,13.158132980680925,25.83858492075377,33.0
2023-11-04,17,1,baseline,2023-11-11,54.0,17.0,21.432884179667884,37.0,33.0
2023-11-04,17,2,ensemble,2023-11-18,72.0,29.825864148998253,22.96056900328767,42.17413585100175,51.0
2023-11-04,17,2,baseline,2023-11-18,72.0,17.0,30.69807764716778,55.0,51.0
2023-11-04,17,3,ensemble,2023-11-25,102.0,29.08384556865977,43.14341101120859,72.91615443134023,81.0
2023-11-04,17,3,baseline,2023-11-25,102.0,17.0,45.406412014663594,85.0,81.0
2023-11-04,18,1,ensemble,2023-11-11,47.0,36.035,6.858640018908136,10.965000000000003,14.0
2023-11-04,18,1,baseline,2023-11-11,47.0,33.0,8.869580824134328,14.0,14.0
2023-11-04,18,2,ensemble,2023-11-18,87.0,40.74400219107787,22.620849640000856,46.25599780892213,54.0
2023-11-04,18,2,baseline,2023-11-18,87.0,33.0,31.652277825669557,54.0,54.0
2023-11-04,18,3,ensemble,2023-11-25,84.0,42.47837820454069,20.76164295193865,41.52162179545931,51.0
2023-11-04,18,3,baseline,2023-11-25,84.0,33.0,28.521659020438026,51.0,51.0
2023-11-04,19,1,ensemble,2023-11-11,13.0,5.151409952356865,4.3047398031055675,7.848590047643135,9.0
2023-11-04,19,1,baseline,2023-11-11,13.0,4.0,5.121749445972721,9.0,9.0
2023-11-04,19,2,ensemble,2023-11-18,14.0,5.958327972170835,3.9345703515712875,8.041672027829165,10.0
2023-11-04,19,2,baseline,2023-11-18,14.0,4.0,5.655991197520671,10.0,10.0
2023-11-04,19,3,ensemble,2023-11-25,27.0,6.582963172972541,12.799535452666799,20.41703682702746,23.0
2023-11-04,19,3,baseline,2023-11-25,27.0,4.0,13.078396380789892,23.0,23.0
2023-11-04,20,1,ensemble,2023-11-11,10.0,8.030807855964758,1.5405755102341676,1.969192144035242,5.0
2023-11-04,20,1,baseline,2023-11-11,10.0,5.0,2.940256104930613,5.0,5.0
2023-11-04,20,2,ensemble,2023-11-18,18.0,9.023272540931805,4.679855567802385,8.976727459068195,13.0
2023-11-04,20,2,baseline,2023-11-18,18.0,5.0,6.858109018742366,13.0,13.0
2023-11-04,20,3,ensemble,2023-11-25,30.0,9.31215017074308,12.914794351487876,20.68784982925692,25.0
2023-11-04,20,3,baseline,2023-11-25,30.0,5.0,13.36637014317969,25.0,25.0
2023-11-04,21,1,ensemble,2023-11-11,33.0,28.1765,4.00527091496933,4.823499999999999,10.0
2023-11-04,21,1,baseline,2023-11-11,33.0,23.0,7.153150700963535,10.0,10.0
2023-11-04,21,2,ensemble,2023-11-18,18.0,29.04262450116474,6.615214618061997,11.042624501164742,5.0
2023-11-04,21,2,baseline,2023-11-18,18.0,23.0,7.666137312873113,5.0,5.0
2023-11-04,21,3,ensemble,2023-11-25,37.0,34.298,6.889295918522026,2.701999999999998,14.0
2023-11-04,21,3,baseline,2023-11-25,37.0,23.0,11.392539926616664,14.0,14.0
2023-11-04,22,1,ensemble,2023-11-11,65.0,46.82,10.349656814091063,18.18,19.0
2023-11-04,22,1,baseline,2023-11-11,65.0,45.0,11.702116449751456,20.0,19.0
2023-11-04,22,2,ensemble,2023-11-18,96.0,51.31716742659522,25.291648867353917,44.68283257340478,50.0
2023-11-04,22,2,baseline,2023-11-18,96.0,45.0,32.813117895374596,51.0,50.0
2023-11-04,22,3,ensemble,2023-11-25,119.0,58.05293375633703,37.02231898511512,60.94706624366297,73.0
2023-11-04,22,3,baseline,2023-11-25,119.0,45.0,48.115786491973616,74.0,73.0
2023-11-04,23,1,ensemble,2023-11-11,4.0,8.25,2.1121317950746894,4.25,0.0
2023-11-04,23,1,baseline,2023-11-11,4.0,8.0,2.5989223654845253,4.0,0.0
2023-11-04,23,2,ensemble,2023-11-18,2.0,8.094222003833583,3.336605705750365,6.094222003833583,2.0
2023-11-04,23,2,baseline,2023-11-18,2.0,8.0,3.8573930144953623,6.0,2.0
2023-11-04,23,3,ensemble,2023-11-25,9.0,8.5,1.9679824593507653,0.5,5.0
2023-11-04,23,3,baseline,2023-11-25,9.0,8.0,3.0629437958727426,1.0,5.0
2023-11-04,24,1,ensemble,2023-11-11,19.0,11.421834251294715,3.765158043548259,7.578165748705285,9.0
2023-11-04,24,1,baseline,2023-11-11,19.0,10.0,5.146171937262854,9.0,9.0
2023-11-04,24,2,ensemble,2023-11-18,27.0,12.33987391538262,7.0070245202742765,14.66012608461738,17.0
2023-11-04,24,2,baseline,2023-11-18,27.0,10.0,9.149522774597317,17.0,17.0
2023-11-04,24,3,ensemble,2023-11-25,22.0,13.9,4.777888814700752,8.1,12.0
2023-11-04,24,3,baseline,2023-11-25,22.0,10.0,7.284301548928533,12.0,12.0
2023-11-04,25,1,ensemble,2023-11-11,31.0,27.0,4.346303486015006,4.0,3.0
2023-11-04,25,1,baseline,2023-11-11,31.0,28.0,5.363316295641216,3.0,3.0
2023-11-04,25,2,ensemble,2023-11-18,31.0,29.25,5.005541341100625,1.75,3.0
2023-11-04,25,2,baseline,2023-11-18,31.0,28.0,7.69130703859213,3.0,3.0
2023-11-04,25,3,ensemble,2023-11-25,51.0,30.0,10.734942627577174,21.0,23.0
2023-11-04,25,3,baseline,2023-11-25,51.0,28.0,14.77546456899353,23.0,23.0
2023-11-04,26,1,ensemble,2023-11-11,30.0,23.8,4.547571284961494,6.199999999999999,18.0
2023-11-04,26,1,baseline,2023-11-11,30.0,13.0,10.310722201526369,17.0,18.0
2023-11-04,26,2,ensemble,2023-11-18,52.0,25.470304996936903,14.162149063715693,26.529695003063097,40.0
2023-11-04,26,2,baseline,2023-11-18,52.0,13.0,21.817285955946517,39.0,40.0
2023-11-04,26,3,ensemble,2023-11-25,88.0,26.42942798092343,37.451571896537494,61.57057201907657,76.0
2023-11-04,26,3,baseline,2023-11-25,88.0,13.0,40.84578714278447,75.0,76.0
2023-11-04,27,1,ensemble,2023-11-11,18.0,6.251,6.121802214004371,11.748999999999999,14.0
2023-11-04,27,1,baseline,2023-11-11,18.0,4.0,7.873808261300003,14.0,14.0
2023-11-04,27,2,ensemble,2023-11-18,15.0,6.64,4.095354105300421,8.36,11.0
2023-11-04,27,2,baseline,2023-11-18,15.0,4.0,6.2427283034569525,11.0,11.0
2023-11-04,27,3,ensemble,2023-11-25,24.0,8.161427451170924,8.181911269030488,15.838572548829076,20.0
2023-11-04,27,3,baseline,2023-11-25,24.0,4.0,10.54280866382577,20.0,20.0
2023-11-04,28,1,ensemble,2023-11-11,38.0,22.451113277734876,8.210485458063888,15.548886722265124,20.0
2023-11-04,28,1,baseline,2023-11-11,38.0,16.0,12.311368581598856,22.0,20.0
2023-11-04,28,2,ensemble,2023-11-18,46.0,22.18591744886406,13.768652607982814,23.81408255113594,28.0
2023-11-04,28,2,baseline,2023-11-18,46.0,16.0,16.556421016384082,30.0,28.0
2023-11-04,28,3,ensemble,2023-11-25,47.0,21.588,14.087748685368705,25.412,29.0
2023-11-04,28,3,baseline,2023-11-25,47.0,16.0,16.407562820106456,31.0,29.0
2023-11-04,29,1,ensemble,2023-11-11,40.0,22.64218253592721,8.778378475774554,17.35781746407279,23.0
2023-11-04,29,1,baseline,2023-11-11,40.0,17.0,13.490736977000186,23.0,23.0
2023-11-04,29,2,ensemble,2023-11-18,40.0,23.3344,8.491406708981895,16.6656,23.0
2023-11-04,29,2,baseline,2023-11-18,40.0,17.0,13.586549499581956,23.0,23.0
2023-11-04,29,3,ensemble,2023-11-25,58.0,23.85,18.927524653825323,34.15,41.0
2023-11-04,29,3,baseline,2023-11-25,58.0,17.0,22.99865020615425,41.0,41.0
2023-11-04,30,1,ensemble,2023-11-11,5.0,1.62,1.8602921333647355,3.38,5.0
2023-11-04,30,1,baseline,2023-11-11,5.0,0.0,2.512831142267943,5.0,5.0
2023-11-04,30,2,ensemble,2023-11-18,3.0,1.4550696240305463,0.7962088148316385,1.5449303759694537,3.0
2023-11-04,30,2,baseline,2023-11-18,3.0,0.0,1.5887343304520003,3.0,3.0
2023-11-04,30,3,ensemble,2023-11-25,6.0,2.0000000000000004,2.1137402394202995,3.9999999999999996,6.0
2023-11-04,30,3,baseline,2023-11-25,6.0,0.0,2.6900519803458915,6.0,6.0
2023-11-04,31,1,ensemble,2023-11-11,5.0,9.27184044714382,2.461468068681826,4.27184044714382,2.0
2023-11-04,31,1,baseline,2023-11-11,5.0,7.0,2.1383033445117063,2.0,2.0
2023-11-04,31,2,ensemble,2023-11-18,4.0,10.0,3.4336753945765444,6.0,3.0
2023-11-04,31,2,baseline,2023-11-18,4.0,7.0,2.9438381460988556,3.0,3.0
2023-11-04,31,3,ensemble,2023-11-25,8.0,10.898,2.328368835922617,2.8979999999999997,1.0
2023-11-04,31,3,baseline,2023-11-25,8.0,7.0,3.1419007666381016,1.0,1.0
2023-11-04,32,1,ensemble,2023-11-11,22.0,9.36855115495681,7.306248862924249,12.63144884504319,14.0
2023-11-04,32,1,baseline,2023-11-11,22.0,8.0,7.39052592899842,14.0,14.0
2023-11-04,32,2,ensemble,2023-11-18,30.0,11.7004,11.477208324210212,18.299599999999998,22.0
2023-11-04,32,2,baseline,2023-11-18,30.0,8.0,11.144045694043905,22.0,22.0
2023-11-04,32,3,ensemble,2023-11-25,39.0,11.47,16.788539140971576,27.53,31.0
2023-11-04,32,3,baseline,2023-11-25,39.0,8.0,15.115450478374346,31.0,31.0
2023-11-04,33,1,ensemble,2023-11-11,2.0,2.0,0.5527164333322492,0.0,0.0
2023-11-04,33,1,baseline,2023-11-11,2.0,2.0,1.0535109004133518,0.0,0.0
2023-11-04,33,2,ensemble,2023-11-18,2.0,1.97900244139512,0.6487737192647759,0.020997558604880062,0.0
2023-11-04,33,2,baseline,2023-11-18,2.0,2.0,1.3957008415736352,0.0,0.0
2023-11-04,33,3,ensemble,2023-11-25,1.0,2.029708059711356,0.9725260898919634,1.0297080597113561,1.0
2023-11-04,33,3,baseline,2023-11-25,1.0,2.0,1.728075608647393,1.0,1.0
2023-11-04,34,1,ensemble,2023-11-11,46.0,51.46254638853405,6.620679024186289,5.462546388534051,2.0
2023-11-04,34,1,baseline,2023-11-11,46.0,46.0,6.428153214075621,0.0,2.0
2023-11-04,34,2,ensemble,2023-11-18,33.0,55.34484790094565,14.359552775938733,22.344847900945652,11.0
2023-11-04,34,2,baseline,2023-11-18,33.0,46.0,10.958433014091007,13.0,11.0
2023-11-04,34,3,ensemble,2023-11-25,75.0,58.13000847955742,11.537332547246692,16.869991520442582,31.0
2023-11-04,34,3,baseline,2023-11-25,75.0,46.0,17.9555919097017,29.0,31.0
2023-11-04,35,1,ensemble,2023-11-11,9.0,4.5498727653886535,2.2164973807777257,4.4501272346113465,7.0
2023-11-04,35,1,baseline,2023-11-11,9.0,2.0,3.750047224711377,7.0,7.0
2023-11-04,35,2,ensemble,2023-11-18,12.0,4.999999999999997,3.583338826136982,7.000000000000003,10.0
2023-11-04,35,2,baseline,2023-11-18,12.0,2.0,5.1264769816176425,10.0,10.0
2023-11-04,35,3,ensemble,2023-11-25,21.0,5.806856523608799,8.514864142707326,15.193143476391201,19.0
2023-11-04,35,3,baseline,2023-11-25,21.0,2.0,8.852534803413254,19.0,19.0
2023-11-04,36,1,ensemble,2023-11-11,88.0,53.0,16.960565440874863,35.0,40.0
2023-11-04,36,1,baseline,2023-11-11,88.0,46.0,24.556844675142404,42.0,40.0
2023-11-04,36,2,ensemble,2023-11-18,123.0,53.17589427289928,34.58514838826752,69.82410572710072,75.0
2023-11-04,36,2,baseline,2023-11-18,123.0,46.0,42.62784952129959,77.0,75.0
2023-11-04,36,3,ensemble,2023-11-25,178.0,58.15653265044457,71.36712716288753,119.84346734955543,130.0
2023-11-04,36,3,baseline,2023-11-25,178.0,46.0,70.72136186433602,132.0,130.0
2023-11-04,37,1,ensemble,2023-11-11,49.0,25.097390976794387,13.173667572998493,23.902609023205613,29.0
2023-11-04,37,1,baseline,2023-11-11,49.0,20.0,16.009285834640956,29.0,29.0
2023-11-04,37,2,ensemble,2023-11-18,88.0,26.03744411468506,39.952239246815886,61.96255588531494,68.0
2023-11-04,37,2,baseline,2023-11-18,88.0,20.0,39.46348635475486,68.0,68.0
2023-11-04,37,3,ensemble,2023-11-25,153.0,25.824911381281023,95.84352738437404,127.17508861871897,133.0
2023-11-04,37,3,baseline,2023-11-25,153.0,20.0,83.96039989597723,133.0,133.0
2023-11-04,38,1,ensemble,2023-11-11,2.0,1.9363447059528016,0.48160202515247463,0.06365529404719839,1.0
2023-11-04,38,1,baseline,2023-11-11,2.0,1.0,0.7932785980468497,1.0,1.0
2023-11-04,38,2,ensemble,2023-11-18,7.0,2.178830953311289,2.5901426794454934,4.821169046688711,6.0
2023-11-04,38,2,baseline,2023-11-18,7.0,1.0,3.109776202066369,6.0,6.0
2023-11-04,38,3,ensemble,2023-11-25,4.0,2.0,1.0801512540202949,2.0,3.0
2023-11-04,38,3,baseline,2023-11-25,4.0,1.0,1.7004061417788081,3.0,3.0
2023-11-04,39,1,ensemble,2023-11-11,26.0,25.956589371006487,3.932563274269475,0.043410628993513,9.0
2023-11-04,39,1,baseline,2023-11-11,26.0,17.0,6.725480789829625,9.0,9.0
2023-11-04,39,2,ensemble,2023-11-18,56.0,25.20334723095188,16.600377763046296,30.79665276904812,39.0
2023-11-04,39,2,baseline,2023-11-18,56.0,17.0,22.250715904072077,39.0,39.0
2023-11-04,39,3,ensemble,2023-11-25,75.0,29.150861435217465,26.770948361784907,45.849138564782535,58.0
2023-11-04,39,3,baseline,2023-11-25,75.0,17.0,31.64679955123462,58.0,58.0
2023-11-04,40,1,ensemble,2023-11-11,34.0,22.0,6.200624020328556,12.0,24.0
2023-11-04,40,1,baseline,2023-11-11,34.0,10.0,13.242567721568516,24.0,24.0
2023-11-04,40,2,ensemble,2023-11-18,37.0,28.8573664593192,6.117022327229683,8.142633540680801,27.0
2023-11-04,40,2,baseline,2023-11-18,37.0,10.0,14.54451400883574,27.0,27.0
2023-11-04,40,3,ensemble,2023-11-25,34.0,29.1887097839587,5.223407624930971,4.8112902160413,24.0
2023-11-04,40,3,baseline,2023-11-25,34.0,10.0,13.35244000976966,24.0,24.0
2023-11-04,41,1,ensemble,2023-11-11,11.0,13.947,2.5230903805554177,2.946999999999999,3.0
2023-11-04,41,1,baseline,2023-11-11,11.0,15.0,3.751415273935348,4.0,3.0
2023-11-04,41,2,ensemble,2023-11-18,17.0,14.79,2.842768418541855,2.210000000000001,3.0
2023-11-04,41,2,baseline,2023-11-18,17.0,15.0,4.703342120877729,2.0,3.0
2023-11-04,41,3,ensemble,2023-11-25,11.0,15.83,3.50067623474587,4.83,3.0
2023-11-04,41,3,baseline,2023-11-25,11.0,15.0,6.430528418240705,4.0,3.0
2023-11-04,42,1,ensemble,2023-11-11,82.0,56.73308403169,13.022830298000382,25.266915968310002,32.0
2023-11-04,42,1,baseline,2023-11-11,82.0,50.0,18.649043813872925,32.0,32.0
2023-11-04,42,2,ensemble,2023-11-18,89.0,58.179239540610496,15.891718301273157,30.820760459389504,39.0
2023-11-04,42,2,baseline,2023-11-18,89.0,50.0,22.82315089616113,39.0,39.0
2023-11-04,42,3,ensemble,2023-11-25,125.0,59.0,34.75859870034594,66.0,75.0
2023-11-04,42,3,baseline,2023-11-25,125.0,50.0,40.882708841088494,75.0,75.0
2023-11-04,44,1,ensemble,2023-11-11,2.0,1.015,0.49656388767340615,0.9850000000000001,1.0
2023-11-04,44,1,baseline,2023-11-11,2.0,1.0,0.6936777691255176,1.0,1.0
2023-11-04,44,2,ensemble,2023-11-18,0.0,1.06991538099046,0.7315405213597156,1.06991538099046,1.0
2023-11-04,44,2,baseline,2023-11-18,0.0,1.0,0.9417471866892584,1.0,1.0
2023-11-04,44,3,ensemble,2023-11-25,3.0,1.3856827162436025,0.8462550941973627,1.6143172837563975,2.0
2023-11-04,44,3,baseline,2023-11-25,3.0,1.0,1.1579687102088412,2.0,2.0
2023-11-04,45,1,ensemble,2023-11-11,52.0,27.45929047116541,13.286577024005592,24.54070952883459,31.0
2023-11-04,45,1,baseline,2023-11-11,52.0,21.0,19.41952026957225,31.0,31.0
2023-11-04,45,2,ensemble,2023-11-18,64.0,30.338866391643705,21.110182914993164,33.661133608356295,43.0
2023-11-04,45,2,baseline,2023-11-18,64.0,21.0,26.581066857233772,43.0,43.0
2023-11-04,45,3,ensemble,2023-11-25,81.0,29.4,32.5526320223514,51.6,60.0
2023-11-04,45,3,baseline,2023-11-25,81.0,21.0,37.54407900533352,60.0,60.0
2023-11-04,46,1,ensemble,2023-11-11,2.0,3.0,0.8068135151030049,1.0,1.0
2023-11-04,46,1,baseline,2023-11-11,2.0,3.0,1.3130906642979476,1.0,1.0
2023-11-04,46,2,ensemble,2023-11-18,1.0,3.3188574436304394,1.463843304727015,2.3188574436304394,2.0
2023-11-04,46,2,baseline,2023-11-18,1.0,3.0,1.767587146436683,2.0,2.0
2023-11-04,46,3,ensemble,2023-11-25,2.0,3.0,1.2094029113263358,1.0,1.0
2023-11-04,46,3,baseline,2023-11-25,2.0,3.0,1.8305393479369578,1.0,1.0
2023-11-04,47,1,ensemble,2023-11-11,47.0,47.57380722379645,4.2701047011367175,0.5738072237964502,3.0
2023-11-04,47,1,baseline,2023-11-11,47.0,45.0,5.73721931458445,2.0,3.0
2023-11-04,47,2,ensemble,2023-11-18,57.0,49.5581091575109,6.24977889636395,7.4418908424891015,13.0
2023-11-04,47,2,baseline,2023-11-18,57.0,45.0,9.613173739237395,12.0,13.0
2023-11-04,47,3,ensemble,2023-11-25,73.0,50.47001309136282,12.10845397612219,22.529986908637177,29.0
2023-11-04,47,3,baseline,2023-11-25,73.0,45.0,16.462867721177204,28.0,29.0
2023-11-04,48,1,ensemble,2023-11-11,373.0,320.0,36.002587984135474,53.0,127.0
2023-11-04,48,1,baseline,2023-11-11,373.0,265.0,63.53531698916989,108.0,127.0
2023-11-04,48,2,ensemble,2023-11-18,373.0,338.5,41.87011110954671,34.5,127.0
2023-11-04,48,2,baseline,2023-11-18,373.0,265.0,62.88627806717197,108.0,127.0
2023-11-04,48,3,ensemble,2023-11-25,467.0,370.25,66.97013433272465,96.75,221.0
2023-11-04,48,3,baseline,2023-11-25,467.0,265.0,111.23444147039294,202.0,221.0
2023-11-04,49,1,ensemble,2023-11-11,5.0,7.0,1.5093989670091246,2.0,0.0
2023-11-04,49,1,baseline,2023-11-11,5.0,5.0,1.2808729090116997,0.0,0.0
2023-11-04,49,2,ensemble,2023-11-18,7.0,7.627302761838274,1.403242066913301,0.6273027618382736,2.0
2023-11-04,49,2,baseline,2023-11-18,7.0,5.0,1.8724856594000723,2.0,2.0
2023-11-04,49,3,ensemble,2023-11-25,10.0,8.95333931119476,1.8430311748931218,1.0466606888052397,5.0
2023-11-04,49,3,baseline,2023-11-25,10.0,5.0,2.7953184518149525,5.0,5.0
2023-11-04,50,1,ensemble,2023-11-11,2.0,1.059548286119097,0.5333085322482402,0.940451713880903,2.0
2023-11-04,50,1,baseline,2023-11-11,2.0,0.0,0.82920365338436,2.0,2.0
2023-11-04,50,2,ensemble,2023-11-18,5.0,1.6311915677026434,1.6542847429289003,3.3688084322973566,5.0
2023-11-04,50,2,baseline,2023-11-18,5.0,0.0,2.6499991211868656,5.0,5.0
2023-11-04,50,3,ensemble,2023-11-25,3.0,1.72,0.880833241583559,1.28,3.0
2023-11-04,50,3,baseline,2023-11-25,3.0,0.0,1.4479667397760938,3.0,3.0
2023-11-04,51,1,ensemble,2023-11-11,92.0,67.7239091983736,12.908520930677772,24.276090801626395,31.0
2023-11-04,51,1,baseline,2023-11-11,92.0,61.0,18.27624297249494,31.0,31.0
2023-11-04,51,2,ensemble,2023-11-18,100.0,68.54724636060641,15.728989478357693,31.452753639393592,39.0
2023-11-04,51,2,baseline,2023-11-18,100.0,61.0,22.235781291030307,39.0,39.0
2023-11-04,51,3,ensemble,2023-11-25,115.0,72.239,22.64921966453255,42.760999999999996,54.0
2023-11-04,51,3,baseline,2023-11-25,115.0,61.0,30.282762781497375,54.0,54.0
2023-11-04,53,1,ensemble,2023-11-11,17.0,21.35403413255856,4.018249347623139,4.35403413255856,9.0
2023-11-04,53,1,baseline,2023-11-11,17.0,9.0,5.530465003019599,8.0,9.0
2023-11-04,53,2,ensemble,2023-11-18,33.0,21.3075,5.849677311675299,11.692499999999999,25.0
2023-11-04,53,2,baseline,2023-11-18,33.0,9.0,13.236835090242208,24.0,25.0
2023-11-04,53,3,ensemble,2023-11-25,36.0,25.721,5.949873351193038,10.279,28.0
2023-11-04,53,3,baseline,2023-11-25,36.0,9.0,14.79732397369626,27.0,28.0
2023-11-04,54,1,ensemble,2023-11-11,14.0,6.27190138788933,4.3565695783072,7.72809861211067,10.0
2023-11-04,54,1,baseline,2023-11-11,14.0,4.0,5.496679952690827,10.0,10.0
2023-11-04,54,2,ensemble,2023-11-18,8.0,6.85,1.578928425949771,1.1500000000000004,4.0
2023-11-04,54,2,baseline,2023-11-18,8.0,4.0,3.360380270041833,4.0,4.0
2023-11-04,54,3,ensemble,2023-11-25,13.0,8.0,2.880391024520991,5.0,9.0
2023-11-04,54,3,baseline,2023-11-25,13.0,4.0,5.173404758438886,9.0,9.0
2023-11-04,55,1,ensemble,2023-11-11,20.0,7.41206910896417,7.050787041896453,12.58793089103583,13.0
2023-11-04,55,1,baseline,2023-11-11,20.0,4.0,8.827952099042728,16.0,13.0
2023-11-04,55,2,ensemble,2023-11-18,15.0,8.124790956777456,3.342371962113092,6.875209043222544,8.0
2023-11-04,55,2,baseline,2023-11-18,15.0,4.0,6.141412109164567,11.0,8.0
2023-11-04,55,3,ensemble,2023-11-25,34.0,8.442241890511292,14.335626061177273,25.55775810948871,27.0
2023-11-04,55,3,baseline,2023-11-25,34.0,4.0,15.606817460696346,30.0,27.0
2023-11-04,56,1,ensemble,2023-11-11,5.0,2.97,1.1048141628631076,2.03,5.0
2023-11-04,56,1,baseline,2023-11-11,5.0,0.0,2.7983839326219346,5.0,5.0
2023-11-04,56,2,ensemble,2023-11-18,9.0,3.346681684760491,2.7002796062348873,5.653318315239509,9.0
2023-11-04,56,2,baseline,2023-11-18,9.0,0.0,5.1351571477019125,9.0,9.0
2023-11-04,56,3,ensemble,2023-11-25,23.0,3.2830893136412342,13.676946020140225,19.716910686358766,23.0
2023-11-04,56,3,baseline,2023-11-25,23.0,0.0,14.826434132058706,23.0,23.0
2023-11-11,01,1,ensemble,2023-11-18,77.0,41.145,20.855317478982432,35.855,40.0
2023-11-11,01,1,baseline,2023-11-18,77.0,38.0,24.654598265939185,39.0,40.0
2023-11-11,01,2,ensemble,2023-11-25,73.0,43.82153108422338,15.328156899691779,29.17846891577662,36.0
2023-11-11,01,2,baseline,2023-11-25,73.0,38.0,20.284864577863186,35.0,36.0
2023-11-11,01,3,ensemble,2023-12-02,85.0,44.68332487287047,20.67498513558939,40.31667512712953,48.0
2023-11-11,01,3,baseline,2023-12-02,85.0,38.0,26.7025102529721,47.0,48.0
2023-11-11,02,1,ensemble,2023-11-18,17.0,37.91086638,11.28400834983658,20.91086638,16.0
2023-11-11,02,1,baseline,2023-11-18,17.0,32.0,9.791362256731263,15.0,16.0
2023-11-11,02,2,ensemble,2023-11-25,14.0,40.0,14.115305239655008,26.0,19.0
2023-11-11,02,2,baseline,2023-11-25,14.0,32.0,11.314178545502847,18.0,19.0
2023-11-11,02,3,ensemble,2023-12-02,15.0,41.5,13.723244031377241,26.5,18.0
2023-11-11,02,3,baseline,2023-12-02,15.0,32.0,10.040285123742544,17.0,18.0
2023-11-11,04,1,ensemble,2023-11-18,191.0,62.37,92.61407056732459,128.63,140.0
2023-11-11,04,1,baseline,2023-11-18,191.0,51.0,96.14444525334385,140.0,140.0
2023-11-11,04,2,ensemble,2023-11-25,212.0,65.0,97.4989171352586,147.0,161.0
2023-11-11,04,2,baseline,2023-11-25,212.0,51.0,105.4883583476486,161.0,161.0
2023-11-11,04,3,ensemble,2023-12-02,279.0,75.095,139.41026444972246,203.905,228.0
2023-11-11,04,3,baseline,2023-12-02,279.0,51.0,147.37593359403158,228.0,228.0
2023-11-11,05,1,ensemble,2023-11-18,17.0,18.49910116,2.5203720502313334,1.4991011599999986,1.0
2023-11-11,05,1,baseline,2023-11-18,17.0,15.0,3.7205042818254275,2.0,1.0
2023-11-11,05,2,ensemble,2023-11-25,27.0,19.3068,4.244749773825496,7.693200000000001,9.0
2023-11-11,05,2,baseline,2023-11-25,27.0,15.0,7.257761821335605,12.0,9.0
2023-11-11,05,3,ensemble,2023-12-02,24.0,20.035,3.5788825715073314,3.965,6.0
2023-11-11,05,3,baseline,2023-12-02,24.0,15.0,7.146656519326061,9.0,6.0
2023-11-11,06,1,ensemble,2023-11-18,360.0,115.86955677620416,186.95117717843533,244.13044322379585,263.0
2023-11-11,06,1,baseline,2023-11-18,360.0,98.0,174.45904503571117,262.0,263.0
2023-11-11,06,2,ensemble,2023-11-25,437.0,122.0,224.77631825226518,315.0,340.0
2023-11-11,06,2,baseline,2023-11-25,437.0,98.0,211.77621951452116,339.0,340.0
2023-11-11,06,3,ensemble,2023-12-02,631.0,143.74059679683148,388.9647887745783,487.2594032031685,534.0
2023-11-11,06,3,baseline,2023-12-02,631.0,98.0,327.1782560378215,533.0,534.0
2023-11-11,08,1,ensemble,2023-11-18,102.0,36.556,45.774173955785784,65.444,71.0
2023-11-11,08,1,baseline,2023-11-18,102.0,31.0,46.496111980380654,71.0,71.0
2023-11-11,08,2,ensemble,2023-11-25,137.0,44.0,64.3950140486667,93.0,106.0
2023-11-11,08,2,baseline,2023-11-25,137.0,31.0,71.28110254082979,106.0,106.0
2023-11-11,08,3,ensemble,2023-12-02,126.0,50.5,41.17731381993763,75.5,95.0
2023-11-11,08,3,baseline,2023-12-02,126.0,31.0,58.67541201703322,95.0,95.0
2023-11-11,09,1,ensemble,2023-11-18,22.0,12.421563440759126,4.7069732670682205,9.578436559240874,10.0
2023-11-11,09,1,baseline,2023-11-18,22.0,12.0,5.720670518357356,10.0,10.0
2023-11-11,09,2,ensemble,2023-11-25,33.0,14.242457623344396,9.719979812343132,18.757542376655604,21.0
2023-11-11,09,2,baseline,2023-11-25,33.0,12.0,11.36921975904542,21.0,21.0
2023-11-11,09,3,ensemble,2023-12-02,57.0,17.9,25.927502262494908,39.1,45.0
2023-11-11,09,3,baseline,2023-12-02,57.0,12.0,25.408696833381377,45.0,45.0
2023-11-11,10,1,ensemble,2023-11-18,2.0,1.5683,0.5294941493365055,0.4317,1.0
2023-11-11,10,1,baseline,2023-11-18,2.0,1.0,0.8720043720871987,1.0,1.0
2023-11-11,10,2,ensemble,2023-11-25,1.0,2.0328,0.8676371316286208,1.0328,0.0
2023-11-11,10,2,baseline,2023-11-25,1.0,1.0,1.1288568158290264,0.0,0.0
2023-11-11,10,3,ensemble,2023-12-02,2.0,3.0000014349744357,0.9461230028519418,1.0000014349744357,1.0
2023-11-11,10,3,baseline,2023-12-02,2.0,1.0,1.398947962892673,1.0,1.0
2023-11-11,11,1,ensemble,2023-11-18,5.0,1.78983,1.9470554320950382,3.2101699999999997,5.0
2023-11-11,11,1,baseline,2023-11-18,5.0,0.0,2.8922410756716266,5.0,5.0
2023-11-11,11,2,ensemble,2023-11-25,8.0,1.8848290550647189,3.910923534279771,6.115170944935281,8.0
2023-11-11,11,2,baseline,2023-11-25,8.0,0.0,4.283644652272611,8.0,8.0
2023-11-11,11,3,ensemble,2023-12-02,11.0,2.0974947202628784,5.891816462211908,8.902505279737122,11.0
2023-11-11,11,3,baseline,2023-12-02,11.0,0.0,5.765669427476882,11.0,11.0
2023-11-11,12,1,ensemble,2023-11-18,652.0,476.03,93.83698796313364,175.97000000000003,208.0
2023-11-11,12,1,baseline,2023-11-18,652.0,450.0,130.30993366133663,202.0,208.0
2023-11-11,12,2,ensemble,2023-11-25,701.0,492.0,111.01420354822783,209.0,257.0
2023-11-11,12,2,baseline,2023-11-25,701.0,450.0,161.1209708738609,251.0,257.0
2023-11-11,12,3,ensemble,2023-12-02,748.0,533.7527774643853,107.88594670675695,214.2472225356147,304.0
2023-11-11,12,3,baseline,2023-12-02,748.0,450.0,191.1264871119142,298.0,304.0
2023-11-11,13,1,ensemble,2023-11-18,133.0,44.038799133197045,71.86317086371082,88.96120086680295,73.0
2023-11-11,13,1,baseline,2023-11-18,133.0,43.0,69.79005505672446,90.0,73.0
2023-11-11,13,2,ensemble,2023-11-25,156.0,43.90136136759405,87.93214545531255,112.09863863240595,96.0
2023-11-11,13,2,baseline,2023-11-25,156.0,43.0,88.40601320804514,113.0,96.0
2023-11-11,13,3,ensemble,2023-12-02,225.0,45.3925758857294,148.9425978829063,179.6074241142706,165.0
2023-11-11,13,3,baseline,2023-12-02,225.0,43.0,153.65003051873992,182.0,165.0
2023-11-11,15,1,ensemble,2023-11-18,29.0,15.0,8.547545633249033,14.0,15.0
2023-11-11,15,1,baseline,2023-11-18,29.0,14.0,10.919565287022444,15.0,15.0
2023-11-11,15,2,ensemble,2023-11-25,26.0,15.25,5.842039400315918,10.75,12.0
2023-11-11,15,2,baseline,2023-11-25,26.0,14.0,7.646059026416346,12.0,12.0
2023-11-11,15,3,ensemble,2023-12-02,23.0,15.5,4.233297082669032,7.5,9.0
2023-11-11,15,3,baseline,2023-12-02,23.0,14.0,5.1565889184544025,9.0,9.0
2023-11-11,16,1,ensemble,2023-11-18,11.0,5.84,2.7045244932649664,5.16,6.0
2023-11-11,16,1,baseline,2023-11-18,11.0,5.0,3.576392704774874,6.0,6.0
2023-11-11,16,2,ensemble,2023-11-25,8.0,6.68815473453684,1.500556750274955,1.3118452654631598,3.0
2023-11-11,16,2,baseline,2023-11-25,8.0,5.0,2.813928178455702,3.0,3.0
2023-11-11,16,3,ensemble,2023-12-02,19.0,8.829457029765527,5.096275821112096,10.170542970234473,14.0
2023-11-11,16,3,baseline,2023-12-02,19.0,5.0,7.6524169253431715,14.0,14.0
2023-11-11,17,1,ensemble,2023-11-18,72.0,36.5,22.996058735348978,35.5,38.0
2023-11-11,17,1,baseline,2023-11-18,72.0,31.0,24.602412654126535,41.0,38.0
2023-11-11,17,2,ensemble,2023-11-25,102.0,39.0,40.78623655354961,63.0,68.0
2023-11-11,17,2,baseline,2023-11-25,102.0,31.0,40.56632736420841,71.0,68.0
2023-11-11,17,3,ensemble,2023-12-02,165.0,41.775,86.16275412132195,123.225,131.0
2023-11-11,17,3,baseline,2023-12-02,165.0,31.0,76.34590059644076,134.0,131.0
2023-11-11,18,1,ensemble,2023-11-18,87.0,47.11,21.971279900220722,39.89,48.0
2023-11-11,18,1,baseline,2023-11-18,87.0,42.0,27.76527853767667,45.0,48.0
2023-11-11,18,2,ensemble,2023-11-25,84.0,54.86787739818704,14.946156584032178,29.13212260181296,45.0
2023-11-11,18,2,baseline,2023-11-25,84.0,42.0,24.14532267846591,42.0,45.0
2023-11-11,18,3,ensemble,2023-12-02,138.0,64.0,36.624651844597295,74.0,99.0
2023-11-11,18,3,baseline,2023-12-02,138.0,42.0,57.5142494361683,96.0,99.0
2023-11-11,19,1,ensemble,2023-11-18,14.0,9.97,2.308815924668091,4.029999999999999,4.0
2023-11-11,19,1,baseline,2023-11-18,14.0,10.0,2.7922678130259557,4.0,4.0
2023-11-11,19,2,ensemble,2023-11-25,27.0,13.0,7.720659368935553,14.0,17.0
2023-11-11,19,2,baseline,2023-11-25,27.0,10.0,10.162612411298026,17.0,17.0
2023-11-11,19,3,ensemble,2023-12-02,44.0,14.192095305219352,18.023621543897423,29.807904694780646,34.0
2023-11-11,19,3,baseline,2023-12-02,44.0,10.0,20.42193842840603,34.0,34.0
2023-11-11,20,1,ensemble,2023-11-18,18.0,8.0,5.606318051830395,10.0,12.0
2023-11-11,20,1,baseline,2023-11-18,18.0,6.0,6.613192354640932,12.0,12.0
2023-11-11,20,2,ensemble,2023-11-25,30.0,7.763095379,13.628271632668561,22.236904621,24.0
2023-11-11,20,2,baseline,2023-11-25,30.0,6.0,13.559276031021183,24.0,24.0
2023-11-11,20,3,ensemble,2023-12-02,37.0,10.088775,18.282116832018676,26.911225,31.0
2023-11-11,20,3,baseline,2023-12-02,37.0,6.0,17.48986023029795,31.0,31.0
2023-11-11,21,1,ensemble,2023-11-18,18.0,25.0,4.138831632229705,7.0,3.0
2023-11-11,21,1,baseline,2023-11-18,18.0,21.0,5.203625692756929,3.0,3.0
2023-11-11,21,2,ensemble,2023-11-25,37.0,27.0,5.567771823342693,10.0,16.0
2023-11-11,21,2,baseline,2023-11-25,37.0,21.0,10.537083782098685,16.0,16.0
2023-11-11,21,3,ensemble,2023-12-02,58.0,28.824819147710603,16.95463783651792,29.175180852289397,37.0
2023-11-11,21,3,baseline,2023-12-02,58.0,21.0,20.509862051250945,37.0,37.0
2023-11-11,22,1,ensemble,2023-11-18,96.0,47.97,28.98363802952654,48.03,56.0
2023-11-11,22,1,baseline,2023-11-18,96.0,40.0,39.1163590219598,56.0,56.0
2023-11-11,22,2,ensemble,2023-11-25,119.0,51.5,41.61216397471442,67.5,79.0
2023-11-11,22,2,baseline,2023-11-25,119.0,40.0,54.534003473186914,79.0,79.0
2023-11-11,22,3,ensemble,2023-12-02,122.0,56.175,38.11521396222955,65.825,82.0
2023-11-11,22,3,baseline,2023-12-02,122.0,40.0,54.46256619598805,82.0,82.0
2023-11-11,23,1,ensemble,2023-11-18,2.0,3.312385,1.0135823720027894,1.312385,1.0
2023-11-11,23,1,baseline,2023-11-18,2.0,1.0,1.227292917255259,1.0,1.0
2023-11-11,23,2,ensemble,2023-11-25,9.0,3.99999907323175,2.498819334948661,5.00000092676825,8.0
2023-11-11,23,2,baseline,2023-11-25,9.0,1.0,4.138056786937435,8.0,8.0
2023-11-11,23,3,ensemble,2023-12-02,9.0,4.260184581910327,2.2973301828666526,4.739815418089673,8.0
2023-11-11,23,3,baseline,2023-12-02,9.0,1.0,4.079058911328245,8.0,8.0
2023-11-11,24,1,ensemble,2023-11-18,27.0,17.417659196223546,4.989152883463348,9.582340803776454,12.0
2023-11-11,24,1,baseline,2023-11-18,27.0,15.0,6.747503370142398,12.0,12.0
2023-11-11,24,2,ensemble,2023-11-25,22.0,19.65112304010192,4.614035064885352,2.3488769598980817,7.0
2023-11-11,24,2,baseline,2023-11-25,22.0,15.0,5.3761002713287995,7.0,7.0
2023-11-11,24,3,ensemble,2023-12-02,60.0,20.0,19.253849416199404,40.0,45.0
2023-11-11,24,3,baseline,2023-12-02,60.0,15.0,24.327936752606696,45.0,45.0
2023-11-11,25,1,ensemble,2023-11-18,31.0,39.0,5.529818336439271,8.0,1.0
2023-11-11,25,1,baseline,2023-11-18,31.0,33.0,5.33490570344834,2.0,1.0
2023-11-11,25,2,ensemble,2023-11-25,51.0,42.412,6.6639257222190045,8.588000000000001,21.0
2023-11-11,25,2,baseline,2023-11-25,51.0,33.0,11.880098557724706,18.0,21.0
2023-11-11,25,3,ensemble,2023-12-02,88.0,48.917,19.161642754161335,39.083,58.0
2023-11-11,25,3,baseline,2023-12-02,88.0,33.0,30.138966008747047,55.0,58.0
2023-11-11,26,1,ensemble,2023-11-18,52.0,36.2829272269929,8.198297900855549,15.717072773007096,18.0
2023-11-11,26,1,baseline,2023-11-18,52.0,34.0,11.645659327332408,18.0,18.0
2023-11-11,26,2,ensemble,2023-11-25,88.0,37.825,29.305534823300086,50.175,54.0
2023-11-11,26,2,baseline,2023-11-25,88.0,34.0,31.40845777468644,54.0,54.0
2023-11-11,26,3,ensemble,2023-12-02,106.0,43.0,37.33871075268743,63.0,72.0
2023-11-11,26,3,baseline,2023-12-02,106.0,34.0,40.73714863729073,72.0,72.0
2023-11-11,27,1,ensemble,2023-11-18,15.0,7.88830005322424,3.9125999601570145,7.11169994677576,6.0
2023-11-11,27,1,baseline,2023-11-18,15.0,5.0,5.604748975446275,10.0,6.0
2023-11-11,27,2,ensemble,2023-11-25,24.0,8.29457399362347,8.899558662601024,15.70542600637653,15.0
2023-11-11,27,2,baseline,2023-11-25,24.0,5.0,10.671019216909562,19.0,15.0
2023-11-11,27,3,ensemble,2023-12-02,34.0,9.515570164,14.469720487836526,24.484429836,25.0
2023-11-11,27,3,baseline,2023-12-02,34.0,5.0,15.641296500617164,29.0,25.0
2023-11-11,28,1,ensemble,2023-11-18,46.0,34.4995,6.102145407774208,11.500500000000002,16.0
2023-11-11,28,1,baseline,2023-11-18,46.0,40.0,4.525446734358647,6.0,16.0
2023-11-11,28,2,ensemble,2023-11-25,47.0,37.19888858475543,6.302224239430155,9.80111141524457,17.0
2023-11-11,28,2,baseline,2023-11-25,47.0,40.0,5.763266666514491,7.0,17.0
2023-11-11,28,3,ensemble,2023-12-02,77.0,37.1053,22.115817010571565,39.8947,47.0
2023-11-11,28,3,baseline,2023-12-02,77.0,40.0,20.907009286788526,37.0,47.0
2023-11-11,29,1,ensemble,2023-11-18,40.0,27.72,6.436732869206426,12.280000000000001,16.0
2023-11-11,29,1,baseline,2023-11-18,40.0,25.0,9.302683954513466,15.0,16.0
2023-11-11,29,2,ensemble,2023-11-25,58.0,29.288711469932583,16.2394846692636,28.711288530067417,34.0
2023-11-11,29,2,baseline,2023-11-25,58.0,25.0,19.311888926106658,33.0,34.0
2023-11-11,29,3,ensemble,2023-12-02,85.0,29.623858928457217,35.01277893742827,55.37614107154278,61.0
2023-11-11,29,3,baseline,2023-12-02,85.0,25.0,34.10978635323309,60.0,61.0
2023-11-11,30,1,ensemble,2023-11-18,3.0,1.9679861217049293,0.6872295149674499,1.0320138782950707,2.0
2023-11-11,30,1,baseline,2023-11-18,3.0,1.0,1.2562777274077093,2.0,2.0
2023-11-11,30,2,ensemble,2023-11-25,6.0,2.034226474,2.2177382811388933,3.965773526,5.0
2023-11-11,30,2,baseline,2023-11-25,6.0,1.0,2.58440182836611,5.0,5.0
2023-11-11,30,3,ensemble,2023-12-02,18.0,2.3495371616803284,10.852374171017535,15.650462838319672,17.0
2023-11-11,30,3,baseline,2023-12-02,18.0,1.0,8.486009807337204,17.0,17.0
2023-11-11,31,1,ensemble,2023-11-18,4.0,7.3414,2.0081769230260877,3.3414,1.0
2023-11-11,31,1,baseline,2023-11-18,4.0,5.0,1.9049915498937604,1.0,1.0
2023-11-11,31,2,ensemble,2023-11-25,8.0,8.106327023065365,1.4279160521180523,0.10632702306536501,3.0
2023-11-11,31,2,baseline,2023-11-25,8.0,5.0,2.707581296204267,3.0,3.0
2023-11-11,31,3,ensemble,2023-12-02,8.0,9.243826023761802,1.6384503960108554,1.2438260237618017,3.0
2023-11-11,31,3,baseline,2023-12-02,8.0,5.0,3.1245592699622637,3.0,3.0
2023-11-11,32,1,ensemble,2023-11-18,30.0,14.6,8.027446525719213,15.4,17.0
2023-11-11,32,1,baseline,2023-11-18,30.0,14.0,8.748741998963467,16.0,17.0
2023-11-11,32,2,ensemble,2023-11-25,39.0,17.0,10.917623900635759,22.0,26.0
2023-11-11,32,2,baseline,2023-11-25,39.0,14.0,13.169955920428775,25.0,26.0
2023-11-11,32,3,ensemble,2023-12-02,47.0,19.75,13.512386006722945,27.25,34.0
2023-11-11,32,3,baseline,2023-12-02,47.0,14.0,17.08933114452883,33.0,34.0
2023-11-11,33,1,ensemble,2023-11-18,2.0,3.0,0.8481480039475887,1.0,0.0
2023-11-11,33,1,baseline,2023-11-18,2.0,2.0,1.0404143399912253,0.0,0.0
2023-11-11,33,2,ensemble,2023-11-25,1.0,4.0,1.4059352784441728,3.0,1.0
2023-11-11,33,2,baseline,2023-11-25,1.0,2.0,1.4896966965321803,1.0,1.0
2023-11-11,33,3,ensemble,2023-12-02,7.0,2.716340701658844,1.8678244564383246,4.283659298341156,5.0
2023-11-11,33,3,baseline,2023-12-02,7.0,2.0,2.7148009279223153,5.0,5.0
2023-11-11,34,1,ensemble,2023-11-18,33.0,32.652,4.172682876581412,0.347999999999999,7.0
2023-11-11,34,1,baseline,2023-11-18,33.0,26.0,6.734847474866055,7.0,7.0
2023-11-11,34,2,ensemble,2023-11-25,75.0,36.0,20.342160417011417,39.0,49.0
2023-11-11,34,2,baseline,2023-11-25,75.0,26.0,27.287960405821448,49.0,49.0
2023-11-11,34,3,ensemble,2023-12-02,129.0,39.6349,54.66971871847131,89.3651,103.0
2023-11-11,34,3,baseline,2023-12-02,129.0,26.0,57.940443980591986,103.0,103.0
2023-11-11,35,1,ensemble,2023-11-18,12.0,9.664206185,2.086375888819418,2.3357938150000006,2.0
2023-11-11,35,1,baseline,2023-11-18,12.0,10.0,3.2635337495548886,2.0,2.0
2023-11-11,35,2,ensemble,2023-11-25,21.0,10.282942343,4.722014682244298,10.717057657,11.0
2023-11-11,35,2,baseline,2023-11-25,21.0,10.0,6.440433413942828,11.0,11.0
2023-11-11,35,3,ensemble,2023-12-02,43.0,12.0,19.581201605214837,31.0,33.0
2023-11-11,35,3,baseline,2023-12-02,43.0,10.0,17.123288583255395,33.0,33.0
2023-11-11,36,1,ensemble,2023-11-18,123.0,65.35393995962178,34.41039107403509,57.64606004037822,66.0
2023-11-11,36,1,baseline,2023-11-18,123.0,57.0,38.46645597573369,66.0,66.0
2023-11-11,36,2,ensemble,2023-11-25,178.0,70.053,65.48585379250162,107.947,121.0
2023-11-11,36,2,baseline,2023-11-25,178.0,57.0,68.74041409988013,121.0,121.0
2023-11-11,36,3,ensemble,2023-12-02,345.0,89.8435650091196,186.7999133318476,255.1564349908804,288.0
2023-11-11,36,3,baseline,2023-12-02,345.0,57.0,175.01313000356078,288.0,288.0
2023-11-11,37,1,ensemble,2023-11-18,88.0,41.54,29.48465262326709,46.46,48.0
2023-11-11,37,1,baseline,2023-11-18,88.0,40.0,28.86122565703917,48.0,48.0
2023-11-11,37,2,ensemble,2023-11-25,153.0,43.19237971668916,78.6092219094915,109.80762028331084,113.0
2023-11-11,37,2,baseline,2023-11-25,153.0,40.0,73.5040732057538,113.0,113.0
2023-11-11,37,3,ensemble,2023-12-02,213.0,48.0,106.75108211551257,165.0,173.0
2023-11-11,37,3,baseline,2023-12-02,213.0,40.0,118.06642668887571,173.0,173.0
2023-11-11,38,1,ensemble,2023-11-18,7.0,1.6736088383685042,3.636806039991588,5.326391161631496,7.0
2023-11-11,38,1,baseline,2023-11-18,7.0,0.0,3.853529022638053,7.0,7.0
2023-11-11,38,2,ensemble,2023-11-25,4.0,2.0,1.1996332371822078,2.0,4.0
2023-11-11,38,2,baseline,2023-11-25,4.0,0.0,1.7267819838850564,4.0,4.0
2023-11-11,38,3,ensemble,2023-12-02,17.0,1.8594489680718265,11.89764407849574,15.140551031928174,17.0
2023-11-11,38,3,baseline,2023-12-02,17.0,0.0,9.472993565348697,17.0,17.0
2023-11-11,39,1,ensemble,2023-11-18,56.0,25.32062139561257,17.036599671908604,30.67937860438743,35.0
2023-11-11,39,1,baseline,2023-11-18,56.0,21.0,21.256376614722665,35.0,35.0
2023-11-11,39,2,ensemble,2023-11-25,75.0,29.49978138,27.467823931409917,45.50021862,54.0
2023-11-11,39,2,baseline,2023-11-25,75.0,21.0,31.06423183431836,54.0,54.0
2023-11-11,39,3,ensemble,2023-12-02,134.0,29.54067898,72.33487474520311,104.45932102,113.0
2023-11-11,39,3,baseline,2023-12-02,134.0,21.0,66.53347677352863,113.0,113.0
2023-11-11,40,1,ensemble,2023-11-18,37.0,19.782,8.778214913839022,17.218,19.0
2023-11-11,40,1,baseline,2023-11-18,37.0,14.0,12.77465443326172,23.0,19.0
2023-11-11,40,2,ensemble,2023-11-25,34.0,21.779284336910003,6.677245737767081,12.220715663089997,16.0
2023-11-11,40,2,baseline,2023-11-25,34.0,14.0,11.695050313307476,20.0,16.0
2023-11-11,40,3,ensemble,2023-12-02,71.0,20.950534764765784,31.918640078708968,50.049465235234216,53.0
2023-11-11,40,3,baseline,2023-12-02,71.0,14.0,29.910720134723107,57.0,53.0
2023-11-11,41,1,ensemble,2023-11-18,17.0,10.859937386286736,2.7837465660499325,6.140062613713264,11.0
2023-11-11,41,1,baseline,2023-11-18,17.0,9.0,5.39752313694876,8.0,11.0
2023-11-11,41,2,ensemble,2023-11-25,11.0,12.258978843902335,2.062990382773038,1.2589788439023355,5.0
2023-11-11,41,2,baseline,2023-11-25,11.0,9.0,4.433761429288207,2.0,5.0
2023-11-11,41,3,ensemble,2023-12-02,17.0,15.35,2.886780496965875,1.6500000000000004,11.0
2023-11-11,41,3,baseline,2023-12-02,17.0,9.0,6.94543103131031,8.0,11.0
2023-11-11,42,1,ensemble,2023-11-18,89.0,51.929925,18.207012313392653,37.070075,50.0
2023-11-11,42,1,baseline,2023-11-18,89.0,39.0,28.800031429944738,50.0,50.0
2023-11-11,42,2,ensemble,2023-11-25,125.0,53.03647321343432,40.920420211922185,71.96352678656568,86.0
2023-11-11,42,2,baseline,2023-11-25,125.0,39.0,49.28156692014745,86.0,86.0
2023-11-11,42,3,ensemble,2023-12-02,217.0,56.82615,111.60890961138355,160.17385000000002,178.0
2023-11-11,42,3,baseline,2023-12-02,217.0,39.0,107.33281928297558,178.0,178.0
2023-11-11,44,1,ensemble,2023-11-18,0.0,1.0,0.6292953090942379,1.0,0.0
2023-11-11,44,1,baseline,2023-11-18,0.0,0.00017500175001572416,0.30266392422619864,0.00017500175001572416,0.0
2023-11-11,44,2,ensemble,2023-11-25,3.0,1.8479409713941028,0.7526554499804763,1.1520590286058972,3.0
2023-11-11,44,2,baseline,2023-11-25,3.0,0.0,1.4516912090642655,3.0,3.0
2023-11-11,44,3,ensemble,2023-12-02,6.0,1.1727605358229447,2.5107975374814155,4.8272394641770555,6.0
2023-11-11,44,3,baseline,2023-12-02,6.0,0.0,2.8750142166856447,6.0,6.0
2023-11-11,45,1,ensemble,2023-11-18,64.0,41.817580732292186,11.72437038454314,22.182419267707814,19.0
2023-11-11,45,1,baseline,2023-11-18,64.0,45.0,11.025368440967016,19.0,19.0
2023-11-11,45,2,ensemble,2023-11-25,81.0,44.58,23.1712801740251,36.42,36.0
2023-11-11,45,2,baseline,2023-11-25,81.0,45.0,21.75028235199743,36.0,36.0
2023-11-11,45,3,ensemble,2023-12-02,133.0,47.0,59.063521269527065,86.0,88.0
2023-11-11,45,3,baseline,2023-12-02,133.0,45.0,60.097347557106005,88.0,88.0
2023-11-11,46,1,ensemble,2023-11-18,1.0,3.0,1.1877579497582813,2.0,0.0
2023-11-11,46,1,baseline,2023-11-18,1.0,1.0,0.8972296423616405,0.0,0.0
2023-11-11,46,2,ensemble,2023-11-25,2.0,3.0,0.9270063244786921,1.0,1.0
2023-11-11,46,2,baseline,2023-11-25,2.0,1.0,1.2894062650843903,1.0,1.0
2023-11-11,46,3,ensemble,2023-12-02,7.0,3.5,1.7510999173068131,3.5,6.0
2023-11-11,46,3,baseline,2023-12-02,7.0,1.0,2.6856572350723504,6.0,6.0
2023-11-11,47,1,ensemble,2023-11-18,57.0,49.75,5.216040880501711,7.25,13.0
2023-11-11,47,1,baseline,2023-11-18,57.0,44.0,8.406015064128903,13.0,13.0
2023-11-11,47,2,ensemble,2023-11-25,73.0,52.25,10.377499338462224,20.75,29.0
2023-11-11,47,2,baseline,2023-11-25,73.0,44.0,16.57029043590436,29.0,29.0
2023-11-11,47,3,ensemble,2023-12-02,98.0,53.5,21.4795742115766,44.5,54.0
2023-11-11,47,3,baseline,2023-12-02,98.0,44.0,30.19000621119255,54.0,54.0
2023-11-11,48,1,ensemble,2023-11-18,373.0,401.9999999999998,29.762546363900316,28.999999999999773,68.0
2023-11-11,48,1,baseline,2023-11-18,373.0,342.0,27.35621877760082,31.0,68.0
2023-11-11,48,2,ensemble,2023-11-25,467.0,441.7557597207582,38.962018120396344,25.244240279241808,162.0
2023-11-11,48,2,baseline,2023-11-25,467.0,342.0,71.56300763288067,125.0,162.0
2023-11-11,48,3,ensemble,2023-12-02,546.0,503.6947,46.374515760558204,42.30529999999999,241.0
2023-11-11,48,3,baseline,2023-12-02,546.0,342.0,113.02720150910208,204.0,241.0
2023-11-11,49,1,ensemble,2023-11-18,7.0,10.0,1.858441297118733,3.0,2.0
2023-11-11,49,1,baseline,2023-11-18,7.0,9.0,1.6225674649355188,2.0,2.0
2023-11-11,49,2,ensemble,2023-11-25,10.0,12.0,1.774592387635299,2.0,1.0
2023-11-11,49,2,baseline,2023-11-25,10.0,9.0,1.8811799282775445,1.0,1.0
2023-11-11,49,3,ensemble,2023-12-02,17.0,13.889184634026895,2.3956438863183815,3.110815365973105,8.0
2023-11-11,49,3,baseline,2023-12-02,17.0,9.0,4.212900844617142,8.0,8.0
2023-11-11,50,1,ensemble,2023-11-18,5.0,0.74,2.724461588237114,4.26,5.0
2023-11-11,50,1,baseline,2023-11-18,5.0,0.0,2.523067230672307,5.0,5.0
2023-11-11,50,2,ensemble,2023-11-25,3.0,0.980886,0.9743701166657652,2.019114,3.0
2023-11-11,50,2,baseline,2023-11-25,3.0,0.0,1.5310621854044626,3.0,3.0
2023-11-11,50,3,ensemble,2023-12-02,3.0,1.2918157226610436,0.8957117825738264,1.7081842773389564,3.0
2023-11-11,50,3,baseline,2023-12-02,3.0,0.0,1.4503024575463137,3.0,3.0
2023-11-11,51,1,ensemble,2023-11-18,100.0,60.0,22.25640664914193,40.0,49.0
2023-11-11,51,1,baseline,2023-11-18,100.0,50.0,31.476804567697844,50.0,49.0
2023-11-11,51,2,ensemble,2023-11-25,115.0,61.4789,28.86605786637939,53.5211,64.0
2023-11-11,51,2,baseline,2023-11-25,115.0,50.0,38.90907465846398,65.0,64.0
2023-11-11,51,3,ensemble,2023-12-02,143.0,67.11,45.796617772206226,75.89,92.0
2023-11-11,51,3,baseline,2023-12-02,143.0,50.0,55.49790380462501,93.0,92.0
2023-11-11,53,1,ensemble,2023-11-18,33.0,22.105998263506837,5.809866522459395,10.894001736493163,16.0
2023-11-11,53,1,baseline,2023-11-18,33.0,17.0,9.374251458427635,16.0,16.0
2023-11-11,53,2,ensemble,2023-11-25,36.0,24.728,6.376664999370368,11.271999999999998,19.0
2023-11-11,53,2,baseline,2023-11-25,36.0,17.0,11.27379932790632,19.0,19.0
2023-11-11,53,3,ensemble,2023-12-02,74.0,29.5,25.938278762775543,44.5,57.0
2023-11-11,53,3,baseline,2023-12-02,74.0,17.0,32.01617749007926,57.0,57.0
2023-11-11,54,1,ensemble,2023-11-18,8.0,8.0,1.2520744286844097,0.0,1.0
2023-11-11,54,1,baseline,2023-11-18,8.0,7.0,2.4159760415647633,1.0,1.0
2023-11-11,54,2,ensemble,2023-11-25,13.0,8.0,2.6135984772524448,5.0,6.0
2023-11-11,54,2,baseline,2023-11-25,13.0,7.0,4.1433611707204,6.0,6.0
2023-11-11,54,3,ensemble,2023-12-02,17.0,10.08,3.7426479688292726,6.92,10.0
2023-11-11,54,3,baseline,2023-12-02,17.0,7.0,5.893447714846717,10.0,10.0
2023-11-11,55,1,ensemble,2023-11-18,15.0,15.0,3.0061813681269127,0.0,1.0
2023-11-11,55,1,baseline,2023-11-18,15.0,14.0,3.2400318172529547,1.0,1.0
2023-11-11,55,2,ensemble,2023-11-25,34.0,18.07,7.627537350610095,15.93,18.0
2023-11-11,55,2,baseline,2023-11-25,34.0,14.0,11.201930191714963,20.0,18.0
2023-11-11,55,3,ensemble,2023-12-02,59.0,24.00972206374556,17.887941594602776,34.990277936254444,43.0
2023-11-11,55,3,baseline,2023-12-02,59.0,14.0,25.828485293048583,45.0,43.0
2023-11-11,56,1,ensemble,2023-11-18,9.0,2.0,4.253100343030859,7.0,8.0
2023-11-11,56,1,baseline,2023-11-18,9.0,1.0,4.807842330423304,8.0,8.0
2023-11-11,56,2,ensemble,2023-11-25,23.0,2.0,16.493199251800974,21.0,22.0
2023-11-11,56,2,baseline,2023-11-25,23.0,1.0,14.774663613331795,22.0,22.0
2023-11-11,56,3,ensemble,2023-12-02,24.0,2.4308486633052384,17.24770297945759,21.569151336694762,23.0
2023-11-11,56,3,baseline,2023-12-02,24.0,1.0,14.933074626463654,23.0,23.0
2023-11-18,01,1,ensemble,2023-11-25,73.0,64.5711158620491,6.74350970270145,8.428884137950902,13.0
2023-11-18,01,1,baseline,2023-11-25,73.0,59.0,8.365284266255708,14.0,13.0
2023-11-18,01,2,ensemble,2023-12-02,85.0,75.5,9.107274603155181,9.5,25.0
2023-11-18,01,2,baseline,2023-12-02,85.0,59.0,14.955154809482874,26.0,25.0
2023-11-18,01,3,ensemble,2023-12-09,111.0,89.27736519263004,14.853647917151106,21.722634807369957,51.0
2023-11-18,01,3,baseline,2023-12-09,111.0,59.0,30.30785751368383,52.0,51.0
2023-11-18,02,1,ensemble,2023-11-25,14.0,40.145,16.624317566341563,26.145000000000003,25.0
2023-11-18,02,1,baseline,2023-11-25,14.0,39.0,17.91945681635077,25.0,25.0
2023-11-18,02,2,ensemble,2023-12-02,15.0,42.21114785288208,15.738957156764595,27.21114785288208,24.0
2023-11-18,02,2,baseline,2023-12-02,15.0,39.0,15.96987949946891,24.0,24.0
2023-11-18,02,3,ensemble,2023-12-09,14.0,42.047,15.6785178480686,28.046999999999997,25.0
2023-11-18,02,3,baseline,2023-12-09,14.0,39.0,16.048774174480876,25.0,25.0
2023-11-18,04,1,ensemble,2023-11-25,212.0,184.992,19.59073992996213,27.00800000000001,80.0
2023-11-18,04,1,baseline,2023-11-25,212.0,132.0,51.905887665811434,80.0,80.0
2023-11-18,04,2,ensemble,2023-12-02,279.0,206.03,38.35783079271955,72.97,147.0
2023-11-18,04,2,baseline,2023-12-02,279.0,132.0,95.72760320083634,147.0,147.0
2023-11-18,04,3,ensemble,2023-12-09,394.0,230.0,86.61957991793716,164.0,262.0
2023-11-18,04,3,baseline,2023-12-09,394.0,132.0,176.93643712850178,262.0,262.0
2023-11-18,05,1,ensemble,2023-11-25,27.0,24.210443646733975,3.496785298340456,2.7895563532660255,3.0
2023-11-18,05,1,baseline,2023-11-25,27.0,22.0,4.392825909846056,5.0,3.0
2023-11-18,05,2,ensemble,2023-12-02,24.0,27.0,4.460945160087725,3.0,0.0
2023-11-18,05,2,baseline,2023-12-02,24.0,22.0,5.344846534269691,2.0,0.0
2023-11-18,05,3,ensemble,2023-12-09,41.0,26.634547155699074,7.682871140074813,14.365452844300926,17.0
2023-11-18,05,3,baseline,2023-12-09,41.0,22.0,10.73966986556822,19.0,17.0
2023-11-18,06,1,ensemble,2023-11-25,437.0,334.529,53.547542365942185,102.471,215.0
2023-11-18,06,1,baseline,2023-11-25,437.0,227.0,137.41229639587695,210.0,215.0
2023-11-18,06,2,ensemble,2023-12-02,631.0,386.6432607790832,132.63853587157,244.35673922091678,409.0
2023-11-18,06,2,baseline,2023-12-02,631.0,227.0,256.396561296613,404.0,409.0
2023-11-18,06,3,ensemble,2023-12-09,807.0,480.708405234816,184.7290773668226,326.291594765184,585.0
2023-11-18,06,3,baseline,2023-12-09,807.0,227.0,366.52419039209957,580.0,585.0
2023-11-18,08,1,ensemble,2023-11-25,137.0,66.47,42.681461104405194,70.53,85.0
2023-11-18,08,1,baseline,2023-11-25,137.0,52.0,58.44291633294593,85.0,85.0
2023-11-18,08,2,ensemble,2023-12-02,126.0,74.15,22.858316985514058,51.849999999999994,74.0
2023-11-18,08,2,baseline,2023-12-02,126.0,52.0,45.944715335522915,74.0,74.0
2023-11-18,08,3,ensemble,2023-12-09,153.0,94.0,29.666277535040347,59.0,101.0
2023-11-18,08,3,baseline,2023-12-09,153.0,52.0,64.3583095749436,101.0,101.0
2023-11-18,09,1,ensemble,2023-11-25,33.0,8.489235932712294,14.43083599622612,24.510764067287706,28.0
2023-11-18,09,1,baseline,2023-11-25,33.0,5.0,16.58295426952096,28.0,28.0
2023-11-18,09,2,ensemble,2023-12-02,57.0,8.90931692434835,36.06537134257115,48.090683075651654,52.0
2023-11-18,09,2,baseline,2023-12-02,57.0,5.0,31.75078994450813,52.0,52.0
2023-11-18,09,3,ensemble,2023-12-09,74.0,10.8,49.283368710952985,63.2,69.0
2023-11-18,09,3,baseline,2023-12-09,74.0,5.0,41.42906088434801,69.0,69.0
2023-11-18,10,1,ensemble,2023-11-25,1.0,1.95915,0.5825482062984532,0.95915,0.0
2023-11-18,10,1,baseline,2023-11-25,1.0,1.0,0.8122759135634826,0.0,0.0
2023-11-18,10,2,ensemble,2023-12-02,2.0,2.145700324486945,0.6108681818974052,0.14570032448694503,1.0
2023-11-18,10,2,baseline,2023-12-02,2.0,1.0,1.1709092515490387,1.0,1.0
2023-11-18,10,3,ensemble,2023-12-09,10.0,2.269148976,4.554070160380398,7.730851024,9.0
2023-11-18,10,3,baseline,2023-12-09,10.0,1.0,4.741915897419845,9.0,9.0
2023-11-18,11,1,ensemble,2023-11-25,8.0,1.167,4.972473765336794,6.833,8.0
2023-11-18,11,1,baseline,2023-11-25,8.0,0.0,4.97134234855392,8.0,8.0
2023-11-18,11,2,ensemble,2023-12-02,11.0,1.401824149433719,7.858885380734344,9.598175850566282,11.0
2023-11-18,11,2,baseline,2023-12-02,11.0,0.0,6.353516803428904,11.0,11.0
2023-11-18,11,3,ensemble,2023-12-09,14.0,1.888472623258842,9.802352616513968,12.111527376741158,14.0
2023-11-18,11,3,baseline,2023-12-09,14.0,0.0,7.894394066005873,14.0,14.0
2023-11-18,12,1,ensemble,2023-11-25,701.0,522.0,100.31947631224112,179.0,239.0
2023-11-18,12,1,baseline,2023-11-25,701.0,458.0,166.44712245528981,243.0,239.0
2023-11-18,12,2,ensemble,2023-12-02,748.0,550.0,108.77888074223104,198.0,286.0
2023-11-18,12,2,baseline,2023-12-02,748.0,458.0,194.04334607489554,290.0,286.0
2023-11-18,12,3,ensemble,2023-12-09,763.0,542.858,113.36339975092768,220.14200000000005,301.0
2023-11-18,12,3,baseline,2023-12-09,763.0,458.0,197.72622286927214,305.0,301.0
2023-11-18,13,1,ensemble,2023-11-25,156.0,121.23167197750334,19.14840870668753,34.76832802249666,40.0
2023-11-18,13,1,baseline,2023-11-25,156.0,112.0,27.53443446782296,44.0,40.0
2023-11-18,13,2,ensemble,2023-12-02,225.0,125.28367309266142,51.68814110789089,99.71632690733858,109.0
2023-11-18,13,2,baseline,2023-12-02,225.0,112.0,87.48509622074481,113.0,109.0
2023-11-18,13,3,ensemble,2023-12-09,261.0,154.49999999999994,58.350091192735725,106.50000000000006,145.0
2023-11-18,13,3,baseline,2023-12-09,261.0,112.0,119.54064551523774,149.0,145.0
2023-11-18,15,1,ensemble,2023-11-25,26.0,17.0,4.689085258307409,9.0,10.0
2023-11-18,15,1,baseline,2023-11-25,26.0,16.0,6.599635936728931,10.0,10.0
2023-11-18,15,2,ensemble,2023-12-02,23.0,17.9191932147986,2.875589075763898,5.0808067852014,7.0
2023-11-18,15,2,baseline,2023-12-02,23.0,16.0,3.9586434403691864,7.0,7.0
2023-11-18,15,3,ensemble,2023-12-09,33.0,18.0,8.28979029090788,15.0,17.0
2023-11-18,15,3,baseline,2023-12-09,33.0,16.0,11.427818531967926,17.0,17.0
2023-11-18,16,1,ensemble,2023-11-25,8.0,5.8400453117163895,1.53138392302123,2.1599546882836105,4.0
2023-11-18,16,1,baseline,2023-11-25,8.0,4.0,2.518240976061933,4.0,4.0
2023-11-18,16,2,ensemble,2023-12-02,19.0,6.2,6.208300743609111,12.8,15.0
2023-11-18,16,2,baseline,2023-12-02,19.0,4.0,8.424238827083917,15.0,15.0
2023-11-18,16,3,ensemble,2023-12-09,46.0,7.0,26.25792622466838,39.0,42.0
2023-11-18,16,3,baseline,2023-12-09,46.0,4.0,25.259673221275673,42.0,42.0
2023-11-18,17,1,ensemble,2023-11-25,102.0,71.924,15.063860448200185,30.075999999999993,48.0
2023-11-18,17,1,baseline,2023-11-25,102.0,57.0,27.773877144706226,45.0,48.0
2023-11-18,17,2,ensemble,2023-12-02,165.0,80.0,40.68014420098104,85.0,111.0
2023-11-18,17,2,baseline,2023-12-02,165.0,57.0,65.4990791320522,108.0,111.0
2023-11-18,17,3,ensemble,2023-12-09,205.0,90.49499999999998,59.35396725150902,114.50500000000002,151.0
2023-11-18,17,3,baseline,2023-12-09,205.0,57.0,87.05438458017188,148.0,151.0
2023-11-18,18,1,ensemble,2023-11-25,84.0,72.84324335544756,7.959307361477704,11.156756644552445,37.0
2023-11-18,18,1,baseline,2023-11-25,84.0,58.0,15.516384206602924,26.0,37.0
2023-11-18,18,2,ensemble,2023-12-02,138.0,80.74562539062785,31.92264788036445,57.25437460937215,91.0
2023-11-18,18,2,baseline,2023-12-02,138.0,58.0,50.0435496151266,80.0,91.0
2023-11-18,18,3,ensemble,2023-12-09,146.0,92.0,28.95584625712135,54.0,99.0
2023-11-18,18,3,baseline,2023-12-09,146.0,58.0,52.89042731259924,88.0,99.0
2023-11-18,19,1,ensemble,2023-11-25,27.0,18.036788786356468,4.7954737188223024,8.963211213643532,14.0
2023-11-18,19,1,baseline,2023-11-25,27.0,13.0,8.720403335055092,14.0,14.0
2023-11-18,19,2,ensemble,2023-12-02,44.0,22.198473461473903,12.493749056646953,21.801526538526097,31.0
2023-11-18,19,2,baseline,2023-12-02,44.0,13.0,19.569567850939382,31.0,31.0
2023-11-18,19,3,ensemble,2023-12-09,44.0,23.5,10.305582179245723,20.5,31.0
2023-11-18,19,3,baseline,2023-12-09,44.0,13.0,18.616362820562987,31.0,31.0
2023-11-18,20,1,ensemble,2023-11-25,30.0,12.00925255,11.882820235444253,17.99074745,20.0
2023-11-18,20,1,baseline,2023-11-25,30.0,10.0,12.23220069239823,20.0,20.0
2023-11-18,20,2,ensemble,2023-12-02,37.0,13.605071240209776,14.460533346085992,23.394928759790226,27.0
2023-11-18,20,2,baseline,2023-12-02,37.0,10.0,15.754717710437971,27.0,27.0
2023-11-18,20,3,ensemble,2023-12-09,37.0,17.0,13.079153275722987,20.0,27.0
2023-11-18,20,3,baseline,2023-12-09,37.0,10.0,14.954568402162277,27.0,27.0
2023-11-18,21,1,ensemble,2023-11-25,37.0,44.34,5.335376167717915,7.340000000000003,4.0
2023-11-18,21,1,baseline,2023-11-25,37.0,37.0,5.33291797646237,0.0,4.0
2023-11-18,21,2,ensemble,2023-12-02,58.0,49.361,6.955428418808869,8.639000000000003,25.0
2023-11-18,21,2,baseline,2023-12-02,58.0,37.0,13.216869345715175,21.0,25.0
2023-11-18,21,3,ensemble,2023-12-09,48.0,60.0,10.015959685961258,12.0,15.0
2023-11-18,21,3,baseline,2023-12-09,48.0,37.0,11.262027842778433,11.0,15.0
2023-11-18,22,1,ensemble,2023-11-25,119.0,83.25,20.05497285210753,35.75,54.0
2023-11-18,22,1,baseline,2023-11-25,119.0,65.0,37.50063895178083,54.0,54.0
2023-11-18,22,2,ensemble,2023-12-02,122.0,89.03,15.777746718921676,32.97,57.0
2023-11-18,22,2,baseline,2023-12-02,122.0,65.0,37.25160835980098,57.0,57.0
2023-11-18,22,3,ensemble,2023-12-09,158.0,104.85,28.576531431288625,53.150000000000006,93.0
2023-11-18,22,3,baseline,2023-12-09,158.0,65.0,63.74584952371262,93.0,93.0
2023-11-18,23,1,ensemble,2023-11-25,9.0,5.482281710413849,1.9805099122050007,3.517718289586151,5.0
2023-11-18,23,1,baseline,2023-11-25,9.0,4.0,2.8627469633174596,5.0,5.0
2023-11-18,23,2,ensemble,2023-12-02,9.0,6.0,2.0257006106520588,3.0,5.0
2023-11-18,23,2,baseline,2023-12-02,9.0,4.0,3.0867037459287623,5.0,5.0
2023-11-18,23,3,ensemble,2023-12-09,15.0,6.0,4.970780421816905,9.0,11.0
2023-11-18,23,3,baseline,2023-12-09,15.0,4.0,5.682569406085366,11.0,11.0
2023-11-18,24,1,ensemble,2023-11-25,22.0,25.448,4.2065544210868175,3.4480000000000004,3.0
2023-11-18,24,1,baseline,2023-11-25,22.0,19.0,3.620061199525037,3.0,3.0
2023-11-18,24,2,ensemble,2023-12-02,60.0,28.01,14.414528231806269,31.99,41.0
2023-11-18,24,2,baseline,2023-12-02,60.0,19.0,23.775375231904494,41.0,41.0
2023-11-18,24,3,ensemble,2023-12-09,78.0,29.78,24.045657471035803,48.22,59.0
2023-11-18,24,3,baseline,2023-12-09,78.0,19.0,33.75777833280507,59.0,59.0
2023-11-18,25,1,ensemble,2023-11-25,51.0,38.5165,6.387596538350153,12.4835,20.0
2023-11-18,25,1,baseline,2023-11-25,51.0,32.0,11.652068645490804,19.0,20.0
2023-11-18,25,2,ensemble,2023-12-02,88.0,43.81,22.71727043031938,44.19,57.0
2023-11-18,25,2,baseline,2023-12-02,88.0,32.0,32.16682921637912,56.0,57.0
2023-11-18,25,3,ensemble,2023-12-09,117.0,48.73,39.69771740531991,68.27000000000001,86.0
2023-11-18,25,3,baseline,2023-12-09,117.0,32.0,48.21729189707114,85.0,86.0
2023-11-18,26,1,ensemble,2023-11-25,88.0,41.0,24.32428431808762,47.0,58.0
2023-11-18,26,1,baseline,2023-11-25,88.0,30.0,36.017557539923224,58.0,58.0
2023-11-18,26,2,ensemble,2023-12-02,106.0,48.0,33.69948725122759,58.0,76.0
2023-11-18,26,2,baseline,2023-12-02,106.0,30.0,45.43089916805689,76.0,76.0
2023-11-18,26,3,ensemble,2023-12-09,169.0,48.126495385241824,72.37833811904834,120.87350461475818,139.0
2023-11-18,26,3,baseline,2023-12-09,169.0,30.0,82.30132310449191,139.0,139.0
2023-11-18,27,1,ensemble,2023-11-25,24.0,23.99010509386849,3.508179737458418,0.00989490613151034,6.0
2023-11-18,27,1,baseline,2023-11-25,24.0,18.0,4.1441563558461665,6.0,6.0
2023-11-18,27,2,ensemble,2023-12-02,34.0,30.852962406424265,5.444510804501255,3.1470375935757353,16.0
2023-11-18,27,2,baseline,2023-12-02,34.0,18.0,9.419539543830211,16.0,16.0
2023-11-18,27,3,ensemble,2023-12-09,48.0,33.8331910897329,8.78312037898993,14.1668089102671,30.0
2023-11-18,27,3,baseline,2023-12-09,48.0,18.0,16.967036851238078,30.0,30.0
2023-11-18,28,1,ensemble,2023-11-25,47.0,41.0,4.877908850292919,6.0,9.0
2023-11-18,28,1,baseline,2023-11-25,47.0,37.0,5.827699971869282,10.0,9.0
2023-11-18,28,2,ensemble,2023-12-02,77.0,42.335,19.63044426746959,34.665,39.0
2023-11-18,28,2,baseline,2023-12-02,77.0,37.0,24.235479851537647,40.0,39.0
2023-11-18,28,3,ensemble,2023-12-09,71.0,45.92341927856819,12.834630031543604,25.07658072143181,33.0
2023-11-18,28,3,baseline,2023-12-09,71.0,37.0,18.97058767287673,34.0,33.0
2023-11-18,29,1,ensemble,2023-11-25,58.0,47.25,7.498497429035698,10.75,18.0
2023-11-18,29,1,baseline,2023-11-25,58.0,40.0,11.084355490467944,18.0,18.0
2023-11-18,29,2,ensemble,2023-12-02,85.0,51.75,20.411637241870142,33.25,45.0
2023-11-18,29,2,baseline,2023-12-02,85.0,40.0,27.156402634830698,45.0,45.0
2023-11-18,29,3,ensemble,2023-12-09,140.0,57.0,49.6782991080193,83.0,100.0
2023-11-18,29,3,baseline,2023-12-09,140.0,40.0,60.358407546140654,100.0,100.0
2023-11-18,30,1,ensemble,2023-11-25,6.0,5.707135988774375,1.1079106888311172,0.29286401122562467,1.0
2023-11-18,30,1,baseline,2023-11-25,6.0,5.0,1.3226378395088303,1.0,1.0
2023-11-18,30,2,ensemble,2023-12-02,18.0,8.0,5.510858745894701,10.0,13.0
2023-11-18,30,2,baseline,2023-12-02,18.0,5.0,6.96330579631883,13.0,13.0
2023-11-18,30,3,ensemble,2023-12-09,21.0,8.75,6.49029574413648,12.25,16.0
2023-11-18,30,3,baseline,2023-12-09,21.0,5.0,8.229845967350977,16.0,16.0
2023-11-18,31,1,ensemble,2023-11-25,8.0,6.9251019955,1.3195160227694238,1.0748980044999996,3.0
2023-11-18,31,1,baseline,2023-11-25,8.0,5.0,2.20412378199869,3.0,3.0
2023-11-18,31,2,ensemble,2023-12-02,8.0,7.24657,1.5414580563308873,0.7534299999999998,3.0
2023-11-18,31,2,baseline,2023-12-02,8.0,5.0,2.686629696731752,3.0,3.0
2023-11-18,31,3,ensemble,2023-12-09,11.0,7.823466301,2.2724858614961305,3.176533699,6.0
2023-11-18,31,3,baseline,2023-12-09,11.0,5.0,3.6851611997424305,6.0,6.0
2023-11-18,32,1,ensemble,2023-11-25,39.0,31.129,5.4150067276849025,7.870999999999999,17.0
2023-11-18,32,1,baseline,2023-11-25,39.0,24.0,8.563913946878596,15.0,17.0
2023-11-18,32,2,ensemble,2023-12-02,47.0,35.5,8.30553643362165,11.5,25.0
2023-11-18,32,2,baseline,2023-12-02,47.0,24.0,12.479371589802856,23.0,25.0
2023-11-18,32,3,ensemble,2023-12-09,77.0,39.0,17.193690872144792,38.0,55.0
2023-11-18,32,3,baseline,2023-12-09,77.0,24.0,29.816167456044123,53.0,55.0
2023-11-18,33,1,ensemble,2023-11-25,1.0,2.6213076457445705,1.0415959266872863,1.6213076457445705,1.0
2023-11-18,33,1,baseline,2023-11-25,1.0,2.0,1.153540305424793,1.0,1.0
2023-11-18,33,2,ensemble,2023-12-02,7.0,3.074418482915497,1.9136622794541054,3.925581517084503,5.0
2023-11-18,33,2,baseline,2023-12-02,7.0,2.0,2.489768135463965,5.0,5.0
2023-11-18,33,3,ensemble,2023-12-09,15.0,2.53,7.61612904182951,12.47,13.0
2023-11-18,33,3,baseline,2023-12-09,15.0,2.0,6.715745682043775,13.0,13.0
2023-11-18,34,1,ensemble,2023-11-25,75.0,57.0,10.267792931918722,18.0,29.0
2023-11-18,34,1,baseline,2023-11-25,75.0,48.0,15.7825269571174,27.0,29.0
2023-11-18,34,2,ensemble,2023-12-02,129.0,60.225,39.028065588352504,68.775,83.0
2023-11-18,34,2,baseline,2023-12-02,129.0,48.0,48.22081724112893,81.0,83.0
2023-11-18,34,3,ensemble,2023-12-09,160.0,63.0,56.61519541080383,97.0,114.0
2023-11-18,34,3,baseline,2023-12-09,160.0,48.0,65.10249837135328,112.0,114.0
2023-11-18,35,1,ensemble,2023-11-25,21.0,13.0,4.148354205339149,8.0,12.0
2023-11-18,35,1,baseline,2023-11-25,21.0,9.0,6.483750726855095,12.0,12.0
2023-11-18,35,2,ensemble,2023-12-02,43.0,13.59461960746083,16.790949001632136,29.405380392539172,34.0
2023-11-18,35,2,baseline,2023-12-02,43.0,9.0,18.967190620558377,34.0,34.0
2023-11-18,35,3,ensemble,2023-12-09,89.0,14.610622765,56.28630350589282,74.389377235,80.0
2023-11-18,35,3,baseline,2023-12-09,89.0,9.0,49.210933444769225,80.0,80.0
2023-11-18,36,1,ensemble,2023-11-25,178.0,101.0,39.27426447861127,77.0,90.0
2023-11-18,36,1,baseline,2023-11-25,178.0,88.0,54.87885429660819,90.0,90.0
2023-11-18,36,2,ensemble,2023-12-02,345.0,114.14092994372687,149.17994102425294,230.85907005627314,257.0
2023-11-18,36,2,baseline,2023-12-02,345.0,88.0,163.55029927247094,257.0,257.0
2023-11-18,36,3,ensemble,2023-12-09,509.0,137.5,249.67757417967175,371.5,421.0
2023-11-18,36,3,baseline,2023-12-09,509.0,88.0,279.5718583870621,421.0,421.0
2023-11-18,37,1,ensemble,2023-11-25,153.0,57.0,66.90031918084277,96.0,104.0
2023-11-18,37,1,baseline,2023-11-25,153.0,49.0,71.93663213540832,104.0,104.0
2023-11-18,37,2,ensemble,2023-12-02,213.0,63.2,106.79232119889294,149.8,164.0
2023-11-18,37,2,baseline,2023-12-02,213.0,49.0,116.24736306839159,164.0,164.0
2023-11-18,37,3,ensemble,2023-12-09,313.0,65.0,185.190560968606,248.0,264.0
2023-11-18,37,3,baseline,2023-12-09,313.0,49.0,202.8275862242101,264.0,264.0
2023-11-18,38,1,ensemble,2023-11-25,4.0,2.1607847479474263,0.858839268934973,1.8392152520525737,2.0
2023-11-18,38,1,baseline,2023-11-25,4.0,2.0,1.1226017732568625,2.0,2.0
2023-11-18,38,2,ensemble,2023-12-02,17.0,2.332981423689295,10.6940587827544,14.667018576310705,15.0
2023-11-18,38,2,baseline,2023-12-02,17.0,2.0,8.888605484380932,15.0,15.0
2023-11-18,38,3,ensemble,2023-12-09,11.0,2.669,4.670027864368401,8.331,9.0
2023-11-18,38,3,baseline,2023-12-09,11.0,2.0,4.416396095352259,9.0,9.0
2023-11-18,39,1,ensemble,2023-11-25,75.0,30.97872734,26.01320945461609,44.02127266,49.0
2023-11-18,39,1,baseline,2023-11-25,75.0,27.0,29.92342871083057,48.0,49.0
2023-11-18,39,2,ensemble,2023-12-02,134.0,33.03825298244902,69.39101773601841,100.96174701755098,108.0
2023-11-18,39,2,baseline,2023-12-02,134.0,27.0,68.05325440189183,107.0,108.0
2023-11-18,39,3,ensemble,2023-12-09,161.0,36.90920204544604,86.91759692422373,124.09079795455396,135.0
2023-11-18,39,3,baseline,2023-12-09,161.0,27.0,82.14926595974659,134.0,135.0
2023-11-18,40,1,ensemble,2023-11-25,34.0,40.5,6.089316408013934,6.5,0.0
2023-11-18,40,1,baseline,2023-11-25,34.0,37.0,6.1003288255926025,3.0,0.0
2023-11-18,40,2,ensemble,2023-12-02,71.0,44.36778894140904,13.31645414989488,26.63221105859096,37.0
2023-11-18,40,2,baseline,2023-12-02,71.0,37.0,19.279766250466846,34.0,37.0
2023-11-18,40,3,ensemble,2023-12-09,61.0,53.0,9.803371803233722,8.0,27.0
2023-11-18,40,3,baseline,2023-12-09,61.0,37.0,15.34636661155742,24.0,27.0
2023-11-18,41,1,ensemble,2023-11-25,11.0,13.556339437590324,1.9804337550962767,2.5563394375903243,0.0
2023-11-18,41,1,baseline,2023-11-25,11.0,11.0,2.8686962180926145,0.0,0.0
2023-11-18,41,2,ensemble,2023-12-02,17.0,15.5,2.5029980577498345,1.5,6.0
2023-11-18,41,2,baseline,2023-12-02,17.0,11.0,5.4467273374255525,6.0,6.0
2023-11-18,41,3,ensemble,2023-12-09,43.0,15.385,16.78780858762026,27.615000000000002,32.0
2023-11-18,41,3,baseline,2023-12-09,43.0,11.0,18.6475045981112,32.0,32.0
2023-11-18,42,1,ensemble,2023-11-25,125.0,86.416,18.934615535307618,38.584,43.0
2023-11-18,42,1,baseline,2023-11-25,125.0,82.0,25.392283456617168,43.0,43.0
2023-11-18,42,2,ensemble,2023-12-02,217.0,90.95691848795482,66.253804184832,126.04308151204518,135.0
2023-11-18,42,2,baseline,2023-12-02,217.0,82.0,83.61872435943927,135.0,135.0
2023-11-18,42,3,ensemble,2023-12-09,284.0,98.07,99.79786335152059,185.93,202.0
2023-11-18,42,3,baseline,2023-12-09,284.0,82.0,126.98084142110983,202.0,202.0
2023-11-18,44,1,ensemble,2023-11-25,3.0,1.9560455838409752,0.6464039438297321,1.0439544161590248,1.0
2023-11-18,44,1,baseline,2023-11-25,3.0,2.0,0.7859702743331773,1.0,1.0
2023-11-18,44,2,ensemble,2023-12-02,6.0,2.5621080534026475,1.7335459798696724,3.4378919465973525,4.0
2023-11-18,44,2,baseline,2023-12-02,6.0,2.0,2.0136131988711194,4.0,4.0
2023-11-18,44,3,ensemble,2023-12-09,6.0,3.0,1.5781788585736565,3.0,4.0
2023-11-18,44,3,baseline,2023-12-09,6.0,2.0,1.999210898087243,4.0,4.0
2023-11-18,45,1,ensemble,2023-11-25,81.0,60.0818,11.159971290793811,20.9182,29.0
2023-11-18,45,1,baseline,2023-11-25,81.0,51.0,18.83435737942162,30.0,29.0
2023-11-18,45,2,ensemble,2023-12-02,133.0,65.0,41.27553314373763,68.0,81.0
2023-11-18,45,2,baseline,2023-12-02,133.0,51.0,57.8027469623392,82.0,81.0
2023-11-18,45,3,ensemble,2023-12-09,177.0,74.7385,66.96636604412153,102.2615,125.0
2023-11-18,45,3,baseline,2023-12-09,177.0,51.0,96.83932906518203,126.0,125.0
2023-11-18,46,1,ensemble,2023-11-25,2.0,2.415728653545975,0.9291134085241751,0.4157286535459752,0.0
2023-11-18,46,1,baseline,2023-11-25,2.0,2.0,1.0834067409587136,0.0,0.0
2023-11-18,46,2,ensemble,2023-12-02,7.0,3.0,1.902314012675842,4.0,5.0
2023-11-18,46,2,baseline,2023-12-02,7.0,2.0,2.4707048103959304,5.0,5.0
2023-11-18,46,3,ensemble,2023-12-09,6.0,3.0,1.4188568279388512,3.0,4.0
2023-11-18,46,3,baseline,2023-12-09,6.0,2.0,2.213128663264892,4.0,4.0
2023-11-18,47,1,ensemble,2023-11-25,73.0,53.720674320258816,9.429244158691759,19.279325679741184,26.0
2023-11-18,47,1,baseline,2023-11-25,73.0,48.0,14.440153009443133,25.0,26.0
2023-11-18,47,2,ensemble,2023-12-02,98.0,56.0,21.529357383079248,42.0,51.0
2023-11-18,47,2,baseline,2023-12-02,98.0,48.0,29.500938236404114,50.0,51.0
2023-11-18,47,3,ensemble,2023-12-09,153.0,60.0,55.18524906783533,93.0,106.0
2023-11-18,47,3,baseline,2023-12-09,153.0,48.0,64.50067764473293,105.0,106.0
2023-11-18,48,1,ensemble,2023-11-25,467.0,480.0,31.777120391011398,13.0,94.0
2023-11-18,48,1,baseline,2023-11-25,467.0,429.0,30.450872609834807,38.0,94.0
2023-11-18,48,2,ensemble,2023-12-02,546.0,531.0,39.005298555020836,15.0,173.0
2023-11-18,48,2,baseline,2023-12-02,546.0,429.0,67.84907076946854,117.0,173.0
2023-11-18,48,3,ensemble,2023-12-09,590.0,593.2380499999999,52.64550368306676,3.23804999999993,217.0
2023-11-18,48,3,baseline,2023-12-09,590.0,429.0,89.85302456961526,161.0,217.0
2023-11-18,49,1,ensemble,2023-11-25,10.0,7.909760247343124,1.614090841252607,2.090239752656876,5.0
2023-11-18,49,1,baseline,2023-11-25,10.0,5.0,2.687926658136148,5.0,5.0
2023-11-18,49,2,ensemble,2023-12-02,17.0,9.55,3.7774990638219093,7.449999999999999,12.0
2023-11-18,49,2,baseline,2023-12-02,17.0,5.0,6.475086125643865,12.0,12.0
2023-11-18,49,3,ensemble,2023-12-09,17.0,9.855610494163864,3.6887277653151385,7.144389505836136,12.0
2023-11-18,49,3,baseline,2023-12-09,17.0,5.0,5.994807549727669,12.0,12.0
2023-11-18,50,1,ensemble,2023-11-25,3.0,2.0,0.7077925372088205,1.0,1.0
2023-11-18,50,1,baseline,2023-11-25,3.0,2.0,0.7249638457254134,1.0,1.0
2023-11-18,50,2,ensemble,2023-12-02,3.0,2.0,0.8057346496176976,1.0,1.0
2023-11-18,50,2,baseline,2023-12-02,3.0,2.0,0.9236994514292975,1.0,1.0
2023-11-18,50,3,ensemble,2023-12-09,8.0,2.3655128903211606,2.9116417231970533,5.634487109678839,6.0
2023-11-18,50,3,baseline,2023-12-09,8.0,2.0,3.044210143318825,6.0,6.0
2023-11-18,51,1,ensemble,2023-11-25,115.0,87.0,13.827944018723889,28.0,23.0
2023-11-18,51,1,baseline,2023-11-25,115.0,83.0,18.969515780505628,32.0,23.0
2023-11-18,51,2,ensemble,2023-12-02,143.0,90.5,26.139019354757316,52.5,51.0
2023-11-18,51,2,baseline,2023-12-02,143.0,83.0,36.05588920626163,60.0,51.0
2023-11-18,51,3,ensemble,2023-12-09,157.0,93.341,32.56686171680233,63.659000000000006,65.0
2023-11-18,51,3,baseline,2023-12-09,157.0,83.0,43.62584772793377,74.0,65.0
2023-11-18,53,1,ensemble,2023-11-25,36.0,22.635779265,6.642754422415817,13.364220735,19.0
2023-11-18,53,1,baseline,2023-11-25,36.0,18.0,10.564875767148976,18.0,19.0
2023-11-18,53,2,ensemble,2023-12-02,74.0,26.330186300355216,29.018394521204325,47.669813699644784,57.0
2023-11-18,53,2,baseline,2023-12-02,74.0,18.0,33.76595000634789,56.0,57.0
2023-11-18,53,3,ensemble,2023-12-09,83.0,28.0,31.639711383186487,55.0,66.0
2023-11-18,53,3,baseline,2023-12-09,83.0,18.0,37.39054240796756,65.0,66.0
2023-11-18,54,1,ensemble,2023-11-25,13.0,15.476888460003954,2.735414291002062,2.476888460003954,1.0
2023-11-18,54,1,baseline,2023-11-25,13.0,14.0,2.67934411159329,1.0,1.0
2023-11-18,54,2,ensemble,2023-12-02,17.0,17.0,3.4934702350586475,0.0,3.0
2023-11-18,54,2,baseline,2023-12-02,17.0,14.0,3.892415478046085,3.0,3.0
2023-11-18,54,3,ensemble,2023-12-09,20.0,20.0,4.152871785099113,0.0,6.0
2023-11-18,54,3,baseline,2023-12-09,20.0,14.0,5.243820358160097,6.0,6.0
2023-11-18,55,1,ensemble,2023-11-25,34.0,22.75,5.916931014954934,11.25,14.0
2023-11-18,55,1,baseline,2023-11-25,34.0,20.0,8.234016946017283,14.0,14.0
2023-11-18,55,2,ensemble,2023-12-02,59.0,28.59529805,16.122714580854627,30.40470195,39.0
2023-11-18,55,2,baseline,2023-12-02,59.0,20.0,23.358494702186157,39.0,39.0
2023-11-18,55,3,ensemble,2023-12-09,99.0,37.2,34.2629168528819,61.8,79.0
2023-11-18,55,3,baseline,2023-12-09,99.0,20.0,49.846757032961605,79.0,79.0
2023-11-18,56,1,ensemble,2023-11-25,23.0,4.045999999999999,14.09012892492686,18.954,18.0
2023-11-18,56,1,baseline,2023-11-25,23.0,5.0,12.96241637796813,18.0,18.0
2023-11-18,56,2,ensemble,2023-12-02,24.0,4.553750988,13.942430717359427,19.446249012,19.0
2023-11-18,56,2,baseline,2023-12-02,24.0,5.0,12.7414112582865,19.0,19.0
2023-11-18,56,3,ensemble,2023-12-09,48.0,4.962485608933886,37.19964166801369,43.03751439106611,43.0
2023-11-18,56,3,baseline,2023-12-09,48.0,5.0,32.791755023963276,43.0,43.0
2023-11-25,01,1,ensemble,2023-12-02,85.0,100.0,9.289338520301541,15.0,8.0
2023-11-25,01,1,baseline,2023-12-02,85.0,76.0,6.256558676086763,9.0,8.0
2023-11-25,01,2,ensemble,2023-12-09,111.0,116.0,9.433590057546779,5.0,34.0
2023-11-25,01,2,baseline,2023-12-09,111.0,76.0,20.640953027617226,35.0,34.0
2023-11-25,01,3,ensemble,2023-12-16,151.0,122.98816931417376,17.829566646280906,28.01183068582624,74.0
2023-11-25,01,3,baseline,2023-12-16,151.0,76.0,46.2748612880694,75.0,74.0
2023-11-25,02,1,ensemble,2023-12-02,15.0,23.256666666666668,4.866720960173033,8.256666666666668,2.0
2023-11-25,02,1,baseline,2023-12-02,15.0,17.0,1.6744189717331954,2.0,2.0
2023-11-25,02,2,ensemble,2023-12-09,14.0,22.05333333333333,4.838568628008441,8.053333333333331,3.0
2023-11-25,02,2,baseline,2023-12-09,14.0,17.0,2.2887101881670993,3.0,3.0
2023-11-25,02,3,ensemble,2023-12-16,4.0,20.43649854386584,9.824781611359175,16.43649854386584,13.0
2023-11-25,02,3,baseline,2023-12-16,4.0,17.0,7.270314640994236,13.0,13.0
2023-11-25,04,1,ensemble,2023-12-02,279.0,262.0,19.870024183190388,17.0,88.0
2023-11-25,04,1,baseline,2023-12-02,279.0,187.0,60.84613300567789,92.0,88.0
2023-11-25,04,2,ensemble,2023-12-09,394.0,311.0,47.38275217391305,83.0,203.0
2023-11-25,04,2,baseline,2023-12-09,394.0,187.0,140.5695102234501,207.0,203.0
2023-11-25,04,3,ensemble,2023-12-16,606.0,329.25,164.89730255205376,276.75,415.0
2023-11-25,04,3,baseline,2023-12-16,606.0,187.0,330.07673132905256,419.0,415.0
2023-11-25,05,1,ensemble,2023-12-02,24.0,24.02388429641724,2.365537725632636,0.02388429641723988,7.0
2023-11-25,05,1,baseline,2023-12-02,24.0,17.0,4.777398690812995,7.0,7.0
2023-11-25,05,2,ensemble,2023-12-09,41.0,25.0,7.488483796075628,16.0,24.0
2023-11-25,05,2,baseline,2023-12-09,41.0,17.0,12.87091919021363,24.0,24.0
2023-11-25,05,3,ensemble,2023-12-16,53.0,28.465,12.30005106215616,24.535,36.0
2023-11-25,05,3,baseline,2023-12-16,53.0,17.0,18.957791090432625,36.0,36.0
2023-11-25,06,1,ensemble,2023-12-02,631.0,590.365027794745,49.87161004850138,40.63497220525505,271.0
2023-11-25,06,1,baseline,2023-12-02,631.0,362.0,181.9557451019293,269.0,271.0
2023-11-25,06,2,ensemble,2023-12-09,807.0,721.0,79.02363373423034,86.0,447.0
2023-11-25,06,2,baseline,2023-12-09,807.0,362.0,286.78308100550566,445.0,447.0
2023-11-25,06,3,ensemble,2023-12-16,996.0,809.0,110.13632364704587,187.0,636.0
2023-11-25,06,3,baseline,2023-12-16,996.0,362.0,409.7420859985992,634.0,636.0
2023-11-25,08,1,ensemble,2023-12-02,126.0,157.0,17.90186489822338,31.0,24.0
2023-11-25,08,1,baseline,2023-12-02,126.0,102.0,14.10338587944575,24.0,24.0
2023-11-25,08,2,ensemble,2023-12-09,153.0,180.0,19.672978533790946,27.0,51.0
2023-11-25,08,2,baseline,2023-12-09,153.0,102.0,29.66699415372414,51.0,51.0
2023-11-25,08,3,ensemble,2023-12-16,220.0,183.1225,23.674809445760815,36.8775,118.0
2023-11-25,08,3,baseline,2023-12-16,220.0,102.0,78.49298888404101,118.0,118.0
2023-11-25,09,1,ensemble,2023-12-02,57.0,26.862976069484635,16.962397097065665,30.137023930515365,35.0
2023-11-25,09,1,baseline,2023-12-02,57.0,22.0,22.303019800328432,35.0,35.0
2023-11-25,09,2,ensemble,2023-12-09,74.0,29.0,24.790721962089773,45.0,52.0
2023-11-25,09,2,baseline,2023-12-09,74.0,22.0,32.50656025058076,52.0,52.0
2023-11-25,09,3,ensemble,2023-12-16,120.0,34.0,50.79910400341494,86.0,98.0
2023-11-25,09,3,baseline,2023-12-16,120.0,22.0,64.61749720364595,98.0,98.0
2023-11-25,10,1,ensemble,2023-12-02,2.0,3.0,0.5784081644863756,1.0,0.0
2023-11-25,10,1,baseline,2023-12-02,2.0,2.0,0.8590082502129366,0.0,0.0
2023-11-25,10,2,ensemble,2023-12-09,10.0,3.0,4.483194094764488,7.0,8.0
2023-11-25,10,2,baseline,2023-12-09,10.0,2.0,4.2357209317962745,8.0,8.0
2023-11-25,10,3,ensemble,2023-12-16,18.0,4.0,10.752434398655655,14.0,16.0
2023-11-25,10,3,baseline,2023-12-16,18.0,2.0,8.849322634378517,16.0,16.0
2023-11-25,11,1,ensemble,2023-12-02,11.0,3.0,4.247331165819386,8.0,6.0
2023-11-25,11,1,baseline,2023-12-02,11.0,3.0,4.886118718621969,8.0,6.0
2023-11-25,11,2,ensemble,2023-12-09,14.0,3.31,6.235519571578219,10.69,9.0
2023-11-25,11,2,baseline,2023-12-09,14.0,3.0,6.447363304611306,11.0,9.0
2023-11-25,11,3,ensemble,2023-12-16,20.0,3.620443616041559,10.023454096373502,16.37955638395844,15.0
2023-11-25,11,3,baseline,2023-12-16,20.0,3.0,10.317266804146302,17.0,15.0
2023-11-25,12,1,ensemble,2023-12-02,748.0,729.1712374504082,43.942280744315156,18.82876254959183,96.0
2023-11-25,12,1,baseline,2023-12-02,748.0,632.0,66.79790961046571,116.0,96.0
2023-11-25,12,2,ensemble,2023-12-09,763.0,785.0903847244942,59.8634502564645,22.090384724494243,111.0
2023-11-25,12,2,baseline,2023-12-09,763.0,632.0,72.38069014783632,131.0,111.0
2023-11-25,12,3,ensemble,2023-12-16,844.0,797.85,67.9406472374116,46.14999999999998,192.0
2023-11-25,12,3,baseline,2023-12-16,844.0,632.0,123.85623184557932,212.0,192.0
2023-11-25,13,1,ensemble,2023-12-02,225.0,179.90563678741455,22.699728880277426,45.09436321258545,92.0
2023-11-25,13,1,baseline,2023-12-02,225.0,143.0,60.87775586538475,82.0,92.0
2023-11-25,13,2,ensemble,2023-12-09,261.0,207.1506719589233,31.072236540373297,53.84932804107669,128.0
2023-11-25,13,2,baseline,2023-12-09,261.0,143.0,92.25296713434527,118.0,128.0
2023-11-25,13,3,ensemble,2023-12-16,442.0,228.92,130.50527582749805,213.08,309.0
2023-11-25,13,3,baseline,2023-12-16,442.0,143.0,269.3535387929315,299.0,309.0
2023-11-25,15,1,ensemble,2023-12-02,23.0,30.500000000000007,4.516715682252655,7.500000000000007,6.0
2023-11-25,15,1,baseline,2023-12-02,23.0,29.0,3.4593963937030687,6.0,6.0
2023-11-25,15,2,ensemble,2023-12-09,33.0,33.87532647946979,3.4587658442819387,0.8753264794697913,4.0
2023-11-25,15,2,baseline,2023-12-09,33.0,29.0,2.2354516176683505,4.0,4.0
2023-11-25,15,3,ensemble,2023-12-16,27.0,31.999999999999982,4.455622551908211,4.999999999999982,2.0
2023-11-25,15,3,baseline,2023-12-16,27.0,29.0,1.729008314257055,2.0,2.0
2023-11-25,16,1,ensemble,2023-12-02,19.0,14.65101407976729,3.116583413445603,4.34898592023271,8.0
2023-11-25,16,1,baseline,2023-12-02,19.0,11.0,4.887198514528625,8.0,8.0
2023-11-25,16,2,ensemble,2023-12-09,46.0,15.968307971954346,18.835045689047373,30.031692028045654,35.0
2023-11-25,16,2,baseline,2023-12-09,46.0,11.0,22.23268575403145,35.0,35.0
2023-11-25,16,3,ensemble,2023-12-16,67.0,19.5,30.11644914797387,47.5,56.0
2023-11-25,16,3,baseline,2023-12-16,67.0,11.0,35.12788277056684,56.0,56.0
2023-11-25,17,1,ensemble,2023-12-02,165.0,96.395,38.89527753424756,68.605,93.0
2023-11-25,17,1,baseline,2023-12-02,165.0,70.0,61.794043278693636,95.0,93.0
2023-11-25,17,2,ensemble,2023-12-09,205.0,110.0,51.94993792958624,95.0,133.0
2023-11-25,17,2,baseline,2023-12-09,205.0,70.0,83.98448578077083,135.0,133.0
2023-11-25,17,3,ensemble,2023-12-16,254.0,123.83289115297384,73.55766066978708,130.16710884702616,182.0
2023-11-25,17,3,baseline,2023-12-16,254.0,70.0,113.74606819179058,184.0,182.0
2023-11-25,18,1,ensemble,2023-12-02,138.0,131.62886836696134,10.974247069089344,6.371131633038658,51.0
2023-11-25,18,1,baseline,2023-12-02,138.0,97.0,25.446720593705944,41.0,51.0
2023-11-25,18,2,ensemble,2023-12-09,146.0,141.75,15.163372516092787,4.25,59.0
2023-11-25,18,2,baseline,2023-12-09,146.0,97.0,29.33565663763159,49.0,59.0
2023-11-25,18,3,ensemble,2023-12-16,207.0,148.51,28.80023413825544,58.49000000000001,120.0
2023-11-25,18,3,baseline,2023-12-16,207.0,97.0,67.9698921569433,110.0,120.0
2023-11-25,19,1,ensemble,2023-12-02,44.0,20.0,14.6780037658595,24.0,30.0
2023-11-25,19,1,baseline,2023-12-02,44.0,14.0,20.556940185336636,30.0,30.0
2023-11-25,19,2,ensemble,2023-12-09,44.0,22.0,10.761842716416357,22.0,30.0
2023-11-25,19,2,baseline,2023-12-09,44.0,14.0,18.929125830519187,30.0,30.0
2023-11-25,19,3,ensemble,2023-12-16,50.0,25.5,11.651056334243206,24.5,36.0
2023-11-25,19,3,baseline,2023-12-16,50.0,14.0,21.970716213140403,36.0,36.0
2023-11-25,20,1,ensemble,2023-12-02,37.0,21.62333333333333,8.248667196597184,15.376666666666669,19.0
2023-11-25,20,1,baseline,2023-12-02,37.0,18.0,11.670904495218863,19.0,19.0
2023-11-25,20,2,ensemble,2023-12-09,37.0,24.593260665511508,6.214250185539786,12.406739334488492,19.0
2023-11-25,20,2,baseline,2023-12-09,37.0,18.0,10.858253712080598,19.0,19.0
2023-11-25,20,3,ensemble,2023-12-16,43.0,32.0,7.435136523789405,11.0,25.0
2023-11-25,20,3,baseline,2023-12-16,43.0,18.0,14.071779283292836,25.0,25.0
2023-11-25,21,1,ensemble,2023-12-02,58.0,28.2466,17.737899159345698,29.7534,40.0
2023-11-25,21,1,baseline,2023-12-02,58.0,19.0,23.6529092191574,39.0,40.0
2023-11-25,21,2,ensemble,2023-12-09,48.0,28.70886373519897,9.047774645491547,19.29113626480103,30.0
2023-11-25,21,2,baseline,2023-12-09,48.0,19.0,16.276015923507067,29.0,30.0
2023-11-25,21,3,ensemble,2023-12-16,87.0,30.1400093646251,34.81959816856846,56.8599906353749,69.0
2023-11-25,21,3,baseline,2023-12-16,87.0,19.0,37.29166712893215,68.0,69.0
2023-11-25,22,1,ensemble,2023-12-02,122.0,125.86623967761744,7.939969439947283,3.8662396776174432,26.0
2023-11-25,22,1,baseline,2023-12-02,122.0,96.0,15.729243243215041,26.0,26.0
2023-11-25,22,2,ensemble,2023-12-09,158.0,142.46210534921084,12.847764798364583,15.537894650789156,62.0
2023-11-25,22,2,baseline,2023-12-09,158.0,96.0,40.87309914590452,62.0,62.0
2023-11-25,22,3,ensemble,2023-12-16,179.0,157.3677,18.96774481627253,21.632299999999987,83.0
2023-11-25,22,3,baseline,2023-12-16,179.0,96.0,55.44095954439978,83.0,83.0
2023-11-25,23,1,ensemble,2023-12-02,9.0,4.0,2.4663767428956413,5.0,7.0
2023-11-25,23,1,baseline,2023-12-02,9.0,2.0,3.72790904841657,7.0,7.0
2023-11-25,23,2,ensemble,2023-12-09,15.0,4.48,5.227927814032979,10.52,13.0
2023-11-25,23,2,baseline,2023-12-09,15.0,2.0,7.0960645211886915,13.0,13.0
2023-11-25,23,3,ensemble,2023-12-16,20.0,5.432718360437528,7.823852104749959,14.567281639562472,18.0
2023-11-25,23,3,baseline,2023-12-16,20.0,2.0,9.1819891778483,18.0,18.0
2023-11-25,24,1,ensemble,2023-12-02,60.0,34.14,12.900099018532414,25.86,33.0
2023-11-25,24,1,baseline,2023-12-02,60.0,27.0,20.29589826115652,33.0,33.0
2023-11-25,24,2,ensemble,2023-12-09,78.0,37.332,20.031892060799258,40.668,51.0
2023-11-25,24,2,baseline,2023-12-09,78.0,27.0,30.634144372595895,51.0,51.0
2023-11-25,24,3,ensemble,2023-12-16,115.0,45.494,39.00446918531446,69.506,88.0
2023-11-25,24,3,baseline,2023-12-16,115.0,27.0,55.84261300995614,88.0,88.0
2023-11-25,25,1,ensemble,2023-12-02,88.0,52.0,20.748735564677155,36.0,57.0
2023-11-25,25,1,baseline,2023-12-02,88.0,38.0,31.071637284829382,50.0,57.0
2023-11-25,25,2,ensemble,2023-12-09,117.0,58.0,34.370421414266495,59.0,86.0
2023-11-25,25,2,baseline,2023-12-09,117.0,38.0,47.43522870122179,79.0,86.0
2023-11-25,25,3,ensemble,2023-12-16,191.0,63.5,84.95750009138645,127.5,160.0
2023-11-25,25,3,baseline,2023-12-16,191.0,38.0,96.30549101282318,153.0,160.0
2023-11-25,26,1,ensemble,2023-12-02,106.0,67.5,19.37406738118265,38.5,54.0
2023-11-25,26,1,baseline,2023-12-02,106.0,54.0,32.522546561509095,52.0,54.0
2023-11-25,26,2,ensemble,2023-12-09,169.0,75.04834039661455,49.9340635227115,93.95165960338545,117.0
2023-11-25,26,2,baseline,2023-12-09,169.0,54.0,71.49879103238857,115.0,117.0
2023-11-25,26,3,ensemble,2023-12-16,238.0,86.57990249380144,81.78252005228106,151.42009750619854,186.0
2023-11-25,26,3,baseline,2023-12-16,238.0,54.0,115.33050375453752,184.0,186.0
2023-11-25,27,1,ensemble,2023-12-02,34.0,22.0,5.840589063267849,12.0,19.0
2023-11-25,27,1,baseline,2023-12-02,34.0,15.0,11.62011220392639,19.0,19.0
2023-11-25,27,2,ensemble,2023-12-09,48.0,26.0,10.884658217437725,22.0,33.0
2023-11-25,27,2,baseline,2023-12-09,48.0,15.0,19.664382918220486,33.0,33.0
2023-11-25,27,3,ensemble,2023-12-16,78.0,30.0,26.485405779830504,48.0,63.0
2023-11-25,27,3,baseline,2023-12-16,78.0,15.0,37.00703908869524,63.0,63.0
2023-11-25,28,1,ensemble,2023-12-02,77.0,53.061,12.655444066771974,23.939,31.0
2023-11-25,28,1,baseline,2023-12-02,77.0,46.0,19.161920104961915,31.0,31.0
2023-11-25,28,2,ensemble,2023-12-09,71.0,56.0,8.828303503858768,15.0,25.0
2023-11-25,28,2,baseline,2023-12-09,71.0,46.0,13.97384432029102,25.0,25.0
2023-11-25,28,3,ensemble,2023-12-16,96.0,64.84405124901454,15.76373514758825,31.15594875098546,50.0
2023-11-25,28,3,baseline,2023-12-16,96.0,46.0,30.38458904623829,50.0,50.0
2023-11-25,29,1,ensemble,2023-12-02,85.0,50.065,19.731870545768285,34.935,45.0
2023-11-25,29,1,baseline,2023-12-02,85.0,42.0,27.39733385775155,43.0,45.0
2023-11-25,29,2,ensemble,2023-12-09,140.0,58.9,51.897190407758046,81.1,100.0
2023-11-25,29,2,baseline,2023-12-09,140.0,42.0,63.19020418856362,98.0,100.0
2023-11-25,29,3,ensemble,2023-12-16,154.0,62.35847632222594,53.247055542561334,91.64152367777406,114.0
2023-11-25,29,3,baseline,2023-12-16,154.0,42.0,68.28283455591074,112.0,114.0
2023-11-25,30,1,ensemble,2023-12-02,18.0,4.3108,8.714048036619761,13.6892,15.0
2023-11-25,30,1,baseline,2023-12-02,18.0,3.0,8.83783891873701,15.0,15.0
2023-11-25,30,2,ensemble,2023-12-09,21.0,4.999999999999997,9.465941816217738,16.000000000000004,18.0
2023-11-25,30,2,baseline,2023-12-09,21.0,3.0,9.976004870613917,18.0,18.0
2023-11-25,30,3,ensemble,2023-12-16,37.0,5.997474395230044,20.829069200174754,31.002525604769957,34.0
2023-11-25,30,3,baseline,2023-12-16,37.0,3.0,20.65620358705761,34.0,34.0
2023-11-25,31,1,ensemble,2023-12-02,8.0,6.235290207578071,1.3922672534404739,1.7647097924219288,4.0
2023-11-25,31,1,baseline,2023-12-02,8.0,4.0,2.359532144408401,4.0,4.0
2023-11-25,31,2,ensemble,2023-12-09,11.0,7.000000000000002,2.235240663324596,3.9999999999999982,7.0
2023-11-25,31,2,baseline,2023-12-09,11.0,4.0,3.7801834606389564,7.0,7.0
2023-11-25,31,3,ensemble,2023-12-16,13.0,6.698466757813709,3.0366555919434766,6.301533242186291,9.0
2023-11-25,31,3,baseline,2023-12-16,13.0,4.0,4.525051885257984,9.0,9.0
2023-11-25,32,1,ensemble,2023-12-02,47.0,44.0,4.830632695346624,3.0,17.0
2023-11-25,32,1,baseline,2023-12-02,47.0,30.0,9.780330328281542,17.0,17.0
2023-11-25,32,2,ensemble,2023-12-09,77.0,46.86,14.60580430626619,30.14,47.0
2023-11-25,32,2,baseline,2023-12-09,77.0,30.0,27.603986212775165,47.0,47.0
2023-11-25,32,3,ensemble,2023-12-16,118.0,54.215,32.981103400696206,63.785,88.0
2023-11-25,32,3,baseline,2023-12-16,118.0,30.0,55.41838273750128,88.0,88.0
2023-11-25,33,1,ensemble,2023-12-02,7.0,2.427,2.4988183128029395,4.573,5.0
2023-11-25,33,1,baseline,2023-12-02,7.0,2.0,2.5802915661330506,5.0,5.0
2023-11-25,33,2,ensemble,2023-12-09,15.0,2.9084576135735,8.480264006991346,12.0915423864265,13.0
2023-11-25,33,2,baseline,2023-12-09,15.0,2.0,7.004378578155344,13.0,13.0
2023-11-25,33,3,ensemble,2023-12-16,28.0,2.527,19.840514630377232,25.473,26.0
2023-11-25,33,3,baseline,2023-12-16,28.0,2.0,15.328990739298687,26.0,26.0
2023-11-25,34,1,ensemble,2023-12-02,129.0,39.8789210540172,63.84420912028336,89.1210789459828,96.0
2023-11-25,34,1,baseline,2023-12-02,129.0,33.0,63.0446440740929,96.0,96.0
2023-11-25,34,2,ensemble,2023-12-09,160.0,41.82670486426725,87.19215849522924,118.17329513573276,127.0
2023-11-25,34,2,baseline,2023-12-09,160.0,33.0,79.81103284954587,127.0,127.0
2023-11-25,34,3,ensemble,2023-12-16,305.0,43.05079588908372,228.03802146296076,261.9492041109163,272.0
2023-11-25,34,3,baseline,2023-12-16,305.0,33.0,194.30025504898532,272.0,272.0
2023-11-25,35,1,ensemble,2023-12-02,43.0,15.0787785192165,17.54301511942514,27.9212214807835,31.0
2023-11-25,35,1,baseline,2023-12-02,43.0,11.0,19.190640734994307,32.0,31.0
2023-11-25,35,2,ensemble,2023-12-09,89.0,17.3008678531498,54.66005812204473,71.6991321468502,77.0
2023-11-25,35,2,baseline,2023-12-09,89.0,11.0,50.598249703714416,78.0,77.0
2023-11-25,35,3,ensemble,2023-12-16,157.0,22.04393333333333,114.00582381217606,134.95606666666666,145.0
2023-11-25,35,3,baseline,2023-12-16,157.0,11.0,104.15969773530341,146.0,145.0
2023-11-25,36,1,ensemble,2023-12-02,345.0,151.0,131.96665020711526,194.0,222.0
2023-11-25,36,1,baseline,2023-12-02,345.0,118.0,153.80430158623324,227.0,222.0
2023-11-25,36,2,ensemble,2023-12-09,509.0,189.99999999999997,231.47969560612353,319.0,386.0
2023-11-25,36,2,baseline,2023-12-09,509.0,118.0,271.9472232500368,391.0,386.0
2023-11-25,36,3,ensemble,2023-12-16,744.0,245.34973272010447,372.75132211177515,498.6502672798955,621.0
2023-11-25,36,3,baseline,2023-12-16,744.0,118.0,473.57593802727166,626.0,621.0
2023-11-25,37,1,ensemble,2023-12-02,213.0,114.03,58.84627337901313,98.97,125.0
2023-11-25,37,1,baseline,2023-12-02,213.0,88.0,90.38756697912626,125.0,125.0
2023-11-25,37,2,ensemble,2023-12-09,313.0,135.0,106.19150055046568,178.0,225.0
2023-11-25,37,2,baseline,2023-12-09,313.0,88.0,172.90676325811083,225.0,225.0
2023-11-25,37,3,ensemble,2023-12-16,402.0,146.57999999999998,156.40900121887697,255.42000000000002,314.0
2023-11-25,37,3,baseline,2023-12-16,402.0,88.0,253.63739704614446,314.0,314.0
2023-11-25,38,1,ensemble,2023-12-02,17.0,8.0,5.164726606945444,9.0,10.0
2023-11-25,38,1,baseline,2023-12-02,17.0,7.0,6.209468393510018,10.0,10.0
2023-11-25,38,2,ensemble,2023-12-09,11.0,9.0,1.8514200166033783,2.0,4.0
2023-11-25,38,2,baseline,2023-12-09,11.0,7.0,2.3214585427810803,4.0,4.0
2023-11-25,38,3,ensemble,2023-12-16,16.0,9.74714801946118,3.248674216714834,6.25285198053882,9.0
2023-11-25,38,3,baseline,2023-12-16,16.0,7.0,4.851325206643369,9.0,9.0
2023-11-25,39,1,ensemble,2023-12-02,134.0,76.96,33.299512575580046,57.040000000000006,78.0
2023-11-25,39,1,baseline,2023-12-02,134.0,58.0,50.178139222653066,76.0,78.0
2023-11-25,39,2,ensemble,2023-12-09,161.0,87.26,45.36418792348506,73.74,105.0
2023-11-25,39,2,baseline,2023-12-09,161.0,58.0,65.91250537807554,103.0,105.0
2023-11-25,39,3,ensemble,2023-12-16,239.0,99.61005630493165,81.68862771656234,139.38994369506835,183.0
2023-11-25,39,3,baseline,2023-12-16,239.0,58.0,118.27423926269694,181.0,183.0
2023-11-25,40,1,ensemble,2023-12-02,71.0,41.60666666666666,13.822260393162972,29.393333333333338,34.0
2023-11-25,40,1,baseline,2023-12-02,71.0,36.0,20.68675493694068,35.0,34.0
2023-11-25,40,2,ensemble,2023-12-09,61.0,41.58625694889466,10.242578012306675,19.413743051105342,24.0
2023-11-25,40,2,baseline,2023-12-09,61.0,36.0,14.847370852425922,25.0,24.0
2023-11-25,40,3,ensemble,2023-12-16,85.0,57.228,16.02789150253096,27.772,48.0
2023-11-25,40,3,baseline,2023-12-16,85.0,36.0,26.92894540734537,49.0,48.0
2023-11-25,41,1,ensemble,2023-12-02,17.0,19.0,2.485129552599542,2.0,0.0
2023-11-25,41,1,baseline,2023-12-02,17.0,15.0,3.1178792631404586,2.0,0.0
2023-11-25,41,2,ensemble,2023-12-09,43.0,21.293957709118253,12.37137607360819,21.706042290881747,26.0
2023-11-25,41,2,baseline,2023-12-09,43.0,15.0,17.270009672488023,28.0,26.0
2023-11-25,41,3,ensemble,2023-12-16,45.0,26.24771839868257,9.41175959627336,18.75228160131743,28.0
2023-11-25,41,3,baseline,2023-12-16,45.0,15.0,17.822156777850395,30.0,28.0
2023-11-25,42,1,ensemble,2023-12-02,217.0,106.0,64.25157389583707,111.0,128.0
2023-11-25,42,1,baseline,2023-12-02,217.0,89.0,85.24161616566164,128.0,128.0
2023-11-25,42,2,ensemble,2023-12-09,284.0,116.0,100.85483247477124,168.0,195.0
2023-11-25,42,2,baseline,2023-12-09,284.0,89.0,128.2220752955356,195.0,195.0
2023-11-25,42,3,ensemble,2023-12-16,395.0,136.8053932866997,173.6325161975114,258.1946067133003,306.0
2023-11-25,42,3,baseline,2023-12-16,395.0,89.0,206.13466026362445,306.0,306.0
2023-11-25,44,1,ensemble,2023-12-02,6.0,1.3,2.8194334357481443,4.7,6.0
2023-11-25,44,1,baseline,2023-12-02,6.0,0.0,3.6546560006469644,6.0,6.0
2023-11-25,44,2,ensemble,2023-12-09,6.0,1.5,2.321579014975129,4.5,6.0
2023-11-25,44,2,baseline,2023-12-09,6.0,0.0,3.1604321560172126,6.0,6.0
2023-11-25,44,3,ensemble,2023-12-16,24.0,1.3677485631584358,17.617092950777867,22.632251436841564,24.0
2023-11-25,44,3,baseline,2023-12-16,24.0,0.0,16.116506965026172,24.0,24.0
2023-11-25,45,1,ensemble,2023-12-02,133.0,75.9453679952486,35.57186216241676,57.0546320047514,69.0
2023-11-25,45,1,baseline,2023-12-02,133.0,64.0,50.31822958303496,69.0,69.0
2023-11-25,45,2,ensemble,2023-12-09,177.0,78.69425,62.54474875982384,98.30575,113.0
2023-11-25,45,2,baseline,2023-12-09,177.0,64.0,87.564775525364,113.0,113.0
2023-11-25,45,3,ensemble,2023-12-16,264.0,78.36071305968507,125.29773480119711,185.63928694031495,200.0
2023-11-25,45,3,baseline,2023-12-16,264.0,64.0,170.93019289873334,200.0,200.0
2023-11-25,46,1,ensemble,2023-12-02,7.0,2.4,2.6194250742470575,4.6,6.0
2023-11-25,46,1,baseline,2023-12-02,7.0,1.0,3.0286099545560696,6.0,6.0
2023-11-25,46,2,ensemble,2023-12-09,6.0,2.9853,1.725511191608603,3.0147,5.0
2023-11-25,46,2,baseline,2023-12-09,6.0,1.0,2.320192325988477,5.0,5.0
2023-11-25,46,3,ensemble,2023-12-16,13.0,2.6860281180129237,6.594889605033636,10.313971881987076,12.0
2023-11-25,46,3,baseline,2023-12-16,13.0,1.0,5.619089736701715,12.0,12.0
2023-11-25,47,1,ensemble,2023-12-02,98.0,74.0,13.032922702600658,24.0,41.0
2023-11-25,47,1,baseline,2023-12-02,98.0,66.0,19.029421248038567,32.0,41.0
2023-11-25,47,2,ensemble,2023-12-09,153.0,77.70876884460449,42.84978441575315,75.29123115539551,96.0
2023-11-25,47,2,baseline,2023-12-09,153.0,66.0,55.53221416196775,87.0,96.0
2023-11-25,47,3,ensemble,2023-12-16,180.0,83.37196763705322,54.29604552144356,96.62803236294678,123.0
2023-11-25,47,3,baseline,2023-12-16,180.0,66.0,71.73991988439448,114.0,123.0
2023-11-25,48,1,ensemble,2023-12-02,546.0,477.28,41.40634664452074,68.72000000000003,173.0
2023-11-25,48,1,baseline,2023-12-02,546.0,433.0,66.4162645341671,113.0,173.0
2023-11-25,48,2,ensemble,2023-12-09,590.0,507.105,53.24957443564883,82.89499999999998,217.0
2023-11-25,48,2,baseline,2023-12-09,590.0,433.0,89.22816943758566,157.0,217.0
2023-11-25,48,3,ensemble,2023-12-16,910.0,514.32,200.99151684958278,395.67999999999995,537.0
2023-11-25,48,3,baseline,2023-12-16,910.0,433.0,309.762021662108,477.0,537.0
2023-11-25,49,1,ensemble,2023-12-02,17.0,8.5,4.083252364857449,8.5,10.0
2023-11-25,49,1,baseline,2023-12-02,17.0,7.0,5.8217632865459095,10.0,10.0
2023-11-25,49,2,ensemble,2023-12-09,17.0,9.677000976735997,3.574866821114483,7.322999023264003,10.0
2023-11-25,49,2,baseline,2023-12-09,17.0,7.0,5.339494054788372,10.0,10.0
2023-11-25,49,3,ensemble,2023-12-16,24.0,9.925287127380638,7.179290926097,14.074712872619362,17.0
2023-11-25,49,3,baseline,2023-12-16,24.0,7.0,9.335966415511985,17.0,17.0
2023-11-25,50,1,ensemble,2023-12-02,3.0,6.0,1.7250283181328683,3.0,2.0
2023-11-25,50,1,baseline,2023-12-02,3.0,5.0,1.215454811330722,2.0,2.0
2023-11-25,50,2,ensemble,2023-12-09,8.0,8.0,1.4067464649755126,0.0,3.0
2023-11-25,50,2,baseline,2023-12-09,8.0,5.0,1.7233287989836412,3.0,3.0
2023-11-25,50,3,ensemble,2023-12-16,8.0,8.25,1.785377057873496,0.25,3.0
2023-11-25,50,3,baseline,2023-12-16,8.0,5.0,1.8184084292364655,3.0,3.0
2023-11-25,51,1,ensemble,2023-12-02,143.0,114.11,15.667443175301848,28.89,43.0
2023-11-25,51,1,baseline,2023-12-02,143.0,101.0,25.746577309729627,42.0,43.0
2023-11-25,51,2,ensemble,2023-12-09,157.0,122.215,19.084429867582674,34.785,57.0
2023-11-25,51,2,baseline,2023-12-09,157.0,101.0,33.61404068053724,56.0,57.0
2023-11-25,51,3,ensemble,2023-12-16,229.0,134.0,48.88420492742944,95.0,129.0
2023-11-25,51,3,baseline,2023-12-16,229.0,101.0,82.905158158712,128.0,129.0
2023-11-25,53,1,ensemble,2023-12-02,74.0,47.5,13.811960789125743,26.5,41.0
2023-11-25,53,1,baseline,2023-12-02,74.0,36.0,23.752923494539292,38.0,41.0
2023-11-25,53,2,ensemble,2023-12-09,83.0,55.0,15.750347262148436,28.0,50.0
2023-11-25,53,2,baseline,2023-12-09,83.0,36.0,28.3781580885374,47.0,50.0
2023-11-25,53,3,ensemble,2023-12-16,109.0,60.3335,24.550999006489405,48.6665,76.0
2023-11-25,53,3,baseline,2023-12-16,109.0,36.0,43.329420093548755,73.0,76.0
2023-11-25,54,1,ensemble,2023-12-02,17.0,12.0,2.6756463241938118,5.0,9.0
2023-11-25,54,1,baseline,2023-12-02,17.0,8.0,4.973672306983942,9.0,9.0
2023-11-25,54,2,ensemble,2023-12-09,20.0,13.0,3.465169391852525,7.0,12.0
2023-11-25,54,2,baseline,2023-12-09,20.0,8.0,6.4968307868296105,12.0,12.0
2023-11-25,54,3,ensemble,2023-12-16,33.0,13.572685412381173,10.59772953953833,19.427314587618827,25.0
2023-11-25,54,3,baseline,2023-12-16,33.0,8.0,13.037942305183915,25.0,25.0
2023-11-25,55,1,ensemble,2023-12-02,59.0,22.0,23.130249825995712,37.0,44.0
2023-11-25,55,1,baseline,2023-12-02,59.0,15.0,28.939323154427196,44.0,44.0
2023-11-25,55,2,ensemble,2023-12-09,99.0,24.91,53.063951066235916,74.09,84.0
2023-11-25,55,2,baseline,2023-12-09,99.0,15.0,56.20212629956735,84.0,84.0
2023-11-25,55,3,ensemble,2023-12-16,122.0,27.95,63.34163953801171,94.05,107.0
2023-11-25,55,3,baseline,2023-12-16,122.0,15.0,70.68522916074811,107.0,107.0
2023-11-25,56,1,ensemble,2023-12-02,24.0,9.0,9.114650767506436,15.0,15.0
2023-11-25,56,1,baseline,2023-12-02,24.0,8.0,11.378694657533545,16.0,15.0
2023-11-25,56,2,ensemble,2023-12-09,48.0,10.999999999999996,28.38210157785803,37.0,39.0
2023-11-25,56,2,baseline,2023-12-09,48.0,8.0,31.28053164151207,40.0,39.0
2023-11-25,56,3,ensemble,2023-12-16,49.0,11.240929313719684,26.874319018873916,37.75907068628032,40.0
2023-11-25,56,3,baseline,2023-12-16,49.0,8.0,30.962374037479524,41.0,40.0
2023-12-02,01,1,ensemble,2023-12-09,111.0,88.29050000000001,12.573698129383699,22.70949999999999,38.0
2023-12-02,01,1,baseline,2023-12-09,111.0,71.0,25.56511150915858,40.0,38.0
2023-12-02,01,2,ensemble,2023-12-16,151.0,90.16131197030272,31.053845997550535,60.83868802969728,78.0
2023-12-02,01,2,baseline,2023-12-16,151.0,71.0,52.549128063867585,80.0,78.0
2023-12-02,01,3,ensemble,2023-12-23,278.0,105.11984246800948,122.82547145421597,172.8801575319905,205.0
2023-12-02,01,3,baseline,2023-12-23,278.0,71.0,164.70038808059823,207.0,205.0
2023-12-02,02,1,ensemble,2023-12-09,14.0,16.425,2.480816608619644,2.4250000000000007,0.0
2023-12-02,02,1,baseline,2023-12-09,14.0,14.0,1.3844841271021409,0.0,0.0
2023-12-02,02,2,ensemble,2023-12-16,4.0,17.0,7.182875775506252,13.0,10.0
2023-12-02,02,2,baseline,2023-12-16,4.0,14.0,5.644695269735305,10.0,10.0
2023-12-02,02,3,ensemble,2023-12-23,5.0,16.99,5.83917812107767,11.989999999999998,9.0
2023-12-02,02,3,baseline,2023-12-23,5.0,14.0,4.960675941542023,9.0,9.0
2023-12-02,04,1,ensemble,2023-12-09,394.0,271.5132,65.42717390667568,122.48680000000002,182.0
2023-12-02,04,1,baseline,2023-12-09,394.0,210.0,129.66826795063602,184.0,182.0
2023-12-02,04,2,ensemble,2023-12-16,606.0,313.0,175.63435593728772,293.0,394.0
2023-12-02,04,2,baseline,2023-12-16,606.0,210.0,319.0873839554917,396.0,394.0
2023-12-02,04,3,ensemble,2023-12-23,962.0,322.0,466.1528790156635,640.0,750.0
2023-12-02,04,3,baseline,2023-12-23,962.0,210.0,663.245899523952,752.0,750.0
2023-12-02,05,1,ensemble,2023-12-09,41.0,31.46800303572689,5.130040755712553,9.531996964273109,14.0
2023-12-02,05,1,baseline,2023-12-09,41.0,28.0,7.5097502396328295,13.0,14.0
2023-12-02,05,2,ensemble,2023-12-16,53.0,35.205736582716995,9.918706651485781,17.794263417283005,26.0
2023-12-02,05,2,baseline,2023-12-16,53.0,28.0,13.767993596718584,25.0,26.0
2023-12-02,05,3,ensemble,2023-12-23,96.0,38.620000000000005,38.16385613325621,57.379999999999995,69.0
2023-12-02,05,3,baseline,2023-12-23,96.0,28.0,40.4398603885169,68.0,69.0
2023-12-02,06,1,ensemble,2023-12-09,807.0,568.5244658968934,124.60057136382419,238.4755341031066,370.0
2023-12-02,06,1,baseline,2023-12-09,807.0,420.0,269.6713530042473,387.0,370.0
2023-12-02,06,2,ensemble,2023-12-16,996.0,630.1316658393225,186.10535957657703,365.8683341606775,559.0
2023-12-02,06,2,baseline,2023-12-16,996.0,420.0,385.37725499876717,576.0,559.0
2023-12-02,06,3,ensemble,2023-12-23,1632.0,661.5121765136719,608.4382906408973,970.4878234863281,1195.0
2023-12-02,06,3,baseline,2023-12-23,1632.0,420.0,927.5217703329208,1212.0,1195.0
2023-12-02,08,1,ensemble,2023-12-09,153.0,206.8235,26.088061381761168,53.823499999999996,16.0
2023-12-02,08,1,baseline,2023-12-09,153.0,137.0,9.9097539381046,16.0,16.0
2023-12-02,08,2,ensemble,2023-12-16,220.0,235.49999999999997,20.81954529588892,15.499999999999972,83.0
2023-12-02,08,2,baseline,2023-12-16,220.0,137.0,52.64146130772176,83.0,83.0
2023-12-02,08,3,ensemble,2023-12-23,252.0,258.14475,23.948856862519442,6.144749999999988,115.0
2023-12-02,08,3,baseline,2023-12-23,252.0,137.0,76.00641798252764,115.0,115.0
2023-12-02,09,1,ensemble,2023-12-09,74.0,41.0,17.909413619023937,33.0,41.0
2023-12-02,09,1,baseline,2023-12-09,74.0,33.0,26.892120943535524,41.0,41.0
2023-12-02,09,2,ensemble,2023-12-16,120.0,46.0,44.08945388777489,74.0,87.0
2023-12-02,09,2,baseline,2023-12-16,120.0,33.0,59.48726454508023,87.0,87.0
2023-12-02,09,3,ensemble,2023-12-23,115.0,49.25,33.338166240239836,65.75,82.0
2023-12-02,09,3,baseline,2023-12-23,115.0,33.0,52.73541824403027,82.0,82.0
2023-12-02,10,1,ensemble,2023-12-09,10.0,3.0,4.475390213012025,7.0,9.0
2023-12-02,10,1,baseline,2023-12-09,10.0,2.0,4.697367092714404,8.0,9.0
2023-12-02,10,2,ensemble,2023-12-16,18.0,3.65,10.479614105100051,14.35,17.0
2023-12-02,10,2,baseline,2023-12-16,18.0,2.0,9.564299774823827,16.0,17.0
2023-12-02,10,3,ensemble,2023-12-23,24.0,4.0,14.860966803796702,20.0,23.0
2023-12-02,10,3,baseline,2023-12-23,24.0,2.0,12.779734225450948,22.0,23.0
2023-12-02,11,1,ensemble,2023-12-09,14.0,8.0,2.855788073657018,6.0,6.0
2023-12-02,11,1,baseline,2023-12-09,14.0,8.0,3.6091603646471246,6.0,6.0
2023-12-02,11,2,ensemble,2023-12-16,20.0,9.0,5.944122733692313,11.0,12.0
2023-12-02,11,2,baseline,2023-12-16,20.0,8.0,7.3920459340245595,12.0,12.0
2023-12-02,11,3,ensemble,2023-12-23,46.0,10.140797420460546,27.80816195049561,35.859202579539456,38.0
2023-12-02,11,3,baseline,2023-12-23,46.0,8.0,29.96108612194817,38.0,38.0
2023-12-02,12,1,ensemble,2023-12-09,763.0,793.171433243132,48.238386232182286,30.171433243132014,62.0
2023-12-02,12,1,baseline,2023-12-09,763.0,694.0,39.234093388651274,69.0,62.0
2023-12-02,12,2,ensemble,2023-12-16,844.0,864.0,61.56424704958527,20.0,143.0
2023-12-02,12,2,baseline,2023-12-16,844.0,694.0,84.68897565160434,150.0,143.0
2023-12-02,12,3,ensemble,2023-12-23,989.0,843.0,99.28265357402306,146.0,288.0
2023-12-02,12,3,baseline,2023-12-23,989.0,694.0,187.44363343446489,295.0,288.0
2023-12-02,13,1,ensemble,2023-12-09,261.0,146.2438793182373,60.35959140263759,114.7561206817627,105.0
2023-12-02,13,1,baseline,2023-12-09,261.0,140.0,99.71432922511838,121.0,105.0
2023-12-02,13,2,ensemble,2023-12-16,442.0,153.5204309027503,191.3919622751846,288.47956909724974,286.0
2023-12-02,13,2,baseline,2023-12-16,442.0,140.0,276.14032723429403,302.0,286.0
2023-12-02,13,3,ensemble,2023-12-23,746.0,159.40485763549805,461.2517396854773,586.595142364502,590.0
2023-12-02,13,3,baseline,2023-12-23,746.0,140.0,576.0589459765032,606.0,590.0
2023-12-02,15,1,ensemble,2023-12-09,33.0,28.0,3.182586580357008,5.0,7.0
2023-12-02,15,1,baseline,2023-12-09,33.0,26.0,4.159493734459081,7.0,7.0
2023-12-02,15,2,ensemble,2023-12-16,27.0,30.5,3.46089205570724,3.5,1.0
2023-12-02,15,2,baseline,2023-12-16,27.0,26.0,1.3216706867720853,1.0,1.0
2023-12-02,15,3,ensemble,2023-12-23,28.0,31.0,3.399942503521547,3.0,2.0
2023-12-02,15,3,baseline,2023-12-23,28.0,26.0,1.7318998190199297,2.0,2.0
2023-12-02,16,1,ensemble,2023-12-09,46.0,11.43775,26.7002737082478,34.56225,38.0
2023-12-02,16,1,baseline,2023-12-09,46.0,8.0,26.331909355810946,38.0,38.0
2023-12-02,16,2,ensemble,2023-12-16,67.0,12.72,43.25248400895935,54.28,59.0
2023-12-02,16,2,baseline,2023-12-16,67.0,8.0,39.93015186145336,59.0,59.0
2023-12-02,16,3,ensemble,2023-12-23,115.0,13.995,87.20855700330921,101.005,107.0
2023-12-02,16,3,baseline,2023-12-23,115.0,8.0,75.50226904449482,107.0,107.0
2023-12-02,17,1,ensemble,2023-12-09,205.0,139.40762615203855,37.13391009937145,65.59237384796145,103.0
2023-12-02,17,1,baseline,2023-12-09,205.0,100.0,69.8641987196394,105.0,103.0
2023-12-02,17,2,ensemble,2023-12-16,254.0,154.4564552307129,50.56934034256837,99.54354476928711,152.0
2023-12-02,17,2,baseline,2023-12-16,254.0,100.0,99.10433194547163,154.0,152.0
2023-12-02,17,3,ensemble,2023-12-23,464.0,164.07067489624023,184.47051246314194,299.92932510375977,362.0
2023-12-02,17,3,baseline,2023-12-23,464.0,100.0,262.4324382853394,364.0,362.0
2023-12-02,18,1,ensemble,2023-12-09,146.0,134.0,11.765329574526637,12.0,62.0
2023-12-02,18,1,baseline,2023-12-09,146.0,99.0,29.644398856923356,47.0,62.0
2023-12-02,18,2,ensemble,2023-12-16,207.0,141.59,31.615800099929224,65.41,123.0
2023-12-02,18,2,baseline,2023-12-16,207.0,99.0,71.2406565353697,108.0,123.0
2023-12-02,18,3,ensemble,2023-12-23,286.0,152.06,73.87085736763133,133.94,202.0
2023-12-02,18,3,baseline,2023-12-23,286.0,99.0,125.11408503504597,187.0,202.0
2023-12-02,19,1,ensemble,2023-12-09,44.0,33.5,5.866482893734634,10.5,17.0
2023-12-02,19,1,baseline,2023-12-09,44.0,26.0,11.696062914172616,18.0,17.0
2023-12-02,19,2,ensemble,2023-12-16,50.0,38.0,7.297894053878874,12.0,23.0
2023-12-02,19,2,baseline,2023-12-16,50.0,26.0,15.003214469209905,24.0,23.0
2023-12-02,19,3,ensemble,2023-12-23,90.0,45.734,25.914564477354716,44.266,63.0
2023-12-02,19,3,baseline,2023-12-23,90.0,26.0,41.81155775320793,64.0,63.0
2023-12-02,20,1,ensemble,2023-12-09,37.0,24.6825,6.201563307478533,12.317499999999999,7.0
2023-12-02,20,1,baseline,2023-12-09,37.0,20.0,10.258419293301628,17.0,7.0
2023-12-02,20,2,ensemble,2023-12-16,43.0,27.75,7.7896941762066785,15.25,13.0
2023-12-02,20,2,baseline,2023-12-16,43.0,20.0,13.57003375042446,23.0,13.0
2023-12-02,20,3,ensemble,2023-12-23,91.0,30.0,36.85440068491176,61.0,61.0
2023-12-02,20,3,baseline,2023-12-23,91.0,20.0,47.26395526253092,71.0,61.0
2023-12-02,21,1,ensemble,2023-12-09,48.0,43.30399546889455,4.864166807398762,4.6960045311054515,11.0
2023-12-02,21,1,baseline,2023-12-09,48.0,37.0,7.744892612926132,11.0,11.0
2023-12-02,21,2,ensemble,2023-12-16,87.0,48.285,20.738001635836024,38.715,50.0
2023-12-02,21,2,baseline,2023-12-16,87.0,37.0,29.030434498410205,50.0,50.0
2023-12-02,21,3,ensemble,2023-12-23,137.0,49.80976415395671,52.02580138511202,87.1902358460433,100.0
2023-12-02,21,3,baseline,2023-12-23,137.0,37.0,59.13784566808713,100.0,100.0
2023-12-02,22,1,ensemble,2023-12-09,158.0,145.034,10.680502438913134,12.966000000000008,39.0
2023-12-02,22,1,baseline,2023-12-09,158.0,119.0,25.26754704155737,39.0,39.0
2023-12-02,22,2,ensemble,2023-12-16,179.0,171.04250000000002,14.099660579553909,7.957499999999982,60.0
2023-12-02,22,2,baseline,2023-12-16,179.0,119.0,39.269494527727886,60.0,60.0
2023-12-02,22,3,ensemble,2023-12-23,307.0,167.0,81.12538635857284,140.0,188.0
2023-12-02,22,3,baseline,2023-12-23,307.0,119.0,155.5526692061704,188.0,188.0
2023-12-02,23,1,ensemble,2023-12-09,15.0,20.0,3.4376025364828755,5.0,6.0
2023-12-02,23,1,baseline,2023-12-09,15.0,19.0,2.780359847641954,4.0,6.0
2023-12-02,23,2,ensemble,2023-12-16,20.0,23.0,4.222281023189593,3.0,11.0
2023-12-02,23,2,baseline,2023-12-16,20.0,19.0,2.7029923413364565,1.0,11.0
2023-12-02,23,3,ensemble,2023-12-23,16.0,25.0,6.686735061957671,9.0,7.0
2023-12-02,23,3,baseline,2023-12-23,16.0,19.0,3.7336437085457796,3.0,7.0
2023-12-02,24,1,ensemble,2023-12-09,78.0,30.772,32.221489503943914,47.228,56.0
2023-12-02,24,1,baseline,2023-12-09,78.0,22.0,37.296943078126425,56.0,56.0
2023-12-02,24,2,ensemble,2023-12-16,115.0,32.708,60.51231001933944,82.292,93.0
2023-12-02,24,2,baseline,2023-12-16,115.0,22.0,63.09284207407293,93.0,93.0
2023-12-02,24,3,ensemble,2023-12-23,207.0,38.0,143.18842035586,169.0,185.0
2023-12-02,24,3,baseline,2023-12-23,207.0,22.0,148.6219737019979,185.0,185.0
2023-12-02,25,1,ensemble,2023-12-09,117.0,82.0695,17.002702776582538,34.930499999999995,66.0
2023-12-02,25,1,baseline,2023-12-09,117.0,67.0,31.32408789777029,50.0,66.0
2023-12-02,25,2,ensemble,2023-12-16,191.0,99.0,57.74616957074567,92.0,140.0
2023-12-02,25,2,baseline,2023-12-16,191.0,67.0,80.58895914224362,124.0,140.0
2023-12-02,25,3,ensemble,2023-12-23,298.0,115.0,128.98437323802204,183.0,247.0
2023-12-02,25,3,baseline,2023-12-23,298.0,67.0,158.15733937193727,231.0,247.0
2023-12-02,26,1,ensemble,2023-12-09,169.0,128.89,21.823509490428048,40.110000000000014,81.0
2023-12-02,26,1,baseline,2023-12-09,169.0,87.0,54.10205518563879,82.0,81.0
2023-12-02,26,2,ensemble,2023-12-16,238.0,145.48000000000002,46.30483154564882,92.51999999999998,150.0
2023-12-02,26,2,baseline,2023-12-16,238.0,87.0,98.03126022221092,151.0,150.0
2023-12-02,26,3,ensemble,2023-12-23,245.0,160.94,41.67475308423113,84.06,157.0
2023-12-02,26,3,baseline,2023-12-23,245.0,87.0,97.14418113731139,158.0,157.0
2023-12-02,27,1,ensemble,2023-12-09,48.0,37.59,5.689964828982,10.409999999999997,24.0
2023-12-02,27,1,baseline,2023-12-09,48.0,28.0,12.411580217976091,20.0,24.0
2023-12-02,27,2,ensemble,2023-12-16,78.0,46.9775,16.00482370122124,31.0225,54.0
2023-12-02,27,2,baseline,2023-12-16,78.0,28.0,31.08909463981596,50.0,54.0
2023-12-02,27,3,ensemble,2023-12-23,110.0,53.5,31.821667984686254,56.5,86.0
2023-12-02,27,3,baseline,2023-12-23,110.0,28.0,50.542167558740815,82.0,86.0
2023-12-02,28,1,ensemble,2023-12-09,71.0,48.20490894317627,11.268110515957895,22.79509105682373,24.0
2023-12-02,28,1,baseline,2023-12-09,71.0,41.0,18.45068976763681,30.0,24.0
2023-12-02,28,2,ensemble,2023-12-16,96.0,51.63999999999999,25.106423064442172,44.36000000000001,49.0
2023-12-02,28,2,baseline,2023-12-16,96.0,41.0,35.631860034839484,55.0,49.0
2023-12-02,28,3,ensemble,2023-12-23,200.0,53.0,113.243881561047,147.0,153.0
2023-12-02,28,3,baseline,2023-12-23,200.0,41.0,129.99446329515476,159.0,153.0
2023-12-02,29,1,ensemble,2023-12-09,140.0,73.0,42.19547267949779,67.0,82.0
2023-12-02,29,1,baseline,2023-12-09,140.0,57.0,57.089878199129764,83.0,82.0
2023-12-02,29,2,ensemble,2023-12-16,154.0,86.5,39.55634027039393,67.5,96.0
2023-12-02,29,2,baseline,2023-12-16,154.0,57.0,62.78187488587928,97.0,96.0
2023-12-02,29,3,ensemble,2023-12-23,224.0,97.23787021636964,83.94136901615589,126.76212978363036,166.0
2023-12-02,29,3,baseline,2023-12-23,224.0,57.0,109.56809354997895,167.0,166.0
2023-12-02,30,1,ensemble,2023-12-09,21.0,7.393176479404405,8.905528438355526,13.606823520595595,15.0
2023-12-02,30,1,baseline,2023-12-09,21.0,6.0,9.04298842218857,15.0,15.0
2023-12-02,30,2,ensemble,2023-12-16,37.0,7.6825,21.281271961036424,29.3175,31.0
2023-12-02,30,2,baseline,2023-12-16,37.0,6.0,19.62135279683232,31.0,31.0
2023-12-02,30,3,ensemble,2023-12-23,78.0,8.544,57.88640338673082,69.456,72.0
2023-12-02,30,3,baseline,2023-12-23,78.0,6.0,56.864432363388865,72.0,72.0
2023-12-02,31,1,ensemble,2023-12-09,11.0,8.968,1.7247828121496653,2.032,3.0
2023-12-02,31,1,baseline,2023-12-09,11.0,8.0,2.340303733406899,3.0,3.0
2023-12-02,31,2,ensemble,2023-12-16,13.0,9.8667416795495,2.2151833017682008,3.1332583204504996,5.0
2023-12-02,31,2,baseline,2023-12-16,13.0,8.0,3.263675716104988,5.0,5.0
2023-12-02,31,3,ensemble,2023-12-23,53.0,10.11755,29.87577025450806,42.88245,45.0
2023-12-02,31,3,baseline,2023-12-23,53.0,8.0,27.92047552169,45.0,45.0
2023-12-02,32,1,ensemble,2023-12-09,77.0,55.61265110969544,10.844300422203988,21.38734889030456,38.0
2023-12-02,32,1,baseline,2023-12-09,77.0,41.0,22.267537419352447,36.0,38.0
2023-12-02,32,2,ensemble,2023-12-16,118.0,66.45580506057739,30.420056718733992,51.54419493942261,79.0
2023-12-02,32,2,baseline,2023-12-16,118.0,41.0,50.10797372228068,77.0,79.0
2023-12-02,32,3,ensemble,2023-12-23,158.0,75.61031489524842,54.45062552195003,82.38968510475158,119.0
2023-12-02,32,3,baseline,2023-12-23,158.0,41.0,79.61931084734762,117.0,119.0
2023-12-02,33,1,ensemble,2023-12-09,15.0,2.7478,8.97163506457584,12.2522,14.0
2023-12-02,33,1,baseline,2023-12-09,15.0,1.0,8.355775431036916,14.0,14.0
2023-12-02,33,2,ensemble,2023-12-16,28.0,3.0,20.405116890006564,25.0,27.0
2023-12-02,33,2,baseline,2023-12-16,28.0,1.0,17.233890484948326,27.0,27.0
2023-12-02,33,3,ensemble,2023-12-23,41.0,3.205,33.02664193035856,37.795,40.0
2023-12-02,33,3,baseline,2023-12-23,41.0,1.0,26.204920318920585,40.0,40.0
2023-12-02,34,1,ensemble,2023-12-09,160.0,88.61494464280233,42.02524362194042,71.38505535719767,85.0
2023-12-02,34,1,baseline,2023-12-09,160.0,75.0,55.4369248070959,85.0,85.0
2023-12-02,34,2,ensemble,2023-12-16,305.0,102.619,154.25037515712043,202.381,230.0
2023-12-02,34,2,baseline,2023-12-16,305.0,75.0,166.9214751977085,230.0,230.0
2023-12-02,34,3,ensemble,2023-12-23,490.0,111.59,311.6288266254695,378.40999999999997,415.0
2023-12-02,34,3,baseline,2023-12-23,490.0,75.0,335.668894957884,415.0,415.0
2023-12-02,35,1,ensemble,2023-12-09,89.0,23.96579379861708,51.957131015278016,65.03420620138291,68.0
2023-12-02,35,1,baseline,2023-12-09,89.0,19.0,48.503122906142124,70.0,68.0
2023-12-02,35,2,ensemble,2023-12-16,157.0,29.455,110.95391775989208,127.545,136.0
2023-12-02,35,2,baseline,2023-12-16,157.0,19.0,102.35759301138664,138.0,136.0
2023-12-02,35,3,ensemble,2023-12-23,232.0,30.4078,177.37861418547965,201.5922,211.0
2023-12-02,35,3,baseline,2023-12-23,232.0,19.0,169.94980174056084,213.0,211.0
2023-12-02,36,1,ensemble,2023-12-09,509.0,238.0,207.45690000000002,271.0,331.0
2023-12-02,36,1,baseline,2023-12-09,509.0,164.0,251.71585662691402,345.0,331.0
2023-12-02,36,2,ensemble,2023-12-16,744.0,288.0,347.09116744481133,456.0,566.0
2023-12-02,36,2,baseline,2023-12-16,744.0,164.0,449.62245179651796,580.0,566.0
2023-12-02,36,3,ensemble,2023-12-23,935.0,336.0,454.66289067263114,599.0,757.0
2023-12-02,36,3,baseline,2023-12-23,935.0,164.0,620.6061364084292,771.0,757.0
2023-12-02,37,1,ensemble,2023-12-09,313.0,202.1,55.31642160532475,110.9,160.0
2023-12-02,37,1,baseline,2023-12-09,313.0,153.0,121.87645277957128,160.0,160.0
2023-12-02,37,2,ensemble,2023-12-16,402.0,225.816,91.93698070993963,176.184,249.0
2023-12-02,37,2,baseline,2023-12-16,402.0,153.0,196.7394408527781,249.0,249.0
2023-12-02,37,3,ensemble,2023-12-23,733.0,250.5,351.46657021441905,482.5,580.0
2023-12-02,37,3,baseline,2023-12-23,733.0,153.0,519.3817151279774,580.0,580.0
2023-12-02,38,1,ensemble,2023-12-09,11.0,5.79,2.7724408966560543,5.21,7.0
2023-12-02,38,1,baseline,2023-12-09,11.0,3.0,4.541477052966179,8.0,7.0
2023-12-02,38,2,ensemble,2023-12-16,16.0,6.022128206315545,5.2845259838516805,9.977871793684455,12.0
2023-12-02,38,2,baseline,2023-12-16,16.0,3.0,7.515804589219805,13.0,12.0
2023-12-02,38,3,ensemble,2023-12-23,26.0,6.641500000000001,12.50555643014977,19.3585,22.0
2023-12-02,38,3,baseline,2023-12-23,26.0,3.0,14.18791500593266,23.0,22.0
2023-12-02,39,1,ensemble,2023-12-09,161.0,98.56203454971312,34.20084061026198,62.43796545028688,86.0
2023-12-02,39,1,baseline,2023-12-09,161.0,73.0,59.333731105941496,88.0,86.0
2023-12-02,39,2,ensemble,2023-12-16,239.0,121.015,70.05466196468319,117.985,164.0
2023-12-02,39,2,baseline,2023-12-16,239.0,73.0,113.0045108506737,166.0,164.0
2023-12-02,39,3,ensemble,2023-12-23,428.0,133.0,218.9067754765187,295.0,353.0
2023-12-02,39,3,baseline,2023-12-23,428.0,73.0,262.86699540064956,355.0,353.0
2023-12-02,40,1,ensemble,2023-12-09,61.0,49.0,7.298282308644546,12.0,27.0
2023-12-02,40,1,baseline,2023-12-09,61.0,42.0,11.422565461198094,19.0,27.0
2023-12-02,40,2,ensemble,2023-12-16,85.0,57.60850000000001,14.516607745663034,27.391499999999994,51.0
2023-12-02,40,2,baseline,2023-12-16,85.0,42.0,24.605011227199235,43.0,51.0
2023-12-02,40,3,ensemble,2023-12-23,158.0,62.5,58.34408213408584,95.5,124.0
2023-12-02,40,3,baseline,2023-12-23,158.0,42.0,70.25781612326995,116.0,124.0
2023-12-02,41,1,ensemble,2023-12-09,43.0,15.25,16.70222150370678,27.75,32.0
2023-12-02,41,1,baseline,2023-12-09,43.0,11.0,21.03182776814725,32.0,32.0
2023-12-02,41,2,ensemble,2023-12-16,45.0,17.200623274970752,14.772893843744162,27.799376725029248,34.0
2023-12-02,41,2,baseline,2023-12-16,45.0,11.0,21.017072087416523,34.0,34.0
2023-12-02,41,3,ensemble,2023-12-23,103.0,19.4950517838297,61.12843942107791,83.5049482161703,92.0
2023-12-02,41,3,baseline,2023-12-23,103.0,11.0,56.6414613228958,92.0,92.0
2023-12-02,42,1,ensemble,2023-12-09,284.0,177.5,66.48038638921653,106.5,159.0
2023-12-02,42,1,baseline,2023-12-09,284.0,125.0,109.04640270441838,159.0,159.0
2023-12-02,42,2,ensemble,2023-12-16,395.0,201.5,125.21071726978683,193.5,270.0
2023-12-02,42,2,baseline,2023-12-16,395.0,125.0,187.59412817747733,270.0,270.0
2023-12-02,42,3,ensemble,2023-12-23,709.0,207.865,384.58071039448316,501.135,584.0
2023-12-02,42,3,baseline,2023-12-23,709.0,125.0,461.06532561793045,584.0,584.0
2023-12-02,44,1,ensemble,2023-12-09,6.0,3.25,1.3237066667277284,2.75,3.0
2023-12-02,44,1,baseline,2023-12-09,6.0,3.0,1.6101506312454428,3.0,3.0
2023-12-02,44,2,ensemble,2023-12-16,24.0,3.595,15.323345103067755,20.405,21.0
2023-12-02,44,2,baseline,2023-12-16,24.0,3.0,14.526951121380776,21.0,21.0
2023-12-02,44,3,ensemble,2023-12-23,18.0,3.3782222526958714,8.706539957358194,14.62177774730413,15.0
2023-12-02,44,3,baseline,2023-12-23,18.0,3.0,9.106169318584488,15.0,15.0
2023-12-02,45,1,ensemble,2023-12-09,177.0,102.0,47.27803021647221,75.0,96.0
2023-12-02,45,1,baseline,2023-12-09,177.0,81.0,75.09914009450968,96.0,96.0
2023-12-02,45,2,ensemble,2023-12-16,264.0,112.72,109.04737517688443,151.28,183.0
2023-12-02,45,2,baseline,2023-12-16,264.0,81.0,157.81425832519201,183.0,183.0
2023-12-02,45,3,ensemble,2023-12-23,421.0,117.4505,250.94031002762517,303.54949999999997,340.0
2023-12-02,45,3,baseline,2023-12-23,421.0,81.0,311.1463482634827,340.0,340.0
2023-12-02,46,1,ensemble,2023-12-09,6.0,3.0533751783863265,1.6084390543273377,2.9466248216136735,4.0
2023-12-02,46,1,baseline,2023-12-09,6.0,2.0,1.9285756429738203,4.0,4.0
2023-12-02,46,2,ensemble,2023-12-16,13.0,3.149323760355882,6.475576675720651,9.850676239644118,11.0
2023-12-02,46,2,baseline,2023-12-16,13.0,2.0,5.820632574760528,11.0,11.0
2023-12-02,46,3,ensemble,2023-12-23,33.0,3.0,25.415862177384867,30.0,31.0
2023-12-02,46,3,baseline,2023-12-23,33.0,2.0,19.990448585311935,31.0,31.0
2023-12-02,47,1,ensemble,2023-12-09,153.0,97.5,31.480256513425765,55.5,80.0
2023-12-02,47,1,baseline,2023-12-09,153.0,80.0,48.95552053620536,73.0,80.0
2023-12-02,47,2,ensemble,2023-12-16,180.0,110.98789263706232,38.35320236968799,69.01210736293768,107.0
2023-12-02,47,2,baseline,2023-12-16,180.0,80.0,65.40329106854111,100.0,107.0
2023-12-02,47,3,ensemble,2023-12-23,294.0,118.67135,112.88819251914008,175.32864999999998,221.0
2023-12-02,47,3,baseline,2023-12-23,294.0,80.0,148.49156490775778,214.0,221.0
2023-12-02,48,1,ensemble,2023-12-09,590.0,634.0,43.69604327150395,44.0,123.0
2023-12-02,48,1,baseline,2023-12-09,590.0,555.0,29.536791971963186,35.0,123.0
2023-12-02,48,2,ensemble,2023-12-16,910.0,716.005,95.92198414934364,193.995,443.0
2023-12-02,48,2,baseline,2023-12-16,910.0,555.0,225.11426908884314,355.0,443.0
2023-12-02,48,3,ensemble,2023-12-23,1259.0,834.4150000000001,252.68671463967183,424.5849999999999,792.0
2023-12-02,48,3,baseline,2023-12-23,1259.0,555.0,516.0683725232903,704.0,792.0
2023-12-02,49,1,ensemble,2023-12-09,17.0,12.5,2.2386756998187365,4.5,7.0
2023-12-02,49,1,baseline,2023-12-09,17.0,10.0,3.9186412749344885,7.0,7.0
2023-12-02,49,2,ensemble,2023-12-16,24.0,13.477416129560623,5.543516101196737,10.522583870439377,14.0
2023-12-02,49,2,baseline,2023-12-16,24.0,10.0,8.026022853532883,14.0,14.0
2023-12-02,49,3,ensemble,2023-12-23,58.0,15.105,32.96209493218082,42.894999999999996,48.0
2023-12-02,49,3,baseline,2023-12-23,58.0,10.0,36.563696362941904,48.0,48.0
2023-12-02,50,1,ensemble,2023-12-09,8.0,5.0,1.6246420961235688,3.0,5.0
2023-12-02,50,1,baseline,2023-12-09,8.0,3.0,2.9127383487965313,5.0,5.0
2023-12-02,50,2,ensemble,2023-12-16,8.0,5.455766731712664,1.3722371572347354,2.5442332682873356,5.0
2023-12-02,50,2,baseline,2023-12-16,8.0,3.0,2.667703395425258,5.0,5.0
2023-12-02,50,3,ensemble,2023-12-23,12.0,5.892132866113762,2.9239125840804974,6.107867133886238,9.0
2023-12-02,50,3,baseline,2023-12-23,12.0,3.0,4.956448214308231,9.0,9.0
2023-12-02,51,1,ensemble,2023-12-09,157.0,139.485,12.932540714887782,17.514999999999986,42.0
2023-12-02,51,1,baseline,2023-12-09,157.0,115.0,25.835433947187287,42.0,42.0
2023-12-02,51,2,ensemble,2023-12-16,229.0,149.0,42.977143221521736,80.0,114.0
2023-12-02,51,2,baseline,2023-12-16,229.0,115.0,75.5492309590487,114.0,114.0
2023-12-02,51,3,ensemble,2023-12-23,419.0,160.0,182.87190171705547,259.0,304.0
2023-12-02,51,3,baseline,2023-12-23,419.0,115.0,253.63630648554314,304.0,304.0
2023-12-02,53,1,ensemble,2023-12-09,83.0,46.5,19.71577132927056,36.5,47.0
2023-12-02,53,1,baseline,2023-12-09,83.0,36.0,30.556682752957965,47.0,47.0
2023-12-02,53,2,ensemble,2023-12-16,109.0,53.18412971496582,30.79045732141272,55.81587028503418,73.0
2023-12-02,53,2,baseline,2023-12-16,109.0,36.0,45.581827506862005,73.0,73.0
2023-12-02,53,3,ensemble,2023-12-23,155.0,57.06205940246582,57.037999538552434,97.93794059753418,119.0
2023-12-02,53,3,baseline,2023-12-23,155.0,36.0,75.32340854036802,119.0,119.0
2023-12-02,54,1,ensemble,2023-12-09,20.0,15.635107861431996,2.7325447995794536,4.364892138568004,7.0
2023-12-02,54,1,baseline,2023-12-09,20.0,13.0,4.209318534446214,7.0,7.0
2023-12-02,54,2,ensemble,2023-12-16,33.0,17.50870238949925,7.938221107456977,15.491297610500752,20.0
2023-12-02,54,2,baseline,2023-12-16,33.0,13.0,10.891872733336026,20.0,20.0
2023-12-02,54,3,ensemble,2023-12-23,82.0,20.795,45.24085001919537,61.205,69.0
2023-12-02,54,3,baseline,2023-12-23,82.0,13.0,43.3243919564413,69.0,69.0
2023-12-02,55,1,ensemble,2023-12-09,99.0,45.510000000000005,33.292975174125914,53.489999999999995,65.0
2023-12-02,55,1,baseline,2023-12-09,99.0,34.0,45.196464818669945,65.0,65.0
2023-12-02,55,2,ensemble,2023-12-16,122.0,52.271,43.05293247309993,69.729,88.0
2023-12-02,55,2,baseline,2023-12-16,122.0,34.0,59.71457282524999,88.0,88.0
2023-12-02,55,3,ensemble,2023-12-23,187.0,59.5,86.2553587249952,127.5,153.0
2023-12-02,55,3,baseline,2023-12-23,187.0,34.0,106.12984939775488,153.0,153.0
2023-12-02,56,1,ensemble,2023-12-09,48.0,26.601,12.97459843886609,21.399,25.0
2023-12-02,56,1,baseline,2023-12-09,48.0,23.0,18.67586396244398,25.0,25.0
2023-12-02,56,2,ensemble,2023-12-16,49.0,33.0,9.62997270727149,16.0,26.0
2023-12-02,56,2,baseline,2023-12-16,49.0,23.0,18.545778214086493,26.0,26.0
2023-12-02,56,3,ensemble,2023-12-23,29.0,34.5,5.091007302479389,5.5,6.0
2023-12-02,56,3,baseline,2023-12-23,29.0,23.0,3.50509243553305,6.0,6.0
2023-12-09,01,1,ensemble,2023-12-16,151.0,90.31822671952968,35.2122151324178,60.681773280470324,66.0
2023-12-09,01,1,baseline,2023-12-16,151.0,85.0,44.83947135964837,66.0,66.0
2023-12-09,01,2,ensemble,2023-12-23,278.0,101.0,141.53834056952243,177.0,193.0
2023-12-09,01,2,baseline,2023-12-23,278.0,85.0,156.29704256090386,193.0,193.0
2023-12-09,01,3,ensemble,2023-12-30,298.0,105.0,145.5747295893564,193.0,213.0
2023-12-09,01,3,baseline,2023-12-30,298.0,85.0,170.98037559286468,213.0,213.0
2023-12-09,02,1,ensemble,2023-12-16,4.0,11.764514837802103,4.84505722066736,7.764514837802103,11.0
2023-12-09,02,1,baseline,2023-12-16,4.0,15.0,6.713751608037821,11.0,11.0
2023-12-09,02,2,ensemble,2023-12-23,5.0,12.0,4.1219617065423675,7.0,10.0
2023-12-09,02,2,baseline,2023-12-23,5.0,15.0,5.647841659677465,10.0,10.0
2023-12-09,02,3,ensemble,2023-12-30,4.0,13.012,4.5732986031506275,9.012,11.0
2023-12-09,02,3,baseline,2023-12-30,4.0,15.0,6.090084658346582,11.0,11.0
2023-12-09,04,1,ensemble,2023-12-16,606.0,338.3242988586426,182.54483105341458,267.6757011413574,327.0
2023-12-09,04,1,baseline,2023-12-16,606.0,277.0,263.5156647847783,329.0,327.0
2023-12-09,04,2,ensemble,2023-12-23,962.0,350.1829,475.13852871310314,611.8171,683.0
2023-12-09,04,2,baseline,2023-12-23,962.0,277.0,607.4950962643541,685.0,683.0
2023-12-09,04,3,ensemble,2023-12-30,1151.0,386.5,622.0920805765132,764.5,872.0
2023-12-09,04,3,baseline,2023-12-30,1151.0,277.0,785.0496904885571,874.0,872.0
2023-12-09,05,1,ensemble,2023-12-16,53.0,25.332,16.568086541817287,27.668,29.0
2023-12-09,05,1,baseline,2023-12-16,53.0,19.0,20.20641873879608,34.0,29.0
2023-12-09,05,2,ensemble,2023-12-23,96.0,29.0,51.991826175000014,67.0,72.0
2023-12-09,05,2,baseline,2023-12-23,96.0,19.0,49.340835419006375,77.0,72.0
2023-12-09,05,3,ensemble,2023-12-30,187.0,32.0,135.42030941711178,155.0,163.0
2023-12-09,05,3,baseline,2023-12-30,187.0,19.0,125.2238076944465,168.0,163.0
2023-12-09,06,1,ensemble,2023-12-16,996.0,894.0,71.68245870986266,102.0,365.0
2023-12-09,06,1,baseline,2023-12-16,996.0,602.0,274.7995632838285,394.0,365.0
2023-12-09,06,2,ensemble,2023-12-23,1632.0,1015.53604166447,391.6606359295307,616.46395833553,1001.0
2023-12-09,06,2,baseline,2023-12-23,1632.0,602.0,785.2471975501502,1030.0,1001.0
2023-12-09,06,3,ensemble,2023-12-30,1752.0,1061.0,379.74399440850635,691.0,1121.0
2023-12-09,06,3,baseline,2023-12-30,1752.0,602.0,867.4855573761832,1150.0,1121.0
2023-12-09,08,1,ensemble,2023-12-16,220.0,148.0,34.925510837393816,72.0,94.0
2023-12-09,08,1,baseline,2023-12-16,220.0,118.0,73.43393963989642,102.0,94.0
2023-12-09,08,2,ensemble,2023-12-23,252.0,164.0,48.387293315904095,88.0,126.0
2023-12-09,08,2,baseline,2023-12-23,252.0,118.0,97.52273711680593,134.0,126.0
2023-12-09,08,3,ensemble,2023-12-30,346.0,172.52652395340868,105.62938795715054,173.47347604659132,220.0
2023-12-09,08,3,baseline,2023-12-30,346.0,118.0,185.95034248283778,228.0,220.0
2023-12-09,09,1,ensemble,2023-12-16,120.0,80.5,20.331185627803446,39.5,63.0
2023-12-09,09,1,baseline,2023-12-16,120.0,57.0,43.79148783446534,63.0,63.0
2023-12-09,09,2,ensemble,2023-12-23,115.0,103.4035,14.746177737226306,11.596500000000006,58.0
2023-12-09,09,2,baseline,2023-12-23,115.0,57.0,37.53663232688849,58.0,58.0
2023-12-09,09,3,ensemble,2023-12-30,194.0,111.62723374961246,43.32666517454696,82.37276625038754,137.0
2023-12-09,09,3,baseline,2023-12-30,194.0,57.0,98.88595367568897,137.0,137.0
2023-12-09,10,1,ensemble,2023-12-16,18.0,3.0074,10.88964974935186,14.9926,16.0
2023-12-09,10,1,baseline,2023-12-16,18.0,2.0,10.57416522873924,16.0,16.0
2023-12-09,10,2,ensemble,2023-12-23,24.0,4.36,15.176034330433716,19.64,22.0
2023-12-09,10,2,baseline,2023-12-23,24.0,2.0,14.047502590417206,22.0,22.0
2023-12-09,10,3,ensemble,2023-12-30,60.0,4.163527255405907,49.72323832217037,55.83647274459409,58.0
2023-12-09,10,3,baseline,2023-12-30,60.0,2.0,42.482342632187176,58.0,58.0
2023-12-09,11,1,ensemble,2023-12-16,20.0,14.197761637024936,2.936613146921617,5.802238362975064,9.0
2023-12-09,11,1,baseline,2023-12-16,20.0,11.0,5.76483413773268,9.0,9.0
2023-12-09,11,2,ensemble,2023-12-23,46.0,17.0,17.527072307477425,29.0,35.0
2023-12-09,11,2,baseline,2023-12-23,46.0,11.0,28.10525405214922,35.0,35.0
2023-12-09,11,3,ensemble,2023-12-30,57.0,20.0,24.80018838502662,37.0,46.0
2023-12-09,11,3,baseline,2023-12-30,57.0,11.0,38.06857409713227,46.0,46.0
2023-12-09,12,1,ensemble,2023-12-16,844.0,803.0,51.60932406439975,41.0,96.0
2023-12-09,12,1,baseline,2023-12-16,844.0,745.0,55.821899179904825,99.0,96.0
2023-12-09,12,2,ensemble,2023-12-23,989.0,810.7274169921875,93.18938721480689,178.2725830078125,241.0
2023-12-09,12,2,baseline,2023-12-23,989.0,745.0,154.19511847442388,244.0,241.0
2023-12-09,12,3,ensemble,2023-12-30,1336.0,810.9329528808594,282.18435180058333,525.0670471191406,588.0
2023-12-09,12,3,baseline,2023-12-30,1336.0,745.0,467.20228018804096,591.0,588.0
2023-12-09,13,1,ensemble,2023-12-16,442.0,255.49999999999991,119.03518020326392,186.50000000000009,217.0
2023-12-09,13,1,baseline,2023-12-16,442.0,212.0,208.0860337088153,230.0,217.0
2023-12-09,13,2,ensemble,2023-12-23,746.0,264.56,370.1057628725494,481.44,521.0
2023-12-09,13,2,baseline,2023-12-23,746.0,212.0,507.31633028517246,534.0,521.0
2023-12-09,13,3,ensemble,2023-12-30,1137.0,260.5,732.5568852445855,876.5,912.0
2023-12-09,13,3,baseline,2023-12-30,1137.0,212.0,894.3068692258228,925.0,912.0
2023-12-09,15,1,ensemble,2023-12-16,27.0,22.40350794277395,2.7867266895320757,4.596492057226051,4.0
2023-12-09,15,1,baseline,2023-12-16,27.0,20.0,4.140249712062338,7.0,4.0
2023-12-09,15,2,ensemble,2023-12-23,28.0,22.345,3.1718010613869407,5.655000000000001,5.0
2023-12-09,15,2,baseline,2023-12-23,28.0,20.0,4.583001269143126,8.0,5.0
2023-12-09,15,3,ensemble,2023-12-30,32.0,22.56280064449873,4.703013985178218,9.43719935550127,9.0
2023-12-09,15,3,baseline,2023-12-30,32.0,20.0,7.197694932862372,12.0,9.0
2023-12-09,16,1,ensemble,2023-12-16,67.0,22.0,34.28667168822817,45.0,48.0
2023-12-09,16,1,baseline,2023-12-16,67.0,17.0,35.32014010468366,50.0,48.0
2023-12-09,16,2,ensemble,2023-12-23,115.0,25.0,74.5885991306847,90.0,96.0
2023-12-09,16,2,baseline,2023-12-23,115.0,17.0,71.64268468519467,98.0,96.0
2023-12-09,16,3,ensemble,2023-12-30,163.0,28.0,115.31054576547557,135.0,144.0
2023-12-09,16,3,baseline,2023-12-30,163.0,17.0,114.7635686569909,146.0,144.0
2023-12-09,17,1,ensemble,2023-12-16,254.0,242.6765,17.419091891706785,11.323499999999996,89.0
2023-12-09,17,1,baseline,2023-12-16,254.0,156.0,64.85781140487485,98.0,89.0
2023-12-09,17,2,ensemble,2023-12-23,464.0,273.8,111.87190870079799,190.2,299.0
2023-12-09,17,2,baseline,2023-12-23,464.0,156.0,223.83566677716792,308.0,299.0
2023-12-09,17,3,ensemble,2023-12-30,577.0,303.6105,153.60383020303792,273.3895,412.0
2023-12-09,17,3,baseline,2023-12-30,577.0,156.0,316.8413908507344,421.0,412.0
2023-12-09,18,1,ensemble,2023-12-16,207.0,192.73299238240776,14.224011897579619,14.267007617592242,69.0
2023-12-09,18,1,baseline,2023-12-16,207.0,149.0,37.60981777887343,58.0,69.0
2023-12-09,18,2,ensemble,2023-12-23,286.0,226.1538993198572,33.63020065625454,59.8461006801428,148.0
2023-12-09,18,2,baseline,2023-12-23,286.0,149.0,92.83883284026321,137.0,148.0
2023-12-09,18,3,ensemble,2023-12-30,429.0,260.4684813022613,108.78908017102313,168.5315186977387,291.0
2023-12-09,18,3,baseline,2023-12-30,429.0,149.0,204.91916590659395,280.0,291.0
2023-12-09,19,1,ensemble,2023-12-16,50.0,62.620000000000005,8.23157256645543,12.620000000000005,6.0
2023-12-09,19,1,baseline,2023-12-16,50.0,44.0,3.9895429078203835,6.0,6.0
2023-12-09,19,2,ensemble,2023-12-23,90.0,69.84980195760727,11.859364392476333,20.15019804239273,46.0
2023-12-09,19,2,baseline,2023-12-23,90.0,44.0,31.049173800846713,46.0,46.0
2023-12-09,19,3,ensemble,2023-12-30,99.0,81.70536875724792,13.948473978022902,17.294631242752075,55.0
2023-12-09,19,3,baseline,2023-12-30,99.0,44.0,35.376605443076166,55.0,55.0
2023-12-09,20,1,ensemble,2023-12-16,43.0,46.0,4.658150773981007,3.0,6.0
2023-12-09,20,1,baseline,2023-12-16,43.0,36.0,4.394126095108779,7.0,6.0
2023-12-09,20,2,ensemble,2023-12-23,91.0,53.0,20.418834786477507,38.0,54.0
2023-12-09,20,2,baseline,2023-12-23,91.0,36.0,36.98926898534202,55.0,54.0
2023-12-09,20,3,ensemble,2023-12-30,93.0,60.5405,16.664630427850657,32.4595,56.0
2023-12-09,20,3,baseline,2023-12-30,93.0,36.0,36.949879526860485,57.0,56.0
2023-12-09,21,1,ensemble,2023-12-16,87.0,76.0,8.0774241104624,11.0,29.0
2023-12-09,21,1,baseline,2023-12-16,87.0,58.0,17.738880679893754,29.0,29.0
2023-12-09,21,2,ensemble,2023-12-23,137.0,87.0,25.906518479669522,50.0,79.0
2023-12-09,21,2,baseline,2023-12-23,137.0,58.0,48.43641747634867,79.0,79.0
2023-12-09,21,3,ensemble,2023-12-30,261.0,103.0,100.62295102288469,158.0,203.0
2023-12-09,21,3,baseline,2023-12-30,261.0,58.0,135.3031990669688,203.0,203.0
2023-12-09,22,1,ensemble,2023-12-16,179.0,146.0,17.379713929427318,33.0,57.0
2023-12-09,22,1,baseline,2023-12-16,179.0,121.0,40.63496125646038,58.0,57.0
2023-12-09,22,2,ensemble,2023-12-23,307.0,157.0,97.99498082394531,150.0,185.0
2023-12-09,22,2,baseline,2023-12-23,307.0,121.0,158.08259868074768,186.0,185.0
2023-12-09,22,3,ensemble,2023-12-30,381.0,172.941,142.37440617349424,208.059,259.0
2023-12-09,22,3,baseline,2023-12-30,381.0,121.0,227.94674190337557,260.0,259.0
2023-12-09,23,1,ensemble,2023-12-16,20.0,15.000000000000004,2.726694518750334,4.9999999999999964,11.0
2023-12-09,23,1,baseline,2023-12-16,20.0,9.0,6.458713135500921,11.0,11.0
2023-12-09,23,2,ensemble,2023-12-23,16.0,16.0,2.7779684026252665,0.0,7.0
2023-12-09,23,2,baseline,2023-12-23,16.0,9.0,4.145668270378358,7.0,7.0
2023-12-09,23,3,ensemble,2023-12-30,51.0,19.718,18.27600297494039,31.282,42.0
2023-12-09,23,3,baseline,2023-12-30,51.0,9.0,25.718428016497565,42.0,42.0
2023-12-09,24,1,ensemble,2023-12-16,115.0,81.0,18.09605734349745,34.0,55.0
2023-12-09,24,1,baseline,2023-12-16,115.0,60.0,36.63532954796937,55.0,55.0
2023-12-09,24,2,ensemble,2023-12-23,207.0,95.0,74.89830020634199,112.0,147.0
2023-12-09,24,2,baseline,2023-12-23,207.0,60.0,116.20828166705583,147.0,147.0
2023-12-09,24,3,ensemble,2023-12-30,328.0,109.44,165.23488295376063,218.56,268.0
2023-12-09,24,3,baseline,2023-12-30,328.0,60.0,232.23173258117365,268.0,268.0
2023-12-09,25,1,ensemble,2023-12-16,191.0,133.0,31.67892914816625,58.0,103.0
2023-12-09,25,1,baseline,2023-12-16,191.0,99.0,62.13456739917398,92.0,103.0
2023-12-09,25,2,ensemble,2023-12-23,298.0,153.0,82.59410697951354,145.0,210.0
2023-12-09,25,2,baseline,2023-12-23,298.0,99.0,140.18844734932134,199.0,210.0
2023-12-09,25,3,ensemble,2023-12-30,476.0,164.83,212.14044342868277,311.16999999999996,388.0
2023-12-09,25,3,baseline,2023-12-30,476.0,99.0,300.33557744829625,377.0,388.0
2023-12-09,26,1,ensemble,2023-12-16,238.0,139.0,59.62751494258773,99.0,132.0
2023-12-09,26,1,baseline,2023-12-16,238.0,94.0,100.20474064740645,144.0,132.0
2023-12-09,26,2,ensemble,2023-12-23,245.0,163.0,45.04606915025747,82.0,139.0
2023-12-09,26,2,baseline,2023-12-23,245.0,94.0,98.40000650832594,151.0,139.0
2023-12-09,26,3,ensemble,2023-12-30,527.0,181.0,253.0046501250641,346.0,421.0
2023-12-09,26,3,baseline,2023-12-30,527.0,94.0,321.44528499871996,433.0,421.0
2023-12-09,27,1,ensemble,2023-12-16,78.0,50.0,14.963327686628322,28.0,44.0
2023-12-09,27,1,baseline,2023-12-16,78.0,34.0,29.705022980664577,44.0,44.0
2023-12-09,27,2,ensemble,2023-12-23,110.0,60.2976,28.91753464311876,49.7024,76.0
2023-12-09,27,2,baseline,2023-12-23,110.0,34.0,49.55301882581866,76.0,76.0
2023-12-09,27,3,ensemble,2023-12-30,189.0,67.96317446231842,81.57528054459738,121.03682553768158,155.0
2023-12-09,27,3,baseline,2023-12-30,189.0,34.0,114.51276208007737,155.0,155.0
2023-12-09,28,1,ensemble,2023-12-16,96.0,87.0,7.1604290770188,9.0,19.0
2023-12-09,28,1,baseline,2023-12-16,96.0,76.0,11.475143467717285,20.0,19.0
2023-12-09,28,2,ensemble,2023-12-23,200.0,92.0,67.72758180116615,108.0,123.0
2023-12-09,28,2,baseline,2023-12-23,200.0,76.0,98.89128373353297,124.0,123.0
2023-12-09,28,3,ensemble,2023-12-30,300.0,100.1286449432373,146.95879982015467,199.8713550567627,223.0
2023-12-09,28,3,baseline,2023-12-30,300.0,76.0,195.06118961883092,224.0,223.0
2023-12-09,29,1,ensemble,2023-12-16,154.0,115.26310329804326,22.1093291452245,38.73689670195674,69.0
2023-12-09,29,1,baseline,2023-12-16,154.0,84.0,47.488821692216916,70.0,69.0
2023-12-09,29,2,ensemble,2023-12-23,224.0,133.0,54.7480485199474,91.0,139.0
2023-12-09,29,2,baseline,2023-12-23,224.0,84.0,94.92642928816247,140.0,139.0
2023-12-09,29,3,ensemble,2023-12-30,370.0,167.5,147.02109320994987,202.5,285.0
2023-12-09,29,3,baseline,2023-12-30,370.0,84.0,203.35314518877797,286.0,285.0
2023-12-09,30,1,ensemble,2023-12-16,37.0,25.0,6.252689792537807,12.0,19.0
2023-12-09,30,1,baseline,2023-12-16,37.0,18.0,12.23026437068718,19.0,19.0
2023-12-09,30,2,ensemble,2023-12-23,78.0,25.0,33.51824617275743,53.0,60.0
2023-12-09,30,2,baseline,2023-12-23,78.0,18.0,47.62154106412804,60.0,60.0
2023-12-09,30,3,ensemble,2023-12-30,116.0,30.3,63.93097315562331,85.7,98.0
2023-12-09,30,3,baseline,2023-12-30,116.0,18.0,83.50716350287418,98.0,98.0
2023-12-09,31,1,ensemble,2023-12-16,13.0,8.373601724596424,2.2740513225278227,4.6263982754035755,5.0
2023-12-09,31,1,baseline,2023-12-16,13.0,6.0,3.779687476700855,7.0,5.0
2023-12-09,31,2,ensemble,2023-12-23,53.0,9.85130786895752,34.2585769208949,43.14869213104248,45.0
2023-12-09,31,2,baseline,2023-12-23,53.0,6.0,31.09668668534516,47.0,45.0
2023-12-09,31,3,ensemble,2023-12-30,51.0,11.1,29.619238384110357,39.9,43.0
2023-12-09,31,3,baseline,2023-12-30,51.0,6.0,27.98613908580391,45.0,43.0
2023-12-09,32,1,ensemble,2023-12-16,118.0,62.75,33.190256833655255,55.25,71.0
2023-12-09,32,1,baseline,2023-12-16,118.0,50.0,46.71638339996444,68.0,71.0
2023-12-09,32,2,ensemble,2023-12-23,158.0,76.0,54.19834926579718,82.0,111.0
2023-12-09,32,2,baseline,2023-12-23,158.0,50.0,75.84354988443364,108.0,111.0
2023-12-09,32,3,ensemble,2023-12-30,164.0,87.6538815498352,48.759005632679624,76.3461184501648,117.0
2023-12-09,32,3,baseline,2023-12-30,164.0,50.0,77.46159108121522,114.0,117.0
2023-12-09,33,1,ensemble,2023-12-16,28.0,7.0,15.120909735191946,21.0,21.0
2023-12-09,33,1,baseline,2023-12-16,28.0,6.0,14.758959447203166,22.0,21.0
2023-12-09,33,2,ensemble,2023-12-23,41.0,8.426116679799026,25.28138540698015,32.57388332020098,34.0
2023-12-09,33,2,baseline,2023-12-23,41.0,6.0,23.59265471880806,35.0,34.0
2023-12-09,33,3,ensemble,2023-12-30,57.0,8.22,39.337567407676254,48.78,50.0
2023-12-09,33,3,baseline,2023-12-30,57.0,6.0,36.33761552585087,51.0,50.0
2023-12-09,34,1,ensemble,2023-12-16,305.0,173.41030746557823,81.52211503287053,131.58969253442177,176.0
2023-12-09,34,1,baseline,2023-12-16,305.0,124.0,132.07910677902427,181.0,176.0
2023-12-09,34,2,ensemble,2023-12-23,490.0,195.8620108049109,202.0526613678467,294.13798919508906,361.0
2023-12-09,34,2,baseline,2023-12-23,490.0,124.0,299.20100702252677,366.0,361.0
2023-12-09,34,3,ensemble,2023-12-30,733.0,218.1,388.8907089341917,514.9,604.0
2023-12-09,34,3,baseline,2023-12-30,733.0,124.0,530.7806687248394,609.0,604.0
2023-12-09,35,1,ensemble,2023-12-16,157.0,59.0,77.46057741121217,98.0,114.0
2023-12-09,35,1,baseline,2023-12-16,157.0,43.0,86.76872220120025,114.0,114.0
2023-12-09,35,2,ensemble,2023-12-23,232.0,75.3388350385338,127.80088390548569,156.6611649614662,189.0
2023-12-09,35,2,baseline,2023-12-23,232.0,43.0,152.74129868900863,189.0,189.0
2023-12-09,35,3,ensemble,2023-12-30,237.0,89.92,113.97528670497337,147.07999999999998,194.0
2023-12-09,35,3,baseline,2023-12-30,237.0,43.0,151.98430834897482,194.0,194.0
2023-12-09,36,1,ensemble,2023-12-16,744.0,558.135,105.74848950568013,185.865,399.0
2023-12-09,36,1,baseline,2023-12-16,744.0,347.0,295.7376020473901,397.0,399.0
2023-12-09,36,2,ensemble,2023-12-23,935.0,630.1215390650724,154.74604671839774,304.8784609349276,590.0
2023-12-09,36,2,baseline,2023-12-23,935.0,347.0,457.9119128607592,588.0,590.0
2023-12-09,36,3,ensemble,2023-12-30,1343.0,714.26,327.5282071272624,628.74,998.0
2023-12-09,36,3,baseline,2023-12-30,1343.0,347.0,845.4338635665707,996.0,998.0
2023-12-09,37,1,ensemble,2023-12-16,402.0,296.02,58.40695174972323,105.98000000000002,189.0
2023-12-09,37,1,baseline,2023-12-16,402.0,213.0,147.9205068021767,189.0,189.0
2023-12-09,37,2,ensemble,2023-12-23,733.0,331.678,302.0834248259299,401.322,520.0
2023-12-09,37,2,baseline,2023-12-23,733.0,213.0,467.1436564243468,520.0,520.0
2023-12-09,37,3,ensemble,2023-12-30,1076.0,339.63199999999995,569.5951625421468,736.368,863.0
2023-12-09,37,3,baseline,2023-12-30,1076.0,213.0,802.0797274772315,863.0,863.0
2023-12-09,38,1,ensemble,2023-12-16,16.0,15.15742770065661,1.6999856173728873,0.8425722993433897,1.0
2023-12-09,38,1,baseline,2023-12-16,16.0,13.0,1.8274991755134942,3.0,1.0
2023-12-09,38,2,ensemble,2023-12-23,26.0,18.511922501027584,3.771372071938603,7.488077498972416,9.0
2023-12-09,38,2,baseline,2023-12-23,26.0,13.0,7.882274438940043,13.0,9.0
2023-12-09,38,3,ensemble,2023-12-30,51.0,23.0,19.098551681282242,28.0,34.0
2023-12-09,38,3,baseline,2023-12-30,51.0,13.0,27.887713040565192,38.0,34.0
2023-12-09,39,1,ensemble,2023-12-16,239.0,192.205,24.873419487940613,46.79499999999999,105.0
2023-12-09,39,1,baseline,2023-12-16,239.0,129.0,75.59109355737033,110.0,105.0
2023-12-09,39,2,ensemble,2023-12-23,428.0,234.0519437789917,119.35813313541692,193.9480562210083,294.0
2023-12-09,39,2,baseline,2023-12-23,428.0,129.0,221.68708121439923,299.0,294.0
2023-12-09,39,3,ensemble,2023-12-30,638.0,268.5146578576606,254.25723430118663,369.4853421423394,504.0
2023-12-09,39,3,baseline,2023-12-30,638.0,129.0,416.572419887047,509.0,504.0
2023-12-09,40,1,ensemble,2023-12-16,85.0,77.0,7.518358905309384,8.0,14.0
2023-12-09,40,1,baseline,2023-12-16,85.0,65.0,12.164358989437718,20.0,14.0
2023-12-09,40,2,ensemble,2023-12-23,158.0,84.0,42.519612457605334,74.0,87.0
2023-12-09,40,2,baseline,2023-12-23,158.0,65.0,58.101578714982786,93.0,87.0
2023-12-09,40,3,ensemble,2023-12-30,137.0,90.3775,22.924661422265277,46.6225,66.0
2023-12-09,40,3,baseline,2023-12-30,137.0,65.0,41.34355364981911,72.0,66.0
2023-12-09,41,1,ensemble,2023-12-16,45.0,22.05213739738219,12.072814153647604,22.94786260261781,28.0
2023-12-09,41,1,baseline,2023-12-16,45.0,17.0,18.251458577998818,28.0,28.0
2023-12-09,41,2,ensemble,2023-12-23,103.0,26.6175,57.457702227963274,76.3825,86.0
2023-12-09,41,2,baseline,2023-12-23,103.0,17.0,56.75437880000536,86.0,86.0
2023-12-09,41,3,ensemble,2023-12-30,147.0,31.3875,93.07906610656751,115.6125,130.0
2023-12-09,41,3,baseline,2023-12-30,147.0,17.0,85.16526105482792,130.0,130.0
2023-12-09,42,1,ensemble,2023-12-16,395.0,331.7335,39.09367155496198,63.26650000000001,178.0
2023-12-09,42,1,baseline,2023-12-16,395.0,227.0,116.10619376978553,168.0,178.0
2023-12-09,42,2,ensemble,2023-12-23,709.0,369.5065,199.4973759900503,339.4935,492.0
2023-12-09,42,2,baseline,2023-12-23,709.0,227.0,377.4317929394727,482.0,492.0
2023-12-09,42,3,ensemble,2023-12-30,1033.0,390.679,401.1127084556876,642.321,816.0
2023-12-09,42,3,baseline,2023-12-30,1033.0,227.0,684.5508001407842,806.0,816.0
2023-12-09,44,1,ensemble,2023-12-16,24.0,7.0,11.289036933474714,17.0,18.0
2023-12-09,44,1,baseline,2023-12-16,24.0,6.0,12.965661629877175,18.0,18.0
2023-12-09,44,2,ensemble,2023-12-23,18.0,9.0,5.132685468194252,9.0,12.0
2023-12-09,44,2,baseline,2023-12-23,18.0,6.0,7.529712017468003,12.0,12.0
2023-12-09,44,3,ensemble,2023-12-30,47.0,9.4,28.52965558443068,37.6,41.0
2023-12-09,44,3,baseline,2023-12-30,47.0,6.0,32.524229482381784,41.0,41.0
2023-12-09,45,1,ensemble,2023-12-16,264.0,172.67149999999998,55.37459206050312,91.32850000000002,131.0
2023-12-09,45,1,baseline,2023-12-16,264.0,133.0,109.45724697503496,131.0,131.0
2023-12-09,45,2,ensemble,2023-12-23,421.0,180.228,167.35312621720584,240.772,288.0
2023-12-09,45,2,baseline,2023-12-23,421.0,133.0,262.08166125743867,288.0,288.0
2023-12-09,45,3,ensemble,2023-12-30,649.0,196.742,354.6946100547269,452.25800000000004,516.0
2023-12-09,45,3,baseline,2023-12-30,649.0,133.0,486.25486202503345,516.0,516.0
2023-12-09,46,1,ensemble,2023-12-16,13.0,6.682,3.5393095225907514,6.318,6.0
2023-12-09,46,1,baseline,2023-12-16,13.0,6.0,3.7913958690891247,7.0,6.0
2023-12-09,46,2,ensemble,2023-12-23,33.0,7.815,19.210488604930557,25.185,26.0
2023-12-09,46,2,baseline,2023-12-23,33.0,6.0,17.842264655646552,27.0,26.0
2023-12-09,46,3,ensemble,2023-12-30,48.0,8.0,32.44499806085219,40.0,41.0
2023-12-09,46,3,baseline,2023-12-30,48.0,6.0,29.622255835884495,42.0,41.0
2023-12-09,47,1,ensemble,2023-12-16,180.0,139.55688887757998,21.768141160146733,40.44311112242002,82.0
2023-12-09,47,1,baseline,2023-12-16,180.0,105.0,50.4465122100134,75.0,82.0
2023-12-09,47,2,ensemble,2023-12-23,294.0,163.5,87.56208528347122,130.5,196.0
2023-12-09,47,2,baseline,2023-12-23,294.0,105.0,134.10105467069897,189.0,196.0
2023-12-09,47,3,ensemble,2023-12-30,543.0,189.5,276.898558739781,353.5,445.0
2023-12-09,47,3,baseline,2023-12-30,543.0,105.0,370.2777173241082,438.0,445.0
2023-12-09,48,1,ensemble,2023-12-16,910.0,879.0675,49.82875748775077,30.932500000000005,364.0
2023-12-09,48,1,baseline,2023-12-16,910.0,707.0,124.37451416972863,203.0,364.0
2023-12-09,48,2,ensemble,2023-12-23,1259.0,944.5,166.08145759182474,314.5,713.0
2023-12-09,48,2,baseline,2023-12-23,1259.0,707.0,392.09642969290564,552.0,713.0
2023-12-09,48,3,ensemble,2023-12-30,1530.0,958.26685,305.1538402487908,571.73315,984.0
2023-12-09,48,3,baseline,2023-12-30,1530.0,707.0,634.6883401161191,823.0,984.0
2023-12-09,49,1,ensemble,2023-12-16,24.0,17.428,3.347741738568833,6.571999999999999,7.0
2023-12-09,49,1,baseline,2023-12-16,24.0,15.0,5.26537018696274,9.0,7.0
2023-12-09,49,2,ensemble,2023-12-23,58.0,19.51012301445008,27.475233148266295,38.48987698554992,41.0
2023-12-09,49,2,baseline,2023-12-23,58.0,15.0,33.30080810592888,43.0,41.0
2023-12-09,49,3,ensemble,2023-12-30,80.0,19.921,44.437037144786295,60.079,63.0
2023-12-09,49,3,baseline,2023-12-30,80.0,15.0,53.727384488562286,65.0,63.0
2023-12-09,50,1,ensemble,2023-12-16,8.0,5.0,1.7427292177110918,3.0,5.0
2023-12-09,50,1,baseline,2023-12-16,8.0,3.0,2.9521013384046886,5.0,5.0
2023-12-09,50,2,ensemble,2023-12-23,12.0,5.5,3.4317683014138853,6.5,9.0
2023-12-09,50,2,baseline,2023-12-23,12.0,3.0,5.275494295529912,9.0,9.0
2023-12-09,50,3,ensemble,2023-12-30,19.0,6.441,7.632334171887993,12.559000000000001,16.0
2023-12-09,50,3,baseline,2023-12-30,19.0,3.0,9.897063366829322,16.0,16.0
2023-12-09,51,1,ensemble,2023-12-16,229.0,172.0,29.756306295107592,57.0,86.0
2023-12-09,51,1,baseline,2023-12-16,229.0,143.0,58.376249899629435,86.0,86.0
2023-12-09,51,2,ensemble,2023-12-23,419.0,178.32999999999998,165.7966660073261,240.67000000000002,276.0
2023-12-09,51,2,baseline,2023-12-23,419.0,143.0,232.58566421559874,276.0,276.0
2023-12-09,51,3,ensemble,2023-12-30,731.0,185.2525,445.5076037743695,545.7475,588.0
2023-12-09,51,3,baseline,2023-12-30,731.0,143.0,537.9649701190707,588.0,588.0
2023-12-09,53,1,ensemble,2023-12-16,109.0,97.40798432001816,10.760563575430208,11.592015679981841,35.0
2023-12-09,53,1,baseline,2023-12-16,109.0,76.0,20.651542080399064,33.0,35.0
2023-12-09,53,2,ensemble,2023-12-23,155.0,112.2795,22.194117590685686,42.7205,81.0
2023-12-09,53,2,baseline,2023-12-23,155.0,76.0,50.46608771470321,79.0,81.0
2023-12-09,53,3,ensemble,2023-12-30,211.0,127.0305,43.06947839550156,83.9695,137.0
2023-12-09,53,3,baseline,2023-12-30,211.0,76.0,87.78702122564705,135.0,137.0
2023-12-09,54,1,ensemble,2023-12-16,33.0,21.0,5.737438034794258,12.0,16.0
2023-12-09,54,1,baseline,2023-12-16,33.0,17.0,9.352212451733212,16.0,16.0
2023-12-09,54,2,ensemble,2023-12-23,82.0,25.33,40.74940024497753,56.67,65.0
2023-12-09,54,2,baseline,2023-12-23,82.0,17.0,43.14693717339348,65.0,65.0
2023-12-09,54,3,ensemble,2023-12-30,153.0,29.0,103.84446557494189,124.0,136.0
2023-12-09,54,3,baseline,2023-12-30,153.0,17.0,102.3396053890974,136.0,136.0
2023-12-09,55,1,ensemble,2023-12-16,122.0,83.5,20.128134956707903,38.5,63.0
2023-12-09,55,1,baseline,2023-12-16,122.0,59.0,43.58491823253016,63.0,63.0
2023-12-09,55,2,ensemble,2023-12-23,187.0,108.2085941807,48.53475382422425,78.7914058193,128.0
2023-12-09,55,2,baseline,2023-12-23,187.0,59.0,90.20105793892712,128.0,128.0
2023-12-09,55,3,ensemble,2023-12-30,300.0,120.2,122.66017991481316,179.8,241.0
2023-12-09,55,3,baseline,2023-12-30,300.0,59.0,188.39923143931438,241.0,241.0
2023-12-09,56,1,ensemble,2023-12-16,49.0,26.67620541611256,13.259958405081603,22.32379458388744,25.0
2023-12-09,56,1,baseline,2023-12-16,49.0,25.0,17.880363574831417,24.0,25.0
2023-12-09,56,2,ensemble,2023-12-23,29.0,27.519,2.8709689061059804,1.4810000000000016,5.0
2023-12-09,56,2,baseline,2023-12-23,29.0,25.0,2.4123891294782522,4.0,5.0
2023-12-09,56,3,ensemble,2023-12-30,74.0,28.8245,31.935134759885326,45.1755,50.0
2023-12-09,56,3,baseline,2023-12-30,74.0,25.0,38.94494298206027,49.0,50.0
2023-12-16,01,1,ensemble,2023-12-23,278.0,118.0,126.17980516457574,160.0,167.0
2023-12-16,01,1,baseline,2023-12-23,278.0,106.0,141.32161652044783,172.0,167.0
2023-12-16,01,2,ensemble,2023-12-30,298.0,120.0,129.24265537434104,178.0,187.0
2023-12-16,01,2,baseline,2023-12-30,298.0,106.0,155.38359448627097,192.0,187.0
2023-12-16,01,3,ensemble,2024-01-06,350.0,119.99999999999994,166.3736807870448,230.00000000000006,239.0
2023-12-16,01,3,baseline,2024-01-06,350.0,106.0,202.21951688495147,244.0,239.0
2023-12-16,02,1,ensemble,2023-12-23,5.0,9.808042847010864,2.7159987500302925,4.808042847010864,9.0
2023-12-16,02,1,baseline,2023-12-23,5.0,11.0,3.344351165316002,6.0,9.0
2023-12-16,02,2,ensemble,2023-12-30,4.0,8.358,2.5789774740233664,4.3580000000000005,10.0
2023-12-16,02,2,baseline,2023-12-30,4.0,11.0,3.854724203198554,7.0,10.0
2023-12-16,02,3,ensemble,2024-01-06,5.0,8.0,2.0450665707871885,3.0,9.0
2023-12-16,02,3,baseline,2024-01-06,5.0,11.0,3.5050644776230375,6.0,9.0
2023-12-16,04,1,ensemble,2023-12-23,962.0,465.3179359436035,355.9386605734189,496.6820640563965,568.0
2023-12-16,04,1,baseline,2023-12-23,962.0,395.0,501.0368407752991,567.0,568.0
2023-12-16,04,2,ensemble,2023-12-30,1151.0,476.595,472.6401743625076,674.405,757.0
2023-12-16,04,2,baseline,2023-12-30,1151.0,395.0,677.1751647304083,756.0,757.0
2023-12-16,04,3,ensemble,2024-01-06,935.0,440.75,273.02717976316393,494.25,541.0
2023-12-16,04,3,baseline,2024-01-06,935.0,395.0,449.3145209893838,540.0,541.0
2023-12-16,05,1,ensemble,2023-12-23,96.0,46.0,30.54369608951094,50.0,55.0
2023-12-16,05,1,baseline,2023-12-23,96.0,40.0,36.79909835317919,56.0,55.0
2023-12-16,05,2,ensemble,2023-12-30,187.0,52.79822732821879,104.94503840976704,134.2017726717812,146.0
2023-12-16,05,2,baseline,2023-12-30,187.0,40.0,111.29777802764984,147.0,146.0
2023-12-16,05,3,ensemble,2024-01-06,234.0,54.6152563344229,143.50870938784917,179.3847436655771,193.0
2023-12-16,05,3,baseline,2024-01-06,234.0,40.0,151.8442119141626,194.0,193.0
2023-12-16,06,1,ensemble,2023-12-23,1632.0,1096.1759046394,332.0422283431704,535.8240953606,825.0
2023-12-16,06,1,baseline,2023-12-23,1632.0,833.0,605.9965134465258,799.0,825.0
2023-12-16,06,2,ensemble,2023-12-30,1752.0,1124.18544123242,326.7031042981936,627.8145587675799,945.0
2023-12-16,06,2,baseline,2023-12-30,1752.0,833.0,679.2595517648001,919.0,945.0
2023-12-16,06,3,ensemble,2024-01-06,1420.0,1229.465948723825,155.93518710541642,190.53405127617498,613.0
2023-12-16,06,3,baseline,2024-01-06,1420.0,833.0,378.3427998063024,587.0,613.0
2023-12-16,08,1,ensemble,2023-12-23,252.0,176.69273603123105,38.65562964190601,75.30726396876895,99.0
2023-12-16,08,1,baseline,2023-12-23,252.0,156.0,67.99919101380142,96.0,99.0
2023-12-16,08,2,ensemble,2023-12-30,346.0,178.69812893252538,102.24564511744306,167.30187106747462,193.0
2023-12-16,08,2,baseline,2023-12-30,346.0,156.0,153.54964461051136,190.0,193.0
2023-12-16,08,3,ensemble,2024-01-06,308.0,172.92898845672607,74.33119367052441,135.07101154327393,155.0
2023-12-16,08,3,baseline,2024-01-06,308.0,156.0,109.827717048127,152.0,155.0
2023-12-16,09,1,ensemble,2023-12-23,115.0,106.0,10.197050460200268,9.0,41.0
2023-12-16,09,1,baseline,2023-12-23,115.0,74.0,26.979074066631977,41.0,41.0
2023-12-16,09,2,ensemble,2023-12-30,194.0,128.0,35.67722820210691,66.0,120.0
2023-12-16,09,2,baseline,2023-12-30,194.0,74.0,88.25054058434065,120.0,120.0
2023-12-16,09,3,ensemble,2024-01-06,167.0,148.0,24.718257543668845,19.0,93.0
2023-12-16,09,3,baseline,2024-01-06,167.0,74.0,61.744159247788126,93.0,93.0
2023-12-16,10,1,ensemble,2023-12-23,24.0,11.75,6.76315678961654,12.25,14.0
2023-12-16,10,1,baseline,2023-12-23,24.0,10.0,9.293852432567801,14.0,14.0
2023-12-16,10,2,ensemble,2023-12-30,60.0,13.855,33.96822310307183,46.144999999999996,50.0
2023-12-16,10,2,baseline,2023-12-30,60.0,10.0,37.28120013500136,50.0,50.0
2023-12-16,10,3,ensemble,2024-01-06,48.0,15.185,19.871848348725567,32.815,38.0
2023-12-16,10,3,baseline,2024-01-06,48.0,10.0,25.355372917555265,38.0,38.0
2023-12-16,11,1,ensemble,2023-12-23,46.0,14.04,24.558101680030994,31.96,32.0
2023-12-16,11,1,baseline,2023-12-23,46.0,10.0,30.332245344801276,36.0,32.0
2023-12-16,11,2,ensemble,2023-12-30,57.0,14.0,33.02848529594754,43.0,43.0
2023-12-16,11,2,baseline,2023-12-30,57.0,10.0,40.13257931505402,47.0,43.0
2023-12-16,11,3,ensemble,2024-01-06,55.0,16.0,27.01564104288094,39.0,41.0
2023-12-16,11,3,baseline,2024-01-06,55.0,10.0,37.11127124940815,45.0,41.0
2023-12-16,12,1,ensemble,2023-12-23,989.0,753.5,122.26258576619209,235.5,226.0
2023-12-16,12,1,baseline,2023-12-23,989.0,740.0,170.68051386522563,249.0,226.0
2023-12-16,12,2,ensemble,2023-12-30,1336.0,771.3,379.67903455778145,564.7,573.0
2023-12-16,12,2,baseline,2023-12-30,1336.0,740.0,490.69094976345434,596.0,573.0
2023-12-16,12,3,ensemble,2024-01-06,1416.0,709.0931359688745,424.4085003288635,706.9068640311255,653.0
2023-12-16,12,3,baseline,2024-01-06,1416.0,740.0,553.0089842846694,676.0,653.0
2023-12-16,13,1,ensemble,2023-12-23,746.0,213.1333631015516,475.06710574058684,532.8666368984484,485.0
2023-12-16,13,1,baseline,2023-12-23,746.0,189.0,534.5994446774251,557.0,485.0
2023-12-16,13,2,ensemble,2023-12-30,1137.0,212.98,850.6601177748724,924.02,876.0
2023-12-16,13,2,baseline,2023-12-30,1137.0,189.0,920.9683245563542,948.0,876.0
2023-12-16,13,3,ensemble,2024-01-06,765.0,202.1235,463.9155446798457,562.8765,504.0
2023-12-16,13,3,baseline,2024-01-06,765.0,189.0,544.7442974490614,576.0,504.0
2023-12-16,15,1,ensemble,2023-12-23,28.0,30.0,2.6940440993840706,2.0,5.0
2023-12-16,15,1,baseline,2023-12-23,28.0,30.0,1.317776272045329,2.0,5.0
2023-12-16,15,2,ensemble,2023-12-30,32.0,30.035,3.1634698561910573,1.9649999999999999,1.0
2023-12-16,15,2,baseline,2023-12-30,32.0,30.0,1.5401955484772238,2.0,1.0
2023-12-16,15,3,ensemble,2024-01-06,40.0,30.25,5.448422474842326,9.75,7.0
2023-12-16,15,3,baseline,2024-01-06,40.0,30.0,5.709818215790854,10.0,7.0
2023-12-16,16,1,ensemble,2023-12-23,115.0,55.0,33.70140475639853,60.0,69.0
2023-12-16,16,1,baseline,2023-12-23,115.0,42.0,53.980354097780115,73.0,69.0
2023-12-16,16,2,ensemble,2023-12-30,163.0,74.99215,58.413676887499676,88.00785,117.0
2023-12-16,16,2,baseline,2023-12-30,163.0,42.0,94.30146209083833,121.0,117.0
2023-12-16,16,3,ensemble,2024-01-06,157.0,91.0,36.50430067748991,66.0,111.0
2023-12-16,16,3,baseline,2024-01-06,157.0,42.0,84.26169185785338,115.0,111.0
2023-12-16,17,1,ensemble,2023-12-23,464.0,312.5,94.63774362598178,151.5,259.0
2023-12-16,17,1,baseline,2023-12-23,464.0,200.0,197.92437080155582,264.0,259.0
2023-12-16,17,2,ensemble,2023-12-30,577.0,361.75,124.90824438030909,215.25,372.0
2023-12-16,17,2,baseline,2023-12-30,577.0,200.0,287.6953573783131,377.0,372.0
2023-12-16,17,3,ensemble,2024-01-06,511.0,395.645,62.786814575405316,115.35500000000002,306.0
2023-12-16,17,3,baseline,2024-01-06,511.0,200.0,215.86957991082068,311.0,306.0
2023-12-16,18,1,ensemble,2023-12-23,286.0,256.79011099331626,19.594140738944226,29.20988900668374,140.0
2023-12-16,18,1,baseline,2023-12-23,286.0,185.0,69.36918808681567,101.0,140.0
2023-12-16,18,2,ensemble,2023-12-30,429.0,273.5840525421262,79.4626244100931,155.4159474578738,283.0
2023-12-16,18,2,baseline,2023-12-30,429.0,185.0,180.1082698056763,244.0,283.0
2023-12-16,18,3,ensemble,2024-01-06,461.0,286.350768207796,96.67949866775817,174.64923179220398,315.0
2023-12-16,18,3,baseline,2024-01-06,461.0,185.0,201.76365346523033,276.0,315.0
2023-12-16,19,1,ensemble,2023-12-23,90.0,40.0,32.44841681501492,50.0,46.0
2023-12-16,19,1,baseline,2023-12-23,90.0,24.0,47.842270317116224,66.0,46.0
2023-12-16,19,2,ensemble,2023-12-30,99.0,41.0,33.03359293719605,58.0,55.0
2023-12-16,19,2,baseline,2023-12-30,99.0,24.0,52.07441469010342,75.0,55.0
2023-12-16,19,3,ensemble,2024-01-06,94.0,40.565,27.12245720182768,53.435,50.0
2023-12-16,19,3,baseline,2024-01-06,94.0,24.0,46.07726923573586,70.0,50.0
2023-12-16,20,1,ensemble,2023-12-23,91.0,37.65083157309398,36.28224404175524,53.34916842690602,54.0
2023-12-16,20,1,baseline,2023-12-23,91.0,27.0,46.97893221210473,64.0,54.0
2023-12-16,20,2,ensemble,2023-12-30,93.0,40.0,32.003123360235165,53.0,56.0
2023-12-16,20,2,baseline,2023-12-30,93.0,27.0,45.91057579054054,66.0,56.0
2023-12-16,20,3,ensemble,2024-01-06,93.0,45.50066900253296,27.096202679665797,47.49933099746704,56.0
2023-12-16,20,3,baseline,2024-01-06,93.0,27.0,43.464244541249755,66.0,56.0
2023-12-16,21,1,ensemble,2023-12-23,137.0,66.0,45.411370067463906,71.0,89.0
2023-12-16,21,1,baseline,2023-12-23,137.0,48.0,60.06165978701092,89.0,89.0
2023-12-16,21,2,ensemble,2023-12-30,261.0,75.0,149.12575120327742,186.0,213.0
2023-12-16,21,2,baseline,2023-12-30,261.0,48.0,152.01881525652217,213.0,213.0
2023-12-16,21,3,ensemble,2024-01-06,296.0,83.12689781188965,169.46860333009042,212.87310218811035,248.0
2023-12-16,21,3,baseline,2024-01-06,296.0,48.0,172.26632704253134,248.0,248.0
2023-12-16,22,1,ensemble,2023-12-23,307.0,180.749,81.43932238928838,126.251,149.0
2023-12-16,22,1,baseline,2023-12-23,307.0,158.0,126.11975677432869,149.0,149.0
2023-12-16,22,2,ensemble,2023-12-30,381.0,188.045,128.79265766125135,192.955,223.0
2023-12-16,22,2,baseline,2023-12-30,381.0,158.0,194.61534365591484,223.0,223.0
2023-12-16,22,3,ensemble,2024-01-06,307.0,178.25419998168945,71.79464370723086,128.74580001831055,149.0
2023-12-16,22,3,baseline,2024-01-06,307.0,158.0,116.54987561621272,149.0,149.0
2023-12-16,23,1,ensemble,2023-12-23,16.0,19.0,3.0931753985722987,3.0,1.0
2023-12-16,23,1,baseline,2023-12-23,16.0,14.0,1.9704796609705233,2.0,1.0
2023-12-16,23,2,ensemble,2023-12-30,51.0,21.941000000000003,15.038830311987772,29.058999999999997,36.0
2023-12-16,23,2,baseline,2023-12-30,51.0,14.0,23.915054162541622,37.0,36.0
2023-12-16,23,3,ensemble,2024-01-06,58.0,25.36589878742565,16.34086529526213,32.63410121257435,43.0
2023-12-16,23,3,baseline,2024-01-06,58.0,14.0,27.852742407250165,44.0,43.0
2023-12-16,24,1,ensemble,2023-12-23,207.0,104.604547485836,68.02454881611702,102.395452514164,129.0
2023-12-16,24,1,baseline,2023-12-23,207.0,78.0,103.96845383736454,129.0,129.0
2023-12-16,24,2,ensemble,2023-12-30,328.0,113.0,155.00028001391894,215.0,250.0
2023-12-16,24,2,baseline,2023-12-30,328.0,78.0,219.3200995586043,250.0,250.0
2023-12-16,24,3,ensemble,2024-01-06,322.0,135.6441,132.29903554054562,186.3559,244.0
2023-12-16,24,3,baseline,2024-01-06,322.0,78.0,208.44899550054194,244.0,244.0
2023-12-16,25,1,ensemble,2023-12-23,298.0,117.6248939501195,155.30478632853857,180.37510604988051,181.0
2023-12-16,25,1,baseline,2023-12-23,298.0,40.0,201.92486462416807,258.0,181.0
2023-12-16,25,2,ensemble,2023-12-30,476.0,122.1243906206677,307.8776972705559,353.87560937933233,359.0
2023-12-16,25,2,baseline,2023-12-30,476.0,40.0,367.30932302927374,436.0,359.0
2023-12-16,25,3,ensemble,2024-01-06,595.0,138.63524999999998,377.109921090757,456.36475,478.0
2023-12-16,25,3,baseline,2024-01-06,595.0,40.0,475.7399768644862,555.0,478.0
2023-12-16,26,1,ensemble,2023-12-23,245.0,267.65,23.105753099322918,22.649999999999977,76.0
2023-12-16,26,1,baseline,2023-12-23,245.0,173.0,46.73631831674839,72.0,76.0
2023-12-16,26,2,ensemble,2023-12-30,527.0,313.86,119.94477082231445,213.14,358.0
2023-12-16,26,2,baseline,2023-12-30,527.0,173.0,262.8092901613364,354.0,358.0
2023-12-16,26,3,ensemble,2024-01-06,455.0,337.59,66.73019678852938,117.41000000000003,286.0
2023-12-16,26,3,baseline,2024-01-06,455.0,173.0,191.99597616287042,282.0,286.0
2023-12-16,27,1,ensemble,2023-12-23,110.0,63.60259486105706,23.760250696387708,46.39740513894294,62.0
2023-12-16,27,1,baseline,2023-12-23,110.0,48.0,43.112511768400275,62.0,62.0
2023-12-16,27,2,ensemble,2023-12-30,189.0,76.947,71.89873000917655,112.053,141.0
2023-12-16,27,2,baseline,2023-12-30,189.0,48.0,106.74013845679762,141.0,141.0
2023-12-16,27,3,ensemble,2024-01-06,168.0,80.0,47.57737788342991,88.0,120.0
2023-12-16,27,3,baseline,2024-01-06,168.0,48.0,81.92101818781234,120.0,120.0
2023-12-16,28,1,ensemble,2023-12-23,200.0,86.0,82.34751819824506,114.0,129.0
2023-12-16,28,1,baseline,2023-12-23,200.0,74.0,105.67244935003703,126.0,129.0
2023-12-16,28,2,ensemble,2023-12-30,300.0,92.0,167.9414269133444,208.0,229.0
2023-12-16,28,2,baseline,2023-12-30,300.0,74.0,201.00600090940046,226.0,229.0
2023-12-16,28,3,ensemble,2024-01-06,274.0,91.0,136.29928228804349,183.0,203.0
2023-12-16,28,3,baseline,2024-01-06,274.0,74.0,171.2439857749665,200.0,203.0
2023-12-16,29,1,ensemble,2023-12-23,224.0,216.0,18.04891308681874,8.0,84.0
2023-12-16,29,1,baseline,2023-12-23,224.0,149.0,50.899838027532404,75.0,84.0
2023-12-16,29,2,ensemble,2023-12-30,370.0,253.0,62.490328577644284,117.0,230.0
2023-12-16,29,2,baseline,2023-12-30,370.0,149.0,156.51923707841436,221.0,230.0
2023-12-16,29,3,ensemble,2024-01-06,345.0,279.608892549055,43.79754156468858,65.39110745094501,205.0
2023-12-16,29,3,baseline,2024-01-06,345.0,149.0,132.00028400018783,196.0,205.0
2023-12-16,30,1,ensemble,2023-12-23,78.0,26.4175,34.61743190062266,51.582499999999996,57.0
2023-12-16,30,1,baseline,2023-12-23,78.0,21.0,46.9713394319378,57.0,57.0
2023-12-16,30,2,ensemble,2023-12-30,116.0,28.58131243288517,63.428459563425875,87.41868756711483,95.0
2023-12-16,30,2,baseline,2023-12-30,116.0,21.0,82.74407046874816,95.0,95.0
2023-12-16,30,3,ensemble,2024-01-06,129.0,32.1575,64.54458112295526,96.8425,108.0
2023-12-16,30,3,baseline,2024-01-06,129.0,21.0,93.77346790685297,108.0,108.0
2023-12-16,31,1,ensemble,2023-12-23,53.0,11.971529364524418,33.163471835142296,41.028470635475585,42.0
2023-12-16,31,1,baseline,2023-12-23,53.0,9.0,30.989709908903464,44.0,42.0
2023-12-16,31,2,ensemble,2023-12-30,51.0,14.0,27.01285587419611,37.0,40.0
2023-12-16,31,2,baseline,2023-12-30,51.0,9.0,27.010099702018753,42.0,40.0
2023-12-16,31,3,ensemble,2024-01-06,52.0,16.0,25.55786842090384,36.0,41.0
2023-12-16,31,3,baseline,2024-01-06,52.0,9.0,26.349154061975405,43.0,41.0
2023-12-16,32,1,ensemble,2023-12-23,158.0,106.4065,31.709206021595403,51.593500000000006,81.0
2023-12-16,32,1,baseline,2023-12-23,158.0,78.0,56.685317941288105,80.0,81.0
2023-12-16,32,2,ensemble,2023-12-30,164.0,114.896,25.262748072342223,49.104,87.0
2023-12-16,32,2,baseline,2023-12-30,164.0,78.0,57.8145220365247,86.0,87.0
2023-12-16,32,3,ensemble,2024-01-06,143.0,128.954,14.707510240637792,14.045999999999992,66.0
2023-12-16,32,3,baseline,2024-01-06,143.0,78.0,39.44624358587062,65.0,66.0
2023-12-16,33,1,ensemble,2023-12-23,41.0,21.105,11.751411717013678,19.895,26.0
2023-12-16,33,1,baseline,2023-12-23,41.0,15.0,17.948373114970277,26.0,26.0
2023-12-16,33,2,ensemble,2023-12-30,57.0,25.84,17.710391201918743,31.16,42.0
2023-12-16,33,2,baseline,2023-12-30,57.0,15.0,30.11802335777706,42.0,42.0
2023-12-16,33,3,ensemble,2024-01-06,47.0,30.0,8.582734967306386,17.0,32.0
2023-12-16,33,3,baseline,2024-01-06,47.0,15.0,20.340587875704838,32.0,32.0
2023-12-16,34,1,ensemble,2023-12-23,490.0,219.5,196.16548402722097,270.5,330.0
2023-12-16,34,1,baseline,2023-12-23,490.0,154.0,283.4249583430836,336.0,330.0
2023-12-16,34,2,ensemble,2023-12-30,733.0,245.75,384.0418340203944,487.25,573.0
2023-12-16,34,2,baseline,2023-12-30,733.0,154.0,512.568388485363,579.0,573.0
2023-12-16,34,3,ensemble,2024-01-06,667.0,255.935,272.42275079251334,411.065,507.0
2023-12-16,34,3,baseline,2024-01-06,667.0,154.0,435.3124824157805,513.0,507.0
2023-12-16,35,1,ensemble,2023-12-23,232.0,110.5,82.98694549944992,121.5,143.0
2023-12-16,35,1,baseline,2023-12-23,232.0,80.0,123.09012975097154,152.0,143.0
2023-12-16,35,2,ensemble,2023-12-30,237.0,133.2212071418762,66.98386366811334,103.77879285812381,148.0
2023-12-16,35,2,baseline,2023-12-30,237.0,80.0,121.04814320023635,157.0,148.0
2023-12-16,35,3,ensemble,2024-01-06,230.0,130.97275000000002,52.76376909185407,99.02724999999998,141.0
2023-12-16,35,3,baseline,2024-01-06,230.0,80.0,109.66316903558167,150.0,141.0
2023-12-16,36,1,ensemble,2023-12-23,935.0,834.5292708587647,62.50819996804486,100.47072914123532,426.0
2023-12-16,36,1,baseline,2023-12-23,935.0,531.0,300.83479663748824,404.0,426.0
2023-12-16,36,2,ensemble,2023-12-30,1343.0,990.0999999999998,199.9978552234459,352.9000000000002,834.0
2023-12-16,36,2,baseline,2023-12-30,1343.0,531.0,680.6596265142653,812.0,834.0
2023-12-16,36,3,ensemble,2024-01-06,1278.0,1056.7495,133.30998093961512,221.2505000000001,769.0
2023-12-16,36,3,baseline,2024-01-06,1278.0,531.0,595.9057306865897,747.0,769.0
2023-12-16,37,1,ensemble,2023-12-23,733.0,448.752,190.92663066401786,284.248,420.0
2023-12-16,37,1,baseline,2023-12-23,733.0,311.0,378.3917788296361,422.0,420.0
2023-12-16,37,2,ensemble,2023-12-30,1076.0,491.21,479.84658228598926,584.79,763.0
2023-12-16,37,2,baseline,2023-12-30,1076.0,311.0,710.8060055150985,765.0,763.0
2023-12-16,37,3,ensemble,2024-01-06,779.0,459.4310018023378,199.98733048988328,319.5689981976622,466.0
2023-12-16,37,3,baseline,2024-01-06,779.0,311.0,405.5679081611251,468.0,466.0
2023-12-16,38,1,ensemble,2023-12-23,26.0,18.325850000000003,4.193175304387324,7.674149999999997,15.0
2023-12-16,38,1,baseline,2023-12-23,26.0,12.0,9.17323353883539,14.0,15.0
2023-12-16,38,2,ensemble,2023-12-30,51.0,21.405,18.853159927861924,29.595,40.0
2023-12-16,38,2,baseline,2023-12-30,51.0,12.0,30.24936485993123,39.0,40.0
2023-12-16,38,3,ensemble,2024-01-06,52.0,22.145,15.83684114317086,29.855,41.0
2023-12-16,38,3,baseline,2024-01-06,52.0,12.0,29.881046996122162,40.0,41.0
2023-12-16,39,1,ensemble,2023-12-23,428.0,190.33,181.35811171447605,237.67,267.0
2023-12-16,39,1,baseline,2023-12-23,428.0,132.0,233.9109099926435,296.0,267.0
2023-12-16,39,2,ensemble,2023-12-30,638.0,210.6,326.14105531593725,427.4,477.0
2023-12-16,39,2,baseline,2023-12-30,638.0,132.0,425.3008255301249,506.0,477.0
2023-12-16,39,3,ensemble,2024-01-06,574.0,227.526,218.95577804086932,346.474,413.0
2023-12-16,39,3,baseline,2024-01-06,574.0,132.0,350.10327583319304,442.0,413.0
2023-12-16,40,1,ensemble,2023-12-23,158.0,83.6479456791907,47.16090802722261,74.3520543208093,97.0
2023-12-16,40,1,baseline,2023-12-23,158.0,67.0,61.031317801199776,91.0,97.0
2023-12-16,40,2,ensemble,2023-12-30,137.0,97.0,18.992136732624438,40.0,76.0
2023-12-16,40,2,baseline,2023-12-30,137.0,67.0,42.25756923964892,70.0,76.0
2023-12-16,40,3,ensemble,2024-01-06,174.0,107.0,36.76000926240141,67.0,113.0
2023-12-16,40,3,baseline,2024-01-06,174.0,67.0,64.66339319514934,107.0,113.0
2023-12-16,41,1,ensemble,2023-12-23,103.0,55.39955473344048,27.91425538007501,47.60044526655952,60.0
2023-12-16,41,1,baseline,2023-12-23,103.0,39.0,44.99739936392842,64.0,60.0
2023-12-16,41,2,ensemble,2023-12-30,147.0,65.1905,48.76574109197458,81.8095,104.0
2023-12-16,41,2,baseline,2023-12-30,147.0,39.0,73.58108090767863,108.0,104.0
2023-12-16,41,3,ensemble,2024-01-06,142.0,72.49094961036229,38.36777720038166,69.50905038963771,99.0
2023-12-16,41,3,baseline,2024-01-06,142.0,39.0,65.92895760761952,103.0,99.0
2023-12-16,42,1,ensemble,2023-12-23,709.0,412.3434699674475,198.97870756054513,296.6565300325525,425.0
2023-12-16,42,1,baseline,2023-12-23,709.0,296.0,331.3424040676497,413.0,425.0
2023-12-16,42,2,ensemble,2023-12-30,1033.0,494.885,355.6134786156932,538.115,749.0
2023-12-16,42,2,baseline,2023-12-30,1033.0,296.0,632.4704006902675,737.0,749.0
2023-12-16,42,3,ensemble,2024-01-06,762.0,516.5037687622118,116.36847621748548,245.49623123778815,478.0
2023-12-16,42,3,baseline,2024-01-06,762.0,296.0,348.1294642913605,466.0,478.0
2023-12-16,44,1,ensemble,2023-12-23,18.0,9.0,4.911377576633492,9.0,12.0
2023-12-16,44,1,baseline,2023-12-23,18.0,6.0,8.015801663647078,12.0,12.0
2023-12-16,44,2,ensemble,2023-12-30,47.0,9.5,26.75897582444035,37.5,41.0
2023-12-16,44,2,baseline,2023-12-30,47.0,6.0,33.662761632029365,41.0,41.0
2023-12-16,44,3,ensemble,2024-01-06,48.0,9.78,24.756591302014364,38.22,42.0
2023-12-16,44,3,baseline,2024-01-06,48.0,6.0,33.596650026804625,42.0,42.0
2023-12-16,45,1,ensemble,2023-12-23,421.0,214.715,147.01988172226922,206.285,244.0
2023-12-16,45,1,baseline,2023-12-23,421.0,169.0,230.15331269345307,252.0,244.0
2023-12-16,45,2,ensemble,2023-12-30,649.0,234.33,331.16649894796876,414.66999999999996,472.0
2023-12-16,45,2,baseline,2023-12-30,649.0,169.0,453.7221910672151,480.0,472.0
2023-12-16,45,3,ensemble,2024-01-06,480.0,235.529,147.14553419977878,244.471,303.0
2023-12-16,45,3,baseline,2024-01-06,480.0,169.0,281.0102814682278,311.0,303.0
2023-12-16,46,1,ensemble,2023-12-23,33.0,11.603950469753368,15.087584200653863,21.396049530246632,27.0
2023-12-16,46,1,baseline,2023-12-23,33.0,8.0,17.492123613105697,25.0,27.0
2023-12-16,46,2,ensemble,2023-12-30,48.0,12.56,25.59538298764759,35.44,42.0
2023-12-16,46,2,baseline,2023-12-30,48.0,8.0,29.493991813439855,40.0,42.0
2023-12-16,46,3,ensemble,2024-01-06,54.0,13.295000000000002,29.028868676678876,40.705,48.0
2023-12-16,46,3,baseline,2024-01-06,54.0,8.0,33.490046510704246,46.0,48.0
2023-12-16,47,1,ensemble,2023-12-23,294.0,200.1242427825928,53.192247450108674,93.8757572174072,141.0
2023-12-16,47,1,baseline,2023-12-23,294.0,154.0,102.58394845491932,140.0,141.0
2023-12-16,47,2,ensemble,2023-12-30,543.0,224.32725,234.4080291139222,318.67275,390.0
2023-12-16,47,2,baseline,2023-12-30,543.0,154.0,329.35445131812185,389.0,390.0
2023-12-16,47,3,ensemble,2024-01-06,482.0,237.1495,138.5133013981898,244.8505,329.0
2023-12-16,47,3,baseline,2024-01-06,482.0,154.0,260.5664738005424,328.0,329.0
2023-12-16,48,1,ensemble,2023-12-23,1259.0,1005.5,139.60661665945514,253.5,669.0
2023-12-16,48,1,baseline,2023-12-23,1259.0,814.0,318.9415637947901,445.0,669.0
2023-12-16,48,2,ensemble,2023-12-30,1530.0,1057.0,270.9310780447952,473.0,940.0
2023-12-16,48,2,baseline,2023-12-30,1530.0,814.0,553.2555582098431,716.0,940.0
2023-12-16,48,3,ensemble,2024-01-06,1589.0,1053.5,279.66629272619423,535.5,999.0
2023-12-16,48,3,baseline,2024-01-06,1589.0,814.0,587.8627550791814,775.0,999.0
2023-12-16,49,1,ensemble,2023-12-23,58.0,21.1,26.032259591632386,36.9,41.0
2023-12-16,49,1,baseline,2023-12-23,58.0,17.0,33.29586504012866,41.0,41.0
2023-12-16,49,2,ensemble,2023-12-30,80.0,24.0,39.77199305964062,56.0,63.0
2023-12-16,49,2,baseline,2023-12-30,80.0,17.0,53.371867111714636,63.0,63.0
2023-12-16,49,3,ensemble,2024-01-06,63.0,24.0,23.185388277421783,39.0,46.0
2023-12-16,49,3,baseline,2024-01-06,63.0,17.0,34.87059977049772,46.0,46.0
2023-12-16,50,1,ensemble,2023-12-23,12.0,10.0,1.656659286439852,2.0,4.0
2023-12-16,50,1,baseline,2023-12-23,12.0,8.0,2.2953943068561125,4.0,4.0
2023-12-16,50,2,ensemble,2023-12-30,19.0,10.644311352885447,3.7084554371636584,8.355688647114553,11.0
2023-12-16,50,2,baseline,2023-12-30,19.0,8.0,6.915569266062224,11.0,11.0
2023-12-16,50,3,ensemble,2024-01-06,15.0,11.0,2.457818863384009,4.0,7.0
2023-12-16,50,3,baseline,2024-01-06,15.0,8.0,3.9191545626543216,7.0,7.0
2023-12-16,51,1,ensemble,2023-12-23,419.0,184.5,184.04114227146508,234.5,262.0
2023-12-16,51,1,baseline,2023-12-23,419.0,155.0,228.08671760026303,264.0,262.0
2023-12-16,51,2,ensemble,2023-12-30,731.0,201.75,467.3572000369168,529.25,574.0
2023-12-16,51,2,baseline,2023-12-30,731.0,155.0,532.8948721709392,576.0,574.0
2023-12-16,51,3,ensemble,2024-01-06,538.0,208.8485,250.6006109959707,329.1515,381.0
2023-12-16,51,3,baseline,2024-01-06,538.0,155.0,333.00788970331007,383.0,381.0
2023-12-16,53,1,ensemble,2023-12-23,155.0,111.47623002869872,21.80526600650803,43.52376997130128,72.0
2023-12-16,53,1,baseline,2023-12-23,155.0,82.0,49.790257681968114,73.0,72.0
2023-12-16,53,2,ensemble,2023-12-30,211.0,123.00632097868916,50.61718066947403,87.99367902131084,128.0
2023-12-16,53,2,baseline,2023-12-30,211.0,82.0,87.67214098914901,129.0,128.0
2023-12-16,53,3,ensemble,2024-01-06,209.0,128.315,46.84978857523446,80.685,126.0
2023-12-16,53,3,baseline,2024-01-06,209.0,82.0,82.29151596537703,127.0,126.0
2023-12-16,54,1,ensemble,2023-12-23,82.0,26.0,42.19594833770672,56.0,62.0
2023-12-16,54,1,baseline,2023-12-23,82.0,20.0,44.11785034180777,62.0,62.0
2023-12-16,54,2,ensemble,2023-12-30,153.0,29.0,102.91694962782711,124.0,133.0
2023-12-16,54,2,baseline,2023-12-30,153.0,20.0,104.45468156938092,133.0,133.0
2023-12-16,54,3,ensemble,2024-01-06,169.0,30.025,112.57377568029895,138.975,149.0
2023-12-16,54,3,baseline,2024-01-06,169.0,20.0,115.74319678716353,149.0,149.0
2023-12-16,55,1,ensemble,2023-12-23,187.0,154.804,18.386174992252332,32.196,88.0
2023-12-16,55,1,baseline,2023-12-23,187.0,102.0,61.668431953449996,85.0,88.0
2023-12-16,55,2,ensemble,2023-12-30,300.0,183.983019973476,64.14689877614296,116.01698002652401,201.0
2023-12-16,55,2,baseline,2023-12-30,300.0,102.0,152.1685564446515,198.0,201.0
2023-12-16,55,3,ensemble,2024-01-06,248.0,219.0,27.151241726500732,29.0,149.0
2023-12-16,55,3,baseline,2024-01-06,248.0,102.0,100.88660495944082,146.0,149.0
2023-12-16,56,1,ensemble,2023-12-23,29.0,52.15929447114468,13.652106166851896,23.159294471144683,19.0
2023-12-16,56,1,baseline,2023-12-23,29.0,48.0,13.455827930214088,19.0,19.0
2023-12-16,56,2,ensemble,2023-12-30,74.0,52.685516640020666,11.500451263589122,21.314483359979334,26.0
2023-12-16,56,2,baseline,2023-12-30,74.0,48.0,18.145286103274085,26.0,26.0
2023-12-16,56,3,ensemble,2024-01-06,84.0,45.91318454064867,21.412270074354137,38.08681545935133,36.0
2023-12-16,56,3,baseline,2024-01-06,84.0,48.0,25.770119139865322,36.0,36.0
2023-12-23,01,1,ensemble,2023-12-30,298.0,182.87217974080767,65.42882338101174,115.12782025919233,147.0
2023-12-23,01,1,baseline,2023-12-30,298.0,154.0,113.06649359476206,144.0,147.0
2023-12-23,01,2,ensemble,2024-01-06,350.0,196.29,88.58957517839575,153.71,199.0
2023-12-23,01,2,baseline,2024-01-06,350.0,154.0,159.09704689768643,196.0,199.0
2023-12-23,01,3,ensemble,2024-01-13,237.0,204.0,25.035844514374237,33.0,86.0
2023-12-23,01,3,baseline,2024-01-13,237.0,154.0,52.33570727763797,83.0,86.0
2023-12-23,02,1,ensemble,2023-12-30,4.0,4.6419447183303,1.0524700020766076,0.6419447183302998,0.0
2023-12-23,02,1,baseline,2023-12-30,4.0,4.0,1.1414618842057982,0.0,0.0
2023-12-23,02,2,ensemble,2024-01-06,5.0,4.15073230604724,1.1286075037107692,0.8492676939527604,1.0
2023-12-23,02,2,baseline,2024-01-06,5.0,4.0,1.5196388107141932,1.0,1.0
2023-12-23,02,3,ensemble,2024-01-13,6.0,3.86672553798234,1.4423402540893733,2.13327446201766,2.0
2023-12-23,02,3,baseline,2024-01-13,6.0,4.0,1.9773059061025398,2.0,2.0
2023-12-23,04,1,ensemble,2023-12-30,1151.0,688.0,281.98652297434467,463.0,545.0
2023-12-23,04,1,baseline,2023-12-30,1151.0,580.0,503.17105727413804,571.0,545.0
2023-12-23,04,2,ensemble,2024-01-06,935.0,676.9909734725952,136.51992151699852,258.0090265274048,329.0
2023-12-23,04,2,baseline,2024-01-06,935.0,580.0,273.8165830266782,355.0,329.0
2023-12-23,04,3,ensemble,2024-01-13,728.0,605.7121041067938,81.37234171065994,122.28789589320616,122.0
2023-12-23,04,3,baseline,2024-01-13,728.0,580.0,89.21825313981401,148.0,122.0
2023-12-23,05,1,ensemble,2023-12-30,187.0,65.62274029515257,97.10628562856508,121.37725970484743,134.0
2023-12-23,05,1,baseline,2023-12-30,187.0,51.0,107.91800211810815,136.0,134.0
2023-12-23,05,2,ensemble,2024-01-06,234.0,75.0,125.93107308223222,159.0,181.0
2023-12-23,05,2,baseline,2024-01-06,234.0,51.0,147.2673225818563,183.0,181.0
2023-12-23,05,3,ensemble,2024-01-13,223.0,79.6541018486023,99.4438244596608,143.3458981513977,170.0
2023-12-23,05,3,baseline,2024-01-13,223.0,51.0,130.35966330345903,172.0,170.0
2023-12-23,06,1,ensemble,2023-12-30,1752.0,1296.8049999999998,285.1414771015939,455.19500000000016,756.0
2023-12-23,06,1,baseline,2023-12-30,1752.0,944.0,614.5694060698211,808.0,756.0
2023-12-23,06,2,ensemble,2024-01-06,1420.0,1290.6,118.38211339978864,129.4000000000001,424.0
2023-12-23,06,2,baseline,2024-01-06,1420.0,944.0,312.7579012145989,476.0,424.0
2023-12-23,06,3,ensemble,2024-01-13,1030.0,1375.552749776754,199.12990609266114,345.5527497767539,34.0
2023-12-23,06,3,baseline,2024-01-13,1030.0,944.0,66.38529483381791,86.0,34.0
2023-12-23,08,1,ensemble,2023-12-30,346.0,268.82468577669994,38.36946666293492,77.17531422330006,126.0
2023-12-23,08,1,baseline,2023-12-30,346.0,237.0,78.83307267494418,109.0,126.0
2023-12-23,08,2,ensemble,2024-01-06,308.0,279.25,25.818992232048082,28.75,88.0
2023-12-23,08,2,baseline,2024-01-06,308.0,237.0,43.20946950956466,71.0,88.0
2023-12-23,08,3,ensemble,2024-01-13,286.0,263.6276593208313,26.775440452069905,22.3723406791687,66.0
2023-12-23,08,3,baseline,2024-01-13,286.0,237.0,27.09655445589236,49.0,66.0
2023-12-23,09,1,ensemble,2023-12-30,194.0,175.65,14.249032020421339,18.349999999999994,74.0
2023-12-23,09,1,baseline,2023-12-30,194.0,120.0,52.73096254116897,74.0,74.0
2023-12-23,09,2,ensemble,2024-01-06,167.0,186.454,18.05631493983761,19.454000000000008,47.0
2023-12-23,09,2,baseline,2024-01-06,167.0,120.0,29.177129661187916,47.0,47.0
2023-12-23,09,3,ensemble,2024-01-13,159.0,194.28,28.880905051374267,35.28,39.0
2023-12-23,09,3,baseline,2024-01-13,159.0,120.0,22.689445065755002,39.0,39.0
2023-12-23,10,1,ensemble,2023-12-30,60.0,28.343046374043368,20.96222373715725,31.656953625956632,42.0
2023-12-23,10,1,baseline,2023-12-30,60.0,18.0,32.065526459481994,42.0,42.0
2023-12-23,10,2,ensemble,2024-01-06,48.0,32.50000000000001,7.872019160677723,15.499999999999993,30.0
2023-12-23,10,2,baseline,2024-01-06,48.0,18.0,20.415046811881158,30.0,30.0
2023-12-23,10,3,ensemble,2024-01-13,34.0,36.99999999999999,4.904881721425227,2.999999999999993,16.0
2023-12-23,10,3,baseline,2024-01-13,34.0,18.0,9.542782981612426,16.0,16.0
2023-12-23,11,1,ensemble,2023-12-30,57.0,19.26,29.36241747756867,37.739999999999995,37.0
2023-12-23,11,1,baseline,2023-12-30,57.0,14.0,37.37595030080736,43.0,37.0
2023-12-23,11,2,ensemble,2024-01-06,55.0,20.615937343537805,23.12130482289831,34.38406265646219,35.0
2023-12-23,11,2,baseline,2024-01-06,55.0,14.0,34.194960516496465,41.0,35.0
2023-12-23,11,3,ensemble,2024-01-13,37.0,21.5,7.986970309367693,15.5,17.0
2023-12-23,11,3,baseline,2024-01-13,37.0,14.0,15.545083374572876,23.0,17.0
2023-12-23,12,1,ensemble,2023-12-30,1336.0,842.0677905273437,329.57035438286,493.93220947265627,492.0
2023-12-23,12,1,baseline,2023-12-30,1336.0,820.0,431.7597755287124,516.0,492.0
2023-12-23,12,2,ensemble,2024-01-06,1416.0,859.0,360.97986131282676,557.0,572.0
2023-12-23,12,2,baseline,2024-01-06,1416.0,820.0,490.92162570445356,596.0,572.0
2023-12-23,12,3,ensemble,2024-01-13,1071.0,867.0,107.38221331926327,204.0,227.0
2023-12-23,12,3,baseline,2024-01-13,1071.0,820.0,153.00521184814025,251.0,227.0
2023-12-23,13,1,ensemble,2023-12-30,1137.0,505.8966507668147,472.2701845138294,631.1033492331853,695.0
2023-12-23,13,1,baseline,2023-12-30,1137.0,439.0,671.5104779646274,698.0,695.0
2023-12-23,13,2,ensemble,2024-01-06,765.0,552.7852880382267,112.82274698541072,212.21471196177333,323.0
2023-12-23,13,2,baseline,2024-01-06,765.0,439.0,291.53842165654265,326.0,323.0
2023-12-23,13,3,ensemble,2024-01-13,635.0,535.237468601827,61.24797632015132,99.762531398173,193.0
2023-12-23,13,3,baseline,2024-01-13,635.0,439.0,155.28276385194312,196.0,193.0
2023-12-23,15,1,ensemble,2023-12-30,32.0,24.77,4.054512714476612,7.23,5.0
2023-12-23,15,1,baseline,2023-12-30,32.0,24.0,4.844288015684504,8.0,5.0
2023-12-23,15,2,ensemble,2024-01-06,40.0,23.124326775836032,9.39688120299022,16.875673224163968,13.0
2023-12-23,15,2,baseline,2024-01-06,40.0,24.0,10.803479014029259,16.0,13.0
2023-12-23,15,3,ensemble,2024-01-13,25.0,22.255,2.813956979750046,2.745000000000001,2.0
2023-12-23,15,3,baseline,2024-01-13,25.0,24.0,1.6883993522543919,1.0,2.0
2023-12-23,16,1,ensemble,2023-12-30,163.0,107.0,33.988703122309396,56.0,96.0
2023-12-23,16,1,baseline,2023-12-30,163.0,67.0,74.10347492170574,96.0,96.0
2023-12-23,16,2,ensemble,2024-01-06,157.0,122.821,18.708684166014883,34.179,90.0
2023-12-23,16,2,baseline,2024-01-06,157.0,67.0,64.67918198758075,90.0,90.0
2023-12-23,16,3,ensemble,2024-01-13,102.0,133.812,19.317901244944167,31.812000000000012,35.0
2023-12-23,16,3,baseline,2024-01-13,102.0,67.0,21.713844888035847,35.0,35.0
2023-12-23,17,1,ensemble,2023-12-30,577.0,313.926,178.88044161849592,263.074,323.0
2023-12-23,17,1,baseline,2023-12-30,577.0,238.0,268.6673200262223,339.0,323.0
2023-12-23,17,2,ensemble,2024-01-06,511.0,337.12,92.38223461906813,173.88,257.0
2023-12-23,17,2,baseline,2024-01-06,511.0,238.0,193.17635182110504,273.0,257.0
2023-12-23,17,3,ensemble,2024-01-13,380.0,345.197,33.71157487084982,34.803,126.0
2023-12-23,17,3,baseline,2024-01-13,380.0,238.0,86.34443883671445,142.0,126.0
2023-12-23,18,1,ensemble,2023-12-30,429.0,329.571,51.53264502275904,99.42899999999997,222.0
2023-12-23,18,1,baseline,2023-12-30,429.0,260.0,124.38831180696592,169.0,222.0
2023-12-23,18,2,ensemble,2024-01-06,461.0,371.0,50.159268050240556,90.0,254.0
2023-12-23,18,2,baseline,2024-01-06,461.0,260.0,141.66749040359966,201.0,254.0
2023-12-23,18,3,ensemble,2024-01-13,403.0,366.35,39.31708335838018,36.64999999999998,196.0
2023-12-23,18,3,baseline,2024-01-13,403.0,260.0,92.75918017436693,143.0,196.0
2023-12-23,19,1,ensemble,2023-12-30,99.0,59.0,22.305566859924873,40.0,49.0
2023-12-23,19,1,baseline,2023-12-30,99.0,45.0,38.387796168026895,54.0,49.0
2023-12-23,19,2,ensemble,2024-01-06,94.0,66.795,14.16684250798771,27.205,44.0
2023-12-23,19,2,baseline,2024-01-06,94.0,45.0,33.334044888296695,49.0,44.0
2023-12-23,19,3,ensemble,2024-01-13,84.0,81.418,8.224345780694021,2.5819999999999936,34.0
2023-12-23,19,3,baseline,2024-01-13,84.0,45.0,24.434672527747015,39.0,34.0
2023-12-23,20,1,ensemble,2023-12-30,93.0,45.0,30.24336548997259,48.0,50.0
2023-12-23,20,1,baseline,2023-12-30,93.0,36.0,41.36208308498304,57.0,50.0
2023-12-23,20,2,ensemble,2024-01-06,93.0,51.56837823268272,24.435558115954283,41.43162176731728,50.0
2023-12-23,20,2,baseline,2024-01-06,93.0,36.0,38.716480117475115,57.0,50.0
2023-12-23,20,3,ensemble,2024-01-13,100.0,56.0,25.2819592246297,44.0,57.0
2023-12-23,20,3,baseline,2024-01-13,100.0,36.0,42.221406070038945,64.0,57.0
2023-12-23,21,1,ensemble,2023-12-30,261.0,107.3772,108.42516180176499,153.62279999999998,174.0
2023-12-23,21,1,baseline,2023-12-30,261.0,88.0,127.40675675328494,173.0,174.0
2023-12-23,21,2,ensemble,2024-01-06,296.0,138.0,103.55789433094215,158.0,209.0
2023-12-23,21,2,baseline,2024-01-06,296.0,88.0,148.59943602949073,208.0,209.0
2023-12-23,21,3,ensemble,2024-01-13,240.0,141.0,50.84679660110209,99.0,153.0
2023-12-23,21,3,baseline,2024-01-13,240.0,88.0,98.10563063150197,152.0,153.0
2023-12-23,22,1,ensemble,2023-12-30,381.0,203.3271622657776,126.24691505642704,177.6728377342224,202.0
2023-12-23,22,1,baseline,2023-12-30,381.0,179.0,179.0548791162912,202.0,202.0
2023-12-23,22,2,ensemble,2024-01-06,307.0,196.305,60.12174473732885,110.695,128.0
2023-12-23,22,2,baseline,2024-01-06,307.0,179.0,99.71298146646686,128.0,128.0
2023-12-23,22,3,ensemble,2024-01-13,254.0,194.325,31.199059029802267,59.67500000000001,75.0
2023-12-23,22,3,baseline,2024-01-13,254.0,179.0,48.60928586353255,75.0,75.0
2023-12-23,23,1,ensemble,2023-12-30,51.0,28.0,13.241346014896447,23.0,31.0
2023-12-23,23,1,baseline,2023-12-30,51.0,19.0,21.983966885364502,32.0,31.0
2023-12-23,23,2,ensemble,2024-01-06,58.0,35.0,12.34233092621346,23.0,38.0
2023-12-23,23,2,baseline,2024-01-06,58.0,19.0,25.64993226819224,39.0,38.0
2023-12-23,23,3,ensemble,2024-01-13,47.0,37.0,6.914046517444239,10.0,27.0
2023-12-23,23,3,baseline,2024-01-13,47.0,19.0,16.460146647096902,28.0,27.0
2023-12-23,24,1,ensemble,2023-12-30,328.0,155.68899742498502,125.89303217522308,172.31100257501498,213.0
2023-12-23,24,1,baseline,2023-12-30,328.0,110.0,192.8011496709967,218.0,213.0
2023-12-23,24,2,ensemble,2024-01-06,322.0,187.915,81.66764466924889,134.085,207.0
2023-12-23,24,2,baseline,2024-01-06,322.0,110.0,181.1167895568521,212.0,207.0
2023-12-23,24,3,ensemble,2024-01-13,245.0,213.53,22.454933578453,31.47,130.0
2023-12-23,24,3,baseline,2024-01-13,245.0,110.0,99.36486505730282,135.0,130.0
2023-12-23,25,1,ensemble,2023-12-30,476.0,309.353,99.15248058678117,166.647,285.0
2023-12-23,25,1,baseline,2023-12-30,476.0,214.0,207.17961249832064,262.0,285.0
2023-12-23,25,2,ensemble,2024-01-06,595.0,365.0,147.29321777567742,230.0,404.0
2023-12-23,25,2,baseline,2024-01-06,595.0,214.0,314.3175629438033,381.0,404.0
2023-12-23,25,3,ensemble,2024-01-13,518.0,345.0,79.43003861399937,173.0,327.0
2023-12-23,25,3,baseline,2024-01-13,518.0,214.0,227.35327527377456,304.0,327.0
2023-12-23,26,1,ensemble,2023-12-30,527.0,375.0,86.50096046870503,152.0,289.0
2023-12-23,26,1,baseline,2023-12-30,527.0,247.0,212.2911057728187,280.0,289.0
2023-12-23,26,2,ensemble,2024-01-06,455.0,409.99,40.1518943984887,45.00999999999999,217.0
2023-12-23,26,2,baseline,2024-01-06,455.0,247.0,140.93096250666852,208.0,217.0
2023-12-23,26,3,ensemble,2024-01-13,366.0,442.0,63.868205889656636,76.0,128.0
2023-12-23,26,3,baseline,2024-01-13,366.0,247.0,72.50516707151853,119.0,128.0
2023-12-23,27,1,ensemble,2023-12-30,189.0,107.67,47.491443579011914,81.33,111.0
2023-12-23,27,1,baseline,2023-12-30,189.0,75.0,86.35358389964337,114.0,111.0
2023-12-23,27,2,ensemble,2024-01-06,168.0,127.20590183333744,22.0524574570855,40.794098166662565,90.0
2023-12-23,27,2,baseline,2024-01-06,168.0,75.0,62.958771886044964,93.0,90.0
2023-12-23,27,3,ensemble,2024-01-13,161.0,140.995,18.33053786036852,20.004999999999995,83.0
2023-12-23,27,3,baseline,2024-01-13,161.0,75.0,54.790595343866514,86.0,83.0
2023-12-23,28,1,ensemble,2023-12-30,300.0,109.40762512207031,159.2930071303849,190.59237487792967,204.0
2023-12-23,28,1,baseline,2023-12-30,300.0,93.0,186.6769986284428,207.0,204.0
2023-12-23,28,2,ensemble,2024-01-06,274.0,110.5,114.26846928807662,163.5,178.0
2023-12-23,28,2,baseline,2024-01-06,274.0,93.0,155.90841348252616,181.0,178.0
2023-12-23,28,3,ensemble,2024-01-13,235.0,114.355,70.09755889358065,120.645,139.0
2023-12-23,28,3,baseline,2024-01-13,235.0,93.0,113.19831774559057,142.0,139.0
2023-12-23,29,1,ensemble,2023-12-30,370.0,211.0,101.65012553297665,159.0,216.0
2023-12-23,29,1,baseline,2023-12-30,370.0,151.0,166.92272909553014,219.0,216.0
2023-12-23,29,2,ensemble,2024-01-06,345.0,241.0,55.57436146993442,104.0,191.0
2023-12-23,29,2,baseline,2024-01-06,345.0,151.0,135.0353715719331,194.0,191.0
2023-12-23,29,3,ensemble,2024-01-13,316.0,254.2945,36.97944919392294,61.7055,162.0
2023-12-23,29,3,baseline,2024-01-13,316.0,151.0,109.41417692670409,165.0,162.0
2023-12-23,30,1,ensemble,2023-12-30,116.0,53.142,41.42204833695008,62.858,79.0
2023-12-23,30,1,baseline,2023-12-30,116.0,40.0,65.77020312294425,76.0,79.0
2023-12-23,30,2,ensemble,2024-01-06,129.0,58.52555,41.941090824829296,70.47444999999999,92.0
2023-12-23,30,2,baseline,2024-01-06,129.0,40.0,76.58875410384539,89.0,92.0
2023-12-23,30,3,ensemble,2024-01-13,114.0,61.865,25.39187736936105,52.135,77.0
2023-12-23,30,3,baseline,2024-01-13,114.0,40.0,59.54168547846348,74.0,77.0
2023-12-23,31,1,ensemble,2023-12-30,51.0,18.087232679128647,24.039786489117734,32.91276732087135,38.0
2023-12-23,31,1,baseline,2023-12-30,51.0,13.0,25.96685855391163,38.0,38.0
2023-12-23,31,2,ensemble,2024-01-06,52.0,21.2175,19.18995958951691,30.7825,39.0
2023-12-23,31,2,baseline,2024-01-06,52.0,13.0,24.818868318031008,39.0,39.0
2023-12-23,31,3,ensemble,2024-01-13,55.0,22.0,18.410333785923232,33.0,42.0
2023-12-23,31,3,baseline,2024-01-13,55.0,13.0,25.763495507585507,42.0,42.0
2023-12-23,32,1,ensemble,2023-12-30,164.0,158.55894999999998,11.391890886905582,5.441050000000018,46.0
2023-12-23,32,1,baseline,2023-12-30,164.0,123.0,25.89440173734346,41.0,46.0
2023-12-23,32,2,ensemble,2024-01-06,143.0,163.075237271339,16.69184461252832,20.075237271339006,25.0
2023-12-23,32,2,baseline,2024-01-06,143.0,123.0,11.96798934737173,20.0,25.0
2023-12-23,32,3,ensemble,2024-01-13,151.0,164.9495,18.37826117199013,13.9495,33.0
2023-12-23,32,3,baseline,2024-01-13,151.0,123.0,16.15795534724913,28.0,33.0
2023-12-23,33,1,ensemble,2023-12-30,57.0,45.0,6.636212842959838,12.0,29.0
2023-12-23,33,1,baseline,2023-12-30,57.0,28.0,20.375446143635354,29.0,29.0
2023-12-23,33,2,ensemble,2024-01-06,47.0,60.34,8.297835933150223,13.340000000000003,19.0
2023-12-23,33,2,baseline,2024-01-06,47.0,28.0,11.75000260530866,19.0,19.0
2023-12-23,33,3,ensemble,2024-01-13,47.0,67.426,12.327080398709908,20.426000000000002,19.0
2023-12-23,33,3,baseline,2024-01-13,47.0,28.0,11.231879536099711,19.0,19.0
2023-12-23,34,1,ensemble,2023-12-30,733.0,420.01,191.92246532555467,312.99,428.0
2023-12-23,34,1,baseline,2023-12-30,733.0,298.0,380.9898149951502,435.0,428.0
2023-12-23,34,2,ensemble,2024-01-06,667.0,483.15,90.74475248069834,183.85000000000002,362.0
2023-12-23,34,2,baseline,2024-01-06,667.0,298.0,300.79139991895573,369.0,362.0
2023-12-23,34,3,ensemble,2024-01-13,570.0,504.0,62.15915091598149,66.0,265.0
2023-12-23,34,3,baseline,2024-01-13,570.0,298.0,195.66386756684958,272.0,265.0
2023-12-23,35,1,ensemble,2023-12-30,237.0,214.05297479952696,16.901060971676205,22.947025200473036,80.0
2023-12-23,35,1,baseline,2023-12-30,237.0,155.0,57.9630132585891,82.0,80.0
2023-12-23,35,2,ensemble,2024-01-06,230.0,254.093039568338,22.180123315996358,24.093039568338014,73.0
2023-12-23,35,2,baseline,2024-01-06,230.0,155.0,48.88709506103757,75.0,73.0
2023-12-23,35,3,ensemble,2024-01-13,154.0,231.11076227211288,43.524359960605814,77.11076227211288,3.0
2023-12-23,35,3,baseline,2024-01-13,154.0,155.0,8.04871295934699,1.0,3.0
2023-12-23,36,1,ensemble,2023-12-30,1343.0,1128.9999999999998,116.40379197773858,214.00000000000023,599.0
2023-12-23,36,1,baseline,2023-12-30,1343.0,729.0,504.99672137225735,614.0,599.0
2023-12-23,36,2,ensemble,2024-01-06,1278.0,1142.5,98.48937764679631,135.5,534.0
2023-12-23,36,2,baseline,2024-01-06,1278.0,729.0,415.09262637252465,549.0,534.0
2023-12-23,36,3,ensemble,2024-01-13,1028.0,1146.929,105.23391800112091,118.92900000000009,284.0
2023-12-23,36,3,baseline,2024-01-13,1028.0,729.0,186.70185749392292,299.0,284.0
2023-12-23,37,1,ensemble,2023-12-30,1076.0,532.0,423.783724837392,544.0,674.0
2023-12-23,37,1,baseline,2023-12-30,1076.0,402.0,629.7229811940513,674.0,674.0
2023-12-23,37,2,ensemble,2024-01-06,779.0,538.0,138.83171707561166,241.0,377.0
2023-12-23,37,2,baseline,2024-01-06,779.0,402.0,321.90270193001925,377.0,377.0
2023-12-23,37,3,ensemble,2024-01-13,505.0,504.78362950601615,46.20041360069998,0.21637049398384534,103.0
2023-12-23,37,3,baseline,2024-01-13,505.0,402.0,61.585950362981855,103.0,103.0
2023-12-23,38,1,ensemble,2023-12-30,51.0,14.2615,28.349246598155474,36.7385,35.0
2023-12-23,38,1,baseline,2023-12-30,51.0,10.0,33.7289141108585,41.0,35.0
2023-12-23,38,2,ensemble,2024-01-06,52.0,15.0,26.50757250217027,37.0,36.0
2023-12-23,38,2,baseline,2024-01-06,52.0,10.0,33.184395615303984,42.0,36.0
2023-12-23,38,3,ensemble,2024-01-13,32.0,16.0,8.680064903904436,16.0,16.0
2023-12-23,38,3,baseline,2024-01-13,32.0,10.0,13.828746089265243,22.0,16.0
2023-12-23,39,1,ensemble,2023-12-30,638.0,353.75,196.5258154727241,284.25,399.0
2023-12-23,39,1,baseline,2023-12-30,638.0,242.0,332.80023712693674,396.0,399.0
2023-12-23,39,2,ensemble,2024-01-06,574.0,408.5,85.57498364173911,165.5,335.0
2023-12-23,39,2,baseline,2024-01-06,574.0,242.0,252.13070275415814,332.0,335.0
2023-12-23,39,3,ensemble,2024-01-13,542.0,433.0791025161743,64.3169765859236,108.92089748382568,303.0
2023-12-23,39,3,baseline,2024-01-13,542.0,242.0,213.65799128578246,300.0,303.0
2023-12-23,40,1,ensemble,2023-12-30,137.0,125.4855,10.234250392307414,11.514499999999998,52.0
2023-12-23,40,1,baseline,2023-12-30,137.0,91.0,28.285163000673478,46.0,52.0
2023-12-23,40,2,ensemble,2024-01-06,174.0,153.0,16.238548357953736,21.0,89.0
2023-12-23,40,2,baseline,2024-01-06,174.0,91.0,51.0050921946176,83.0,89.0
2023-12-23,40,3,ensemble,2024-01-13,214.0,174.33328707909467,27.481862166884447,39.666712920905326,129.0
2023-12-23,40,3,baseline,2024-01-13,214.0,91.0,76.80445581068858,123.0,129.0
2023-12-23,41,1,ensemble,2023-12-30,147.0,71.155,45.10429056379403,75.845,102.0
2023-12-23,41,1,baseline,2023-12-30,147.0,48.0,71.29072244105052,99.0,102.0
2023-12-23,41,2,ensemble,2024-01-06,142.0,90.92468684358695,27.09269792342212,51.075313156413046,97.0
2023-12-23,41,2,baseline,2024-01-06,142.0,48.0,63.51689846824555,94.0,97.0
2023-12-23,41,3,ensemble,2024-01-13,115.0,105.205,12.879518124406228,9.795000000000002,70.0
2023-12-23,41,3,baseline,2024-01-13,115.0,48.0,41.864638362448844,67.0,70.0
2023-12-23,42,1,ensemble,2023-12-30,1033.0,557.4765281677246,350.35746218825227,475.5234718322754,638.0
2023-12-23,42,1,baseline,2023-12-30,1033.0,394.0,557.543497659542,639.0,638.0
2023-12-23,42,2,ensemble,2024-01-06,762.0,626.75,76.01067835933905,135.25,367.0
2023-12-23,42,2,baseline,2024-01-06,762.0,394.0,271.5978952043651,368.0,367.0
2023-12-23,42,3,ensemble,2024-01-13,578.0,645.25,61.3786059892435,67.25,183.0
2023-12-23,42,3,baseline,2024-01-13,578.0,394.0,114.94364091738747,184.0,183.0
2023-12-23,44,1,ensemble,2023-12-30,47.0,34.114999999999995,6.820058316573311,12.885000000000005,23.0
2023-12-23,44,1,baseline,2023-12-30,47.0,24.0,17.342941604198664,23.0,23.0
2023-12-23,44,2,ensemble,2024-01-06,48.0,42.975,4.779830234540824,5.024999999999999,24.0
2023-12-23,44,2,baseline,2024-01-06,48.0,24.0,17.10759812861172,24.0,24.0
2023-12-23,44,3,ensemble,2024-01-13,34.0,49.51091237296713,7.755050008382312,15.510912372967127,10.0
2023-12-23,44,3,baseline,2024-01-13,34.0,24.0,5.903174183937492,10.0,10.0
2023-12-23,45,1,ensemble,2023-12-30,649.0,322.0,245.580477833831,327.0,385.0
2023-12-23,45,1,baseline,2023-12-30,649.0,258.0,367.55987049848767,391.0,385.0
2023-12-23,45,2,ensemble,2024-01-06,480.0,325.836051940918,79.5561777233056,154.16394805908197,216.0
2023-12-23,45,2,baseline,2024-01-06,480.0,258.0,193.88805077152946,222.0,216.0
2023-12-23,45,3,ensemble,2024-01-13,268.0,316.75,37.70975637609184,48.75,4.0
2023-12-23,45,3,baseline,2024-01-13,268.0,258.0,8.26944095097473,10.0,4.0
2023-12-23,46,1,ensemble,2023-12-30,48.0,18.787,20.538586683012685,29.213,35.0
2023-12-23,46,1,baseline,2023-12-30,48.0,13.0,26.70433495674086,35.0,35.0
2023-12-23,46,2,ensemble,2024-01-06,54.0,22.2105,19.19358074381197,31.7895,41.0
2023-12-23,46,2,baseline,2024-01-06,54.0,13.0,30.61167725290298,41.0,41.0
2023-12-23,46,3,ensemble,2024-01-13,32.0,26.5268,4.229097098454224,5.4731999999999985,19.0
2023-12-23,46,3,baseline,2024-01-13,32.0,13.0,11.113372703422693,19.0,19.0
2023-12-23,47,1,ensemble,2023-12-30,543.0,250.2561777085725,221.44480386137525,292.7438222914275,363.0
2023-12-23,47,1,baseline,2023-12-30,543.0,189.0,305.4861169923656,354.0,363.0
2023-12-23,47,2,ensemble,2024-01-06,482.0,269.12,124.77963103639867,212.88,302.0
2023-12-23,47,2,baseline,2024-01-06,482.0,189.0,233.60213515841698,293.0,302.0
2023-12-23,47,3,ensemble,2024-01-13,394.0,290.07,53.964319043055085,103.93,214.0
2023-12-23,47,3,baseline,2024-01-13,394.0,189.0,141.96923587216307,205.0,214.0
2023-12-23,48,1,ensemble,2023-12-30,1530.0,1220.564,138.55725642229825,309.4359999999999,620.0
2023-12-23,48,1,baseline,2023-12-30,1530.0,1051.0,347.43371648479547,479.0,620.0
2023-12-23,48,2,ensemble,2024-01-06,1589.0,1282.0000000000002,152.16902112913695,306.9999999999998,679.0
2023-12-23,48,2,baseline,2024-01-06,1589.0,1051.0,376.4657089310894,538.0,679.0
2023-12-23,48,3,ensemble,2024-01-13,1391.0,1327.6,108.11377496710021,63.40000000000009,481.0
2023-12-23,48,3,baseline,2024-01-13,1391.0,1051.0,202.14501181205296,340.0,481.0
2023-12-23,49,1,ensemble,2023-12-30,80.0,31.67533892393112,34.14727138304293,48.32466107606888,56.0
2023-12-23,49,1,baseline,2023-12-30,80.0,24.0,48.2933506951591,56.0,56.0
2023-12-23,49,2,ensemble,2024-01-06,63.0,33.696175514861444,17.78346550120977,29.303824485138556,39.0
2023-12-23,49,2,baseline,2024-01-06,63.0,24.0,29.46827143056213,39.0,39.0
2023-12-23,49,3,ensemble,2024-01-13,47.0,35.58992983841919,6.616732965147255,11.410070161580812,23.0
2023-12-23,49,3,baseline,2024-01-13,47.0,24.0,14.2134274831444,23.0,23.0
2023-12-23,50,1,ensemble,2023-12-30,19.0,11.964752692813128,3.8514274865046443,7.0352473071868715,11.0
2023-12-23,50,1,baseline,2023-12-30,19.0,8.0,7.406797066883713,11.0,11.0
2023-12-23,50,2,ensemble,2024-01-06,15.0,12.82,1.866238407142788,2.1799999999999997,7.0
2023-12-23,50,2,baseline,2024-01-06,15.0,8.0,4.13975060861478,7.0,7.0
2023-12-23,50,3,ensemble,2024-01-13,24.0,13.3075,4.73743942132301,10.6925,16.0
2023-12-23,50,3,baseline,2024-01-13,24.0,8.0,10.18222569803959,16.0,16.0
2023-12-23,51,1,ensemble,2023-12-30,731.0,290.6397819519043,376.2528508168867,440.3602180480957,502.0
2023-12-23,51,1,baseline,2023-12-30,731.0,226.0,468.59363062971937,505.0,502.0
2023-12-23,51,2,ensemble,2024-01-06,538.0,313.0,142.03214817784263,225.0,309.0
2023-12-23,51,2,baseline,2024-01-06,538.0,226.0,268.1879790613124,312.0,309.0
2023-12-23,51,3,ensemble,2024-01-13,393.0,304.62338775634765,44.39221454932373,88.37661224365235,164.0
2023-12-23,51,3,baseline,2024-01-13,393.0,226.0,117.03031727393358,167.0,164.0
2023-12-23,53,1,ensemble,2023-12-30,211.0,147.25,32.73670792451224,63.75,102.0
2023-12-23,53,1,baseline,2023-12-30,211.0,109.0,71.58367159782476,102.0,102.0
2023-12-23,53,2,ensemble,2024-01-06,209.0,176.0,21.230321685275577,33.0,100.0
2023-12-23,53,2,baseline,2024-01-06,209.0,109.0,66.37063905445576,100.0,100.0
2023-12-23,53,3,ensemble,2024-01-13,161.0,185.0,23.06721771884435,24.0,52.0
2023-12-23,53,3,baseline,2024-01-13,161.0,109.0,30.934062114773305,52.0,52.0
2023-12-23,54,1,ensemble,2023-12-30,153.0,42.92,90.58283040841262,110.08,120.0
2023-12-23,54,1,baseline,2023-12-30,153.0,33.0,97.6088322046699,120.0,120.0
2023-12-23,54,2,ensemble,2024-01-06,169.0,55.93582217019381,93.35268303533384,113.0641778298062,136.0
2023-12-23,54,2,baseline,2024-01-06,169.0,33.0,108.02740720824602,136.0,136.0
2023-12-23,54,3,ensemble,2024-01-13,136.0,60.055536158289456,49.54655899743504,75.94446384171054,103.0
2023-12-23,54,3,baseline,2024-01-13,136.0,33.0,72.46530117405527,103.0,103.0
2023-12-23,55,1,ensemble,2023-12-30,300.0,182.924,70.96789090542374,117.076,178.0
2023-12-23,55,1,baseline,2023-12-30,300.0,122.0,141.6875040941714,178.0,178.0
2023-12-23,55,2,ensemble,2024-01-06,248.0,219.0,22.398293149773068,29.0,126.0
2023-12-23,55,2,baseline,2024-01-06,248.0,122.0,89.14695140379663,126.0,126.0
2023-12-23,55,3,ensemble,2024-01-13,267.0,243.3107229963049,25.597791641159564,23.68927700369511,145.0
2023-12-23,55,3,baseline,2024-01-13,267.0,122.0,100.20288191290612,145.0,145.0
2023-12-23,56,1,ensemble,2023-12-30,74.0,53.792772740125656,11.298206862487358,20.207227259874344,25.0
2023-12-23,56,1,baseline,2023-12-30,74.0,49.0,18.458424263677422,25.0,25.0
2023-12-23,56,2,ensemble,2024-01-06,84.0,49.97375743091106,21.943713774939546,34.02624256908894,35.0
2023-12-23,56,2,baseline,2024-01-06,84.0,49.0,26.011512979412412,35.0,35.0
2023-12-23,56,3,ensemble,2024-01-13,56.0,44.41,6.424425777316994,11.590000000000003,7.0
2023-12-23,56,3,baseline,2024-01-13,56.0,49.0,4.167298647182126,7.0,7.0
2023-12-30,01,1,ensemble,2024-01-06,350.0,353.7888414876768,29.163931450354404,3.788841487676791,72.0
2023-12-30,01,1,baseline,2024-01-06,350.0,275.0,51.002523594996816,75.0,72.0
2023-12-30,01,2,ensemble,2024-01-13,237.0,370.79066460344666,66.31510067916344,133.79066460344666,41.0
2023-12-30,01,2,baseline,2024-01-13,237.0,275.0,22.495795039015608,38.0,41.0
2023-12-30,01,3,ensemble,2024-01-20,173.0,360.0,103.11990705236497,187.0,105.0
2023-12-30,01,3,baseline,2024-01-20,173.0,275.0,65.21621090173944,102.0,105.0
2023-12-30,02,1,ensemble,2024-01-06,5.0,2.02793069235459,1.2738072205599693,2.97206930764541,0.0
2023-12-30,02,1,baseline,2024-01-06,5.0,2.0,1.5336283481095685,3.0,0.0
2023-12-30,02,2,ensemble,2024-01-13,6.0,3.0,1.601418496286738,3.0,1.0
2023-12-30,02,2,baseline,2024-01-13,6.0,2.0,2.184553521774345,4.0,1.0
2023-12-30,02,3,ensemble,2024-01-20,9.0,3.0,3.3149153395039117,6.0,4.0
2023-12-30,02,3,baseline,2024-01-20,9.0,2.0,3.3642731357530993,7.0,4.0
2023-12-30,04,1,ensemble,2024-01-06,935.0,1105.0,102.51620654214584,170.0,27.0
2023-12-30,04,1,baseline,2024-01-06,935.0,932.0,10.717295114777247,3.0,27.0
2023-12-30,04,2,ensemble,2024-01-13,728.0,1055.0526279341525,177.38852236816302,327.0526279341525,234.0
2023-12-30,04,2,baseline,2024-01-13,728.0,932.0,133.2078367726938,204.0,234.0
2023-12-30,04,3,ensemble,2024-01-20,700.0,1023.560345815918,173.20643471191258,323.560345815918,262.0
2023-12-30,04,3,baseline,2024-01-20,700.0,932.0,147.20986804411524,232.0,262.0
2023-12-30,05,1,ensemble,2024-01-06,234.0,110.525,85.92866353383006,123.475,138.0
2023-12-30,05,1,baseline,2024-01-06,234.0,80.0,126.04793434697382,154.0,138.0
2023-12-30,05,2,ensemble,2024-01-13,223.0,135.83499999999998,52.12717041565706,87.16500000000002,127.0
2023-12-30,05,2,baseline,2024-01-13,223.0,80.0,108.14578072724207,143.0,127.0
2023-12-30,05,3,ensemble,2024-01-20,227.0,140.28,43.18436499000632,86.72,131.0
2023-12-30,05,3,baseline,2024-01-20,227.0,80.0,107.3057819975591,147.0,131.0
2023-12-30,06,1,ensemble,2024-01-06,1420.0,2123.6400365046884,372.11111281682025,703.6400365046884,212.0
2023-12-30,06,1,baseline,2024-01-06,1420.0,1633.0,137.21614063140632,213.0,212.0
2023-12-30,06,2,ensemble,2024-01-13,1030.0,2390.867,763.195780923312,1360.8670000000002,602.0
2023-12-30,06,2,baseline,2024-01-13,1030.0,1633.0,399.2531658689848,603.0,602.0
2023-12-30,06,3,ensemble,2024-01-20,1042.0,2319.921264587402,704.6062041511908,1277.9212645874022,590.0
2023-12-30,06,3,baseline,2024-01-20,1042.0,1633.0,373.1165060916697,591.0,590.0
2023-12-30,08,1,ensemble,2024-01-06,308.0,255.2745,28.787092139977794,52.72550000000001,56.0
2023-12-30,08,1,baseline,2024-01-06,308.0,240.0,43.76592431615621,68.0,56.0
2023-12-30,08,2,ensemble,2024-01-13,286.0,248.6935,24.81224730739329,37.3065,34.0
2023-12-30,08,2,baseline,2024-01-13,286.0,240.0,26.07293713780616,46.0,34.0
2023-12-30,08,3,ensemble,2024-01-20,197.0,226.75,25.025581214104303,29.75,55.0
2023-12-30,08,3,baseline,2024-01-20,197.0,240.0,23.709073996348643,43.0,55.0
2023-12-30,09,1,ensemble,2024-01-06,167.0,152.42,16.286799220852025,14.580000000000013,52.0
2023-12-30,09,1,baseline,2024-01-06,167.0,115.0,34.93696270373572,52.0,52.0
2023-12-30,09,2,ensemble,2024-01-13,159.0,151.07,19.0765650191667,7.930000000000007,44.0
2023-12-30,09,2,baseline,2024-01-13,159.0,115.0,27.02228857799447,44.0,44.0
2023-12-30,09,3,ensemble,2024-01-20,128.0,155.3,26.584519058643906,27.30000000000001,13.0
2023-12-30,09,3,baseline,2024-01-20,128.0,115.0,9.43464166346011,13.0,13.0
2023-12-30,10,1,ensemble,2024-01-06,48.0,34.97462623533258,6.719307904510768,13.025373764667421,24.0
2023-12-30,10,1,baseline,2024-01-06,48.0,24.0,16.805381335139476,24.0,24.0
2023-12-30,10,2,ensemble,2024-01-13,34.0,38.34172218901176,5.607463598276133,4.341722189011762,10.0
2023-12-30,10,2,baseline,2024-01-13,34.0,24.0,6.02224482329606,10.0,10.0
2023-12-30,10,3,ensemble,2024-01-20,32.0,41.41,7.734020252963856,9.409999999999997,8.0
2023-12-30,10,3,baseline,2024-01-20,32.0,24.0,4.706487092523097,8.0,8.0
2023-12-30,11,1,ensemble,2024-01-06,55.0,42.05509173870087,6.4192600256817105,12.944908261299133,9.0
2023-12-30,11,1,baseline,2024-01-06,55.0,34.0,15.267326160761613,21.0,9.0
2023-12-30,11,2,ensemble,2024-01-13,37.0,44.0,5.999676254828693,7.0,9.0
2023-12-30,11,2,baseline,2024-01-13,37.0,34.0,1.997317434739565,3.0,9.0
2023-12-30,11,3,ensemble,2024-01-20,27.0,41.46145527442462,8.411906991929403,14.461455274424623,19.0
2023-12-30,11,3,baseline,2024-01-20,27.0,34.0,4.0213418100920135,7.0,19.0
2023-12-30,12,1,ensemble,2024-01-06,1416.0,1016.233667890777,241.99789060806333,399.76633210922296,427.0
2023-12-30,12,1,baseline,2024-01-06,1416.0,951.0,379.7867688597978,465.0,427.0
2023-12-30,12,2,ensemble,2024-01-13,1071.0,1002.6203253602002,71.95435063618395,68.37967463979976,82.0
2023-12-30,12,2,baseline,2024-01-13,1071.0,951.0,66.02364690827343,120.0,82.0
2023-12-30,12,3,ensemble,2024-01-20,888.0,969.8565,82.01645621031673,81.85649999999998,101.0
2023-12-30,12,3,baseline,2024-01-20,888.0,951.0,41.190339415111524,63.0,101.0
2023-12-30,13,1,ensemble,2024-01-06,765.0,736.0,46.171347649795024,29.0,19.0
2023-12-30,13,1,baseline,2024-01-06,765.0,602.0,130.60700440304404,163.0,19.0
2023-12-30,13,2,ensemble,2024-01-13,635.0,730.0,70.3301522320888,95.0,111.0
2023-12-30,13,2,baseline,2024-01-13,635.0,602.0,18.629711826444346,33.0,111.0
2023-12-30,13,3,ensemble,2024-01-20,500.0,711.952681786888,107.38778614110541,211.95268178688798,246.0
2023-12-30,13,3,baseline,2024-01-20,500.0,602.0,66.39560031130748,102.0,246.0
2023-12-30,15,1,ensemble,2024-01-06,40.0,28.0,7.414535705774179,12.0,12.0
2023-12-30,15,1,baseline,2024-01-06,40.0,27.0,8.7941284796761,13.0,12.0
2023-12-30,15,2,ensemble,2024-01-13,25.0,28.0,2.4513040977788023,3.0,3.0
2023-12-30,15,2,baseline,2024-01-13,25.0,27.0,1.555050904052519,2.0,3.0
2023-12-30,15,3,ensemble,2024-01-20,23.0,24.974,2.3360145659900104,1.9740000000000002,5.0
2023-12-30,15,3,baseline,2024-01-20,23.0,27.0,2.366010278928876,4.0,5.0
2023-12-30,16,1,ensemble,2024-01-06,157.0,170.9642284353576,15.854458019318125,13.964228435357597,42.0
2023-12-30,16,1,baseline,2024-01-06,157.0,124.0,22.578226352980927,33.0,42.0
2023-12-30,16,2,ensemble,2024-01-13,102.0,170.90665986243073,40.02711262798727,68.90665986243073,13.0
2023-12-30,16,2,baseline,2024-01-13,102.0,124.0,13.901774244568537,22.0,13.0
2023-12-30,16,3,ensemble,2024-01-20,88.0,160.00760485574952,38.7419094171895,72.00760485574952,27.0
2023-12-30,16,3,baseline,2024-01-20,88.0,124.0,22.312945051667903,36.0,27.0
2023-12-30,17,1,ensemble,2024-01-06,511.0,622.5,65.71583892711399,111.5,47.0
2023-12-30,17,1,baseline,2024-01-06,511.0,439.0,45.777947346429976,72.0,47.0
2023-12-30,17,2,ensemble,2024-01-13,380.0,682.5042050954943,154.11171958240087,302.5042050954943,84.0
2023-12-30,17,2,baseline,2024-01-13,380.0,439.0,36.37696431818666,59.0,84.0
2023-12-30,17,3,ensemble,2024-01-20,335.0,676.0,201.98723264316223,341.0,129.0
2023-12-30,17,3,baseline,2024-01-20,335.0,439.0,61.480135606660404,104.0,129.0
2023-12-30,18,1,ensemble,2024-01-06,461.0,493.0726404735509,36.41752853228338,32.072640473550905,175.0
2023-12-30,18,1,baseline,2024-01-06,461.0,375.0,57.57473933852382,86.0,175.0
2023-12-30,18,2,ensemble,2024-01-13,403.0,506.4337018280525,63.30566412077886,103.4337018280525,117.0
2023-12-30,18,2,baseline,2024-01-13,403.0,375.0,18.23930634378082,28.0,117.0
2023-12-30,18,3,ensemble,2024-01-20,335.0,481.25,83.79914846045172,146.25,49.0
2023-12-30,18,3,baseline,2024-01-20,335.0,375.0,25.002216603926914,40.0,49.0
2023-12-30,19,1,ensemble,2024-01-06,94.0,108.16863829224368,12.096183899857845,14.168638292243685,4.0
2023-12-30,19,1,baseline,2024-01-06,94.0,82.0,7.707533057808841,12.0,4.0
2023-12-30,19,2,ensemble,2024-01-13,84.0,122.0,20.308452829451788,38.0,6.0
2023-12-30,19,2,baseline,2024-01-13,84.0,82.0,3.8479018097572246,2.0,6.0
2023-12-30,19,3,ensemble,2024-01-20,95.0,119.94,18.73668082392543,24.939999999999998,5.0
2023-12-30,19,3,baseline,2024-01-20,95.0,82.0,8.590707172028237,13.0,5.0
2023-12-30,20,1,ensemble,2024-01-06,93.0,102.6788486823656,9.273828147756625,9.678848682365597,2.0
2023-12-30,20,1,baseline,2024-01-06,93.0,78.0,9.115312526342654,15.0,2.0
2023-12-30,20,2,ensemble,2024-01-13,100.0,116.643,13.858588760419485,16.643,9.0
2023-12-30,20,2,baseline,2024-01-13,100.0,78.0,13.224875741909596,22.0,9.0
2023-12-30,20,3,ensemble,2024-01-20,66.0,121.6685,29.872059671513167,55.668499999999995,25.0
2023-12-30,20,3,baseline,2024-01-20,66.0,78.0,7.715612097468799,12.0,25.0
2023-12-30,21,1,ensemble,2024-01-06,296.0,221.365,39.46395638441759,74.63499999999999,159.0
2023-12-30,21,1,baseline,2024-01-06,296.0,142.0,111.58234818878624,154.0,159.0
2023-12-30,21,2,ensemble,2024-01-13,240.0,258.1947051396137,24.112927625890794,18.19470513961369,103.0
2023-12-30,21,2,baseline,2024-01-13,240.0,142.0,62.85891738402162,98.0,103.0
2023-12-30,21,3,ensemble,2024-01-20,197.0,290.78200000000004,51.981355397701684,93.78200000000004,60.0
2023-12-30,21,3,baseline,2024-01-20,197.0,142.0,32.433644111506325,55.0,60.0
2023-12-30,22,1,ensemble,2024-01-06,307.0,375.7354668642053,39.94984555130906,68.7354668642053,0.0
2023-12-30,22,1,baseline,2024-01-06,307.0,317.0,6.466532492433619,10.0,0.0
2023-12-30,22,2,ensemble,2024-01-13,254.0,382.5,64.69410176770258,128.5,53.0
2023-12-30,22,2,baseline,2024-01-13,254.0,317.0,40.94715162236405,63.0,53.0
2023-12-30,22,3,ensemble,2024-01-20,141.0,371.0,124.56272318448839,230.0,166.0
2023-12-30,22,3,baseline,2024-01-20,141.0,317.0,137.3813304869353,176.0,166.0
2023-12-30,23,1,ensemble,2024-01-06,58.0,24.5,20.45449639106443,33.5,42.0
2023-12-30,23,1,baseline,2024-01-06,58.0,18.0,28.560618567468282,40.0,42.0
2023-12-30,23,2,ensemble,2024-01-13,47.0,28.463822124334985,9.780509574842188,18.536177875665015,31.0
2023-12-30,23,2,baseline,2024-01-13,47.0,18.0,18.22935462439407,29.0,31.0
2023-12-30,23,3,ensemble,2024-01-20,40.0,30.670331622880845,6.1302659339706365,9.329668377119155,24.0
2023-12-30,23,3,baseline,2024-01-20,40.0,18.0,12.499978208564691,22.0,24.0
2023-12-30,24,1,ensemble,2024-01-06,322.0,296.82062548217255,22.65169636867519,25.179374517827455,115.0
2023-12-30,24,1,baseline,2024-01-06,322.0,204.0,91.18803217219133,118.0,115.0
2023-12-30,24,2,ensemble,2024-01-13,245.0,317.27925866974755,47.32874852637754,72.27925866974755,38.0
2023-12-30,24,2,baseline,2024-01-13,245.0,204.0,24.369554005148746,41.0,38.0
2023-12-30,24,3,ensemble,2024-01-20,198.0,315.51898507664464,69.11655229912121,117.51898507664464,9.0
2023-12-30,24,3,baseline,2024-01-20,198.0,204.0,8.538318154311979,6.0,9.0
2023-12-30,25,1,ensemble,2024-01-06,595.0,426.543,88.62513381087949,168.457,297.0
2023-12-30,25,1,baseline,2024-01-06,595.0,319.0,220.43786373355042,276.0,297.0
2023-12-30,25,2,ensemble,2024-01-13,518.0,440.5,49.345001135433506,77.5,220.0
2023-12-30,25,2,baseline,2024-01-13,518.0,319.0,139.11980227100102,199.0,220.0
2023-12-30,25,3,ensemble,2024-01-20,390.0,453.2162086206294,48.23758767522581,63.2162086206294,92.0
2023-12-30,25,3,baseline,2024-01-20,390.0,319.0,41.52410215221719,71.0,92.0
2023-12-30,26,1,ensemble,2024-01-06,455.0,375.0,46.06707193689233,80.0,210.0
2023-12-30,26,1,baseline,2024-01-06,455.0,269.0,133.498610314038,186.0,210.0
2023-12-30,26,2,ensemble,2024-01-13,366.0,411.545,38.08375691445415,45.545000000000016,121.0
2023-12-30,26,2,baseline,2024-01-13,366.0,269.0,60.847875842149726,97.0,121.0
2023-12-30,26,3,ensemble,2024-01-20,320.0,417.3552213796172,58.921031291615385,97.3552213796172,75.0
2023-12-30,26,3,baseline,2024-01-20,320.0,269.0,32.27883418125486,51.0,75.0
2023-12-30,27,1,ensemble,2024-01-06,168.0,159.03951059328904,13.077648035940626,8.960489406710963,58.0
2023-12-30,27,1,baseline,2024-01-06,168.0,110.0,39.95195232126234,58.0,58.0
2023-12-30,27,2,ensemble,2024-01-13,161.0,167.325,17.3015121389756,6.324999999999989,51.0
2023-12-30,27,2,baseline,2024-01-13,161.0,110.0,32.20348958174364,51.0,51.0
2023-12-30,27,3,ensemble,2024-01-20,123.0,188.0667839050293,36.28467202777842,65.0667839050293,13.0
2023-12-30,27,3,baseline,2024-01-20,123.0,110.0,9.82683091443958,13.0,13.0
2023-12-30,28,1,ensemble,2024-01-06,274.0,252.15788674526144,17.553319875594713,21.842113254738564,74.0
2023-12-30,28,1,baseline,2024-01-06,274.0,204.0,50.13772458818067,70.0,74.0
2023-12-30,28,2,ensemble,2024-01-13,235.0,275.2346573575859,29.930659751355755,40.23465735758589,35.0
2023-12-30,28,2,baseline,2024-01-13,235.0,204.0,17.979792019615854,31.0,35.0
2023-12-30,28,3,ensemble,2024-01-20,166.0,279.5,61.82388727868809,113.5,34.0
2023-12-30,28,3,baseline,2024-01-20,166.0,204.0,21.851657580119287,38.0,34.0
2023-12-30,29,1,ensemble,2024-01-06,345.0,291.0,32.21632887104642,54.0,121.0
2023-12-30,29,1,baseline,2024-01-06,345.0,210.0,97.27296385637763,135.0,121.0
2023-12-30,29,2,ensemble,2024-01-13,316.0,318.5,29.936919255770654,2.5,92.0
2023-12-30,29,2,baseline,2024-01-13,316.0,210.0,70.15514161893792,106.0,92.0
2023-12-30,29,3,ensemble,2024-01-20,266.0,315.32,42.070703422003014,49.31999999999999,42.0
2023-12-30,29,3,baseline,2024-01-20,266.0,210.0,34.11789414278926,56.0,42.0
2023-12-30,30,1,ensemble,2024-01-06,129.0,71.81326639652252,33.338355617622526,57.18673360347748,51.0
2023-12-30,30,1,baseline,2024-01-06,129.0,55.0,63.75893878395305,74.0,51.0
2023-12-30,30,2,ensemble,2024-01-13,114.0,74.0,19.77790415605813,40.0,36.0
2023-12-30,30,2,baseline,2024-01-13,114.0,55.0,46.5132065351523,59.0,36.0
2023-12-30,30,3,ensemble,2024-01-20,81.0,68.841,10.089211840362978,12.159000000000006,3.0
2023-12-30,30,3,baseline,2024-01-20,81.0,55.0,15.494561286438953,26.0,3.0
2023-12-30,31,1,ensemble,2024-01-06,52.0,63.49383836984634,7.8423981747619615,11.493838369846337,1.0
2023-12-30,31,1,baseline,2024-01-06,52.0,47.0,3.4310941785287414,5.0,1.0
2023-12-30,31,2,ensemble,2024-01-13,55.0,77.5,14.267388548406688,22.5,2.0
2023-12-30,31,2,baseline,2024-01-13,55.0,47.0,5.083954431979104,8.0,2.0
2023-12-30,31,3,ensemble,2024-01-20,35.0,88.0,31.07505696620169,53.0,18.0
2023-12-30,31,3,baseline,2024-01-20,35.0,47.0,7.066853884538846,12.0,18.0
2023-12-30,32,1,ensemble,2024-01-06,143.0,224.5981764692096,42.52470910422624,81.59817646920959,15.0
2023-12-30,32,1,baseline,2024-01-06,143.0,176.0,19.97634960464822,33.0,15.0
2023-12-30,32,2,ensemble,2024-01-13,151.0,219.41086477081984,37.58357143484252,68.41086477081984,7.0
2023-12-30,32,2,baseline,2024-01-13,151.0,176.0,14.479136921782267,25.0,7.0
2023-12-30,32,3,ensemble,2024-01-20,84.0,213.2175211257017,72.00600261372703,129.2175211257017,74.0
2023-12-30,32,3,baseline,2024-01-20,84.0,176.0,59.013689089717,92.0,74.0
2023-12-30,33,1,ensemble,2024-01-06,47.0,52.92301582108775,5.488496058716918,5.923015821087752,6.0
2023-12-30,33,1,baseline,2024-01-06,47.0,34.0,8.147431418292445,13.0,6.0
2023-12-30,33,2,ensemble,2024-01-13,47.0,58.36251186823948,8.232448426226364,11.36251186823948,6.0
2023-12-30,33,2,baseline,2024-01-13,47.0,34.0,7.748050056587525,13.0,6.0
2023-12-30,33,3,ensemble,2024-01-20,30.0,59.77021407195462,17.683718271231427,29.77021407195462,11.0
2023-12-30,33,3,baseline,2024-01-20,30.0,34.0,3.29490160562475,4.0,11.0
2023-12-30,34,1,ensemble,2024-01-06,667.0,675.0562124047292,55.17622126761079,8.056212404729195,177.0
2023-12-30,34,1,baseline,2024-01-06,667.0,476.0,137.82464625735386,191.0,177.0
2023-12-30,34,2,ensemble,2024-01-13,570.0,741.12547409411,99.85765986096071,171.12547409411002,80.0
2023-12-30,34,2,baseline,2024-01-13,570.0,476.0,57.09789506973329,94.0,80.0
2023-12-30,34,3,ensemble,2024-01-20,441.0,715.8754634857178,143.773827585208,274.8754634857178,49.0
2023-12-30,34,3,baseline,2024-01-20,441.0,476.0,24.04802715514111,35.0,49.0
2023-12-30,35,1,ensemble,2024-01-06,230.0,296.0,35.72049998080504,66.0,2.0
2023-12-30,35,1,baseline,2024-01-06,230.0,234.0,5.012157580836677,4.0,2.0
2023-12-30,35,2,ensemble,2024-01-13,154.0,283.0,68.28714692372037,129.0,78.0
2023-12-30,35,2,baseline,2024-01-13,154.0,234.0,52.050639820637336,80.0,78.0
2023-12-30,35,3,ensemble,2024-01-20,114.0,260.99999999999994,88.87473673496548,146.99999999999994,118.0
2023-12-30,35,3,baseline,2024-01-20,114.0,234.0,81.10676252499482,120.0,118.0
2023-12-30,36,1,ensemble,2024-01-06,1278.0,1152.8414119050592,85.59016025969281,125.1585880949408,343.0
2023-12-30,36,1,baseline,2024-01-06,1278.0,917.0,259.7144313033348,361.0,343.0
2023-12-30,36,2,ensemble,2024-01-13,1028.0,1118.6212844034671,97.33069000396668,90.62128440346714,93.0
2023-12-30,36,2,baseline,2024-01-13,1028.0,917.0,66.5863200906792,111.0,93.0
2023-12-30,36,3,ensemble,2024-01-20,863.0,1165.71,154.663166780878,302.71000000000004,72.0
2023-12-30,36,3,baseline,2024-01-20,863.0,917.0,41.581303669493245,54.0,72.0
2023-12-30,37,1,ensemble,2024-01-06,779.0,864.376927487677,69.53965583266373,85.376927487677,46.0
2023-12-30,37,1,baseline,2024-01-06,779.0,732.0,28.50168702591374,47.0,46.0
2023-12-30,37,2,ensemble,2024-01-13,505.0,910.9198993764976,208.32151001985622,405.9198993764976,228.0
2023-12-30,37,2,baseline,2024-01-13,505.0,732.0,164.65093691745614,227.0,228.0
2023-12-30,37,3,ensemble,2024-01-20,310.0,825.14554365915,298.1621475911493,515.14554365915,423.0
2023-12-30,37,3,baseline,2024-01-20,310.0,732.0,344.2256796120135,422.0,423.0
2023-12-30,38,1,ensemble,2024-01-06,52.0,27.5,14.559251330060071,24.5,26.0
2023-12-30,38,1,baseline,2024-01-06,52.0,24.0,20.973671636455496,28.0,26.0
2023-12-30,38,2,ensemble,2024-01-13,32.0,30.075,4.0347062216465694,1.9250000000000007,6.0
2023-12-30,38,2,baseline,2024-01-13,32.0,24.0,4.620467619502282,8.0,6.0
2023-12-30,38,3,ensemble,2024-01-20,41.0,29.508241659882238,6.556711028940152,11.491758340117762,15.0
2023-12-30,38,3,baseline,2024-01-20,41.0,24.0,10.232679417011566,17.0,15.0
2023-12-30,39,1,ensemble,2024-01-06,574.0,576.7876956887931,39.11705285992396,2.7876956887930646,146.0
2023-12-30,39,1,baseline,2024-01-06,574.0,397.0,126.50700623047533,177.0,146.0
2023-12-30,39,2,ensemble,2024-01-13,542.0,628.0,70.96869214223261,86.0,114.0
2023-12-30,39,2,baseline,2024-01-13,542.0,397.0,96.52327375502014,145.0,114.0
2023-12-30,39,3,ensemble,2024-01-20,505.0,681.0,103.17926744672245,176.0,77.0
2023-12-30,39,3,baseline,2024-01-20,505.0,397.0,65.95180085587813,108.0,77.0
2023-12-30,40,1,ensemble,2024-01-06,174.0,243.9957355552662,39.22206523944136,69.99573555526621,16.0
2023-12-30,40,1,baseline,2024-01-06,174.0,174.0,6.950228067019797,0.0,16.0
2023-12-30,40,2,ensemble,2024-01-13,214.0,292.105,44.87471364934413,78.10500000000002,56.0
2023-12-30,40,2,baseline,2024-01-13,214.0,174.0,24.218448478136953,40.0,56.0
2023-12-30,40,3,ensemble,2024-01-20,253.0,329.0,47.86309290364829,76.0,95.0
2023-12-30,40,3,baseline,2024-01-20,253.0,174.0,46.429495009776076,79.0,95.0
2023-12-30,41,1,ensemble,2024-01-06,142.0,124.06,12.98301759832242,17.939999999999998,39.0
2023-12-30,41,1,baseline,2024-01-06,142.0,77.0,45.764760575475314,65.0,39.0
2023-12-30,41,2,ensemble,2024-01-13,115.0,146.0,19.216960874681842,31.0,12.0
2023-12-30,41,2,baseline,2024-01-13,115.0,77.0,24.48932152028042,38.0,12.0
2023-12-30,41,3,ensemble,2024-01-20,85.0,166.14,44.73535304560781,81.13999999999999,18.0
2023-12-30,41,3,baseline,2024-01-20,85.0,77.0,8.823240747494435,8.0,18.0
2023-12-30,42,1,ensemble,2024-01-06,762.0,1051.648,150.48430951759323,289.6479999999999,53.0
2023-12-30,42,1,baseline,2024-01-06,762.0,710.0,31.88883297926457,52.0,53.0
2023-12-30,42,2,ensemble,2024-01-13,578.0,1156.75,305.4830198335029,578.75,131.0
2023-12-30,42,2,baseline,2024-01-13,578.0,710.0,81.00488046606553,132.0,131.0
2023-12-30,42,3,ensemble,2024-01-20,454.0,1157.090257644653,391.1349702377956,703.0902576446531,255.0
2023-12-30,42,3,baseline,2024-01-20,454.0,710.0,165.8119592448316,256.0,255.0
2023-12-30,44,1,ensemble,2024-01-06,48.0,30.0,9.569851595915141,18.0,30.0
2023-12-30,44,1,baseline,2024-01-06,48.0,18.0,23.90131444644881,30.0,30.0
2023-12-30,44,2,ensemble,2024-01-13,34.0,32.7856512516737,3.6933802204810395,1.2143487483263016,16.0
2023-12-30,44,2,baseline,2024-01-13,34.0,18.0,10.519059274157957,16.0,16.0
2023-12-30,44,3,ensemble,2024-01-20,35.0,37.373,4.380935288356958,2.3729999999999976,17.0
2023-12-30,44,3,baseline,2024-01-20,35.0,18.0,10.818270266420047,17.0,17.0
2023-12-30,45,1,ensemble,2024-01-06,480.0,473.16446741038976,32.391367478814274,6.835532589610239,59.0
2023-12-30,45,1,baseline,2024-01-06,480.0,400.0,56.59501425677299,80.0,59.0
2023-12-30,45,2,ensemble,2024-01-13,268.0,497.25,124.8246962963261,229.25,153.0
2023-12-30,45,2,baseline,2024-01-13,268.0,400.0,99.99793957578707,132.0,153.0
2023-12-30,45,3,ensemble,2024-01-20,197.0,448.5036459767623,147.82034154897673,251.5036459767623,224.0
2023-12-30,45,3,baseline,2024-01-20,197.0,400.0,165.88931381546425,203.0,224.0
2023-12-30,46,1,ensemble,2024-01-06,54.0,46.04385652242855,5.255897554848302,7.956143477571452,21.0
2023-12-30,46,1,baseline,2024-01-06,54.0,32.0,14.948493800546704,22.0,21.0
2023-12-30,46,2,ensemble,2024-01-13,32.0,50.95452504539375,11.943802277275749,18.95452504539375,1.0
2023-12-30,46,2,baseline,2024-01-13,32.0,32.0,2.1105667191889306,0.0,1.0
2023-12-30,46,3,ensemble,2024-01-20,16.0,56.295,26.74971103098367,40.295,17.0
2023-12-30,46,3,baseline,2024-01-20,16.0,32.0,9.145449232622763,16.0,17.0
2023-12-30,47,1,ensemble,2024-01-06,482.0,384.0,48.24146732748937,98.0,188.0
2023-12-30,47,1,baseline,2024-01-06,482.0,292.0,142.33935596666836,190.0,188.0
2023-12-30,47,2,ensemble,2024-01-13,394.0,383.0,37.626142486829714,11.0,100.0
2023-12-30,47,2,baseline,2024-01-13,394.0,292.0,66.39151143120124,102.0,100.0
2023-12-30,47,3,ensemble,2024-01-20,361.0,390.874,44.839583829561214,29.874000000000024,67.0
2023-12-30,47,3,baseline,2024-01-20,361.0,292.0,41.08362461896357,69.0,67.0
2023-12-30,48,1,ensemble,2024-01-06,1589.0,1966.5888017148,192.46718518288245,377.58880171479996,330.0
2023-12-30,48,1,baseline,2024-01-06,1589.0,1572.0,27.110755128986067,17.0,330.0
2023-12-30,48,2,ensemble,2024-01-13,1391.0,2061.942621274579,314.91449598661967,670.9426212745789,132.0
2023-12-30,48,2,baseline,2024-01-13,1391.0,1572.0,103.09923190501466,181.0,132.0
2023-12-30,48,3,ensemble,2024-01-20,1292.0,1848.41440382977,309.23271573726856,556.41440382977,33.0
2023-12-30,48,3,baseline,2024-01-20,1292.0,1572.0,159.3248783926535,280.0,33.0
2023-12-30,49,1,ensemble,2024-01-06,63.0,84.4425853860258,11.575293563642571,21.442585386025797,5.0
2023-12-30,49,1,baseline,2024-01-06,63.0,60.0,2.107122514616451,3.0,5.0
2023-12-30,49,2,ensemble,2024-01-13,47.0,96.0,27.328838290800316,49.0,11.0
2023-12-30,49,2,baseline,2024-01-13,47.0,60.0,7.557266243858091,13.0,11.0
2023-12-30,49,3,ensemble,2024-01-20,28.0,99.53877080192564,45.95557073956044,71.53877080192564,30.0
2023-12-30,49,3,baseline,2024-01-20,28.0,60.0,21.03678874886575,32.0,30.0
2023-12-30,50,1,ensemble,2024-01-06,15.0,15.162134232288578,1.8742193208198796,0.1621342322885777,3.0
2023-12-30,50,1,baseline,2024-01-06,15.0,12.0,1.7448399070947236,3.0,3.0
2023-12-30,50,2,ensemble,2024-01-13,24.0,16.475643168760257,3.5694384049413914,7.524356831239743,12.0
2023-12-30,50,2,baseline,2024-01-13,24.0,12.0,7.733227084792585,12.0,12.0
2023-12-30,50,3,ensemble,2024-01-20,26.0,20.42151444272176,3.6816215324249826,5.578485557278238,14.0
2023-12-30,50,3,baseline,2024-01-20,26.0,12.0,8.7913298752118,14.0,14.0
2023-12-30,51,1,ensemble,2024-01-06,538.0,532.7152286582298,36.71558178175718,5.284771341770238,119.0
2023-12-30,51,1,baseline,2024-01-06,538.0,411.0,89.77493822994748,127.0,119.0
2023-12-30,51,2,ensemble,2024-01-13,393.0,570.1124858403188,91.97013940466492,177.11248584031875,26.0
2023-12-30,51,2,baseline,2024-01-13,393.0,411.0,12.664488177642648,18.0,26.0
2023-12-30,51,3,ensemble,2024-01-20,305.0,578.4915611433264,142.73027259991005,273.4915611433264,114.0
2023-12-30,51,3,baseline,2024-01-20,305.0,411.0,64.69158405592752,106.0,114.0
2023-12-30,53,1,ensemble,2024-01-06,209.0,249.0628482935596,27.229785354119603,40.0628482935596,54.0
2023-12-30,53,1,baseline,2024-01-06,209.0,176.0,20.883361394918296,33.0,54.0
2023-12-30,53,2,ensemble,2024-01-13,161.0,294.77,69.77705661728037,133.76999999999998,6.0
2023-12-30,53,2,baseline,2024-01-13,161.0,176.0,11.609234294277732,15.0,6.0
2023-12-30,53,3,ensemble,2024-01-20,145.0,310.9525,94.51396789045354,165.9525,10.0
2023-12-30,53,3,baseline,2024-01-20,145.0,176.0,19.97890106435847,31.0,10.0
2023-12-30,54,1,ensemble,2024-01-06,169.0,125.932237315087,22.726684755880914,43.067762684913006,87.0
2023-12-30,54,1,baseline,2024-01-06,169.0,83.0,65.45965573242687,86.0,87.0
2023-12-30,54,2,ensemble,2024-01-13,136.0,150.7990157076601,14.419837244602123,14.79901570766009,54.0
2023-12-30,54,2,baseline,2024-01-13,136.0,83.0,34.097791075302055,53.0,54.0
2023-12-30,54,3,ensemble,2024-01-20,145.0,160.5544841892823,16.86735226943966,15.554484189282306,63.0
2023-12-30,54,3,baseline,2024-01-20,145.0,83.0,39.14972887511483,62.0,63.0
2023-12-30,55,1,ensemble,2024-01-06,248.0,267.7994687497678,20.16364879601231,19.79946874976781,61.0
2023-12-30,55,1,baseline,2024-01-06,248.0,183.0,44.6810833364638,65.0,61.0
2023-12-30,55,2,ensemble,2024-01-13,267.0,312.6957986561673,30.77920354206278,45.69579865616731,80.0
2023-12-30,55,2,baseline,2024-01-13,267.0,183.0,56.48491560472126,84.0,80.0
2023-12-30,55,3,ensemble,2024-01-20,176.0,334.83045864105225,78.55073133336904,158.83045864105225,11.0
2023-12-30,55,3,baseline,2024-01-20,176.0,183.0,9.039058738522167,7.0,11.0
2023-12-30,56,1,ensemble,2024-01-06,84.0,32.0,41.496702966201894,52.0,55.0
2023-12-30,56,1,baseline,2024-01-06,84.0,30.0,46.28488291085083,54.0,55.0
2023-12-30,56,2,ensemble,2024-01-13,56.0,28.0,17.640886007203996,28.0,27.0
2023-12-30,56,2,baseline,2024-01-13,56.0,30.0,17.94881694545207,26.0,27.0
2023-12-30,56,3,ensemble,2024-01-20,23.0,28.0,3.8967051728975655,5.0,6.0
2023-12-30,56,3,baseline,2024-01-20,23.0,30.0,4.119742851711126,7.0,6.0
2024-01-06,01,1,ensemble,2024-01-13,237.0,336.019,57.444473435503134,99.019,61.0
2024-01-06,01,1,baseline,2024-01-13,237.0,300.0,42.14295858830327,63.0,61.0
2024-01-06,01,2,ensemble,2024-01-20,173.0,325.70628318515264,92.55382109419614,152.70628318515264,125.0
2024-01-06,01,2,baseline,2024-01-20,173.0,300.0,88.67336621920566,127.0,125.0
2024-01-06,01,3,ensemble,2024-01-27,143.0,311.5276101554913,96.31592200513492,168.5276101554913,155.0
2024-01-06,01,3,baseline,2024-01-27,143.0,300.0,111.60415581066678,157.0,155.0
2024-01-06,02,1,ensemble,2024-01-13,6.0,6.0,1.1036612480256105,0.0,2.0
2024-01-06,02,1,baseline,2024-01-13,6.0,6.0,1.2351985337027285,0.0,2.0
2024-01-06,02,2,ensemble,2024-01-20,9.0,5.0,1.9352302560121972,4.0,5.0
2024-01-06,02,2,baseline,2024-01-20,9.0,6.0,2.0211967942070728,3.0,5.0
2024-01-06,02,3,ensemble,2024-01-27,7.0,5.0,1.5012564410687168,2.0,3.0
2024-01-06,02,3,baseline,2024-01-27,7.0,6.0,1.9624070559401239,1.0,3.0
2024-01-06,04,1,ensemble,2024-01-13,728.0,1126.5,224.41359608306752,398.5,423.0
2024-01-06,04,1,baseline,2024-01-13,728.0,1136.0,331.38587266392227,408.0,423.0
2024-01-06,04,2,ensemble,2024-01-20,700.0,1069.5,199.73467796149603,369.5,451.0
2024-01-06,04,2,baseline,2024-01-20,700.0,1136.0,341.8440480430674,436.0,451.0
2024-01-06,04,3,ensemble,2024-01-27,649.0,894.5,149.51376235709338,245.5,502.0
2024-01-06,04,3,baseline,2024-01-27,649.0,1136.0,377.1972476860638,487.0,502.0
2024-01-06,05,1,ensemble,2024-01-13,223.0,270.0,29.614563940665192,47.0,36.0
2024-01-06,05,1,baseline,2024-01-13,223.0,184.0,24.054431503771564,39.0,36.0
2024-01-06,05,2,ensemble,2024-01-20,227.0,317.0,44.81415649515876,90.0,40.0
2024-01-06,05,2,baseline,2024-01-20,227.0,184.0,25.40907599728171,43.0,40.0
2024-01-06,05,3,ensemble,2024-01-27,276.0,293.0,34.471858590420915,17.0,89.0
2024-01-06,05,3,baseline,2024-01-27,276.0,184.0,58.56891277849735,92.0,89.0
2024-01-06,06,1,ensemble,2024-01-13,1030.0,1866.5,474.54186012109756,836.5,722.0
2024-01-06,06,1,baseline,2024-01-13,1030.0,1695.0,482.723369812133,665.0,722.0
2024-01-06,06,2,ensemble,2024-01-20,1042.0,1941.76,443.27383394021416,899.76,710.0
2024-01-06,06,2,baseline,2024-01-20,1042.0,1695.0,436.7071625799084,653.0,710.0
2024-01-06,06,3,ensemble,2024-01-27,706.0,1791.6996,615.6482325330318,1085.6996,1046.0
2024-01-06,06,3,baseline,2024-01-27,706.0,1695.0,701.7818105625838,989.0,1046.0
2024-01-06,08,1,ensemble,2024-01-13,286.0,355.0,36.10551165221352,69.0,60.0
2024-01-06,08,1,baseline,2024-01-13,286.0,342.0,34.469565550003324,56.0,60.0
2024-01-06,08,2,ensemble,2024-01-20,197.0,326.5,69.60267146666419,129.5,149.0
2024-01-06,08,2,baseline,2024-01-20,197.0,342.0,106.23188317348388,145.0,149.0
2024-01-06,08,3,ensemble,2024-01-27,229.0,282.655,38.11445813001229,53.65499999999997,117.0
2024-01-06,08,3,baseline,2024-01-27,229.0,342.0,72.69861887384091,113.0,117.0
2024-01-06,09,1,ensemble,2024-01-13,159.0,243.0,46.07964623220614,84.0,35.0
2024-01-06,09,1,baseline,2024-01-13,159.0,194.0,22.18278560800825,35.0,35.0
2024-01-06,09,2,ensemble,2024-01-20,128.0,257.0,73.923170984851,129.0,66.0
2024-01-06,09,2,baseline,2024-01-20,128.0,194.0,42.81514975060622,66.0,66.0
2024-01-06,09,3,ensemble,2024-01-27,156.0,248.842,50.65347777396048,92.84200000000001,38.0
2024-01-06,09,3,baseline,2024-01-27,156.0,194.0,22.083171570215704,38.0,38.0
2024-01-06,10,1,ensemble,2024-01-13,34.0,81.4243855392951,28.382340809366784,47.4243855392951,26.0
2024-01-06,10,1,baseline,2024-01-13,34.0,60.0,18.232507398660942,26.0,26.0
2024-01-06,10,2,ensemble,2024-01-20,32.0,74.0,26.005915248520296,42.0,28.0
2024-01-06,10,2,baseline,2024-01-20,32.0,60.0,18.89463801148881,28.0,28.0
2024-01-06,10,3,ensemble,2024-01-27,28.0,65.75448991803779,22.214769603317368,37.75448991803779,32.0
2024-01-06,10,3,baseline,2024-01-27,28.0,60.0,20.7545986853999,32.0,32.0
2024-01-06,11,1,ensemble,2024-01-13,37.0,57.5825,12.113814538965002,20.582500000000003,20.0
2024-01-06,11,1,baseline,2024-01-13,37.0,51.0,9.424452955290423,14.0,20.0
2024-01-06,11,2,ensemble,2024-01-20,27.0,51.495000000000005,15.27983688241863,24.495000000000005,30.0
2024-01-06,11,2,baseline,2024-01-20,27.0,51.0,16.712663123696455,24.0,30.0
2024-01-06,11,3,ensemble,2024-01-27,21.0,47.69565,16.020407459112477,26.69565,36.0
2024-01-06,11,3,baseline,2024-01-27,21.0,51.0,21.322979188726674,30.0,36.0
2024-01-06,12,1,ensemble,2024-01-13,1071.0,1386.0,178.00385261892453,315.0,265.0
2024-01-06,12,1,baseline,2024-01-13,1071.0,1326.0,171.19132728396852,255.0,265.0
2024-01-06,12,2,ensemble,2024-01-20,888.0,1419.0,287.5167399785715,531.0,448.0
2024-01-06,12,2,baseline,2024-01-20,888.0,1326.0,320.6914607400422,438.0,448.0
2024-01-06,12,3,ensemble,2024-01-27,836.0,1375.0,293.3145625657214,539.0,500.0
2024-01-06,12,3,baseline,2024-01-27,836.0,1326.0,354.2079791460741,490.0,500.0
2024-01-06,13,1,ensemble,2024-01-13,635.0,757.0,77.70901274592846,122.0,502.0
2024-01-06,13,1,baseline,2024-01-13,635.0,719.0,57.75448185001415,84.0,502.0
2024-01-06,13,2,ensemble,2024-01-20,500.0,762.0,119.48435874247106,262.0,637.0
2024-01-06,13,2,baseline,2024-01-20,500.0,719.0,176.1010361377092,219.0,637.0
2024-01-06,13,3,ensemble,2024-01-27,459.0,656.0,111.7346269553075,197.0,678.0
2024-01-06,13,3,baseline,2024-01-27,459.0,719.0,210.69097790203986,260.0,678.0
2024-01-06,15,1,ensemble,2024-01-13,25.0,32.0,4.2908395493255025,7.0,7.0
2024-01-06,15,1,baseline,2024-01-13,25.0,32.0,4.101595331496794,7.0,7.0
2024-01-06,15,2,ensemble,2024-01-20,23.0,32.0,4.913473884590102,9.0,9.0
2024-01-06,15,2,baseline,2024-01-20,23.0,32.0,5.250538913128262,9.0,9.0
2024-01-06,15,3,ensemble,2024-01-27,30.0,31.0,3.0741350947418,1.0,2.0
2024-01-06,15,3,baseline,2024-01-27,30.0,32.0,1.8331583651923469,2.0,2.0
2024-01-06,16,1,ensemble,2024-01-13,102.0,175.0,39.53677611355064,73.0,61.0
2024-01-06,16,1,baseline,2024-01-13,102.0,130.0,18.900017522653478,28.0,61.0
2024-01-06,16,2,ensemble,2024-01-20,88.0,169.00000000000006,49.264769662139344,81.00000000000006,75.0
2024-01-06,16,2,baseline,2024-01-20,88.0,130.0,27.13324651898693,42.0,75.0
2024-01-06,16,3,ensemble,2024-01-27,69.0,153.0,50.37433867348641,84.0,94.0
2024-01-06,16,3,baseline,2024-01-27,69.0,130.0,39.224922411658895,61.0,94.0
2024-01-06,17,1,ensemble,2024-01-13,380.0,741.4231,202.14673601367193,361.4231,197.0
2024-01-06,17,1,baseline,2024-01-13,380.0,544.0,111.70001419509846,164.0,197.0
2024-01-06,17,2,ensemble,2024-01-20,335.0,830.596,261.4335508962188,495.596,242.0
2024-01-06,17,2,baseline,2024-01-20,335.0,544.0,138.6023257093441,209.0,242.0
2024-01-06,17,3,ensemble,2024-01-27,275.0,797.175,293.7971721272498,522.175,302.0
2024-01-06,17,3,baseline,2024-01-27,275.0,544.0,178.19158027571578,269.0,302.0
2024-01-06,18,1,ensemble,2024-01-13,403.0,647.0,124.39128305483447,244.0,26.0
2024-01-06,18,1,baseline,2024-01-13,403.0,540.0,94.87405557901229,137.0,26.0
2024-01-06,18,2,ensemble,2024-01-20,335.0,621.0,166.55355983340726,286.0,94.0
2024-01-06,18,2,baseline,2024-01-20,335.0,540.0,142.2908124910162,205.0,94.0
2024-01-06,18,3,ensemble,2024-01-27,335.0,565.4277219560911,127.37908183468213,230.4277219560911,94.0
2024-01-06,18,3,baseline,2024-01-27,335.0,540.0,135.48085553890323,205.0,94.0
2024-01-06,19,1,ensemble,2024-01-13,84.0,103.0,12.463265152595891,19.0,15.0
2024-01-06,19,1,baseline,2024-01-13,84.0,80.0,3.293321225733997,4.0,15.0
2024-01-06,19,2,ensemble,2024-01-20,95.0,104.273,12.955548384807614,9.272999999999996,4.0
2024-01-06,19,2,baseline,2024-01-20,95.0,80.0,9.44499038346905,15.0,4.0
2024-01-06,19,3,ensemble,2024-01-27,76.0,104.0,19.993433299917513,28.0,23.0
2024-01-06,19,3,baseline,2024-01-27,76.0,80.0,5.142404861092092,4.0,23.0
2024-01-06,20,1,ensemble,2024-01-13,100.0,139.0,19.973948851750496,39.0,7.0
2024-01-06,20,1,baseline,2024-01-13,100.0,98.0,2.897249937586332,2.0,7.0
2024-01-06,20,2,ensemble,2024-01-20,66.0,148.593,46.470303267906374,82.59299999999999,27.0
2024-01-06,20,2,baseline,2024-01-20,66.0,98.0,19.870310241645893,32.0,27.0
2024-01-06,20,3,ensemble,2024-01-27,68.0,152.65797964270536,50.16897681822725,84.65797964270536,25.0
2024-01-06,20,3,baseline,2024-01-27,68.0,98.0,17.937959365050173,30.0,25.0
2024-01-06,21,1,ensemble,2024-01-13,240.0,408.19233082689567,98.6738447417171,168.19233082689567,21.0
2024-01-06,21,1,baseline,2024-01-13,240.0,265.0,16.134563434982176,25.0,21.0
2024-01-06,21,2,ensemble,2024-01-20,197.0,470.0,147.0977403624998,273.0,64.0
2024-01-06,21,2,baseline,2024-01-20,197.0,265.0,41.969489524677876,68.0,64.0
2024-01-06,21,3,ensemble,2024-01-27,255.0,421.8697750935423,95.24445169029215,166.86977509354227,6.0
2024-01-06,21,3,baseline,2024-01-27,255.0,265.0,14.500933333659411,10.0,6.0
2024-01-06,22,1,ensemble,2024-01-13,254.0,415.0,90.89929266069042,161.0,127.0
2024-01-06,22,1,baseline,2024-01-13,254.0,376.0,94.16787286720691,122.0,127.0
2024-01-06,22,2,ensemble,2024-01-20,141.0,373.0,153.37746103948638,232.0,240.0
2024-01-06,22,2,baseline,2024-01-20,141.0,376.0,200.89977765101565,235.0,240.0
2024-01-06,22,3,ensemble,2024-01-27,130.0,368.0,139.9053981946181,238.0,251.0
2024-01-06,22,3,baseline,2024-01-27,130.0,376.0,206.80329019903238,246.0,251.0
2024-01-06,23,1,ensemble,2024-01-13,47.0,80.50020082140588,17.511510002478435,33.50020082140588,4.0
2024-01-06,23,1,baseline,2024-01-13,47.0,54.0,4.496833555531208,7.0,4.0
2024-01-06,23,2,ensemble,2024-01-20,40.0,95.26817218286548,33.30553187785366,55.268172182865484,11.0
2024-01-06,23,2,baseline,2024-01-20,40.0,54.0,8.519884607563466,14.0,11.0
2024-01-06,23,3,ensemble,2024-01-27,34.0,100.0,39.79140670005891,66.0,17.0
2024-01-06,23,3,baseline,2024-01-27,34.0,54.0,11.6736447372952,20.0,17.0
2024-01-06,24,1,ensemble,2024-01-13,245.0,461.9912691,126.57286637785629,216.9912691,83.0
2024-01-06,24,1,baseline,2024-01-13,245.0,330.0,59.12576891825441,85.0,83.0
2024-01-06,24,2,ensemble,2024-01-20,198.0,475.97621085,181.54487925740526,277.97621085,130.0
2024-01-06,24,2,baseline,2024-01-20,198.0,330.0,96.31191880301414,132.0,130.0
2024-01-06,24,3,ensemble,2024-01-27,171.0,460.5,171.76347124658287,289.5,157.0
2024-01-06,24,3,baseline,2024-01-27,171.0,330.0,117.52215873165251,159.0,157.0
2024-01-06,25,1,ensemble,2024-01-13,518.0,759.0,124.51477663869092,241.0,42.0
2024-01-06,25,1,baseline,2024-01-13,518.0,580.0,39.24716175405232,62.0,42.0
2024-01-06,25,2,ensemble,2024-01-20,390.0,796.8800774,234.7947714515847,406.8800774,86.0
2024-01-06,25,2,baseline,2024-01-20,390.0,580.0,127.8558539807137,190.0,86.0
2024-01-06,25,3,ensemble,2024-01-27,356.0,764.0121765,212.25840319588738,408.0121765,120.0
2024-01-06,25,3,baseline,2024-01-27,356.0,580.0,148.41561342102548,224.0,120.0
2024-01-06,26,1,ensemble,2024-01-13,366.0,829.676555983805,288.8286113808725,463.676555983805,161.0
2024-01-06,26,1,baseline,2024-01-13,366.0,596.0,167.4172757387574,230.0,161.0
2024-01-06,26,2,ensemble,2024-01-20,320.0,946.5,370.0337247832293,626.5,207.0
2024-01-06,26,2,baseline,2024-01-20,320.0,596.0,191.6868541797592,276.0,207.0
2024-01-06,26,3,ensemble,2024-01-27,342.0,899.5481269042567,319.27792029143615,557.5481269042567,185.0
2024-01-06,26,3,baseline,2024-01-27,342.0,596.0,167.70816662557934,254.0,185.0
2024-01-06,27,1,ensemble,2024-01-13,161.0,276.2375,64.8198501436519,115.23750000000001,28.0
2024-01-06,27,1,baseline,2024-01-13,161.0,189.0,17.928088643255993,28.0,28.0
2024-01-06,27,2,ensemble,2024-01-20,123.0,321.38563967138106,114.12318057677123,198.38563967138106,66.0
2024-01-06,27,2,baseline,2024-01-20,123.0,189.0,41.80592125925607,66.0,66.0
2024-01-06,27,3,ensemble,2024-01-27,144.0,314.5106860286343,88.42765878082069,170.51068602863432,45.0
2024-01-06,27,3,baseline,2024-01-27,144.0,189.0,26.75148424149458,45.0,45.0
2024-01-06,28,1,ensemble,2024-01-13,235.0,358.0,70.58341646477345,123.0,65.0
2024-01-06,28,1,baseline,2024-01-13,235.0,293.0,39.20434885144505,58.0,65.0
2024-01-06,28,2,ensemble,2024-01-20,166.0,372.0,115.20120205425646,206.0,134.0
2024-01-06,28,2,baseline,2024-01-20,166.0,293.0,96.07356363774504,127.0,134.0
2024-01-06,28,3,ensemble,2024-01-27,164.0,338.0,90.02690194540128,174.0,136.0
2024-01-06,28,3,baseline,2024-01-27,164.0,293.0,93.60901069647652,129.0,136.0
2024-01-06,29,1,ensemble,2024-01-13,316.0,493.695,101.01750231869204,177.695,54.0
2024-01-06,29,1,baseline,2024-01-13,316.0,361.0,29.227241717960663,45.0,54.0
2024-01-06,29,2,ensemble,2024-01-20,266.0,521.0,150.15382628211563,255.0,104.0
2024-01-06,29,2,baseline,2024-01-20,266.0,361.0,60.866127429861265,95.0,104.0
2024-01-06,29,3,ensemble,2024-01-27,272.0,511.5,137.8925778087568,239.5,98.0
2024-01-06,29,3,baseline,2024-01-27,272.0,361.0,54.412500299220405,89.0,98.0
2024-01-06,30,1,ensemble,2024-01-13,114.0,138.314446771668,15.859406062048823,24.314446771668003,2.0
2024-01-06,30,1,baseline,2024-01-13,114.0,116.0,2.1597147878652723,2.0,2.0
2024-01-06,30,2,ensemble,2024-01-20,81.0,110.336,21.662082585999375,29.336,35.0
2024-01-06,30,2,baseline,2024-01-20,81.0,116.0,22.597481301595632,35.0,35.0
2024-01-06,30,3,ensemble,2024-01-27,106.0,99.396,11.946793543688534,6.603999999999999,10.0
2024-01-06,30,3,baseline,2024-01-27,106.0,116.0,6.117542969560133,10.0,10.0
2024-01-06,31,1,ensemble,2024-01-13,55.0,81.0,13.848127844775231,26.0,4.0
2024-01-06,31,1,baseline,2024-01-13,55.0,54.0,2.39105333270724,1.0,4.0
2024-01-06,31,2,ensemble,2024-01-20,35.0,96.0,34.43331225685868,61.0,16.0
2024-01-06,31,2,baseline,2024-01-20,35.0,54.0,11.036404241064151,19.0,16.0
2024-01-06,31,3,ensemble,2024-01-27,47.0,108.69,33.790545763174606,61.69,4.0
2024-01-06,31,3,baseline,2024-01-27,47.0,54.0,5.261638957476531,7.0,4.0
2024-01-06,32,1,ensemble,2024-01-13,151.0,180.5495,19.015018822282666,29.549499999999995,13.0
2024-01-06,32,1,baseline,2024-01-13,151.0,166.0,9.170736994348207,15.0,13.0
2024-01-06,32,2,ensemble,2024-01-20,84.0,167.485,48.786023701636665,83.48500000000001,80.0
2024-01-06,32,2,baseline,2024-01-20,84.0,166.0,54.22892344960405,82.0,80.0
2024-01-06,32,3,ensemble,2024-01-27,69.0,157.45999999999998,49.39697626860356,88.45999999999998,95.0
2024-01-06,32,3,baseline,2024-01-27,69.0,166.0,63.57532015720159,97.0,95.0
2024-01-06,33,1,ensemble,2024-01-13,47.0,81.0,19.24846385905377,34.0,10.0
2024-01-06,33,1,baseline,2024-01-13,47.0,58.0,6.740979047855696,11.0,10.0
2024-01-06,33,2,ensemble,2024-01-20,30.0,84.5954647236545,32.114040019519095,54.5954647236545,27.0
2024-01-06,33,2,baseline,2024-01-20,30.0,58.0,18.25307215880854,28.0,27.0
2024-01-06,33,3,ensemble,2024-01-27,24.0,86.12256723105,35.80981738963781,62.12256723105,33.0
2024-01-06,33,3,baseline,2024-01-27,24.0,58.0,21.907498254830372,34.0,33.0
2024-01-06,34,1,ensemble,2024-01-13,570.0,973.0,241.62353988269953,403.0,163.0
2024-01-06,34,1,baseline,2024-01-13,570.0,737.0,115.03263531133138,167.0,163.0
2024-01-06,34,2,ensemble,2024-01-20,441.0,940.0,300.99876171716784,499.0,292.0
2024-01-06,34,2,baseline,2024-01-20,441.0,737.0,217.98923203249424,296.0,292.0
2024-01-06,34,3,ensemble,2024-01-27,346.0,689.0,254.333591850215,343.0,387.0
2024-01-06,34,3,baseline,2024-01-27,346.0,737.0,298.4964919187018,391.0,387.0
2024-01-06,35,1,ensemble,2024-01-13,154.0,256.75,54.53525745160129,102.75,83.0
2024-01-06,35,1,baseline,2024-01-13,154.0,234.0,55.76682962177448,80.0,83.0
2024-01-06,35,2,ensemble,2024-01-20,114.0,257.50475,73.39400073997976,143.50475,123.0
2024-01-06,35,2,baseline,2024-01-20,114.0,234.0,85.15461568493947,120.0,123.0
2024-01-06,35,3,ensemble,2024-01-27,104.0,221.45,63.25096464382675,117.44999999999999,133.0
2024-01-06,35,3,baseline,2024-01-27,104.0,234.0,89.53835750829248,130.0,133.0
2024-01-06,36,1,ensemble,2024-01-13,1028.0,1604.5,289.19981734504466,576.5,315.0
2024-01-06,36,1,baseline,2024-01-13,1028.0,1329.0,206.87470371710245,301.0,315.0
2024-01-06,36,2,ensemble,2024-01-20,863.0,1623.586,401.7619852321058,760.586,480.0
2024-01-06,36,2,baseline,2024-01-20,863.0,1329.0,325.9866877644428,466.0,480.0
2024-01-06,36,3,ensemble,2024-01-27,923.0,1309.8220289515114,217.42968484600976,386.82202895151136,420.0
2024-01-06,36,3,baseline,2024-01-27,923.0,1329.0,261.18043886441046,406.0,420.0
2024-01-06,37,1,ensemble,2024-01-13,505.0,1207.0,468.7555953717932,702.0,571.0
2024-01-06,37,1,baseline,2024-01-13,505.0,1076.0,505.4576685090765,571.0,571.0
2024-01-06,37,2,ensemble,2024-01-20,310.0,1197.862,592.4131784076022,887.8620000000001,766.0
2024-01-06,37,2,baseline,2024-01-20,310.0,1076.0,685.4067438407428,766.0,766.0
2024-01-06,37,3,ensemble,2024-01-27,308.0,1196.73,506.5132353787746,888.73,768.0
2024-01-06,37,3,baseline,2024-01-27,308.0,1076.0,675.5379085085417,768.0,768.0
2024-01-06,38,1,ensemble,2024-01-13,32.0,43.00000000000001,6.482565415845996,11.000000000000007,19.0
2024-01-06,38,1,baseline,2024-01-13,32.0,34.0,1.5442045897850287,2.0,19.0
2024-01-06,38,2,ensemble,2024-01-20,41.0,44.0,5.708255970355611,3.0,10.0
2024-01-06,38,2,baseline,2024-01-20,41.0,34.0,4.002159870294354,7.0,10.0
2024-01-06,38,3,ensemble,2024-01-27,48.0,45.0,5.787909789181001,3.0,3.0
2024-01-06,38,3,baseline,2024-01-27,48.0,34.0,8.129626465351608,14.0,3.0
2024-01-06,39,1,ensemble,2024-01-13,542.0,892.1948676017134,186.63407208892332,350.19486760171344,96.0
2024-01-06,39,1,baseline,2024-01-13,542.0,630.0,58.33083806529371,88.0,96.0
2024-01-06,39,2,ensemble,2024-01-20,505.0,901.25,225.01855187404962,396.25,133.0
2024-01-06,39,2,baseline,2024-01-20,505.0,630.0,80.0215536043404,125.0,133.0
2024-01-06,39,3,ensemble,2024-01-27,590.0,880.0,134.79884154551812,290.0,48.0
2024-01-06,39,3,baseline,2024-01-27,590.0,630.0,27.393390265815693,40.0,48.0
2024-01-06,40,1,ensemble,2024-01-13,214.0,212.9181076454212,16.95122773317735,1.0818923545787982,77.0
2024-01-06,40,1,baseline,2024-01-13,214.0,145.0,44.54513788190053,69.0,77.0
2024-01-06,40,2,ensemble,2024-01-20,253.0,218.0,28.220393865319327,35.0,116.0
2024-01-06,40,2,baseline,2024-01-20,253.0,145.0,69.34876291082475,108.0,116.0
2024-01-06,40,3,ensemble,2024-01-27,346.0,243.00000000000003,55.95361113957407,102.99999999999997,209.0
2024-01-06,40,3,baseline,2024-01-27,346.0,145.0,134.6256386328211,201.0,209.0
2024-01-06,41,1,ensemble,2024-01-13,115.0,231.4855795,74.75211417124159,116.4855795,32.0
2024-01-06,41,1,baseline,2024-01-13,115.0,144.0,19.54869802337154,29.0,32.0
2024-01-06,41,2,ensemble,2024-01-20,85.0,272.6207019,124.48270040888347,187.62070189999997,62.0
2024-01-06,41,2,baseline,2024-01-20,85.0,144.0,38.202983277767565,59.0,62.0
2024-01-06,41,3,ensemble,2024-01-27,98.0,267.24908343480206,99.99026519707154,169.24908343480206,49.0
2024-01-06,41,3,baseline,2024-01-27,98.0,144.0,28.651592573425738,46.0,49.0
2024-01-06,42,1,ensemble,2024-01-13,578.0,1378.0,457.6839769972297,800.0,455.0
2024-01-06,42,1,baseline,2024-01-13,578.0,991.0,318.69941795178823,413.0,455.0
2024-01-06,42,2,ensemble,2024-01-20,454.0,1350.3424,536.792208606705,896.3424,579.0
2024-01-06,42,2,baseline,2024-01-20,454.0,991.0,420.6709700471136,537.0,579.0
2024-01-06,42,3,ensemble,2024-01-27,409.0,1142.0,450.55435560076063,733.0,624.0
2024-01-06,42,3,baseline,2024-01-27,409.0,991.0,446.64701364302766,582.0,624.0
2024-01-06,44,1,ensemble,2024-01-13,34.0,57.013,14.685096014164191,23.012999999999998,13.0
2024-01-06,44,1,baseline,2024-01-13,34.0,47.0,8.771949623691887,13.0,13.0
2024-01-06,44,2,ensemble,2024-01-20,35.0,65.0,17.963171825083517,30.0,12.0
2024-01-06,44,2,baseline,2024-01-20,35.0,47.0,7.452567769503781,12.0,12.0
2024-01-06,44,3,ensemble,2024-01-27,27.0,64.71353633382856,20.155819760050825,37.71353633382856,20.0
2024-01-06,44,3,baseline,2024-01-27,27.0,47.0,12.887120217202176,20.0,20.0
2024-01-06,45,1,ensemble,2024-01-13,268.0,759.0,334.92933479130437,491.0,381.0
2024-01-06,45,1,baseline,2024-01-13,268.0,629.0,329.02987465079,361.0,381.0
2024-01-06,45,2,ensemble,2024-01-20,197.0,730.0,362.8414523059952,533.0,452.0
2024-01-06,45,2,baseline,2024-01-20,197.0,629.0,391.76586916953966,432.0,452.0
2024-01-06,45,3,ensemble,2024-01-27,213.0,698.5,274.4988629428305,485.5,436.0
2024-01-06,45,3,baseline,2024-01-27,213.0,629.0,368.9773073660519,416.0,436.0
2024-01-06,46,1,ensemble,2024-01-13,32.0,63.0,19.511557852303504,31.0,16.0
2024-01-06,46,1,baseline,2024-01-13,32.0,47.0,9.446348580268413,15.0,16.0
2024-01-06,46,2,ensemble,2024-01-20,16.0,70.0,35.275684120587755,54.0,32.0
2024-01-06,46,2,baseline,2024-01-20,16.0,47.0,21.29437495496694,31.0,32.0
2024-01-06,46,3,ensemble,2024-01-27,27.0,69.0,23.591453495259223,42.0,21.0
2024-01-06,46,3,baseline,2024-01-27,27.0,47.0,11.833282455172379,20.0,21.0
2024-01-06,47,1,ensemble,2024-01-13,394.0,697.3344999999999,170.97953666550816,303.33449999999993,149.0
2024-01-06,47,1,baseline,2024-01-13,394.0,539.0,103.1057901659017,145.0,149.0
2024-01-06,47,2,ensemble,2024-01-20,361.0,700.5,186.84549937965443,339.5,182.0
2024-01-06,47,2,baseline,2024-01-20,361.0,539.0,121.61778817075124,178.0,182.0
2024-01-06,47,3,ensemble,2024-01-27,280.0,611.5,194.53908004070703,331.5,263.0
2024-01-06,47,3,baseline,2024-01-27,280.0,539.0,183.911001596342,259.0,263.0
2024-01-06,48,1,ensemble,2024-01-13,1391.0,2016.0,413.83175667081883,625.0,139.0
2024-01-06,48,1,baseline,2024-01-13,1391.0,1913.0,373.5437528603331,522.0,139.0
2024-01-06,48,2,ensemble,2024-01-20,1292.0,2021.27,458.0490544093328,729.27,238.0
2024-01-06,48,2,baseline,2024-01-20,1292.0,1913.0,440.3436435249569,621.0,238.0
2024-01-06,48,3,ensemble,2024-01-27,1435.0,2015.0,343.9667812934971,580.0,95.0
2024-01-06,48,3,baseline,2024-01-27,1435.0,1913.0,297.3242246688553,478.0,95.0
2024-01-06,49,1,ensemble,2024-01-13,47.0,124.08029970709092,47.50453528160856,77.08029970709092,33.0
2024-01-06,49,1,baseline,2024-01-13,47.0,84.0,27.999266457708057,37.0,33.0
2024-01-06,49,2,ensemble,2024-01-20,28.0,142.565119652307,68.5837695821964,114.565119652307,52.0
2024-01-06,49,2,baseline,2024-01-20,28.0,84.0,44.95001464784213,56.0,52.0
2024-01-06,49,3,ensemble,2024-01-27,38.0,132.0,59.26877987773473,94.0,42.0
2024-01-06,49,3,baseline,2024-01-27,38.0,84.0,33.24772363886682,46.0,42.0
2024-01-06,50,1,ensemble,2024-01-13,24.0,25.00599477,2.599513560270737,1.005994770000001,5.0
2024-01-06,50,1,baseline,2024-01-13,24.0,19.0,2.993558564824779,5.0,5.0
2024-01-06,50,2,ensemble,2024-01-20,26.0,29.41024531297179,3.9249683356656617,3.4102453129717887,7.0
2024-01-06,50,2,baseline,2024-01-20,26.0,19.0,4.183110097187928,7.0,7.0
2024-01-06,50,3,ensemble,2024-01-27,21.0,31.4730596023011,6.229839086920722,10.473059602301099,2.0
2024-01-06,50,3,baseline,2024-01-27,21.0,19.0,1.7308003661993143,2.0,2.0
2024-01-06,51,1,ensemble,2024-01-13,393.0,917.0,312.3619060705456,524.0,338.0
2024-01-06,51,1,baseline,2024-01-13,393.0,684.0,244.46026041916937,291.0,338.0
2024-01-06,51,2,ensemble,2024-01-20,305.0,882.0,378.8280159719228,577.0,426.0
2024-01-06,51,2,baseline,2024-01-20,305.0,684.0,321.6748451083207,379.0,426.0
2024-01-06,51,3,ensemble,2024-01-27,270.0,774.0,315.7082856809068,504.0,461.0
2024-01-06,51,3,baseline,2024-01-27,270.0,684.0,347.4614115165282,414.0,461.0
2024-01-06,53,1,ensemble,2024-01-13,161.0,305.0,78.93408142186253,144.0,50.0
2024-01-06,53,1,baseline,2024-01-13,161.0,214.0,34.602069951960395,53.0,50.0
2024-01-06,53,2,ensemble,2024-01-20,145.0,347.55790682363534,106.25507420035072,202.55790682363534,66.0
2024-01-06,53,2,baseline,2024-01-20,145.0,214.0,43.40016764428514,69.0,66.0
2024-01-06,53,3,ensemble,2024-01-27,120.0,380.43,136.58050975780958,260.43,91.0
2024-01-06,53,3,baseline,2024-01-27,120.0,214.0,58.373482539238424,94.0,91.0
2024-01-06,54,1,ensemble,2024-01-13,136.0,219.0,43.25502652116095,83.0,17.0
2024-01-06,54,1,baseline,2024-01-13,136.0,151.0,9.168868107202815,15.0,17.0
2024-01-06,54,2,ensemble,2024-01-20,145.0,245.0,50.779176456125015,100.0,8.0
2024-01-06,54,2,baseline,2024-01-20,145.0,151.0,5.748426166587751,6.0,8.0
2024-01-06,54,3,ensemble,2024-01-27,136.0,229.926,48.576753640686746,93.92599999999999,17.0
2024-01-06,54,3,baseline,2024-01-27,136.0,151.0,9.889304596763358,15.0,17.0
2024-01-06,55,1,ensemble,2024-01-13,267.0,436.0,88.13310449324115,169.0,33.0
2024-01-06,55,1,baseline,2024-01-13,267.0,301.0,21.39318683834664,34.0,33.0
2024-01-06,55,2,ensemble,2024-01-20,176.0,452.99999999999983,160.62739896554356,276.99999999999983,124.0
2024-01-06,55,2,baseline,2024-01-20,176.0,301.0,86.1123647114297,125.0,124.0
2024-01-06,55,3,ensemble,2024-01-27,141.0,416.6369122014438,160.802740683175,275.6369122014438,159.0
2024-01-06,55,3,baseline,2024-01-27,141.0,301.0,110.67117652306958,160.0,159.0
2024-01-06,56,1,ensemble,2024-01-13,56.0,59.889,5.6579452604879625,3.889000000000003,18.0
2024-01-06,56,1,baseline,2024-01-13,56.0,74.0,12.375163443982263,18.0,18.0
2024-01-06,56,2,ensemble,2024-01-20,23.0,52.9574,18.008175620834717,29.9574,51.0
2024-01-06,56,2,baseline,2024-01-20,23.0,74.0,40.039285625877994,51.0,51.0
2024-01-06,56,3,ensemble,2024-01-27,40.0,49.0,7.087592724480449,9.0,34.0
2024-01-06,56,3,baseline,2024-01-27,40.0,74.0,22.99734416715906,34.0,34.0
2024-01-13,01,1,ensemble,2024-01-20,173.0,348.5347915248766,111.23403861689697,175.5347915248766,177.0
2024-01-13,01,1,baseline,2024-01-20,173.0,350.0,143.40683117248565,177.0,177.0
2024-01-13,01,2,ensemble,2024-01-27,143.0,324.399927341461,112.18227498412169,181.39992734146102,207.0
2024-01-13,01,2,baseline,2024-01-27,143.0,350.0,166.76000162910327,207.0,207.0
2024-01-13,01,3,ensemble,2024-02-03,103.0,299.6855473495267,124.39688382630847,196.6855473495267,247.0
2024-01-13,01,3,baseline,2024-02-03,103.0,350.0,200.59881266760496,247.0,247.0
2024-01-13,02,1,ensemble,2024-01-20,9.0,4.789,2.137152674533046,4.211,4.0
2024-01-13,02,1,baseline,2024-01-20,9.0,4.0,2.5632701033749465,5.0,4.0
2024-01-13,02,2,ensemble,2024-01-27,7.0,4.8335,1.3993118287049495,2.1665,2.0
2024-01-13,02,2,baseline,2024-01-27,7.0,4.0,1.849526066586752,3.0,2.0
2024-01-13,02,3,ensemble,2024-02-03,8.0,4.603971490204334,1.834160104074143,3.3960285097956664,3.0
2024-01-13,02,3,baseline,2024-02-03,8.0,4.0,2.3608978920658763,4.0,3.0
2024-01-13,04,1,ensemble,2024-01-20,700.0,793.6003340248108,85.93777875206177,93.60033402481076,235.0
2024-01-13,04,1,baseline,2024-01-20,700.0,937.0,164.91149911644771,237.0,235.0
2024-01-13,04,2,ensemble,2024-01-27,649.0,626.8939867019653,83.97479778871546,22.106013298034668,286.0
2024-01-13,04,2,baseline,2024-01-27,649.0,937.0,195.65938982970266,288.0,286.0
2024-01-13,04,3,ensemble,2024-02-03,360.0,548.7774963378906,117.99922386958248,188.77749633789062,575.0
2024-01-13,04,3,baseline,2024-02-03,360.0,937.0,461.9873834732694,577.0,575.0
2024-01-13,05,1,ensemble,2024-01-20,227.0,283.5,33.888593677579664,56.5,7.0
2024-01-13,05,1,baseline,2024-01-20,227.0,236.0,6.606384654390022,9.0,7.0
2024-01-13,05,2,ensemble,2024-01-27,276.0,282.0,30.58292072046437,6.0,42.0
2024-01-13,05,2,baseline,2024-01-27,276.0,236.0,23.182753782516077,40.0,42.0
2024-01-13,05,3,ensemble,2024-02-03,245.0,273.8257126401422,31.279718481147786,28.82571264014223,11.0
2024-01-13,05,3,baseline,2024-02-03,245.0,236.0,9.78996453460187,9.0,11.0
2024-01-13,06,1,ensemble,2024-01-20,1042.0,1246.94,128.2829210085563,204.94000000000005,378.0
2024-01-13,06,1,baseline,2024-01-20,1042.0,1404.0,244.88775880024016,362.0,378.0
2024-01-13,06,2,ensemble,2024-01-27,706.0,1243.5000000000002,271.2838663913036,537.5000000000002,714.0
2024-01-13,06,2,baseline,2024-01-27,706.0,1404.0,471.38484214989984,698.0,714.0
2024-01-13,06,3,ensemble,2024-02-03,517.0,996.5,276.29841786592453,479.5,903.0
2024-01-13,06,3,baseline,2024-02-03,517.0,1404.0,606.2921720974166,887.0,903.0
2024-01-13,08,1,ensemble,2024-01-20,197.0,270.8065061569214,44.14719621944675,73.80650615692139,111.0
2024-01-13,08,1,baseline,2024-01-20,197.0,314.0,85.05954992115137,117.0,111.0
2024-01-13,08,2,ensemble,2024-01-27,229.0,253.68628488881788,27.84800133388958,24.68628488881788,79.0
2024-01-13,08,2,baseline,2024-01-27,229.0,314.0,52.90734017379304,85.0,79.0
2024-01-13,08,3,ensemble,2024-02-03,196.0,236.9441894002609,31.971209554324336,40.94418940026091,112.0
2024-01-13,08,3,baseline,2024-02-03,196.0,314.0,76.57393978957181,118.0,112.0
2024-01-13,09,1,ensemble,2024-01-20,128.0,170.0,24.947388898049944,42.0,39.0
2024-01-13,09,1,baseline,2024-01-20,128.0,167.0,24.975756163083382,39.0,39.0
2024-01-13,09,2,ensemble,2024-01-27,156.0,167.75624801597,19.65974804966649,11.756248015969987,11.0
2024-01-13,09,2,baseline,2024-01-27,156.0,167.0,8.139467858656845,11.0,11.0
2024-01-13,09,3,ensemble,2024-02-03,111.0,150.0,27.01232983927355,39.0,56.0
2024-01-13,09,3,baseline,2024-02-03,111.0,167.0,33.49663582746697,56.0,56.0
2024-01-13,10,1,ensemble,2024-01-20,32.0,50.0,9.523259370716517,18.0,16.0
2024-01-13,10,1,baseline,2024-01-20,32.0,48.0,10.732175003793516,16.0,16.0
2024-01-13,10,2,ensemble,2024-01-27,28.0,43.7,9.183807955036176,15.700000000000003,20.0
2024-01-13,10,2,baseline,2024-01-27,28.0,48.0,12.851313761615875,20.0,20.0
2024-01-13,10,3,ensemble,2024-02-03,25.0,41.47508026731178,10.282087507265038,16.47508026731178,23.0
2024-01-13,10,3,baseline,2024-02-03,25.0,48.0,14.219121047014818,23.0,23.0
2024-01-13,11,1,ensemble,2024-01-20,27.0,50.71,13.718219298483593,23.71,28.0
2024-01-13,11,1,baseline,2024-01-20,27.0,54.0,20.77546287149828,27.0,28.0
2024-01-13,11,2,ensemble,2024-01-27,21.0,44.198,12.98948612986378,23.198,34.0
2024-01-13,11,2,baseline,2024-01-27,21.0,54.0,25.357273767672467,33.0,34.0
2024-01-13,11,3,ensemble,2024-02-03,20.0,39.31097025697325,10.514823992354474,19.31097025697325,35.0
2024-01-13,11,3,baseline,2024-02-03,20.0,54.0,25.244024330286788,34.0,35.0
2024-01-13,12,1,ensemble,2024-01-20,888.0,1374.25,292.1547999632145,486.25,528.0
2024-01-13,12,1,baseline,2024-01-20,888.0,1396.0,414.80444240738063,508.0,528.0
2024-01-13,12,2,ensemble,2024-01-27,836.0,1344.185,296.95849763688204,508.18499999999995,580.0
2024-01-13,12,2,baseline,2024-01-27,836.0,1396.0,442.3879078341868,560.0,580.0
2024-01-13,12,3,ensemble,2024-02-03,711.0,1231.035,294.6047807488347,520.0350000000001,705.0
2024-01-13,12,3,baseline,2024-02-03,711.0,1396.0,549.2483806051538,685.0,705.0
2024-01-13,13,1,ensemble,2024-01-20,500.0,598.2404490572296,82.0966402888404,98.24044905722963,265.0
2024-01-13,13,1,baseline,2024-01-20,500.0,757.0,201.395539139261,257.0,265.0
2024-01-13,13,2,ensemble,2024-01-27,459.0,522.0,72.4607122958548,63.0,306.0
2024-01-13,13,2,baseline,2024-01-27,459.0,757.0,226.0537380914679,298.0,306.0
2024-01-13,13,3,ensemble,2024-02-03,354.0,419.99999999999983,73.52496742528201,65.99999999999983,411.0
2024-01-13,13,3,baseline,2024-02-03,354.0,757.0,308.2844659077244,403.0,411.0
2024-01-13,15,1,ensemble,2024-01-20,23.0,38.0,8.063666584819318,15.0,17.0
2024-01-13,15,1,baseline,2024-01-20,23.0,40.0,12.379588869366954,17.0,17.0
2024-01-13,15,2,ensemble,2024-01-27,30.0,38.0,4.9547002953027794,8.0,10.0
2024-01-13,15,2,baseline,2024-01-27,30.0,40.0,5.936677560297343,10.0,10.0
2024-01-13,15,3,ensemble,2024-02-03,5.0,36.0,21.63357218857286,31.0,35.0
2024-01-13,15,3,baseline,2024-02-03,5.0,40.0,28.446768007593118,35.0,35.0
2024-01-13,16,1,ensemble,2024-01-20,88.0,159.4402,39.34964521578236,71.4402,69.0
2024-01-13,16,1,baseline,2024-01-20,88.0,162.0,54.40618119100757,74.0,69.0
2024-01-13,16,2,ensemble,2024-01-27,69.0,155.375,44.42089858301467,86.375,88.0
2024-01-13,16,2,baseline,2024-01-27,69.0,162.0,66.21639803626296,93.0,88.0
2024-01-13,16,3,ensemble,2024-02-03,71.0,135.3075,33.72721484882458,64.3075,86.0
2024-01-13,16,3,baseline,2024-02-03,71.0,162.0,61.926139113608535,91.0,86.0
2024-01-13,17,1,ensemble,2024-01-20,335.0,516.835,103.24396268835194,181.83500000000004,176.0
2024-01-13,17,1,baseline,2024-01-20,335.0,499.0,110.76559884037972,164.0,176.0
2024-01-13,17,2,ensemble,2024-01-27,275.0,505.4999999999999,128.75972680478398,230.4999999999999,236.0
2024-01-13,17,2,baseline,2024-01-27,275.0,499.0,148.90332983695055,224.0,236.0
2024-01-13,17,3,ensemble,2024-02-03,272.0,394.3294496074151,83.1888532748779,122.32944960741509,239.0
2024-01-13,17,3,baseline,2024-02-03,272.0,499.0,145.13938306554803,227.0,239.0
2024-01-13,18,1,ensemble,2024-01-20,335.0,451.2271864352388,68.77381886635017,116.22718643523882,126.0
2024-01-13,18,1,baseline,2024-01-20,335.0,472.0,95.02674521801737,137.0,126.0
2024-01-13,18,2,ensemble,2024-01-27,335.0,444.0000000000001,61.603361412232154,109.00000000000011,126.0
2024-01-13,18,2,baseline,2024-01-27,335.0,472.0,90.55742230809265,137.0,126.0
2024-01-13,18,3,ensemble,2024-02-03,367.0,391.0,61.274197473512594,24.0,94.0
2024-01-13,18,3,baseline,2024-02-03,367.0,472.0,63.81415703483122,105.0,94.0
2024-01-13,19,1,ensemble,2024-01-20,95.0,111.5,12.351867901249374,16.5,1.0
2024-01-13,19,1,baseline,2024-01-20,95.0,94.0,2.6961673307385245,1.0,1.0
2024-01-13,19,2,ensemble,2024-01-27,76.0,107.7,19.22615916949838,31.700000000000003,18.0
2024-01-13,19,2,baseline,2024-01-27,76.0,94.0,11.43501888855845,18.0,18.0
2024-01-13,19,3,ensemble,2024-02-03,107.0,109.4,15.420828392709746,2.4000000000000057,13.0
2024-01-13,19,3,baseline,2024-02-03,107.0,94.0,8.695741460697219,13.0,13.0
2024-01-13,20,1,ensemble,2024-01-20,66.0,117.478978040912,28.12790621555037,51.478978040912,27.0
2024-01-13,20,1,baseline,2024-01-20,66.0,95.0,19.287406486130077,29.0,27.0
2024-01-13,20,2,ensemble,2024-01-27,68.0,108.0,26.59300139212256,40.0,25.0
2024-01-13,20,2,baseline,2024-01-27,68.0,95.0,16.598214942584207,27.0,25.0
2024-01-13,20,3,ensemble,2024-02-03,157.0,107.871,22.717155529771134,49.129000000000005,64.0
2024-01-13,20,3,baseline,2024-02-03,157.0,95.0,40.621800478939555,62.0,64.0
2024-01-13,21,1,ensemble,2024-01-20,197.0,369.0,95.16001026499896,172.0,99.0
2024-01-13,21,1,baseline,2024-01-20,197.0,296.0,67.30628453775842,99.0,99.0
2024-01-13,21,2,ensemble,2024-01-27,255.0,354.5,57.20334479923104,99.5,41.0
2024-01-13,21,2,baseline,2024-01-27,255.0,296.0,25.225769655131334,41.0,41.0
2024-01-13,21,3,ensemble,2024-02-03,226.0,316.01667994328056,61.65889076508172,90.01667994328056,70.0
2024-01-13,21,3,baseline,2024-02-03,226.0,296.0,41.43349436196538,70.0,70.0
2024-01-13,22,1,ensemble,2024-01-20,141.0,277.0,88.55503318470436,136.0,166.0
2024-01-13,22,1,baseline,2024-01-20,141.0,313.0,143.04145874145698,172.0,166.0
2024-01-13,22,2,ensemble,2024-01-27,130.0,257.0,75.30079569186805,127.0,177.0
2024-01-13,22,2,baseline,2024-01-27,130.0,313.0,148.02446966965323,183.0,177.0
2024-01-13,22,3,ensemble,2024-02-03,121.0,219.5,61.213755411385534,98.5,186.0
2024-01-13,22,3,baseline,2024-02-03,121.0,313.0,151.799812219557,192.0,186.0
2024-01-13,23,1,ensemble,2024-01-20,40.0,75.61921773316244,20.84472861226175,35.61921773316244,18.0
2024-01-13,23,1,baseline,2024-01-20,40.0,59.0,12.152683661901836,19.0,18.0
2024-01-13,23,2,ensemble,2024-01-27,34.0,81.0,28.7224443830411,47.0,24.0
2024-01-13,23,2,baseline,2024-01-27,34.0,59.0,15.388369858611629,25.0,24.0
2024-01-13,23,3,ensemble,2024-02-03,65.0,78.0,11.693541099069522,13.0,7.0
2024-01-13,23,3,baseline,2024-02-03,65.0,59.0,4.977624187611438,6.0,7.0
2024-01-13,24,1,ensemble,2024-01-20,198.0,335.0325,77.28565968189278,137.03250000000003,124.0
2024-01-13,24,1,baseline,2024-01-20,198.0,322.0,94.86028034128167,124.0,124.0
2024-01-13,24,2,ensemble,2024-01-27,171.0,324.8621273363465,79.05498236680431,153.86212733634648,151.0
2024-01-13,24,2,baseline,2024-01-27,171.0,322.0,115.45109461568529,151.0,151.0
2024-01-13,24,3,ensemble,2024-02-03,113.0,300.5,102.30271363994446,187.5,209.0
2024-01-13,24,3,baseline,2024-02-03,113.0,322.0,167.63596095321827,209.0,209.0
2024-01-13,25,1,ensemble,2024-01-20,390.0,640.9123,153.25554673036842,250.91229999999996,205.0
2024-01-13,25,1,baseline,2024-01-20,390.0,639.0,188.45907435537396,249.0,205.0
2024-01-13,25,2,ensemble,2024-01-27,356.0,561.511,120.1281808454708,205.51099999999997,239.0
2024-01-13,25,2,baseline,2024-01-27,356.0,639.0,207.59267420539425,283.0,239.0
2024-01-13,25,3,ensemble,2024-02-03,415.0,483.298438245993,61.00875254532795,68.298438245993,180.0
2024-01-13,25,3,baseline,2024-02-03,415.0,639.0,148.2852876684419,224.0,180.0
2024-01-13,26,1,ensemble,2024-01-20,320.0,540.955,127.8622559421808,220.95500000000004,135.0
2024-01-13,26,1,baseline,2024-01-20,320.0,504.0,129.36674094106155,184.0,135.0
2024-01-13,26,2,ensemble,2024-01-27,342.0,503.25,102.0827873841241,161.25,113.0
2024-01-13,26,2,baseline,2024-01-27,342.0,504.0,105.64368937519808,162.0,113.0
2024-01-13,26,3,ensemble,2024-02-03,421.0,481.71161354553897,67.6461322576526,60.71161354553897,34.0
2024-01-13,26,3,baseline,2024-02-03,421.0,504.0,50.407172999338684,83.0,34.0
2024-01-13,27,1,ensemble,2024-01-20,123.0,216.56999999999996,51.53802690486151,93.56999999999996,45.0
2024-01-13,27,1,baseline,2024-01-20,123.0,168.0,29.93941063725855,45.0,45.0
2024-01-13,27,2,ensemble,2024-01-27,144.0,204.8715,34.43480674594455,60.8715,24.0
2024-01-13,27,2,baseline,2024-01-27,144.0,168.0,14.95587402556635,24.0,24.0
2024-01-13,27,3,ensemble,2024-02-03,150.0,177.75,27.838407535033628,27.75,18.0
2024-01-13,27,3,baseline,2024-02-03,150.0,168.0,12.214291089497852,18.0,18.0
2024-01-13,28,1,ensemble,2024-01-20,166.0,286.6607,61.17587967212603,120.66070000000002,108.0
2024-01-13,28,1,baseline,2024-01-20,166.0,278.0,85.76092036333408,112.0,108.0
2024-01-13,28,2,ensemble,2024-01-27,164.0,260.15694124993865,50.315706379273244,96.15694124993865,110.0
2024-01-13,28,2,baseline,2024-01-27,164.0,278.0,82.83441388366059,114.0,110.0
2024-01-13,28,3,ensemble,2024-02-03,116.0,223.5,58.2122364027697,107.5,158.0
2024-01-13,28,3,baseline,2024-02-03,116.0,278.0,126.01220853971581,162.0,158.0
2024-01-13,29,1,ensemble,2024-01-20,266.0,387.0,68.77252213645806,121.0,79.0
2024-01-13,29,1,baseline,2024-01-20,266.0,331.0,42.63560380419022,65.0,79.0
2024-01-13,29,2,ensemble,2024-01-27,272.0,364.5,57.25210670659904,92.5,73.0
2024-01-13,29,2,baseline,2024-01-27,272.0,331.0,36.817915547959835,59.0,73.0
2024-01-13,29,3,ensemble,2024-02-03,303.0,349.0,47.29576354062079,46.0,42.0
2024-01-13,29,3,baseline,2024-02-03,303.0,331.0,20.48457374193306,28.0,42.0
2024-01-13,30,1,ensemble,2024-01-20,81.0,118.97538985963912,19.872113931881835,37.97538985963912,48.0
2024-01-13,30,1,baseline,2024-01-20,81.0,124.0,31.538763422960322,43.0,48.0
2024-01-13,30,2,ensemble,2024-01-27,106.0,106.86197862774134,11.07950507906196,0.8619786277413368,23.0
2024-01-13,30,2,baseline,2024-01-27,106.0,124.0,10.568318453380186,18.0,23.0
2024-01-13,30,3,ensemble,2024-02-03,86.0,100.5395,13.203996749250097,14.539500000000004,43.0
2024-01-13,30,3,baseline,2024-02-03,86.0,124.0,23.868456974591492,38.0,43.0
2024-01-13,31,1,ensemble,2024-01-20,35.0,71.34114901836462,23.051958068157592,36.34114901836462,17.0
2024-01-13,31,1,baseline,2024-01-20,35.0,57.0,13.913633278702354,22.0,17.0
2024-01-13,31,2,ensemble,2024-01-27,47.0,80.0,18.838934591119227,33.0,5.0
2024-01-13,31,2,baseline,2024-01-27,47.0,57.0,5.982062703583558,10.0,5.0
2024-01-13,31,3,ensemble,2024-02-03,47.0,82.0,20.137393328714843,35.0,5.0
2024-01-13,31,3,baseline,2024-02-03,47.0,57.0,6.296809946012503,10.0,5.0
2024-01-13,32,1,ensemble,2024-01-20,84.0,139.0,28.25946128084255,55.0,59.0
2024-01-13,32,1,baseline,2024-01-20,84.0,147.0,42.15785936437626,63.0,59.0
2024-01-13,32,2,ensemble,2024-01-27,69.0,120.0,26.867446541776804,51.0,74.0
2024-01-13,32,2,baseline,2024-01-27,69.0,147.0,50.93363732800373,78.0,74.0
2024-01-13,32,3,ensemble,2024-02-03,58.0,106.6575,25.61608689459508,48.6575,85.0
2024-01-13,32,3,baseline,2024-02-03,58.0,147.0,56.9123891498915,89.0,85.0
2024-01-13,33,1,ensemble,2024-01-20,30.0,51.31664585969537,11.675973044724993,21.31664585969537,17.0
2024-01-13,33,1,baseline,2024-01-20,30.0,47.0,10.956970367877595,17.0,17.0
2024-01-13,33,2,ensemble,2024-01-27,24.0,53.0,15.420429983626194,29.0,23.0
2024-01-13,33,2,baseline,2024-01-27,24.0,47.0,14.496839675005447,23.0,23.0
2024-01-13,33,3,ensemble,2024-02-03,37.0,49.99999999999999,8.001544281640628,12.999999999999993,10.0
2024-01-13,33,3,baseline,2024-02-03,37.0,47.0,5.857451783930884,10.0,10.0
2024-01-13,34,1,ensemble,2024-01-20,441.0,669.0,122.85806351630674,228.0,226.0
2024-01-13,34,1,baseline,2024-01-20,441.0,688.0,185.46146221242645,247.0,226.0
2024-01-13,34,2,ensemble,2024-01-27,346.0,584.585,127.6747422195679,238.58500000000004,321.0
2024-01-13,34,2,baseline,2024-01-27,346.0,688.0,262.3933452119521,342.0,321.0
2024-01-13,34,3,ensemble,2024-02-03,331.0,475.0,92.9898638177763,144.0,336.0
2024-01-13,34,3,baseline,2024-02-03,331.0,688.0,264.95904979099794,357.0,336.0
2024-01-13,35,1,ensemble,2024-01-20,114.0,205.0,52.79798335796019,91.0,116.0
2024-01-13,35,1,baseline,2024-01-20,114.0,231.0,88.33040611677856,117.0,116.0
2024-01-13,35,2,ensemble,2024-01-27,104.0,191.0,44.06114465088065,87.0,126.0
2024-01-13,35,2,baseline,2024-01-27,104.0,231.0,91.61251248779878,127.0,126.0
2024-01-13,35,3,ensemble,2024-02-03,77.0,174.32508820295334,51.84870171502022,97.32508820295334,153.0
2024-01-13,35,3,baseline,2024-02-03,77.0,231.0,111.6322538215817,154.0,153.0
2024-01-13,36,1,ensemble,2024-01-20,863.0,1211.5,170.89190018858463,348.5,415.0
2024-01-13,36,1,baseline,2024-01-20,863.0,1272.0,297.55540632406326,409.0,415.0
2024-01-13,36,2,ensemble,2024-01-27,923.0,938.1433433290624,103.89297601135368,15.143343329062418,355.0
2024-01-13,36,2,baseline,2024-01-27,923.0,1272.0,228.12149481162197,349.0,355.0
2024-01-13,36,3,ensemble,2024-02-03,770.0,804.20675,102.79199782562446,34.206750000000056,508.0
2024-01-13,36,3,baseline,2024-02-03,770.0,1272.0,342.4381030083779,502.0,508.0
2024-01-13,37,1,ensemble,2024-01-20,310.0,717.756,241.09719124504508,407.756,469.0
2024-01-13,37,1,baseline,2024-01-20,310.0,779.0,396.8945146926035,469.0,469.0
2024-01-13,37,2,ensemble,2024-01-27,308.0,587.300231666565,174.35424499687096,279.30023166656497,471.0
2024-01-13,37,2,baseline,2024-01-27,308.0,779.0,382.28884819382966,471.0,471.0
2024-01-13,37,3,ensemble,2024-02-03,255.0,465.3015,150.11892124262667,210.30149999999998,524.0
2024-01-13,37,3,baseline,2024-02-03,255.0,779.0,423.22796089576116,524.0,524.0
2024-01-13,38,1,ensemble,2024-01-20,41.0,53.0,6.954651128435901,12.0,11.0
2024-01-13,38,1,baseline,2024-01-20,41.0,47.0,3.509060426060783,6.0,11.0
2024-01-13,38,2,ensemble,2024-01-27,48.0,50.736,5.499209939747717,2.735999999999997,4.0
2024-01-13,38,2,baseline,2024-01-27,48.0,47.0,1.910273656845263,1.0,4.0
2024-01-13,38,3,ensemble,2024-02-03,40.0,47.598,6.706825848964454,7.597999999999999,12.0
2024-01-13,38,3,baseline,2024-02-03,40.0,47.0,4.0679543787177,7.0,12.0
2024-01-13,39,1,ensemble,2024-01-20,505.0,595.2902167690273,59.665682814370236,90.29021676902732,69.0
2024-01-13,39,1,baseline,2024-01-20,505.0,574.0,44.524568902471636,69.0,69.0
2024-01-13,39,2,ensemble,2024-01-27,590.0,556.385,51.24518646501471,33.61500000000001,16.0
2024-01-13,39,2,baseline,2024-01-27,590.0,574.0,15.413099998391283,16.0,16.0
2024-01-13,39,3,ensemble,2024-02-03,591.0,524.0835,61.55400723588186,66.91650000000004,17.0
2024-01-13,39,3,baseline,2024-02-03,591.0,574.0,19.25727600176003,17.0,17.0
2024-01-13,40,1,ensemble,2024-01-20,253.0,217.29083549545396,24.59659547067827,35.70916450454604,79.0
2024-01-13,40,1,baseline,2024-01-20,253.0,185.0,43.683640706667944,68.0,79.0
2024-01-13,40,2,ensemble,2024-01-27,346.0,230.34924523433708,65.45557044594693,115.65075476566292,172.0
2024-01-13,40,2,baseline,2024-01-27,346.0,185.0,108.87756410870632,161.0,172.0
2024-01-13,40,3,ensemble,2024-02-03,421.0,226.9611778921924,111.60841673866075,194.0388221078076,247.0
2024-01-13,40,3,baseline,2024-02-03,421.0,185.0,163.89650435723942,236.0,247.0
2024-01-13,41,1,ensemble,2024-01-20,85.0,158.0645984498703,49.26074871110309,73.06459844987029,57.0
2024-01-13,41,1,baseline,2024-01-20,85.0,140.0,38.14459034912089,55.0,57.0
2024-01-13,41,2,ensemble,2024-01-27,98.0,158.17652058753964,42.10038302339153,60.17652058753964,44.0
2024-01-13,41,2,baseline,2024-01-27,98.0,140.0,27.20927141056193,42.0,44.0
2024-01-13,41,3,ensemble,2024-02-03,84.0,154.38832903088232,47.45975405610061,70.38832903088232,58.0
2024-01-13,41,3,baseline,2024-02-03,84.0,140.0,34.94060859065113,56.0,58.0
2024-01-13,42,1,ensemble,2024-01-20,454.0,707.0,158.3130327966028,253.0,308.0
2024-01-13,42,1,baseline,2024-01-20,454.0,762.0,218.7705903838604,308.0,308.0
2024-01-13,42,2,ensemble,2024-01-27,409.0,659.0061073706338,151.32397472125714,250.0061073706338,353.0
2024-01-13,42,2,baseline,2024-01-27,409.0,762.0,244.02203134294388,353.0,353.0
2024-01-13,42,3,ensemble,2024-02-03,456.0,604.0,104.80023435959953,148.0,306.0
2024-01-13,42,3,baseline,2024-02-03,456.0,762.0,195.46823729019897,306.0,306.0
2024-01-13,44,1,ensemble,2024-01-20,35.0,55.725,11.608067471195561,20.725,13.0
2024-01-13,44,1,baseline,2024-01-20,35.0,48.0,8.796540159336375,13.0,13.0
2024-01-13,44,2,ensemble,2024-01-27,27.0,54.0,15.71564885714543,27.0,21.0
2024-01-13,44,2,baseline,2024-01-27,27.0,48.0,14.236403245488972,21.0,21.0
2024-01-13,44,3,ensemble,2024-02-03,17.0,52.0,20.13221802227237,35.0,31.0
2024-01-13,44,3,baseline,2024-02-03,17.0,48.0,21.833579879842276,31.0,31.0
2024-01-13,45,1,ensemble,2024-01-20,197.0,415.0715,133.9952742251684,218.07150000000001,283.0
2024-01-13,45,1,baseline,2024-01-20,197.0,480.0,246.84179944477708,283.0,283.0
2024-01-13,45,2,ensemble,2024-01-27,213.0,356.975,77.67311289521878,143.97500000000002,267.0
2024-01-13,45,2,baseline,2024-01-27,213.0,480.0,221.95919867479114,267.0,267.0
2024-01-13,45,3,ensemble,2024-02-03,175.0,302.0,72.63441253430221,127.0,305.0
2024-01-13,45,3,baseline,2024-02-03,175.0,480.0,252.58087698453073,305.0,305.0
2024-01-13,46,1,ensemble,2024-01-20,16.0,59.2623,29.378636897174054,43.2623,38.0
2024-01-13,46,1,baseline,2024-01-20,16.0,53.0,28.353709658422673,37.0,38.0
2024-01-13,46,2,ensemble,2024-01-27,27.0,60.125,18.312372483783054,33.125,27.0
2024-01-13,46,2,baseline,2024-01-27,27.0,53.0,17.17230456308911,26.0,27.0
2024-01-13,46,3,ensemble,2024-02-03,23.0,57.25,19.116793135261094,34.25,31.0
2024-01-13,46,3,baseline,2024-02-03,23.0,53.0,19.51373875360493,30.0,31.0
2024-01-13,47,1,ensemble,2024-01-20,361.0,457.1405,52.96325326911279,96.14049999999997,121.0
2024-01-13,47,1,baseline,2024-01-20,361.0,481.0,82.56315706546195,120.0,121.0
2024-01-13,47,2,ensemble,2024-01-27,280.0,426.0890269786852,79.79276715700524,146.08902697868518,202.0
2024-01-13,47,2,baseline,2024-01-27,280.0,481.0,139.53776304395655,201.0,202.0
2024-01-13,47,3,ensemble,2024-02-03,223.0,383.747,96.46741426396187,160.747,259.0
2024-01-13,47,3,baseline,2024-02-03,223.0,481.0,183.07108266597888,258.0,259.0
2024-01-13,48,1,ensemble,2024-01-20,1292.0,1986.8867823732533,435.18856288019197,694.8867823732533,297.0
2024-01-13,48,1,baseline,2024-01-20,1292.0,1974.0,533.4317547639389,682.0,297.0
2024-01-13,48,2,ensemble,2024-01-27,1435.0,1850.4377490841396,214.32676232352102,415.43774908413957,154.0
2024-01-13,48,2,baseline,2024-01-27,1435.0,1974.0,365.7269591065257,539.0,154.0
2024-01-13,48,3,ensemble,2024-02-03,1350.0,1693.9275,186.52770946995045,343.9275,239.0
2024-01-13,48,3,baseline,2024-02-03,1350.0,1974.0,421.8650149174316,624.0,239.0
2024-01-13,49,1,ensemble,2024-01-20,28.0,71.0,25.7923908504409,43.0,35.0
2024-01-13,49,1,baseline,2024-01-20,28.0,62.0,25.043329700036132,34.0,35.0
2024-01-13,49,2,ensemble,2024-01-27,38.0,65.185,15.744734525529486,27.185000000000002,25.0
2024-01-13,49,2,baseline,2024-01-27,38.0,62.0,15.071731287378089,24.0,25.0
2024-01-13,49,3,ensemble,2024-02-03,28.0,66.0,21.39690148936506,38.0,35.0
2024-01-13,49,3,baseline,2024-02-03,28.0,62.0,22.26055926596223,34.0,35.0
2024-01-13,50,1,ensemble,2024-01-20,26.0,18.0,3.7228994570885585,8.0,11.0
2024-01-13,50,1,baseline,2024-01-20,26.0,15.0,7.325103279032791,11.0,11.0
2024-01-13,50,2,ensemble,2024-01-27,21.0,19.0,2.7193631234373528,2.0,6.0
2024-01-13,50,2,baseline,2024-01-27,21.0,15.0,3.494569746893122,6.0,6.0
2024-01-13,50,3,ensemble,2024-02-03,18.0,19.0,2.8348528105134467,1.0,3.0
2024-01-13,50,3,baseline,2024-02-03,18.0,15.0,2.0055470442313124,3.0,3.0
2024-01-13,51,1,ensemble,2024-01-20,305.0,545.5477,144.24888152361427,240.54769999999996,233.0
2024-01-13,51,1,baseline,2024-01-20,305.0,552.0,196.68870763677197,247.0,233.0
2024-01-13,51,2,ensemble,2024-01-27,270.0,528.0,135.61418059822435,258.0,268.0
2024-01-13,51,2,baseline,2024-01-27,270.0,552.0,218.63222571564845,282.0,268.0
2024-01-13,51,3,ensemble,2024-02-03,190.0,460.00000000000034,151.47869292419227,270.00000000000034,348.0
2024-01-13,51,3,baseline,2024-02-03,190.0,552.0,288.4730379710971,362.0,348.0
2024-01-13,53,1,ensemble,2024-01-20,145.0,233.4026615218581,52.072805724608585,88.40266152185811,64.0
2024-01-13,53,1,baseline,2024-01-20,145.0,209.0,42.81145732407324,64.0,64.0
2024-01-13,53,2,ensemble,2024-01-27,120.0,229.9112315861157,66.01731846813375,109.91123158611569,89.0
2024-01-13,53,2,baseline,2024-01-27,120.0,209.0,58.26136637907683,89.0,89.0
2024-01-13,53,3,ensemble,2024-02-03,105.0,225.732,68.41185014025507,120.732,104.0
2024-01-13,53,3,baseline,2024-02-03,105.0,209.0,65.8972298306244,104.0,104.0
2024-01-13,54,1,ensemble,2024-01-20,145.0,184.5117712020874,23.221783783630976,39.5117712020874,24.0
2024-01-13,54,1,baseline,2024-01-20,145.0,169.0,14.892307621641438,24.0,24.0
2024-01-13,54,2,ensemble,2024-01-27,136.0,172.67723515641035,25.907985729125308,36.67723515641035,33.0
2024-01-13,54,2,baseline,2024-01-27,136.0,169.0,19.784312071620718,33.0,33.0
2024-01-13,54,3,ensemble,2024-02-03,127.0,155.54410555893736,24.019671889208073,28.54410555893736,42.0
2024-01-13,54,3,baseline,2024-02-03,127.0,169.0,24.567845500585438,42.0,42.0
2024-01-13,55,1,ensemble,2024-01-20,176.0,284.75,59.63868392605211,108.75,72.0
2024-01-13,55,1,baseline,2024-01-20,176.0,248.0,49.07345949155143,72.0,72.0
2024-01-13,55,2,ensemble,2024-01-27,141.0,268.66,70.60950593583485,127.66000000000003,107.0
2024-01-13,55,2,baseline,2024-01-27,141.0,248.0,72.36608065448046,107.0,107.0
2024-01-13,55,3,ensemble,2024-02-03,175.0,246.18,43.064536585733194,71.18,73.0
2024-01-13,55,3,baseline,2024-02-03,175.0,248.0,44.62599106019322,73.0,73.0
2024-01-13,56,1,ensemble,2024-01-20,23.0,74.75,33.12253732482391,51.75,61.0
2024-01-13,56,1,baseline,2024-01-20,23.0,88.0,55.92671201370708,65.0,61.0
2024-01-13,56,2,ensemble,2024-01-27,40.0,67.3262579741148,15.558658862849489,27.326257974114796,44.0
2024-01-13,56,2,baseline,2024-01-27,40.0,88.0,36.90088976757159,48.0,44.0
2024-01-13,56,3,ensemble,2024-02-03,40.0,62.463675636124606,12.311247913301834,22.463675636124606,44.0
2024-01-13,56,3,baseline,2024-02-03,40.0,88.0,35.286700119827294,48.0,44.0
2024-01-20,01,1,ensemble,2024-01-27,143.0,188.03893233719376,29.146659490765234,45.038932337193756,94.0
2024-01-20,01,1,baseline,2024-01-27,143.0,239.0,66.04985470743839,96.0,94.0
2024-01-20,01,2,ensemble,2024-02-03,103.0,151.5,30.321123272273287,48.5,134.0
2024-01-20,01,2,baseline,2024-02-03,103.0,239.0,94.93227417339389,136.0,134.0
2024-01-20,01,3,ensemble,2024-02-10,112.0,126.1851,20.873847306399274,14.185100000000006,125.0
2024-01-20,01,3,baseline,2024-02-10,112.0,239.0,82.9811392843059,127.0,125.0
2024-01-20,02,1,ensemble,2024-01-27,7.0,10.0,1.5970317511263699,3.0,1.0
2024-01-20,02,1,baseline,2024-01-27,7.0,10.0,1.8956031661403574,3.0,1.0
2024-01-20,02,2,ensemble,2024-02-03,8.0,10.0,1.8446618801786903,2.0,2.0
2024-01-20,02,2,baseline,2024-02-03,8.0,10.0,1.9517607967166628,2.0,2.0
2024-01-20,02,3,ensemble,2024-02-10,11.0,10.0,1.6422714919407837,1.0,5.0
2024-01-20,02,3,baseline,2024-02-10,11.0,10.0,2.126106937243285,1.0,5.0
2024-01-20,04,1,ensemble,2024-01-27,649.0,535.0051195751108,63.22700627701079,113.99488042488917,79.0
2024-01-20,04,1,baseline,2024-01-27,649.0,728.0,49.328582800719325,79.0,79.0
2024-01-20,04,2,ensemble,2024-02-03,360.0,425.0803,59.7229785678529,65.08030000000002,368.0
2024-01-20,04,2,baseline,2024-02-03,360.0,728.0,267.6750172118026,368.0,368.0
2024-01-20,04,3,ensemble,2024-02-10,188.0,269.342,55.54279694179286,81.34199999999998,540.0
2024-01-20,04,3,baseline,2024-02-10,188.0,728.0,422.42365934018017,540.0,540.0
2024-01-20,05,1,ensemble,2024-01-27,276.0,211.6361622810364,36.25927587020307,64.3638377189636,53.0
2024-01-20,05,1,baseline,2024-01-27,276.0,225.0,32.569313601092524,51.0,53.0
2024-01-20,05,2,ensemble,2024-02-03,245.0,192.0,30.70231161921047,53.0,22.0
2024-01-20,05,2,baseline,2024-02-03,245.0,225.0,12.247900345807807,20.0,22.0
2024-01-20,05,3,ensemble,2024-02-10,292.0,181.0,59.327753373530456,111.0,69.0
2024-01-20,05,3,baseline,2024-02-10,292.0,225.0,39.92866418383748,67.0,69.0
2024-01-20,06,1,ensemble,2024-01-27,706.0,751.4,60.656215452515625,45.39999999999998,324.0
2024-01-20,06,1,baseline,2024-01-27,706.0,1025.0,208.36906359839688,319.0,324.0
2024-01-20,06,2,ensemble,2024-02-03,517.0,615.1644889903562,82.2485805702596,98.16448899035618,513.0
2024-01-20,06,2,baseline,2024-02-03,517.0,1025.0,324.30060341994727,508.0,513.0
2024-01-20,06,3,ensemble,2024-02-10,411.0,591.783723090223,120.58542168043721,180.78372309022302,619.0
2024-01-20,06,3,baseline,2024-02-10,411.0,1025.0,384.1477230812743,614.0,619.0
2024-01-20,08,1,ensemble,2024-01-27,229.0,236.0,14.326877741882072,7.0,57.0
2024-01-20,08,1,baseline,2024-01-27,229.0,302.0,46.93675868917385,73.0,57.0
2024-01-20,08,2,ensemble,2024-02-03,196.0,206.03351558919297,19.25214562924836,10.033515589192973,90.0
2024-01-20,08,2,baseline,2024-02-03,196.0,302.0,70.01181314534885,106.0,90.0
2024-01-20,08,3,ensemble,2024-02-10,196.0,183.49511804497308,20.85308670157327,12.504881955026917,90.0
2024-01-20,08,3,baseline,2024-02-10,196.0,302.0,66.77148984013755,106.0,90.0
2024-01-20,09,1,ensemble,2024-01-27,156.0,138.28452389216767,14.304844576980775,17.71547610783233,3.0
2024-01-20,09,1,baseline,2024-01-27,156.0,161.0,4.818776438286121,5.0,3.0
2024-01-20,09,2,ensemble,2024-02-03,111.0,132.85829089940287,17.15009611902085,21.858290899402874,48.0
2024-01-20,09,2,baseline,2024-02-03,111.0,161.0,30.921819766154172,50.0,48.0
2024-01-20,09,3,ensemble,2024-02-10,142.0,117.46840445570402,20.221581844531393,24.531595544295982,17.0
2024-01-20,09,3,baseline,2024-02-10,142.0,161.0,12.121883788185709,19.0,17.0
2024-01-20,10,1,ensemble,2024-01-27,28.0,31.0,3.4293529124548474,3.0,6.0
2024-01-20,10,1,baseline,2024-01-27,28.0,34.0,3.7542148586703266,6.0,6.0
2024-01-20,10,2,ensemble,2024-02-03,25.0,29.578,4.1684506387568865,4.577999999999999,9.0
2024-01-20,10,2,baseline,2024-02-03,25.0,34.0,5.421416690253858,9.0,9.0
2024-01-20,10,3,ensemble,2024-02-10,25.0,26.282144020174545,3.5736895624083274,1.2821440201745453,9.0
2024-01-20,10,3,baseline,2024-02-10,25.0,34.0,5.416468213964749,9.0,9.0
2024-01-20,11,1,ensemble,2024-01-27,21.0,26.0,3.761039170821574,5.0,16.0
2024-01-20,11,1,baseline,2024-01-27,21.0,37.0,10.755556266258315,16.0,16.0
2024-01-20,11,2,ensemble,2024-02-03,20.0,22.7905,3.1445371809815645,2.7905000000000015,17.0
2024-01-20,11,2,baseline,2024-02-03,20.0,37.0,10.871245838827956,17.0,17.0
2024-01-20,11,3,ensemble,2024-02-10,14.0,17.181552104345215,3.2785483915202938,3.181552104345215,23.0
2024-01-20,11,3,baseline,2024-02-10,14.0,37.0,14.843417321977567,23.0,23.0
2024-01-20,12,1,ensemble,2024-01-27,836.0,881.1011047363281,57.47822086713581,45.101104736328125,235.0
2024-01-20,12,1,baseline,2024-01-27,836.0,1059.0,142.84590545692419,223.0,235.0
2024-01-20,12,2,ensemble,2024-02-03,711.0,694.0,62.48899843359428,17.0,360.0
2024-01-20,12,2,baseline,2024-02-03,711.0,1059.0,233.24496071408544,348.0,360.0
2024-01-20,12,3,ensemble,2024-02-10,828.0,596.2558288574219,109.82801510884329,231.74417114257812,243.0
2024-01-20,12,3,baseline,2024-02-10,828.0,1059.0,133.13389289782026,231.0,243.0
2024-01-20,13,1,ensemble,2024-01-27,459.0,431.0740400314331,37.4594826001328,27.925959968566872,176.0
2024-01-20,13,1,baseline,2024-01-27,459.0,613.0,113.13811080608633,154.0,176.0
2024-01-20,13,2,ensemble,2024-02-03,354.0,341.4785601211482,43.456135274466284,12.521439878851822,281.0
2024-01-20,13,2,baseline,2024-02-03,354.0,613.0,190.99081102854504,259.0,281.0
2024-01-20,13,3,ensemble,2024-02-10,308.0,288.14102905375046,37.66873784174857,19.858970946249542,327.0
2024-01-20,13,3,baseline,2024-02-10,308.0,613.0,220.3340141881201,305.0,327.0
2024-01-20,15,1,ensemble,2024-01-27,30.0,24.55,3.2793916199337256,5.449999999999999,5.0
2024-01-20,15,1,baseline,2024-01-27,30.0,25.0,2.7924950582766686,5.0,5.0
2024-01-20,15,2,ensemble,2024-02-03,5.0,24.0,11.603370437430828,19.0,20.0
2024-01-20,15,2,baseline,2024-02-03,5.0,25.0,14.167671522019571,20.0,20.0
2024-01-20,15,3,ensemble,2024-02-10,17.0,23.845073531779448,3.508490088477674,6.845073531779448,8.0
2024-01-20,15,3,baseline,2024-02-10,17.0,25.0,4.358452577743169,8.0,8.0
2024-01-20,16,1,ensemble,2024-01-27,69.0,70.85127344169724,7.383580335979931,1.851273441697245,33.0
2024-01-20,16,1,baseline,2024-01-27,69.0,102.0,22.02915604371261,33.0,33.0
2024-01-20,16,2,ensemble,2024-02-03,71.0,61.0,9.339818356413465,10.0,31.0
2024-01-20,16,2,baseline,2024-02-03,71.0,102.0,19.418666990822082,31.0,31.0
2024-01-20,16,3,ensemble,2024-02-10,61.0,49.8,10.353277984119318,11.200000000000003,41.0
2024-01-20,16,3,baseline,2024-02-10,61.0,102.0,24.543320674402395,41.0,41.0
2024-01-20,17,1,ensemble,2024-01-27,275.0,283.2841755434564,24.92309447492495,8.2841755434564,105.0
2024-01-20,17,1,baseline,2024-01-27,275.0,380.0,66.74840942683342,105.0,105.0
2024-01-20,17,2,ensemble,2024-02-03,272.0,249.1776899036618,29.58725535904437,22.822310096338214,108.0
2024-01-20,17,2,baseline,2024-02-03,272.0,380.0,64.74132897702889,108.0,108.0
2024-01-20,17,3,ensemble,2024-02-10,250.0,201.66053588560808,34.34090349806447,48.339464114391916,130.0
2024-01-20,17,3,baseline,2024-02-10,250.0,380.0,75.75429388861278,130.0,130.0
2024-01-20,18,1,ensemble,2024-01-27,335.0,340.43054107148214,25.323524802761263,5.430541071482139,68.0
2024-01-20,18,1,baseline,2024-01-27,335.0,403.0,43.56649603039509,68.0,68.0
2024-01-20,18,2,ensemble,2024-02-03,367.0,303.80774695833577,39.52454238945582,63.19225304166423,36.0
2024-01-20,18,2,baseline,2024-02-03,367.0,403.0,22.347557056092292,36.0,36.0
2024-01-20,18,3,ensemble,2024-02-10,371.0,262.97473510089907,55.029739702254744,108.02526489910093,32.0
2024-01-20,18,3,baseline,2024-02-10,371.0,403.0,21.81634778532567,32.0,32.0
2024-01-20,19,1,ensemble,2024-01-27,76.0,69.5,7.179889155697423,6.5,8.0
2024-01-20,19,1,baseline,2024-01-27,76.0,76.0,2.615904567067408,0.0,8.0
2024-01-20,19,2,ensemble,2024-02-03,107.0,67.732,23.717489724712422,39.268,23.0
2024-01-20,19,2,baseline,2024-02-03,107.0,76.0,19.67193618153573,31.0,23.0
2024-01-20,19,3,ensemble,2024-02-10,112.0,58.36739202092491,30.914495181600124,53.63260797907509,28.0
2024-01-20,19,3,baseline,2024-02-10,112.0,76.0,22.337458922024013,36.0,28.0
2024-01-20,20,1,ensemble,2024-01-27,68.0,79.9985,8.060627707702077,11.998500000000007,32.0
2024-01-20,20,1,baseline,2024-01-27,68.0,89.0,13.373203925495774,21.0,32.0
2024-01-20,20,2,ensemble,2024-02-03,157.0,76.926,50.6300247613153,80.074,57.0
2024-01-20,20,2,baseline,2024-02-03,157.0,89.0,47.621860674171955,68.0,57.0
2024-01-20,20,3,ensemble,2024-02-10,175.0,68.93514209107101,69.49758433533314,106.06485790892899,75.0
2024-01-20,20,3,baseline,2024-02-10,175.0,89.0,60.156275633082394,86.0,75.0
2024-01-20,21,1,ensemble,2024-01-27,255.0,230.4355532139097,23.87508799795434,24.564446786090286,15.0
2024-01-20,21,1,baseline,2024-01-27,255.0,242.0,10.100124509897276,13.0,15.0
2024-01-20,21,2,ensemble,2024-02-03,226.0,218.73867936794252,22.722946228733438,7.261320632057476,14.0
2024-01-20,21,2,baseline,2024-02-03,226.0,242.0,13.433092729927273,16.0,14.0
2024-01-20,21,3,ensemble,2024-02-10,284.0,180.8605868229745,60.21581799700458,103.13941317702549,44.0
2024-01-20,21,3,baseline,2024-02-10,284.0,242.0,26.0452176443721,42.0,44.0
2024-01-20,22,1,ensemble,2024-01-27,130.0,189.0,35.517368481389056,59.0,124.0
2024-01-20,22,1,baseline,2024-01-27,130.0,262.0,102.67254404820136,132.0,124.0
2024-01-20,22,2,ensemble,2024-02-03,121.0,156.67657207374094,22.041698572450272,35.67657207374094,133.0
2024-01-20,22,2,baseline,2024-02-03,121.0,262.0,105.5161129078247,141.0,133.0
2024-01-20,22,3,ensemble,2024-02-10,97.0,125.86145210316964,21.098030077810577,28.86145210316964,157.0
2024-01-20,22,3,baseline,2024-02-10,97.0,262.0,124.07695960837867,165.0,157.0
2024-01-20,23,1,ensemble,2024-01-27,34.0,38.552694401781466,4.5822851566492355,4.552694401781466,13.0
2024-01-20,23,1,baseline,2024-01-27,34.0,39.0,3.404207352051781,5.0,13.0
2024-01-20,23,2,ensemble,2024-02-03,65.0,38.1955,15.454922423061388,26.804499999999997,18.0
2024-01-20,23,2,baseline,2024-02-03,65.0,39.0,15.809468158072889,26.0,18.0
2024-01-20,23,3,ensemble,2024-02-10,77.0,32.592888415171984,26.68356876657466,44.407111584828016,30.0
2024-01-20,23,3,baseline,2024-02-10,77.0,39.0,23.496085305874796,38.0,30.0
2024-01-20,24,1,ensemble,2024-01-27,171.0,209.35062780380247,21.34256021381094,38.35062780380247,74.0
2024-01-20,24,1,baseline,2024-01-27,171.0,248.0,51.73313958563497,77.0,74.0
2024-01-20,24,2,ensemble,2024-02-03,113.0,180.61731457710263,33.27201023764102,67.61731457710263,132.0
2024-01-20,24,2,baseline,2024-02-03,113.0,248.0,98.39425595768999,135.0,132.0
2024-01-20,24,3,ensemble,2024-02-10,111.0,134.53992084521906,20.54976483916239,23.539920845219058,134.0
2024-01-20,24,3,baseline,2024-02-10,111.0,248.0,95.39917395095691,137.0,134.0
2024-01-20,25,1,ensemble,2024-01-27,356.0,388.9955,29.690636812872782,32.99549999999999,162.0
2024-01-20,25,1,baseline,2024-01-27,356.0,541.0,133.137043895852,185.0,162.0
2024-01-20,25,2,ensemble,2024-02-03,415.0,332.425,48.894905286175266,82.57499999999999,103.0
2024-01-20,25,2,baseline,2024-02-03,415.0,541.0,79.6620967520545,126.0,103.0
2024-01-20,25,3,ensemble,2024-02-10,379.0,282.0,53.46213710523721,97.0,139.0
2024-01-20,25,3,baseline,2024-02-10,379.0,541.0,101.5839195829567,162.0,139.0
2024-01-20,26,1,ensemble,2024-01-27,342.0,319.6230725260905,32.878643736546024,22.376927473909518,24.0
2024-01-20,26,1,baseline,2024-01-27,342.0,383.0,26.213209944099443,41.0,24.0
2024-01-20,26,2,ensemble,2024-02-03,421.0,277.1564899727606,72.88180608799225,143.8435100272394,55.0
2024-01-20,26,2,baseline,2024-02-03,421.0,383.0,25.864502488285755,38.0,55.0
2024-01-20,26,3,ensemble,2024-02-10,590.0,220.7678750501531,210.10188115498244,369.23212494984693,224.0
2024-01-20,26,3,baseline,2024-02-10,590.0,383.0,131.5007487279003,207.0,224.0
2024-01-20,27,1,ensemble,2024-01-27,144.0,151.0,11.735862141715527,7.0,17.0
2024-01-20,27,1,baseline,2024-01-27,144.0,161.0,10.69378953822147,17.0,17.0
2024-01-20,27,2,ensemble,2024-02-03,150.0,135.86542236804962,13.756633476850242,14.134577631950378,11.0
2024-01-20,27,2,baseline,2024-02-03,150.0,161.0,8.289946457942841,11.0,11.0
2024-01-20,27,3,ensemble,2024-02-10,164.0,116.32973968238277,24.120554805746373,47.670260317617235,3.0
2024-01-20,27,3,baseline,2024-02-10,164.0,161.0,7.739851713604086,3.0,3.0
2024-01-20,28,1,ensemble,2024-01-27,164.0,173.515,16.67590444951892,9.514999999999986,71.0
2024-01-20,28,1,baseline,2024-01-27,164.0,229.0,44.54159662479234,65.0,71.0
2024-01-20,28,2,ensemble,2024-02-03,116.0,160.0,23.157035368586374,44.0,119.0
2024-01-20,28,2,baseline,2024-02-03,116.0,229.0,81.50103323789759,113.0,119.0
2024-01-20,28,3,ensemble,2024-02-10,89.0,123.5,22.302726912283134,34.5,146.0
2024-01-20,28,3,baseline,2024-02-10,89.0,229.0,103.40243230212738,140.0,146.0
2024-01-20,29,1,ensemble,2024-01-27,272.0,240.0417305913586,22.119208711444184,31.9582694086414,44.0
2024-01-20,29,1,baseline,2024-01-27,272.0,300.0,17.91809976178022,28.0,44.0
2024-01-20,29,2,ensemble,2024-02-03,303.0,208.38525,43.1603252661464,94.61474999999999,13.0
2024-01-20,29,2,baseline,2024-02-03,303.0,300.0,10.804463045021754,3.0,13.0
2024-01-20,29,3,ensemble,2024-02-10,344.0,176.72368635417462,77.09917916889103,167.27631364582538,28.0
2024-01-20,29,3,baseline,2024-02-10,344.0,300.0,27.77949491353609,44.0,28.0
2024-01-20,30,1,ensemble,2024-01-27,106.0,88.8015,10.444529389388919,17.198499999999996,8.0
2024-01-20,30,1,baseline,2024-01-27,106.0,112.0,3.8343537034500783,6.0,8.0
2024-01-20,30,2,ensemble,2024-02-03,86.0,68.94815599927847,10.870670716065472,17.05184400072153,28.0
2024-01-20,30,2,baseline,2024-02-03,86.0,112.0,15.90129407837557,26.0,28.0
2024-01-20,30,3,ensemble,2024-02-10,82.0,50.17804390192032,16.956302433345805,31.82195609807968,32.0
2024-01-20,30,3,baseline,2024-02-10,82.0,112.0,17.871424852944184,30.0,32.0
2024-01-20,31,1,ensemble,2024-01-27,47.0,49.5,4.592971885139015,2.5,8.0
2024-01-20,31,1,baseline,2024-01-27,47.0,49.0,2.493225592473317,2.0,8.0
2024-01-20,31,2,ensemble,2024-02-03,47.0,49.0,5.17459465878867,2.0,8.0
2024-01-20,31,2,baseline,2024-02-03,47.0,49.0,3.386174093262672,2.0,8.0
2024-01-20,31,3,ensemble,2024-02-10,56.0,45.01849311595405,7.12855472554298,10.981506884045949,1.0
2024-01-20,31,3,baseline,2024-02-10,56.0,49.0,5.191378700460916,7.0,1.0
2024-01-20,32,1,ensemble,2024-01-27,69.0,120.67463843138704,29.58345735624534,51.67463843138704,82.0
2024-01-20,32,1,baseline,2024-01-27,69.0,152.0,58.78249611489593,83.0,82.0
2024-01-20,32,2,ensemble,2024-02-03,58.0,97.0,22.168745945778436,39.0,93.0
2024-01-20,32,2,baseline,2024-02-03,58.0,152.0,64.21868128439979,94.0,93.0
2024-01-20,32,3,ensemble,2024-02-10,35.0,81.0,27.40568147355483,46.0,116.0
2024-01-20,32,3,baseline,2024-02-10,35.0,152.0,80.18037522962187,117.0,116.0
2024-01-20,33,1,ensemble,2024-01-27,24.0,46.0,12.462484383918973,22.0,23.0
2024-01-20,33,1,baseline,2024-01-27,24.0,47.0,15.415514687364267,23.0,23.0
2024-01-20,33,2,ensemble,2024-02-03,37.0,39.0,4.669817434718968,2.0,10.0
2024-01-20,33,2,baseline,2024-02-03,37.0,47.0,5.828451707951862,10.0,10.0
2024-01-20,33,3,ensemble,2024-02-10,45.0,34.0,6.016183777027963,11.0,2.0
2024-01-20,33,3,baseline,2024-02-10,45.0,47.0,3.0613428321457126,2.0,2.0
2024-01-20,34,1,ensemble,2024-01-27,346.0,434.862,50.90053259346175,88.86200000000002,224.0
2024-01-20,34,1,baseline,2024-01-27,346.0,560.0,154.31198057884927,214.0,224.0
2024-01-20,34,2,ensemble,2024-02-03,331.0,363.39729864155504,32.64836191191213,32.39729864155504,239.0
2024-01-20,34,2,baseline,2024-02-03,331.0,560.0,156.32044650607372,229.0,239.0
2024-01-20,34,3,ensemble,2024-02-10,323.0,274.124601695606,31.40493087457202,48.875398304394025,247.0
2024-01-20,34,3,baseline,2024-02-10,323.0,560.0,155.8067185847076,237.0,247.0
2024-01-20,35,1,ensemble,2024-01-27,104.0,97.13043576478958,9.920620103592972,6.869564235210419,50.0
2024-01-20,35,1,baseline,2024-01-27,104.0,152.0,30.789943261410876,48.0,50.0
2024-01-20,35,2,ensemble,2024-02-03,77.0,85.66340637207031,11.474254914028505,8.663406372070312,77.0
2024-01-20,35,2,baseline,2024-02-03,77.0,152.0,47.7913342315597,75.0,77.0
2024-01-20,35,3,ensemble,2024-02-10,78.0,63.5,12.016012340755614,14.5,76.0
2024-01-20,35,3,baseline,2024-02-10,78.0,152.0,44.7104841464719,74.0,76.0
2024-01-20,36,1,ensemble,2024-01-27,923.0,618.0,160.64480265707695,305.0,105.0
2024-01-20,36,1,baseline,2024-01-27,923.0,935.0,19.695786172253044,12.0,105.0
2024-01-20,36,2,ensemble,2024-02-03,770.0,512.0,135.21975599996503,258.0,258.0
2024-01-20,36,2,baseline,2024-02-03,770.0,935.0,96.71158493228413,165.0,258.0
2024-01-20,36,3,ensemble,2024-02-10,703.0,425.0498774238345,150.77761858089593,277.9501225761655,325.0
2024-01-20,36,3,baseline,2024-02-10,703.0,935.0,132.83729292536395,232.0,325.0
2024-01-20,37,1,ensemble,2024-01-27,308.0,354.8326025952022,41.37068038201014,46.83260259520222,197.0
2024-01-20,37,1,baseline,2024-01-27,308.0,505.0,137.84574118825972,197.0,197.0
2024-01-20,37,2,ensemble,2024-02-03,255.0,261.0,33.1948785191095,6.0,250.0
2024-01-20,37,2,baseline,2024-02-03,255.0,505.0,170.5043706771633,250.0,250.0
2024-01-20,37,3,ensemble,2024-02-10,174.0,196.0,30.31778118453061,22.0,331.0
2024-01-20,37,3,baseline,2024-02-10,174.0,505.0,228.33000237867597,331.0,331.0
2024-01-20,38,1,ensemble,2024-01-27,48.0,29.0,10.543568135358447,19.0,16.0
2024-01-20,38,1,baseline,2024-01-27,48.0,32.0,10.46920968148812,16.0,16.0
2024-01-20,38,2,ensemble,2024-02-03,40.0,26.837384927321768,7.236326892522811,13.162615072678232,8.0
2024-01-20,38,2,baseline,2024-02-03,40.0,32.0,4.5697160121166425,8.0,8.0
2024-01-20,38,3,ensemble,2024-02-10,31.0,23.131987503781904,4.5895232496103775,7.868012496218096,1.0
2024-01-20,38,3,baseline,2024-02-10,31.0,32.0,2.3718388895845495,1.0,1.0
2024-01-20,39,1,ensemble,2024-01-27,590.0,425.5,106.94571444863575,164.5,48.0
2024-01-20,39,1,baseline,2024-01-27,590.0,513.0,49.493568906493365,77.0,48.0
2024-01-20,39,2,ensemble,2024-02-03,591.0,366.7581094790783,131.31086620726063,224.2418905209217,49.0
2024-01-20,39,2,baseline,2024-02-03,591.0,513.0,47.32087548986358,78.0,49.0
2024-01-20,39,3,ensemble,2024-02-10,608.0,317.9426285387037,178.94397005179425,290.0573714612963,66.0
2024-01-20,39,3,baseline,2024-02-10,608.0,513.0,56.38666411457593,95.0,66.0
2024-01-20,40,1,ensemble,2024-01-27,346.0,243.1726315209785,51.75018599261752,102.82736847902149,132.0
2024-01-20,40,1,baseline,2024-01-27,346.0,226.0,83.96798017060605,120.0,132.0
2024-01-20,40,2,ensemble,2024-02-03,421.0,241.5,99.58215276615171,179.5,207.0
2024-01-20,40,2,baseline,2024-02-03,421.0,226.0,137.0754926004695,195.0,207.0
2024-01-20,40,3,ensemble,2024-02-10,469.0,233.66646198631972,132.66501999399077,235.33353801368028,255.0
2024-01-20,40,3,baseline,2024-02-10,469.0,226.0,169.889358122603,243.0,255.0
2024-01-20,41,1,ensemble,2024-01-27,98.0,103.1995,9.304228462735407,5.1995000000000005,17.0
2024-01-20,41,1,baseline,2024-01-27,98.0,115.0,11.49486208307735,17.0,17.0
2024-01-20,41,2,ensemble,2024-02-03,84.0,100.598,13.329724351984712,16.598,31.0
2024-01-20,41,2,baseline,2024-02-03,84.0,115.0,19.795044724925507,31.0,31.0
2024-01-20,41,3,ensemble,2024-02-10,87.0,95.4885,13.434552912715867,8.488500000000002,28.0
2024-01-20,41,3,baseline,2024-02-10,87.0,115.0,18.240237225633127,28.0,28.0
2024-01-20,42,1,ensemble,2024-01-27,409.0,499.2074241638184,56.686188020959705,90.20742416381842,169.0
2024-01-20,42,1,baseline,2024-01-27,409.0,627.0,147.96459227966196,218.0,169.0
2024-01-20,42,2,ensemble,2024-02-03,456.0,401.2668752825457,58.287113587219736,54.7331247174543,122.0
2024-01-20,42,2,baseline,2024-02-03,456.0,627.0,104.84339372302418,171.0,122.0
2024-01-20,42,3,ensemble,2024-02-10,430.0,292.0,77.30207690029575,138.0,148.0
2024-01-20,42,3,baseline,2024-02-10,430.0,627.0,118.06962083755622,197.0,148.0
2024-01-20,44,1,ensemble,2024-01-27,27.0,29.35,3.446617176568667,2.3500000000000014,7.0
2024-01-20,44,1,baseline,2024-01-27,27.0,34.0,4.330934537258416,7.0,7.0
2024-01-20,44,2,ensemble,2024-02-03,17.0,26.0,5.610885271236718,9.0,17.0
2024-01-20,44,2,baseline,2024-02-03,17.0,34.0,11.036874284068928,17.0,17.0
2024-01-20,44,3,ensemble,2024-02-10,21.0,18.404680909748464,4.159302390973705,2.595319090251536,13.0
2024-01-20,44,3,baseline,2024-02-10,21.0,34.0,7.731873672019329,13.0,13.0
2024-01-20,45,1,ensemble,2024-01-27,213.0,162.926,29.379528689511286,50.07400000000001,55.0
2024-01-20,45,1,baseline,2024-01-27,213.0,268.0,36.191595841893204,55.0,55.0
2024-01-20,45,2,ensemble,2024-02-03,175.0,126.0,28.564820140892685,49.0,93.0
2024-01-20,45,2,baseline,2024-02-03,175.0,268.0,60.67764788247882,93.0,93.0
2024-01-20,45,3,ensemble,2024-02-10,132.0,96.5,22.34496520140352,35.5,136.0
2024-01-20,45,3,baseline,2024-02-10,132.0,268.0,89.39664689790378,136.0,136.0
2024-01-20,46,1,ensemble,2024-01-27,27.0,29.8,3.7508743224732264,2.8000000000000007,5.0
2024-01-20,46,1,baseline,2024-01-27,27.0,32.0,2.9972671561715636,5.0,5.0
2024-01-20,46,2,ensemble,2024-02-03,23.0,27.0,4.12767172469507,4.0,9.0
2024-01-20,46,2,baseline,2024-02-03,23.0,32.0,5.047465275239709,9.0,9.0
2024-01-20,46,3,ensemble,2024-02-10,18.0,22.681601837394183,3.9978983772381818,4.681601837394183,14.0
2024-01-20,46,3,baseline,2024-02-10,18.0,32.0,7.770948213982144,14.0,14.0
2024-01-20,47,1,ensemble,2024-01-27,280.0,301.28516960144043,29.94322707943227,21.28516960144043,114.0
2024-01-20,47,1,baseline,2024-01-27,280.0,402.0,83.36972600499917,122.0,114.0
2024-01-20,47,2,ensemble,2024-02-03,223.0,255.5,32.93466336320342,32.5,171.0
2024-01-20,47,2,baseline,2024-02-03,223.0,402.0,121.33661802128893,179.0,171.0
2024-01-20,47,3,ensemble,2024-02-10,197.0,221.8731,33.21351499546046,24.873099999999994,197.0
2024-01-20,47,3,baseline,2024-02-10,197.0,402.0,136.40838164485993,205.0,197.0
2024-01-20,48,1,ensemble,2024-01-27,1435.0,1589.745989867649,122.0842905508073,154.7459898676491,44.0
2024-01-20,48,1,baseline,2024-01-27,1435.0,1773.0,220.43285082785616,338.0,44.0
2024-01-20,48,2,ensemble,2024-02-03,1350.0,1278.0,105.14530326277709,72.0,41.0
2024-01-20,48,2,baseline,2024-02-03,1350.0,1773.0,271.8587157560924,423.0,41.0
2024-01-20,48,3,ensemble,2024-02-10,1176.0,1077.0,116.96624752806025,99.0,215.0
2024-01-20,48,3,baseline,2024-02-10,1176.0,1773.0,405.4004322458441,597.0,215.0
2024-01-20,49,1,ensemble,2024-01-27,38.0,41.3,5.217157454673058,3.299999999999997,9.0
2024-01-20,49,1,baseline,2024-01-27,38.0,46.0,4.604280886395818,8.0,9.0
2024-01-20,49,2,ensemble,2024-02-03,28.0,34.569793903863214,5.864800451771151,6.569793903863214,19.0
2024-01-20,49,2,baseline,2024-02-03,28.0,46.0,10.603979949016882,18.0,19.0
2024-01-20,49,3,ensemble,2024-02-10,16.0,29.3,7.931963742142863,13.3,31.0
2024-01-20,49,3,baseline,2024-02-10,16.0,46.0,18.80858772322506,30.0,31.0
2024-01-20,50,1,ensemble,2024-01-27,21.0,23.5099446862936,2.3071855630712954,2.5099446862936006,3.0
2024-01-20,50,1,baseline,2024-01-27,21.0,23.0,1.2938987678137648,2.0,3.0
2024-01-20,50,2,ensemble,2024-02-03,18.0,23.753493683493307,3.346700813130733,5.753493683493307,6.0
2024-01-20,50,2,baseline,2024-02-03,18.0,23.0,2.9347350228719686,5.0,6.0
2024-01-20,50,3,ensemble,2024-02-10,20.0,21.738415236479145,2.9138581856255126,1.7384152364791454,4.0
2024-01-20,50,3,baseline,2024-02-10,20.0,23.0,2.0872821448431877,3.0,4.0
2024-01-20,51,1,ensemble,2024-01-27,270.0,300.3522891998291,32.83571273705741,30.3522891998291,123.0
2024-01-20,51,1,baseline,2024-01-27,270.0,391.0,81.3559145747762,121.0,123.0
2024-01-20,51,2,ensemble,2024-02-03,190.0,232.3086,38.2729021439155,42.30860000000001,203.0
2024-01-20,51,2,baseline,2024-02-03,190.0,391.0,139.68071592974627,201.0,203.0
2024-01-20,51,3,ensemble,2024-02-10,179.0,180.0,27.87723757593455,1.0,214.0
2024-01-20,51,3,baseline,2024-02-10,179.0,391.0,142.3994993149062,212.0,214.0
2024-01-20,53,1,ensemble,2024-01-27,120.0,134.209,13.75274314736065,14.209000000000003,41.0
2024-01-20,53,1,baseline,2024-01-27,120.0,151.0,19.342846531443573,31.0,41.0
2024-01-20,53,2,ensemble,2024-02-03,105.0,122.717,17.498132550410233,17.717,56.0
2024-01-20,53,2,baseline,2024-02-03,105.0,151.0,27.891280351020896,46.0,56.0
2024-01-20,53,3,ensemble,2024-02-10,80.0,110.808,21.747796891189065,30.808000000000007,81.0
2024-01-20,53,3,baseline,2024-02-10,80.0,151.0,42.64527774334265,71.0,81.0
2024-01-20,54,1,ensemble,2024-01-27,136.0,117.0,15.361502210653132,19.0,0.0
2024-01-20,54,1,baseline,2024-01-27,136.0,135.0,3.5891105402358363,1.0,0.0
2024-01-20,54,2,ensemble,2024-02-03,127.0,96.0,16.374174732063963,31.0,9.0
2024-01-20,54,2,baseline,2024-02-03,127.0,135.0,6.531360009708794,8.0,9.0
2024-01-20,54,3,ensemble,2024-02-10,131.0,76.9784086511926,23.3629261109508,54.021591348807405,5.0
2024-01-20,54,3,baseline,2024-02-10,131.0,135.0,6.910658520541726,4.0,5.0
2024-01-20,55,1,ensemble,2024-01-27,141.0,237.92402381217036,54.394547213685705,96.92402381217036,126.0
2024-01-20,55,1,baseline,2024-01-27,141.0,270.0,95.92576284619366,129.0,126.0
2024-01-20,55,2,ensemble,2024-02-03,175.0,214.0485889911652,27.491874244950285,39.04858899116519,92.0
2024-01-20,55,2,baseline,2024-02-03,175.0,270.0,63.426398874597446,95.0,92.0
2024-01-20,55,3,ensemble,2024-02-10,178.0,182.04012793302536,21.16046140956459,4.04012793302536,89.0
2024-01-20,55,3,baseline,2024-02-10,178.0,270.0,58.59872880241847,92.0,89.0
2024-01-20,56,1,ensemble,2024-01-27,40.0,44.595367696213565,5.24043641699358,4.595367696213565,16.0
2024-01-20,56,1,baseline,2024-01-27,40.0,56.0,10.773590493817979,16.0,16.0
2024-01-20,56,2,ensemble,2024-02-03,40.0,36.99999999999998,5.282542196101069,3.0000000000000213,16.0
2024-01-20,56,2,baseline,2024-02-03,40.0,56.0,9.998732906285586,16.0,16.0
2024-01-20,56,3,ensemble,2024-02-10,33.0,26.0,5.200946525580218,7.0,23.0
2024-01-20,56,3,baseline,2024-02-10,33.0,56.0,14.236075723083319,23.0,23.0
2024-01-27,01,1,ensemble,2024-02-03,103.0,120.5,14.129882670116109,17.5,70.0
2024-01-27,01,1,baseline,2024-02-03,103.0,180.0,51.46246622605357,77.0,70.0
2024-01-27,01,2,ensemble,2024-02-10,112.0,101.5,14.846051099501675,10.5,61.0
2024-01-27,01,2,baseline,2024-02-10,112.0,180.0,41.38292875509189,68.0,61.0
2024-01-27,01,3,ensemble,2024-02-17,122.0,82.5,20.147308670877287,39.5,51.0
2024-01-27,01,3,baseline,2024-02-17,122.0,180.0,33.295461848618494,58.0,51.0
2024-01-27,02,1,ensemble,2024-02-03,8.0,8.0,1.2233260424999635,0.0,1.0
2024-01-27,02,1,baseline,2024-02-03,8.0,9.0,1.3223745261583055,1.0,1.0
2024-01-27,02,2,ensemble,2024-02-10,11.0,9.0,1.8451201909638844,2.0,2.0
2024-01-27,02,2,baseline,2024-02-10,11.0,9.0,1.8957254705807927,2.0,2.0
2024-01-27,02,3,ensemble,2024-02-17,2.0,8.0,3.754275365721153,6.0,7.0
2024-01-27,02,3,baseline,2024-02-17,2.0,9.0,3.9205421771609026,7.0,7.0
2024-01-27,04,1,ensemble,2024-02-03,360.0,443.0,50.66029542510362,83.0,340.0
2024-01-27,04,1,baseline,2024-02-03,360.0,701.0,260.16261954180413,341.0,340.0
2024-01-27,04,2,ensemble,2024-02-10,188.0,334.45,83.56498744290468,146.45,512.0
2024-01-27,04,2,baseline,2024-02-10,188.0,701.0,412.30182470322524,513.0,512.0
2024-01-27,04,3,ensemble,2024-02-17,204.0,273.0,46.70900727801857,69.0,496.0
2024-01-27,04,3,baseline,2024-02-17,204.0,701.0,378.14253712263195,497.0,496.0
2024-01-27,05,1,ensemble,2024-02-03,245.0,191.806,27.935389223116946,53.19399999999999,18.0
2024-01-27,05,1,baseline,2024-02-03,245.0,232.0,8.220201641081633,13.0,18.0
2024-01-27,05,2,ensemble,2024-02-10,292.0,171.12859470363924,74.84720133285923,120.87140529636076,65.0
2024-01-27,05,2,baseline,2024-02-10,292.0,232.0,36.873875548320726,60.0,65.0
2024-01-27,05,3,ensemble,2024-02-17,258.0,147.07919992435396,65.39050829789866,110.92080007564604,31.0
2024-01-27,05,3,baseline,2024-02-17,258.0,232.0,15.46346392724797,26.0,31.0
2024-01-27,06,1,ensemble,2024-02-03,517.0,773.66269227604,137.31964820213094,256.66269227604005,525.0
2024-01-27,06,1,baseline,2024-02-03,517.0,1031.0,353.2770741362197,514.0,525.0
2024-01-27,06,2,ensemble,2024-02-10,411.0,651.1138571342167,130.81743678300066,240.1138571342167,631.0
2024-01-27,06,2,baseline,2024-02-10,411.0,1031.0,408.2889947931871,620.0,631.0
2024-01-27,06,3,ensemble,2024-02-17,328.0,559.4455477683362,125.49903220216214,231.44554776833616,714.0
2024-01-27,06,3,baseline,2024-02-17,328.0,1031.0,450.53586847066293,703.0,714.0
2024-01-27,08,1,ensemble,2024-02-03,196.0,123.83353663852289,39.702592407089504,72.16646336147711,1.0
2024-01-27,08,1,baseline,2024-02-03,196.0,193.0,6.6991795407084505,3.0,1.0
2024-01-27,08,2,ensemble,2024-02-10,196.0,101.521,52.25155282749865,94.479,1.0
2024-01-27,08,2,baseline,2024-02-10,196.0,193.0,9.267894287551579,3.0,1.0
2024-01-27,08,3,ensemble,2024-02-17,137.0,79.7,27.00294651685637,57.3,60.0
2024-01-27,08,3,baseline,2024-02-17,137.0,193.0,30.912734069449396,56.0,60.0
2024-01-27,09,1,ensemble,2024-02-03,111.0,94.16895363646786,11.11383643572311,16.83104636353214,17.0
2024-01-27,09,1,baseline,2024-02-03,111.0,128.0,10.319256560087336,17.0,17.0
2024-01-27,09,2,ensemble,2024-02-10,142.0,80.0,35.62518096952012,62.0,14.0
2024-01-27,09,2,baseline,2024-02-10,142.0,128.0,9.29939181702687,14.0,14.0
2024-01-27,09,3,ensemble,2024-02-17,119.0,74.0,26.308546231336155,45.0,9.0
2024-01-27,09,3,baseline,2024-02-17,119.0,128.0,8.876282118321187,9.0,9.0
2024-01-27,10,1,ensemble,2024-02-03,25.0,26.068,2.9073960581459715,1.0680000000000014,7.0
2024-01-27,10,1,baseline,2024-02-03,25.0,34.0,5.6352269587913275,9.0,7.0
2024-01-27,10,2,ensemble,2024-02-10,25.0,20.521572291851044,3.415468511304694,4.478427708148956,7.0
2024-01-27,10,2,baseline,2024-02-10,25.0,34.0,5.426866503882429,9.0,7.0
2024-01-27,10,3,ensemble,2024-02-17,36.0,16.79,10.486371263946218,19.21,4.0
2024-01-27,10,3,baseline,2024-02-17,36.0,34.0,2.8379102610156544,2.0,4.0
2024-01-27,11,1,ensemble,2024-02-03,20.0,18.0,2.1842753321653916,2.0,7.0
2024-01-27,11,1,baseline,2024-02-03,20.0,28.0,4.864560214710842,8.0,7.0
2024-01-27,11,2,ensemble,2024-02-10,14.0,15.466,2.2237726275893093,1.4659999999999993,13.0
2024-01-27,11,2,baseline,2024-02-10,14.0,28.0,8.603501248599441,14.0,13.0
2024-01-27,11,3,ensemble,2024-02-17,19.0,10.589940042149852,4.212356370626407,8.410059957850148,8.0
2024-01-27,11,3,baseline,2024-02-17,19.0,28.0,5.071704799591474,9.0,8.0
2024-01-27,12,1,ensemble,2024-02-03,711.0,668.6533,47.39375799970194,42.346700000000055,177.0
2024-01-27,12,1,baseline,2024-02-03,711.0,911.0,123.97553167809944,200.0,177.0
2024-01-27,12,2,ensemble,2024-02-10,828.0,595.09325,124.4886242987274,232.90675,60.0
2024-01-27,12,2,baseline,2024-02-10,828.0,911.0,48.256776570743966,83.0,60.0
2024-01-27,12,3,ensemble,2024-02-17,678.0,509.166,83.38397668027014,168.834,210.0
2024-01-27,12,3,baseline,2024-02-17,678.0,911.0,134.61039092817015,233.0,210.0
2024-01-27,13,1,ensemble,2024-02-03,354.0,282.8336497414286,41.14574063691718,71.16635025857141,146.0
2024-01-27,13,1,baseline,2024-02-03,354.0,452.0,66.61603082635175,98.0,146.0
2024-01-27,13,2,ensemble,2024-02-10,308.0,226.75,46.17161232756671,81.25,192.0
2024-01-27,13,2,baseline,2024-02-10,308.0,452.0,97.08990661252265,144.0,192.0
2024-01-27,13,3,ensemble,2024-02-17,259.0,190.0,39.11465895974586,69.0,241.0
2024-01-27,13,3,baseline,2024-02-17,259.0,452.0,129.11479986910737,193.0,241.0
2024-01-27,15,1,ensemble,2024-02-03,5.0,19.765725,9.669332890696875,14.765725,18.0
2024-01-27,15,1,baseline,2024-02-03,5.0,23.0,13.115200504722438,18.0,18.0
2024-01-27,15,2,ensemble,2024-02-10,17.0,18.8195,2.422863627926869,1.8195000000000014,6.0
2024-01-27,15,2,baseline,2024-02-10,17.0,23.0,3.329129407141898,6.0,6.0
2024-01-27,15,3,ensemble,2024-02-17,10.0,18.881732873491984,4.400971718487466,8.881732873491984,13.0
2024-01-27,15,3,baseline,2024-02-17,10.0,23.0,7.77593705421837,13.0,13.0
2024-01-27,16,1,ensemble,2024-02-03,71.0,56.5,7.894363542635534,14.5,17.0
2024-01-27,16,1,baseline,2024-02-03,71.0,88.0,10.82200690372121,17.0,17.0
2024-01-27,16,2,ensemble,2024-02-10,61.0,47.0,8.324768206690946,14.0,27.0
2024-01-27,16,2,baseline,2024-02-10,61.0,88.0,16.80652601032532,27.0,27.0
2024-01-27,16,3,ensemble,2024-02-17,59.0,40.867,11.324858867357698,18.133000000000003,29.0
2024-01-27,16,3,baseline,2024-02-17,59.0,88.0,17.423646982622003,29.0,29.0
2024-01-27,17,1,ensemble,2024-02-03,272.0,234.6105,25.846422521415843,37.3895,63.0
2024-01-27,17,1,baseline,2024-02-03,272.0,331.0,36.61999907155591,59.0,63.0
2024-01-27,17,2,ensemble,2024-02-10,250.0,200.2,32.26263140084384,49.80000000000001,85.0
2024-01-27,17,2,baseline,2024-02-10,250.0,331.0,48.27450072900729,81.0,85.0
2024-01-27,17,3,ensemble,2024-02-17,262.0,164.0,52.93908638207637,98.0,73.0
2024-01-27,17,3,baseline,2024-02-17,262.0,331.0,41.46803119346411,69.0,73.0
2024-01-27,18,1,ensemble,2024-02-03,367.0,275.0,50.5952703573877,92.0,32.0
2024-01-27,18,1,baseline,2024-02-03,367.0,356.0,9.77914836824455,11.0,32.0
2024-01-27,18,2,ensemble,2024-02-10,371.0,227.59361237589155,76.0189700384659,143.40638762410845,36.0
2024-01-27,18,2,baseline,2024-02-10,371.0,356.0,13.675785059654947,15.0,36.0
2024-01-27,18,3,ensemble,2024-02-17,349.0,170.5,85.1290213509795,178.5,14.0
2024-01-27,18,3,baseline,2024-02-17,349.0,356.0,15.076855171856076,7.0,14.0
2024-01-27,19,1,ensemble,2024-02-03,107.0,81.31401461892676,15.203713487117017,25.685985381073237,12.0
2024-01-27,19,1,baseline,2024-02-03,107.0,91.0,10.291972456398476,16.0,12.0
2024-01-27,19,2,ensemble,2024-02-10,112.0,72.26499016783382,23.64837880305193,39.735009832166185,17.0
2024-01-27,19,2,baseline,2024-02-10,112.0,91.0,13.28237853126357,21.0,17.0
2024-01-27,19,3,ensemble,2024-02-17,124.0,65.37135222758228,35.73607562441285,58.62864777241772,29.0
2024-01-27,19,3,baseline,2024-02-17,124.0,91.0,20.62525692830841,33.0,29.0
2024-01-27,20,1,ensemble,2024-02-03,157.0,50.2591,80.47258824645864,106.74090000000001,91.0
2024-01-27,20,1,baseline,2024-02-03,157.0,65.0,72.16016234597132,92.0,91.0
2024-01-27,20,2,ensemble,2024-02-10,175.0,46.473185576141,100.83373642937526,128.526814423859,109.0
2024-01-27,20,2,baseline,2024-02-10,175.0,65.0,84.56227031587716,110.0,109.0
2024-01-27,20,3,ensemble,2024-02-17,175.0,37.25,106.43615980447815,137.75,109.0
2024-01-27,20,3,baseline,2024-02-17,175.0,65.0,81.330701207186,110.0,109.0
2024-01-27,21,1,ensemble,2024-02-03,226.0,141.93746376037598,39.13676031026304,84.06253623962402,29.0
2024-01-27,21,1,baseline,2024-02-03,226.0,199.0,17.00999078553829,27.0,29.0
2024-01-27,21,2,ensemble,2024-02-10,284.0,139.82594416358685,85.1248597474119,144.17405583641315,87.0
2024-01-27,21,2,baseline,2024-02-10,284.0,199.0,52.209186189557535,85.0,87.0
2024-01-27,21,3,ensemble,2024-02-17,282.0,113.7621015063498,108.55104661318664,168.23789849365022,85.0
2024-01-27,21,3,baseline,2024-02-17,282.0,199.0,48.95732248248569,83.0,85.0
2024-01-27,22,1,ensemble,2024-02-03,121.0,90.625,16.89282402768351,30.375,20.0
2024-01-27,22,1,baseline,2024-02-03,121.0,141.0,11.964715617504003,20.0,20.0
2024-01-27,22,2,ensemble,2024-02-10,97.0,74.75370359785009,15.113931486783715,22.24629640214991,44.0
2024-01-27,22,2,baseline,2024-02-10,97.0,141.0,26.107364967345326,44.0,44.0
2024-01-27,22,3,ensemble,2024-02-17,85.0,60.86216974258423,14.535518347597593,24.13783025741577,56.0
2024-01-27,22,3,baseline,2024-02-17,85.0,141.0,32.59044658472671,56.0,56.0
2024-01-27,23,1,ensemble,2024-02-03,65.0,33.507,18.6908064184159,31.493000000000002,25.0
2024-01-27,23,1,baseline,2024-02-03,65.0,40.0,16.44764459890251,25.0,25.0
2024-01-27,23,2,ensemble,2024-02-10,77.0,30.0,30.007860826477177,47.0,37.0
2024-01-27,23,2,baseline,2024-02-10,77.0,40.0,24.089315728374675,37.0,37.0
2024-01-27,23,3,ensemble,2024-02-17,86.0,26.0,37.94031592742343,60.0,46.0
2024-01-27,23,3,baseline,2024-02-17,86.0,40.0,29.610027370186746,46.0,46.0
2024-01-27,24,1,ensemble,2024-02-03,113.0,132.97527961730958,14.755807887997657,19.97527961730958,85.0
2024-01-27,24,1,baseline,2024-02-03,113.0,198.0,58.07996896873316,85.0,85.0
2024-01-27,24,2,ensemble,2024-02-10,111.0,113.2287208610108,11.476844483705948,2.2287208610107996,87.0
2024-01-27,24,2,baseline,2024-02-10,111.0,198.0,55.64018788190055,87.0,87.0
2024-01-27,24,3,ensemble,2024-02-17,123.0,89.05914350908293,18.657754044203692,33.94085649091707,75.0
2024-01-27,24,3,baseline,2024-02-17,123.0,198.0,44.33612603210816,75.0,75.0
2024-01-27,25,1,ensemble,2024-02-03,415.0,247.0,89.60304448184195,168.0,25.0
2024-01-27,25,1,baseline,2024-02-03,415.0,402.0,11.643117946375115,13.0,25.0
2024-01-27,25,2,ensemble,2024-02-10,379.0,203.0,102.08185468935001,176.0,11.0
2024-01-27,25,2,baseline,2024-02-10,379.0,402.0,18.222295776283858,23.0,11.0
2024-01-27,25,3,ensemble,2024-02-17,500.0,161.0,232.07791758164294,339.0,110.0
2024-01-27,25,3,baseline,2024-02-17,500.0,402.0,56.68081611896554,98.0,110.0
2024-01-27,26,1,ensemble,2024-02-03,421.0,259.70580225648814,84.29828477692544,161.29419774351186,101.0
2024-01-27,26,1,baseline,2024-02-03,421.0,342.0,50.60079288490711,79.0,101.0
2024-01-27,26,2,ensemble,2024-02-10,590.0,222.8379432063569,240.8333139510685,367.1620567936431,270.0
2024-01-27,26,2,baseline,2024-02-10,590.0,342.0,168.14852368986737,248.0,270.0
2024-01-27,26,3,ensemble,2024-02-17,671.0,173.6241717338562,347.77228151897356,497.3758282661438,351.0
2024-01-27,26,3,baseline,2024-02-17,671.0,342.0,224.92533052269656,329.0,351.0
2024-01-27,27,1,ensemble,2024-02-03,150.0,93.56855382012944,32.077991469766424,56.43144617987056,27.0
2024-01-27,27,1,baseline,2024-02-03,150.0,124.0,16.46521376022456,26.0,27.0
2024-01-27,27,2,ensemble,2024-02-10,164.0,83.78217489587948,49.331823565241436,80.21782510412052,41.0
2024-01-27,27,2,baseline,2024-02-10,164.0,124.0,24.529681938515033,40.0,41.0
2024-01-27,27,3,ensemble,2024-02-17,173.0,70.9270621545609,64.13008873626185,102.0729378454391,50.0
2024-01-27,27,3,baseline,2024-02-17,173.0,124.0,28.86563897638976,49.0,50.0
2024-01-27,28,1,ensemble,2024-02-03,116.0,114.11,10.34074429282263,1.8900000000000006,50.0
2024-01-27,28,1,baseline,2024-02-03,116.0,177.0,40.83736178346566,61.0,50.0
2024-01-27,28,2,ensemble,2024-02-10,89.0,97.5,12.524342469599732,8.5,77.0
2024-01-27,28,2,baseline,2024-02-10,89.0,177.0,59.47596868262161,88.0,77.0
2024-01-27,28,3,ensemble,2024-02-17,97.0,79.0,12.912563633611583,18.0,69.0
2024-01-27,28,3,baseline,2024-02-17,97.0,177.0,50.66404550230285,80.0,69.0
2024-01-27,29,1,ensemble,2024-02-03,303.0,176.58024501800537,74.41895938816748,126.41975498199463,37.0
2024-01-27,29,1,baseline,2024-02-03,303.0,244.0,37.97159973919304,59.0,37.0
2024-01-27,29,2,ensemble,2024-02-10,344.0,150.19992566108704,109.92215588986984,193.80007433891296,78.0
2024-01-27,29,2,baseline,2024-02-10,344.0,244.0,63.89330310066147,100.0,78.0
2024-01-27,29,3,ensemble,2024-02-17,354.0,118.0,155.01752416256983,236.0,88.0
2024-01-27,29,3,baseline,2024-02-17,354.0,244.0,67.4046461066785,110.0,88.0
2024-01-27,30,1,ensemble,2024-02-03,86.0,46.01470672308674,22.03937230656327,39.98529327691326,5.0
2024-01-27,30,1,baseline,2024-02-03,86.0,73.0,7.833955678339392,13.0,5.0
2024-01-27,30,2,ensemble,2024-02-10,82.0,38.7,25.603085844745216,43.3,1.0
2024-01-27,30,2,baseline,2024-02-10,82.0,73.0,5.59391734923871,9.0,1.0
2024-01-27,30,3,ensemble,2024-02-17,24.0,27.68386624726964,4.992957749602994,3.6838662472696413,57.0
2024-01-27,30,3,baseline,2024-02-17,24.0,73.0,32.59802831500054,49.0,57.0
2024-01-27,31,1,ensemble,2024-02-03,47.0,29.2,9.209731003136834,17.8,12.0
2024-01-27,31,1,baseline,2024-02-03,47.0,35.0,7.00518587044566,12.0,12.0
2024-01-27,31,2,ensemble,2024-02-10,56.0,24.87444698288931,16.26499158470715,31.12555301711069,21.0
2024-01-27,31,2,baseline,2024-02-10,56.0,35.0,12.163162636387241,21.0,21.0
2024-01-27,31,3,ensemble,2024-02-17,56.0,21.631056966793853,17.27397295285449,34.36894303320615,21.0
2024-01-27,31,3,baseline,2024-02-17,56.0,35.0,11.695902258696503,21.0,21.0
2024-01-27,32,1,ensemble,2024-02-03,58.0,57.8938403980753,6.088476647755211,0.10615960192470197,26.0
2024-01-27,32,1,baseline,2024-02-03,58.0,91.0,19.801687745399192,33.0,26.0
2024-01-27,32,2,ensemble,2024-02-10,35.0,47.5805,8.792473323136477,12.5805,49.0
2024-01-27,32,2,baseline,2024-02-10,35.0,91.0,34.035924695399125,56.0,49.0
2024-01-27,32,3,ensemble,2024-02-17,51.0,36.98484275026945,8.710517341372386,14.01515724973055,33.0
2024-01-27,32,3,baseline,2024-02-17,51.0,91.0,22.426203407642767,40.0,33.0
2024-01-27,33,1,ensemble,2024-02-03,37.0,22.764344500860165,7.838975137530314,14.235655499139835,7.0
2024-01-27,33,1,baseline,2024-02-03,37.0,30.0,4.177050531461836,7.0,7.0
2024-01-27,33,2,ensemble,2024-02-10,45.0,18.0,13.908887781027682,27.0,15.0
2024-01-27,33,2,baseline,2024-02-10,45.0,30.0,8.791243635501573,15.0,15.0
2024-01-27,33,3,ensemble,2024-02-17,41.0,16.0,13.174503779490287,25.0,11.0
2024-01-27,33,3,baseline,2024-02-17,41.0,30.0,6.266812287992442,11.0,11.0
2024-01-27,34,1,ensemble,2024-02-03,331.0,293.0,30.08870761098116,38.0,110.0
2024-01-27,34,1,baseline,2024-02-03,331.0,438.0,67.7723098917511,107.0,110.0
2024-01-27,34,2,ensemble,2024-02-10,323.0,239.0,42.685866038543416,84.0,118.0
2024-01-27,34,2,baseline,2024-02-10,323.0,438.0,68.77039465988139,115.0,118.0
2024-01-27,34,3,ensemble,2024-02-17,370.0,185.084,94.87235986572861,184.916,71.0
2024-01-27,34,3,baseline,2024-02-17,370.0,438.0,40.225067808243324,68.0,71.0
2024-01-27,35,1,ensemble,2024-02-03,77.0,65.0,8.779066596915587,12.0,37.0
2024-01-27,35,1,baseline,2024-02-03,77.0,109.0,19.556872549595063,32.0,37.0
2024-01-27,35,2,ensemble,2024-02-10,78.0,50.5,13.804965162771056,27.5,36.0
2024-01-27,35,2,baseline,2024-02-10,78.0,109.0,18.127995224278333,31.0,36.0
2024-01-27,35,3,ensemble,2024-02-17,73.0,33.8,16.736034779760555,39.2,41.0
2024-01-27,35,3,baseline,2024-02-17,73.0,109.0,20.56123177038293,36.0,41.0
2024-01-27,36,1,ensemble,2024-02-03,770.0,526.4498129287349,133.00573568205817,243.5501870712651,93.0
2024-01-27,36,1,baseline,2024-02-03,770.0,804.0,27.282827129923486,34.0,93.0
2024-01-27,36,2,ensemble,2024-02-10,703.0,408.21330699920657,155.43119760762312,294.78669300079343,160.0
2024-01-27,36,2,baseline,2024-02-10,703.0,804.0,61.36665007389207,101.0,160.0
2024-01-27,36,3,ensemble,2024-02-17,790.0,323.05979331317644,260.28946941177105,466.94020668682356,73.0
2024-01-27,36,3,baseline,2024-02-17,790.0,804.0,37.20933587722833,14.0,73.0
2024-01-27,37,1,ensemble,2024-02-03,255.0,171.1502421665592,38.590973828498534,83.8497578334408,55.0
2024-01-27,37,1,baseline,2024-02-03,255.0,310.0,34.269670917383095,55.0,55.0
2024-01-27,37,2,ensemble,2024-02-10,174.0,120.84069743350535,32.129827763279074,53.159302566494645,136.0
2024-01-27,37,2,baseline,2024-02-10,174.0,310.0,84.45980987375091,136.0,136.0
2024-01-27,37,3,ensemble,2024-02-17,179.0,93.09615438974797,35.377787733387315,85.90384561025203,131.0
2024-01-27,37,3,baseline,2024-02-17,179.0,310.0,78.06019010159666,131.0,131.0
2024-01-27,38,1,ensemble,2024-02-03,40.0,24.91,8.347068444803014,15.09,1.0
2024-01-27,38,1,baseline,2024-02-03,40.0,34.0,3.5219298026893298,6.0,1.0
2024-01-27,38,2,ensemble,2024-02-10,31.0,22.727,4.60446184183706,8.273,10.0
2024-01-27,38,2,baseline,2024-02-10,31.0,34.0,2.345233918339184,3.0,10.0
2024-01-27,38,3,ensemble,2024-02-17,29.0,17.529228219642686,5.252942171437646,11.470771780357314,12.0
2024-01-27,38,3,baseline,2024-02-17,29.0,34.0,3.3127433000199566,5.0,12.0
2024-01-27,39,1,ensemble,2024-02-03,591.0,314.5,184.7903784229403,276.5,86.0
2024-01-27,39,1,baseline,2024-02-03,591.0,448.0,97.93411099941433,143.0,86.0
2024-01-27,39,2,ensemble,2024-02-10,608.0,271.997,228.10033561703185,336.003,103.0
2024-01-27,39,2,baseline,2024-02-10,608.0,448.0,104.79302789786593,160.0,103.0
2024-01-27,39,3,ensemble,2024-02-17,610.0,222.817697642384,252.15804503179052,387.182302357616,105.0
2024-01-27,39,3,baseline,2024-02-17,610.0,448.0,99.80119069214602,162.0,105.0
2024-01-27,40,1,ensemble,2024-02-03,421.0,235.535,114.93909011468224,185.465,168.0
2024-01-27,40,1,baseline,2024-02-03,421.0,241.0,133.7816859667727,180.0,168.0
2024-01-27,40,2,ensemble,2024-02-10,469.0,227.735,146.56128017873246,241.265,216.0
2024-01-27,40,2,baseline,2024-02-10,469.0,241.0,165.2669442708557,228.0,216.0
2024-01-27,40,3,ensemble,2024-02-17,391.0,221.5,94.37050989359922,169.5,138.0
2024-01-27,40,3,baseline,2024-02-17,391.0,241.0,97.4989355557686,150.0,138.0
2024-01-27,41,1,ensemble,2024-02-03,84.0,58.5,12.813399086997556,25.5,1.0
2024-01-27,41,1,baseline,2024-02-03,84.0,84.0,3.967932518433878,0.0,1.0
2024-01-27,41,2,ensemble,2024-02-10,87.0,52.1035,18.59501842500297,34.8965,2.0
2024-01-27,41,2,baseline,2024-02-10,87.0,84.0,6.321848843488422,3.0,2.0
2024-01-27,41,3,ensemble,2024-02-17,65.0,45.27784902090446,11.507628891010862,19.722150979095538,20.0
2024-01-27,41,3,baseline,2024-02-17,65.0,84.0,13.624424490223168,19.0,20.0
2024-01-27,42,1,ensemble,2024-02-03,456.0,305.0,76.87046398682256,151.0,2.0
2024-01-27,42,1,baseline,2024-02-03,456.0,464.0,14.973245261648273,8.0,2.0
2024-01-27,42,2,ensemble,2024-02-10,430.0,255.0,89.40532695652175,175.0,24.0
2024-01-27,42,2,baseline,2024-02-10,430.0,464.0,27.587648686899907,34.0,24.0
2024-01-27,42,3,ensemble,2024-02-17,499.0,181.35,185.00494501631033,317.65,45.0
2024-01-27,42,3,baseline,2024-02-17,499.0,464.0,32.767836629975,35.0,45.0
2024-01-27,44,1,ensemble,2024-02-03,17.0,29.83939052373171,7.418945636453359,12.839390523731709,18.0
2024-01-27,44,1,baseline,2024-02-03,17.0,40.0,16.764713193871067,23.0,18.0
2024-01-27,44,2,ensemble,2024-02-10,21.0,24.340000000000003,3.3802992900647424,3.3400000000000034,14.0
2024-01-27,44,2,baseline,2024-02-10,21.0,40.0,12.490519057690575,19.0,14.0
2024-01-27,44,3,ensemble,2024-02-17,30.0,21.0,4.432823107336154,9.0,5.0
2024-01-27,44,3,baseline,2024-02-17,30.0,40.0,5.775445493889723,10.0,5.0
2024-01-27,45,1,ensemble,2024-02-03,175.0,117.56676926580931,30.723068240927436,57.43323073419069,22.0
2024-01-27,45,1,baseline,2024-02-03,175.0,197.0,13.791584794608822,22.0,22.0
2024-01-27,45,2,ensemble,2024-02-10,132.0,81.32995501203459,25.078640903210843,50.67004498796541,65.0
2024-01-27,45,2,baseline,2024-02-10,132.0,197.0,40.31056609529138,65.0,65.0
2024-01-27,45,3,ensemble,2024-02-17,130.0,59.46120187859259,31.7422103389946,70.53879812140741,67.0
2024-01-27,45,3,baseline,2024-02-17,130.0,197.0,39.811747838021866,67.0,67.0
2024-01-27,46,1,ensemble,2024-02-03,23.0,12.8,5.55905992316196,10.2,7.0
2024-01-27,46,1,baseline,2024-02-03,23.0,16.0,3.958615055976644,7.0,7.0
2024-01-27,46,2,ensemble,2024-02-10,18.0,12.0,3.602974303543866,6.0,2.0
2024-01-27,46,2,baseline,2024-02-10,18.0,16.0,2.4160876708549703,2.0,2.0
2024-01-27,46,3,ensemble,2024-02-17,26.0,9.1186,10.171423293913094,16.8814,10.0
2024-01-27,46,3,baseline,2024-02-17,26.0,16.0,5.3962530419652035,10.0,10.0
2024-01-27,47,1,ensemble,2024-02-03,223.0,238.0,22.646728325833664,15.0,138.0
2024-01-27,47,1,baseline,2024-02-03,223.0,357.0,93.00932786675693,134.0,138.0
2024-01-27,47,2,ensemble,2024-02-10,197.0,200.0,22.143413669779672,3.0,164.0
2024-01-27,47,2,baseline,2024-02-10,197.0,357.0,107.04848778746482,160.0,164.0
2024-01-27,47,3,ensemble,2024-02-17,195.0,167.5,24.286674263614028,27.5,166.0
2024-01-27,47,3,baseline,2024-02-17,195.0,357.0,104.1003113754616,162.0,166.0
2024-01-27,48,1,ensemble,2024-02-03,1350.0,1004.03885,168.76777086444685,345.96115,58.0
2024-01-27,48,1,baseline,2024-02-03,1350.0,1289.0,41.437438438275706,61.0,58.0
2024-01-27,48,2,ensemble,2024-02-10,1176.0,890.7085800170898,148.07245162324188,285.29141998291016,116.0
2024-01-27,48,2,baseline,2024-02-10,1176.0,1289.0,66.94987290725085,113.0,116.0
2024-01-27,48,3,ensemble,2024-02-17,892.0,738.8025,97.22506979222958,153.1975,400.0
2024-01-27,48,3,baseline,2024-02-17,892.0,1289.0,239.73721058651904,397.0,400.0
2024-01-27,49,1,ensemble,2024-02-03,28.0,21.550860740228032,4.278543942936812,6.449139259771968,0.0
2024-01-27,49,1,baseline,2024-02-03,28.0,28.0,1.8920318509272052,0.0,0.0
2024-01-27,49,2,ensemble,2024-02-10,16.0,18.0,3.6471351693051934,2.0,12.0
2024-01-27,49,2,baseline,2024-02-10,16.0,28.0,6.7566456765002485,12.0,12.0
2024-01-27,49,3,ensemble,2024-02-17,19.0,17.5,3.928213682525119,1.5,9.0
2024-01-27,49,3,baseline,2024-02-17,19.0,28.0,5.186421877849212,9.0,9.0
2024-01-27,50,1,ensemble,2024-02-03,18.0,23.736905059782824,3.426999904688298,5.736905059782824,8.0
2024-01-27,50,1,baseline,2024-02-03,18.0,26.0,5.123414898344635,8.0,8.0
2024-01-27,50,2,ensemble,2024-02-10,20.0,22.02386496835947,2.7649137676023647,2.0238649683594687,6.0
2024-01-27,50,2,baseline,2024-02-10,20.0,26.0,3.4916302435633058,6.0,6.0
2024-01-27,50,3,ensemble,2024-02-17,21.0,19.08267797816545,2.600023629487427,1.9173220218345506,5.0
2024-01-27,50,3,baseline,2024-02-17,21.0,26.0,2.96536074284656,5.0,5.0
2024-01-27,51,1,ensemble,2024-02-03,190.0,201.3617259862962,20.230778716888853,11.361725986296193,115.0
2024-01-27,51,1,baseline,2024-02-03,190.0,307.0,77.82811681503772,117.0,115.0
2024-01-27,51,2,ensemble,2024-02-10,179.0,167.12053663978327,23.114568523861738,11.879463360216732,126.0
2024-01-27,51,2,baseline,2024-02-10,179.0,307.0,80.65530710485365,128.0,126.0
2024-01-27,51,3,ensemble,2024-02-17,202.0,136.975,32.02733068500217,65.025,103.0
2024-01-27,51,3,baseline,2024-02-17,202.0,307.0,61.218646364550615,105.0,103.0
2024-01-27,53,1,ensemble,2024-02-03,105.0,119.374,12.635350743784103,14.373999999999995,40.0
2024-01-27,53,1,baseline,2024-02-03,105.0,145.0,25.1405310972675,40.0,40.0
2024-01-27,53,2,ensemble,2024-02-10,80.0,94.97983927205152,14.616896026333045,14.979839272051521,65.0
2024-01-27,53,2,baseline,2024-02-10,80.0,145.0,40.24217950333851,65.0,65.0
2024-01-27,53,3,ensemble,2024-02-17,73.0,82.0,13.862548874479799,9.0,72.0
2024-01-27,53,3,baseline,2024-02-17,73.0,145.0,43.39316386476909,72.0,72.0
2024-01-27,54,1,ensemble,2024-02-03,127.0,115.0,9.883584693143284,12.0,18.0
2024-01-27,54,1,baseline,2024-02-03,127.0,147.0,12.196798179764412,20.0,18.0
2024-01-27,54,2,ensemble,2024-02-10,131.0,101.914,16.956937023305564,29.086,14.0
2024-01-27,54,2,baseline,2024-02-10,131.0,147.0,9.830820326116305,16.0,14.0
2024-01-27,54,3,ensemble,2024-02-17,184.0,82.95,62.931564582801684,101.05,39.0
2024-01-27,54,3,baseline,2024-02-17,184.0,147.0,21.22942058124929,37.0,39.0
2024-01-27,55,1,ensemble,2024-02-03,175.0,123.95004947183553,27.17209507302644,51.04995052816447,1.0
2024-01-27,55,1,baseline,2024-02-03,175.0,176.0,5.258676458829808,1.0,1.0
2024-01-27,55,2,ensemble,2024-02-10,178.0,104.0,36.513192764503664,74.0,2.0
2024-01-27,55,2,baseline,2024-02-10,178.0,176.0,7.734736713975837,2.0,2.0
2024-01-27,55,3,ensemble,2024-02-17,209.0,87.0,71.30263586013284,122.0,33.0
2024-01-27,55,3,baseline,2024-02-17,209.0,176.0,20.0120371374366,33.0,33.0
2024-01-27,56,1,ensemble,2024-02-03,40.0,18.0,13.715835449580519,22.0,17.0
2024-01-27,56,1,baseline,2024-02-03,40.0,23.0,11.340503229923602,17.0,17.0
2024-01-27,56,2,ensemble,2024-02-10,33.0,13.4135,10.631407376474323,19.5865,10.0
2024-01-27,56,2,baseline,2024-02-10,33.0,23.0,5.969672656422214,10.0,10.0
2024-01-27,56,3,ensemble,2024-02-17,44.0,10.08567814929298,22.435997961793607,33.91432185070702,21.0
2024-01-27,56,3,baseline,2024-02-17,44.0,23.0,12.592706984591587,21.0,21.0
2024-02-03,01,1,ensemble,2024-02-10,112.0,95.5,12.212786198506581,16.5,31.0
2024-02-03,01,1,baseline,2024-02-10,112.0,144.0,19.33100025091555,32.0,31.0
2024-02-03,01,2,ensemble,2024-02-17,122.0,75.36486864089966,23.089063510976462,46.63513135910034,21.0
2024-02-03,01,2,baseline,2024-02-17,122.0,144.0,13.746932552955967,22.0,21.0
2024-02-03,01,3,ensemble,2024-02-24,89.0,65.0650075421714,14.233420320511742,23.9349924578286,54.0
2024-02-03,01,3,baseline,2024-02-24,89.0,144.0,31.42486841640155,55.0,54.0
2024-02-03,02,1,ensemble,2024-02-10,11.0,6.320715188980103,2.4928193396095604,4.679284811019897,4.0
2024-02-03,02,1,baseline,2024-02-10,11.0,6.0,2.653025210534714,5.0,4.0
2024-02-03,02,2,ensemble,2024-02-17,2.0,6.0,2.238084880767438,4.0,5.0
2024-02-03,02,2,baseline,2024-02-17,2.0,6.0,2.447645690543861,4.0,5.0
2024-02-03,02,3,ensemble,2024-02-24,4.0,6.0,1.507924931130868,2.0,3.0
2024-02-03,02,3,baseline,2024-02-24,4.0,6.0,2.0582037627550185,2.0,3.0
2024-02-03,04,1,ensemble,2024-02-10,188.0,454.12422893989856,156.49543495986453,266.12422893989856,461.0
2024-02-03,04,1,baseline,2024-02-10,188.0,651.0,382.44482799199733,463.0,461.0
2024-02-03,04,2,ensemble,2024-02-17,204.0,358.0,87.34222285448143,154.0,445.0
2024-02-03,04,2,baseline,2024-02-17,204.0,651.0,347.7012311454202,447.0,445.0
2024-02-03,04,3,ensemble,2024-02-24,204.0,312.49,61.6239945836577,108.49000000000001,445.0
2024-02-03,04,3,baseline,2024-02-24,204.0,651.0,330.2877293821851,447.0,445.0
2024-02-03,05,1,ensemble,2024-02-10,292.0,210.0,44.1502309487269,82.0,16.0
2024-02-03,05,1,baseline,2024-02-10,292.0,264.0,16.684369970743187,28.0,16.0
2024-02-03,05,2,ensemble,2024-02-17,258.0,181.3,36.520153057079554,76.69999999999999,18.0
2024-02-03,05,2,baseline,2024-02-17,258.0,264.0,7.524333265810921,6.0,18.0
2024-02-03,05,3,ensemble,2024-02-24,275.0,159.96972912579696,61.91972702437192,115.03027087420304,1.0
2024-02-03,05,3,baseline,2024-02-24,275.0,264.0,10.25506231894928,11.0,1.0
2024-02-03,06,1,ensemble,2024-02-10,411.0,486.48200718123474,58.075378434389,75.48200718123474,295.0
2024-02-03,06,1,baseline,2024-02-10,411.0,692.0,179.08200391419135,281.0,295.0
2024-02-03,06,2,ensemble,2024-02-17,328.0,422.5997833384272,70.13234418357744,94.59978333842719,378.0
2024-02-03,06,2,baseline,2024-02-17,328.0,692.0,222.5958631255009,364.0,378.0
2024-02-03,06,3,ensemble,2024-02-24,300.0,354.68268705341137,62.6718598930489,54.68268705341137,406.0
2024-02-03,06,3,baseline,2024-02-24,300.0,692.0,228.79909029196813,392.0,406.0
2024-02-03,08,1,ensemble,2024-02-10,196.0,127.308370505542,39.06781929667736,68.691629494458,33.0
2024-02-03,08,1,baseline,2024-02-10,196.0,188.0,7.569472647856913,8.0,33.0
2024-02-03,08,2,ensemble,2024-02-17,137.0,103.30775394839604,17.986094886747107,33.69224605160396,92.0
2024-02-03,08,2,baseline,2024-02-17,137.0,188.0,28.726604209302955,51.0,92.0
2024-02-03,08,3,ensemble,2024-02-24,129.0,84.10173719705145,23.302519745059048,44.89826280294855,100.0
2024-02-03,08,3,baseline,2024-02-24,129.0,188.0,32.55229832220061,59.0,100.0
2024-02-03,09,1,ensemble,2024-02-10,142.0,123.11,12.326962539913065,18.89,14.0
2024-02-03,09,1,baseline,2024-02-10,142.0,156.0,8.670755955211726,14.0,14.0
2024-02-03,09,2,ensemble,2024-02-17,119.0,109.12682138478884,12.486816137440092,9.87317861521116,37.0
2024-02-03,09,2,baseline,2024-02-17,119.0,156.0,21.87532761238482,37.0,37.0
2024-02-03,09,3,ensemble,2024-02-24,173.0,94.0,39.52921297944879,79.0,17.0
2024-02-03,09,3,baseline,2024-02-24,173.0,156.0,11.411895327018485,17.0,17.0
2024-02-03,10,1,ensemble,2024-02-10,25.0,19.429279051721096,3.573373857582009,5.570720948278904,3.0
2024-02-03,10,1,baseline,2024-02-10,25.0,28.0,2.1749457646315604,3.0,3.0
2024-02-03,10,2,ensemble,2024-02-17,36.0,16.00491649657488,11.083130717510697,19.99508350342512,8.0
2024-02-03,10,2,baseline,2024-02-17,36.0,28.0,4.765127000726527,8.0,8.0
2024-02-03,10,3,ensemble,2024-02-24,24.0,12.1753,5.982696637084003,11.8247,4.0
2024-02-03,10,3,baseline,2024-02-24,24.0,28.0,3.2970087198045896,4.0,4.0
2024-02-03,11,1,ensemble,2024-02-10,14.0,14.7435,2.2613394850328175,0.7434999999999992,7.0
2024-02-03,11,1,baseline,2024-02-10,14.0,23.0,5.486186850216328,9.0,7.0
2024-02-03,11,2,ensemble,2024-02-17,19.0,11.371328765876951,3.8353494289291725,7.628671234123049,2.0
2024-02-03,11,2,baseline,2024-02-17,19.0,23.0,2.516179014811887,4.0,2.0
2024-02-03,11,3,ensemble,2024-02-24,18.0,8.5,4.548529963896753,9.5,3.0
2024-02-03,11,3,baseline,2024-02-24,18.0,23.0,3.112250909596053,5.0,3.0
2024-02-03,12,1,ensemble,2024-02-10,828.0,645.017601994791,96.45624262078206,182.982398005209,8.0
2024-02-03,12,1,baseline,2024-02-10,828.0,833.0,21.193608444671405,5.0,8.0
2024-02-03,12,2,ensemble,2024-02-17,678.0,560.8541469563982,67.06658852838764,117.14585304360185,158.0
2024-02-03,12,2,baseline,2024-02-17,678.0,833.0,86.29556628118453,155.0,158.0
2024-02-03,12,3,ensemble,2024-02-24,625.0,505.146,73.46559068389439,119.85399999999998,211.0
2024-02-03,12,3,baseline,2024-02-24,625.0,833.0,117.59607307970903,208.0,211.0
2024-02-03,13,1,ensemble,2024-02-10,308.0,279.0,31.163967940634617,29.0,151.0
2024-02-03,13,1,baseline,2024-02-10,308.0,400.0,61.88582764553734,92.0,151.0
2024-02-03,13,2,ensemble,2024-02-17,259.0,225.0752592248603,38.198730874821024,33.924740775139696,200.0
2024-02-03,13,2,baseline,2024-02-17,259.0,400.0,94.6102653468491,141.0,200.0
2024-02-03,13,3,ensemble,2024-02-24,188.0,203.91,34.326282857268716,15.909999999999997,271.0
2024-02-03,13,3,baseline,2024-02-24,188.0,400.0,142.7942127733234,212.0,271.0
2024-02-03,15,1,ensemble,2024-02-10,17.0,24.889,4.110829457404818,7.888999999999999,13.0
2024-02-03,15,1,baseline,2024-02-10,17.0,29.0,7.87299887835835,12.0,13.0
2024-02-03,15,2,ensemble,2024-02-17,10.0,23.26528458404593,7.50128915161122,13.26528458404593,20.0
2024-02-03,15,2,baseline,2024-02-17,10.0,29.0,13.249926288893324,19.0,20.0
2024-02-03,15,3,ensemble,2024-02-24,14.0,23.370584207028053,4.911021415973178,9.370584207028053,16.0
2024-02-03,15,3,baseline,2024-02-24,14.0,29.0,9.23509106212801,15.0,16.0
2024-02-03,16,1,ensemble,2024-02-10,61.0,43.0,9.195448794719619,18.0,8.0
2024-02-03,16,1,baseline,2024-02-10,61.0,69.0,5.342871149124535,8.0,8.0
2024-02-03,16,2,ensemble,2024-02-17,59.0,36.392,11.911998915448143,22.607999999999997,10.0
2024-02-03,16,2,baseline,2024-02-17,59.0,69.0,6.9952322198221975,10.0,10.0
2024-02-03,16,3,ensemble,2024-02-24,90.0,27.0,37.211016886622424,63.0,21.0
2024-02-03,16,3,baseline,2024-02-24,90.0,69.0,12.675690730168172,21.0,21.0
2024-02-03,17,1,ensemble,2024-02-10,250.0,176.3,41.29168667809973,73.69999999999999,25.0
2024-02-03,17,1,baseline,2024-02-10,250.0,273.0,16.74135285322418,23.0,25.0
2024-02-03,17,2,ensemble,2024-02-17,262.0,149.0,65.80542256457865,113.0,13.0
2024-02-03,17,2,baseline,2024-02-17,262.0,273.0,16.895268648860405,11.0,13.0
2024-02-03,17,3,ensemble,2024-02-24,299.0,123.223,104.865530087255,175.777,24.0
2024-02-03,17,3,baseline,2024-02-24,299.0,273.0,24.393742872428728,26.0,24.0
2024-02-03,18,1,ensemble,2024-02-10,371.0,282.7141628492573,50.58362823286287,88.28583715074268,36.0
2024-02-03,18,1,baseline,2024-02-10,371.0,375.0,8.110561508223773,4.0,36.0
2024-02-03,18,2,ensemble,2024-02-17,349.0,238.9433675090282,56.53428776817906,110.0566324909718,14.0
2024-02-03,18,2,baseline,2024-02-17,349.0,375.0,17.635501969432738,26.0,14.0
2024-02-03,18,3,ensemble,2024-02-24,346.0,209.0,72.95019770175978,137.0,11.0
2024-02-03,18,3,baseline,2024-02-24,346.0,375.0,20.657684670564098,29.0,11.0
2024-02-03,19,1,ensemble,2024-02-10,112.0,63.755541113808206,30.471437174993863,48.244458886191794,36.0
2024-02-03,19,1,baseline,2024-02-10,112.0,75.0,25.532963672136717,37.0,36.0
2024-02-03,19,2,ensemble,2024-02-17,124.0,55.017283952704354,43.87963617819828,68.98271604729564,48.0
2024-02-03,19,2,baseline,2024-02-17,124.0,75.0,32.952839795093595,49.0,48.0
2024-02-03,19,3,ensemble,2024-02-24,157.0,48.00794956312079,80.17587205163807,108.99205043687921,81.0
2024-02-03,19,3,baseline,2024-02-24,157.0,75.0,55.45739897022882,82.0,81.0
2024-02-03,20,1,ensemble,2024-02-10,175.0,49.0,102.47259603396647,126.0,107.0
2024-02-03,20,1,baseline,2024-02-10,175.0,66.0,88.96776440112228,109.0,107.0
2024-02-03,20,2,ensemble,2024-02-17,175.0,48.8691,104.4013047100754,126.1309,107.0
2024-02-03,20,2,baseline,2024-02-17,175.0,66.0,83.82974559147769,109.0,107.0
2024-02-03,20,3,ensemble,2024-02-24,86.0,41.0,25.671359206521732,45.0,18.0
2024-02-03,20,3,baseline,2024-02-24,86.0,66.0,11.685659523225663,20.0,18.0
2024-02-03,21,1,ensemble,2024-02-10,284.0,205.5,43.231965788834934,78.5,29.0
2024-02-03,21,1,baseline,2024-02-10,284.0,252.0,19.884992984299405,32.0,29.0
2024-02-03,21,2,ensemble,2024-02-17,282.0,185.0,51.60639711042493,97.0,27.0
2024-02-03,21,2,baseline,2024-02-17,282.0,252.0,19.34820000228263,30.0,27.0
2024-02-03,21,3,ensemble,2024-02-24,281.0,163.15949310163148,64.09019223536943,117.84050689836852,26.0
2024-02-03,21,3,baseline,2024-02-24,281.0,252.0,20.455576092826142,29.0,26.0
2024-02-03,22,1,ensemble,2024-02-10,97.0,92.0,10.16618892130855,5.0,33.0
2024-02-03,22,1,baseline,2024-02-10,97.0,130.0,20.073503627884108,33.0,33.0
2024-02-03,22,2,ensemble,2024-02-17,85.0,76.555,11.233380127483747,8.444999999999993,45.0
2024-02-03,22,2,baseline,2024-02-17,85.0,130.0,26.7749704677699,45.0,45.0
2024-02-03,22,3,ensemble,2024-02-24,95.0,61.590022174259,16.229924945353673,33.409977825741,35.0
2024-02-03,22,3,baseline,2024-02-24,95.0,130.0,20.09352865946051,35.0,35.0
2024-02-03,23,1,ensemble,2024-02-10,77.0,28.963,34.449615262306324,48.037,43.0
2024-02-03,23,1,baseline,2024-02-10,77.0,35.0,29.9460461661356,42.0,43.0
2024-02-03,23,2,ensemble,2024-02-17,86.0,26.0,45.679267736857234,60.0,52.0
2024-02-03,23,2,baseline,2024-02-17,86.0,35.0,34.79603946335114,51.0,52.0
2024-02-03,23,3,ensemble,2024-02-24,69.0,21.611,31.901214101590767,47.388999999999996,35.0
2024-02-03,23,3,baseline,2024-02-24,69.0,35.0,20.677410985588118,34.0,35.0
2024-02-03,24,1,ensemble,2024-02-10,111.0,117.5,10.701689532933091,6.5,60.0
2024-02-03,24,1,baseline,2024-02-10,111.0,170.0,37.9102195669348,59.0,60.0
2024-02-03,24,2,ensemble,2024-02-17,123.0,107.645,13.526774612360864,15.355000000000004,48.0
2024-02-03,24,2,baseline,2024-02-17,123.0,170.0,27.449931251464683,47.0,48.0
2024-02-03,24,3,ensemble,2024-02-24,118.0,81.3775,19.62310016045584,36.6225,53.0
2024-02-03,24,3,baseline,2024-02-24,118.0,170.0,29.439231316269694,52.0,53.0
2024-02-03,25,1,ensemble,2024-02-10,379.0,268.0,56.548312645191515,111.0,23.0
2024-02-03,25,1,baseline,2024-02-10,379.0,392.0,11.569683354833547,13.0,23.0
2024-02-03,25,2,ensemble,2024-02-17,500.0,226.0,195.24653105850555,274.0,144.0
2024-02-03,25,2,baseline,2024-02-17,500.0,392.0,65.87262173732609,108.0,144.0
2024-02-03,25,3,ensemble,2024-02-24,438.0,188.0,172.50282932516214,250.0,82.0
2024-02-03,25,3,baseline,2024-02-24,438.0,392.0,29.12163490474035,46.0,82.0
2024-02-03,26,1,ensemble,2024-02-10,590.0,306.5,191.94791979359223,283.5,248.0
2024-02-03,26,1,baseline,2024-02-10,590.0,388.0,143.365256636349,202.0,248.0
2024-02-03,26,2,ensemble,2024-02-17,671.0,258.5,282.38493842412464,412.5,329.0
2024-02-03,26,2,baseline,2024-02-17,671.0,388.0,197.22342806836764,283.0,329.0
2024-02-03,26,3,ensemble,2024-02-24,841.0,227.80563612667373,461.32550314613354,613.1943638733262,499.0
2024-02-03,26,3,baseline,2024-02-24,841.0,388.0,336.35695513898594,453.0,499.0
2024-02-03,27,1,ensemble,2024-02-10,164.0,110.5,28.010759488434243,53.5,20.0
2024-02-03,27,1,baseline,2024-02-10,164.0,138.0,16.411101518406486,26.0,20.0
2024-02-03,27,2,ensemble,2024-02-17,173.0,89.0,48.10088181764246,84.0,29.0
2024-02-03,27,2,baseline,2024-02-17,173.0,138.0,21.25126894492858,35.0,29.0
2024-02-03,27,3,ensemble,2024-02-24,159.0,79.0,48.49071026124815,80.0,15.0
2024-02-03,27,3,baseline,2024-02-24,159.0,138.0,13.51146464168989,21.0,15.0
2024-02-03,28,1,ensemble,2024-02-10,89.0,102.0,10.848405686297353,13.0,75.0
2024-02-03,28,1,baseline,2024-02-10,89.0,151.0,41.46808343218214,62.0,75.0
2024-02-03,28,2,ensemble,2024-02-17,97.0,78.77277374267578,12.65994776923548,18.22722625732422,67.0
2024-02-03,28,2,baseline,2024-02-17,97.0,151.0,33.29603874023523,54.0,67.0
2024-02-03,28,3,ensemble,2024-02-24,57.0,77.9153060913086,13.486522138702247,20.915306091308594,107.0
2024-02-03,28,3,baseline,2024-02-24,57.0,151.0,61.145173729019916,94.0,107.0
2024-02-03,29,1,ensemble,2024-02-10,344.0,195.75,92.14856777124082,148.25,72.0
2024-02-03,29,1,baseline,2024-02-10,344.0,267.0,51.20327222015698,77.0,72.0
2024-02-03,29,2,ensemble,2024-02-17,354.0,168.4888043742215,120.58095668728599,185.5111956257785,82.0
2024-02-03,29,2,baseline,2024-02-17,354.0,267.0,54.65510532968372,87.0,82.0
2024-02-03,29,3,ensemble,2024-02-24,454.0,141.2345,222.0651597837021,312.7655,182.0
2024-02-03,29,3,baseline,2024-02-24,454.0,267.0,123.72730811060283,187.0,182.0
2024-02-03,30,1,ensemble,2024-02-10,82.0,56.141,13.811844045618678,25.859,24.0
2024-02-03,30,1,baseline,2024-02-10,82.0,85.0,2.6105017794743173,3.0,24.0
2024-02-03,30,2,ensemble,2024-02-17,24.0,42.092,10.679656735960624,18.092,82.0
2024-02-03,30,2,baseline,2024-02-17,24.0,85.0,46.38709112447648,61.0,82.0
2024-02-03,30,3,ensemble,2024-02-24,22.0,30.37866296005931,7.064000447012671,8.378662960059309,84.0
2024-02-03,30,3,baseline,2024-02-24,22.0,85.0,45.952794081071254,63.0,84.0
2024-02-03,31,1,ensemble,2024-02-10,56.0,37.0,10.275013472758141,19.0,9.0
2024-02-03,31,1,baseline,2024-02-10,56.0,47.0,5.30870830240911,9.0,9.0
2024-02-03,31,2,ensemble,2024-02-17,56.0,34.36918774214064,12.161767458107345,21.63081225785936,9.0
2024-02-03,31,2,baseline,2024-02-17,56.0,47.0,5.481145626238869,9.0,9.0
2024-02-03,31,3,ensemble,2024-02-24,86.0,31.865,36.56798531835465,54.135000000000005,39.0
2024-02-03,31,3,baseline,2024-02-24,86.0,47.0,23.94352924524897,39.0,39.0
2024-02-03,32,1,ensemble,2024-02-10,35.0,37.26333665847778,4.7391110353735595,2.263336658477783,34.0
2024-02-03,32,1,baseline,2024-02-10,35.0,64.0,17.058794187702745,29.0,34.0
2024-02-03,32,2,ensemble,2024-02-17,51.0,28.89402198791504,10.44437780363491,22.10597801208496,18.0
2024-02-03,32,2,baseline,2024-02-17,51.0,64.0,9.024032554651631,13.0,18.0
2024-02-03,32,3,ensemble,2024-02-24,43.0,21.7532,9.088859165221578,21.2468,26.0
2024-02-03,32,3,baseline,2024-02-24,43.0,64.0,12.831640659189201,21.0,26.0
2024-02-03,33,1,ensemble,2024-02-10,45.0,17.0,17.800381165319333,28.0,21.0
2024-02-03,33,1,baseline,2024-02-10,45.0,24.0,13.755493101691886,21.0,21.0
2024-02-03,33,2,ensemble,2024-02-17,41.0,14.406,15.804690807802002,26.594,17.0
2024-02-03,33,2,baseline,2024-02-17,41.0,24.0,10.048225888606714,17.0,17.0
2024-02-03,33,3,ensemble,2024-02-24,33.0,12.905751734972,10.786837091429897,20.094248265028,9.0
2024-02-03,33,3,baseline,2024-02-24,33.0,24.0,5.235662695583478,9.0,9.0
2024-02-03,34,1,ensemble,2024-02-10,323.0,235.8,49.830845535919195,87.19999999999999,23.0
2024-02-03,34,1,baseline,2024-02-10,323.0,350.0,18.136904416239815,27.0,23.0
2024-02-03,34,2,ensemble,2024-02-17,370.0,186.46633974089235,116.87446788655244,183.53366025910765,24.0
2024-02-03,34,2,baseline,2024-02-17,370.0,350.0,18.407682299996925,20.0,24.0
2024-02-03,34,3,ensemble,2024-02-24,297.0,176.2,80.64796457603008,120.80000000000001,49.0
2024-02-03,34,3,baseline,2024-02-24,297.0,350.0,33.23603529954865,53.0,49.0
2024-02-03,35,1,ensemble,2024-02-10,78.0,67.89,8.654213309378413,10.11,26.0
2024-02-03,35,1,baseline,2024-02-10,78.0,105.0,16.336600900922054,27.0,26.0
2024-02-03,35,2,ensemble,2024-02-17,73.0,59.65707032342762,10.572713541813611,13.342929676572382,31.0
2024-02-03,35,2,baseline,2024-02-17,73.0,105.0,18.69631398498768,32.0,31.0
2024-02-03,35,3,ensemble,2024-02-24,60.0,57.73208414274516,10.079463717010862,2.2679158572548417,44.0
2024-02-03,35,3,baseline,2024-02-24,60.0,105.0,25.65648897919414,45.0,44.0
2024-02-03,36,1,ensemble,2024-02-10,703.0,639.0,53.97497192778915,64.0,220.0
2024-02-03,36,1,baseline,2024-02-10,703.0,880.0,109.7388404252521,177.0,220.0
2024-02-03,36,2,ensemble,2024-02-17,790.0,524.0,128.8261854259686,266.0,133.0
2024-02-03,36,2,baseline,2024-02-17,790.0,880.0,55.575387910009525,90.0,133.0
2024-02-03,36,3,ensemble,2024-02-24,798.0,442.05,182.8463761509886,355.95,125.0
2024-02-03,36,3,baseline,2024-02-24,798.0,880.0,54.90185094270509,82.0,125.0
2024-02-03,37,1,ensemble,2024-02-10,174.0,188.0,22.0069108459337,14.0,134.0
2024-02-03,37,1,baseline,2024-02-10,174.0,308.0,89.58114514169056,134.0,134.0
2024-02-03,37,2,ensemble,2024-02-17,179.0,150.67,28.27570600509514,28.330000000000013,129.0
2024-02-03,37,2,baseline,2024-02-17,179.0,308.0,79.70690204502047,129.0,129.0
2024-02-03,37,3,ensemble,2024-02-24,160.0,120.67,32.15273340379681,39.33,148.0
2024-02-03,37,3,baseline,2024-02-24,160.0,308.0,89.2287224922684,148.0,148.0
2024-02-03,38,1,ensemble,2024-02-10,31.0,32.0,2.6187084834729535,1.0,17.0
2024-02-03,38,1,baseline,2024-02-10,31.0,42.0,6.7709892337619015,11.0,17.0
2024-02-03,38,2,ensemble,2024-02-17,29.0,27.77830991685823,3.040791985758629,1.2216900831417696,19.0
2024-02-03,38,2,baseline,2024-02-17,29.0,42.0,7.657220025243731,13.0,19.0
2024-02-03,38,3,ensemble,2024-02-24,25.0,27.489756199192463,3.5741644654331584,2.4897561991924633,23.0
2024-02-03,38,3,baseline,2024-02-24,25.0,42.0,9.972008199038516,17.0,23.0
2024-02-03,39,1,ensemble,2024-02-10,608.0,369.00000000000006,143.51769604198924,238.99999999999994,18.0
2024-02-03,39,1,baseline,2024-02-10,608.0,513.0,63.09912307546988,95.0,18.0
2024-02-03,39,2,ensemble,2024-02-17,610.0,326.4,172.67411675093777,283.6,20.0
2024-02-03,39,2,baseline,2024-02-17,610.0,513.0,59.84808043971743,97.0,20.0
2024-02-03,39,3,ensemble,2024-02-24,662.0,288.0,241.96600570749484,374.0,72.0
2024-02-03,39,3,baseline,2024-02-24,662.0,513.0,91.90854107062812,149.0,72.0
2024-02-03,40,1,ensemble,2024-02-10,469.0,348.0,61.868771961644185,121.0,123.0
2024-02-03,40,1,baseline,2024-02-10,469.0,346.0,85.61363431060397,123.0,123.0
2024-02-03,40,2,ensemble,2024-02-17,391.0,309.74753462728245,45.36225974159541,81.25246537271755,45.0
2024-02-03,40,2,baseline,2024-02-17,391.0,346.0,26.722199804476315,45.0,45.0
2024-02-03,40,3,ensemble,2024-02-24,170.0,288.66304268341065,59.85912916345978,118.66304268341065,176.0
2024-02-03,40,3,baseline,2024-02-24,170.0,346.0,115.89916218412182,176.0,176.0
2024-02-03,41,1,ensemble,2024-02-10,87.0,69.47,10.127879953091746,17.53,11.0
2024-02-03,41,1,baseline,2024-02-10,87.0,96.0,6.917718914080448,9.0,11.0
2024-02-03,41,2,ensemble,2024-02-17,65.0,60.0,8.396767791789072,5.0,33.0
2024-02-03,41,2,baseline,2024-02-17,65.0,96.0,19.568013024695468,31.0,33.0
2024-02-03,41,3,ensemble,2024-02-24,89.0,51.0,20.61338082134293,38.0,9.0
2024-02-03,41,3,baseline,2024-02-24,89.0,96.0,9.295738917193518,7.0,9.0
2024-02-03,42,1,ensemble,2024-02-10,430.0,287.55,72.83899580740952,142.45,21.0
2024-02-03,42,1,baseline,2024-02-10,430.0,409.0,18.544898407397124,21.0,21.0
2024-02-03,42,2,ensemble,2024-02-17,499.0,240.0,145.71483285476083,259.0,90.0
2024-02-03,42,2,baseline,2024-02-17,499.0,409.0,53.606913465221595,90.0,90.0
2024-02-03,42,3,ensemble,2024-02-24,500.0,186.0,194.13305647893395,314.0,91.0
2024-02-03,42,3,baseline,2024-02-24,500.0,409.0,54.63398645462542,91.0,91.0
2024-02-03,44,1,ensemble,2024-02-10,21.0,20.0,2.450282424365311,1.0,6.0
2024-02-03,44,1,baseline,2024-02-10,21.0,27.0,3.6744685326635875,6.0,6.0
2024-02-03,44,2,ensemble,2024-02-17,30.0,16.0,6.831481443656281,14.0,3.0
2024-02-03,44,2,baseline,2024-02-17,30.0,27.0,2.094548274287091,3.0,3.0
2024-02-03,44,3,ensemble,2024-02-24,35.0,13.8,11.906241190787501,21.2,8.0
2024-02-03,44,3,baseline,2024-02-24,35.0,27.0,4.613977578254041,8.0,8.0
2024-02-03,45,1,ensemble,2024-02-10,132.0,148.0,15.180691888582336,16.0,81.0
2024-02-03,45,1,baseline,2024-02-10,132.0,212.0,54.206624770747716,80.0,81.0
2024-02-03,45,2,ensemble,2024-02-17,130.0,125.0,17.533572217875275,5.0,83.0
2024-02-03,45,2,baseline,2024-02-17,130.0,212.0,51.94959415163718,82.0,83.0
2024-02-03,45,3,ensemble,2024-02-24,111.0,99.0,18.59313650966213,12.0,102.0
2024-02-03,45,3,baseline,2024-02-24,111.0,212.0,62.98691115952463,101.0,102.0
2024-02-03,46,1,ensemble,2024-02-10,18.0,20.189,2.7994998740283346,2.189,9.0
2024-02-03,46,1,baseline,2024-02-10,18.0,29.0,6.395778002866985,11.0,9.0
2024-02-03,46,2,ensemble,2024-02-17,26.0,18.0,4.582057270086354,8.0,1.0
2024-02-03,46,2,baseline,2024-02-17,26.0,29.0,2.763131496728013,3.0,1.0
2024-02-03,46,3,ensemble,2024-02-24,42.0,16.0,14.360240667970444,26.0,15.0
2024-02-03,46,3,baseline,2024-02-24,42.0,29.0,7.122748415136325,13.0,15.0
2024-02-03,47,1,ensemble,2024-02-10,197.0,187.0,15.503408119807835,10.0,83.0
2024-02-03,47,1,baseline,2024-02-10,197.0,279.0,53.03909993626024,82.0,83.0
2024-02-03,47,2,ensemble,2024-02-17,195.0,144.69091337573792,24.890935966442083,50.30908662426208,85.0
2024-02-03,47,2,baseline,2024-02-17,195.0,279.0,51.19288104659308,84.0,85.0
2024-02-03,47,3,ensemble,2024-02-24,203.0,117.17402921733716,45.044601569045476,85.82597078266284,77.0
2024-02-03,47,3,baseline,2024-02-24,203.0,279.0,44.19181651014337,76.0,77.0
2024-02-03,48,1,ensemble,2024-02-10,1176.0,1228.4947146510283,71.36409305491159,52.49471465102829,259.0
2024-02-03,48,1,baseline,2024-02-10,1176.0,1432.0,158.37101389276933,256.0,259.0
2024-02-03,48,2,ensemble,2024-02-17,892.0,1128.6482576769365,135.24586674164672,236.6482576769365,543.0
2024-02-03,48,2,baseline,2024-02-17,892.0,1432.0,373.0296831197878,540.0,543.0
2024-02-03,48,3,ensemble,2024-02-24,788.0,1030.5,136.0214847424754,242.5,647.0
2024-02-03,48,3,baseline,2024-02-24,788.0,1432.0,447.44439617604866,644.0,647.0
2024-02-03,49,1,ensemble,2024-02-10,16.0,25.257319658994675,4.883469254919614,9.257319658994675,22.0
2024-02-03,49,1,baseline,2024-02-10,16.0,32.0,9.78640988942498,16.0,22.0
2024-02-03,49,2,ensemble,2024-02-17,19.0,21.9,3.768643057990123,2.8999999999999986,19.0
2024-02-03,49,2,baseline,2024-02-17,19.0,32.0,7.326173681106376,13.0,19.0
2024-02-03,49,3,ensemble,2024-02-24,9.0,20.24,6.4504134692841175,11.239999999999998,29.0
2024-02-03,49,3,baseline,2024-02-24,9.0,32.0,13.49354153219793,23.0,29.0
2024-02-03,50,1,ensemble,2024-02-10,20.0,17.959,1.9669091547280768,2.0410000000000004,1.0
2024-02-03,50,1,baseline,2024-02-10,20.0,21.0,0.9880536209927316,1.0,1.0
2024-02-03,50,2,ensemble,2024-02-17,21.0,15.62,2.9282515966717058,5.380000000000001,0.0
2024-02-03,50,2,baseline,2024-02-17,21.0,21.0,1.192246684988588,0.0,0.0
2024-02-03,50,3,ensemble,2024-02-24,26.0,16.0,5.264340907103113,10.0,5.0
2024-02-03,50,3,baseline,2024-02-24,26.0,21.0,2.9592521774348186,5.0,5.0
2024-02-03,51,1,ensemble,2024-02-10,179.0,190.0,18.885186920785067,11.0,91.0
2024-02-03,51,1,baseline,2024-02-10,179.0,270.0,58.59282881996212,91.0,91.0
2024-02-03,51,2,ensemble,2024-02-17,202.0,168.0,25.321963001208573,34.0,68.0
2024-02-03,51,2,baseline,2024-02-17,202.0,270.0,40.10003288589407,68.0,68.0
2024-02-03,51,3,ensemble,2024-02-24,208.0,141.00000000000006,36.4315746873685,66.99999999999994,62.0
2024-02-03,51,3,baseline,2024-02-24,208.0,270.0,35.861067373652,62.0,62.0
2024-02-03,53,1,ensemble,2024-02-10,80.0,87.8,9.632088014941095,7.799999999999997,40.0
2024-02-03,53,1,baseline,2024-02-10,80.0,118.0,23.654528716308906,38.0,40.0
2024-02-03,53,2,ensemble,2024-02-17,73.0,76.10228924367138,9.946005479751433,3.102289243671379,47.0
2024-02-03,53,2,baseline,2024-02-17,73.0,118.0,26.985369007472677,45.0,47.0
2024-02-03,53,3,ensemble,2024-02-24,99.0,66.81999308310071,15.968202109883636,32.18000691689929,21.0
2024-02-03,53,3,baseline,2024-02-24,99.0,118.0,14.364745234604515,19.0,21.0
2024-02-03,54,1,ensemble,2024-02-10,131.0,102.6,15.660578254322507,28.400000000000006,5.0
2024-02-03,54,1,baseline,2024-02-10,131.0,136.0,4.347242288988109,5.0,5.0
2024-02-03,54,2,ensemble,2024-02-17,184.0,81.0,57.779331059522164,103.0,48.0
2024-02-03,54,2,baseline,2024-02-17,184.0,136.0,29.902167315064442,48.0,48.0
2024-02-03,54,3,ensemble,2024-02-24,163.0,71.0,51.244475999054096,92.0,27.0
2024-02-03,54,3,baseline,2024-02-24,163.0,136.0,15.614838814757716,27.0,27.0
2024-02-03,55,1,ensemble,2024-02-10,178.0,90.9,56.30409541399573,87.1,37.0
2024-02-03,55,1,baseline,2024-02-10,178.0,139.0,24.350419349823934,39.0,37.0
2024-02-03,55,2,ensemble,2024-02-17,209.0,74.1,92.37851720440226,134.9,68.0
2024-02-03,55,2,baseline,2024-02-17,209.0,139.0,43.9452057586228,70.0,68.0
2024-02-03,55,3,ensemble,2024-02-24,213.0,60.5,106.53551950287499,152.5,72.0
2024-02-03,55,3,baseline,2024-02-24,213.0,139.0,44.58188580329283,74.0,72.0
2024-02-03,56,1,ensemble,2024-02-10,33.0,24.0,5.031603483684147,9.0,7.0
2024-02-03,56,1,baseline,2024-02-10,33.0,40.0,4.426186704084433,7.0,7.0
2024-02-03,56,2,ensemble,2024-02-17,44.0,22.767,10.676497114820293,21.233,4.0
2024-02-03,56,2,baseline,2024-02-17,44.0,40.0,2.9922015828419153,4.0,4.0
2024-02-03,56,3,ensemble,2024-02-24,27.0,18.0,5.434635566320205,9.0,13.0
2024-02-03,56,3,baseline,2024-02-24,27.0,40.0,7.647149431342142,13.0,13.0
2024-02-10,01,1,ensemble,2024-02-17,122.0,73.45,26.638714929569712,48.55,19.0
2024-02-10,01,1,baseline,2024-02-17,122.0,103.0,11.53728488778366,19.0,19.0
2024-02-10,01,2,ensemble,2024-02-24,89.0,57.7,15.58647245755015,31.299999999999997,14.0
2024-02-10,01,2,baseline,2024-02-24,89.0,103.0,10.645895395475694,14.0,14.0
2024-02-10,01,3,ensemble,2024-03-02,85.0,52.5855,15.757913226684757,32.4145,18.0
2024-02-10,01,3,baseline,2024-03-02,85.0,103.0,13.404592066420669,18.0,18.0
2024-02-10,02,1,ensemble,2024-02-17,2.0,6.970622063793696,2.4945382858260556,4.970622063793696,6.0
2024-02-10,02,1,baseline,2024-02-17,2.0,7.0,2.8595657334616833,5.0,6.0
2024-02-10,02,2,ensemble,2024-02-24,4.0,6.326826002918095,1.4854645988253268,2.3268260029180947,4.0
2024-02-10,02,2,baseline,2024-02-24,4.0,7.0,2.08880590405904,3.0,4.0
2024-02-10,02,3,ensemble,2024-03-02,11.0,6.491509446716309,2.5128067003681887,4.508490553283691,3.0
2024-02-10,02,3,baseline,2024-03-02,11.0,7.0,2.57164290692907,4.0,3.0
2024-02-10,04,1,ensemble,2024-02-17,204.0,248.80175000000003,31.051731570659765,44.80175000000003,156.0
2024-02-10,04,1,baseline,2024-02-17,204.0,363.0,102.13864145408847,159.0,156.0
2024-02-10,04,2,ensemble,2024-02-24,204.0,198.21175,26.904884833127703,5.788250000000005,156.0
2024-02-10,04,2,baseline,2024-02-24,204.0,363.0,96.41567340053837,159.0,156.0
2024-02-10,04,3,ensemble,2024-03-02,182.0,167.57675,30.724250091408205,14.423249999999996,178.0
2024-02-10,04,3,baseline,2024-03-02,182.0,363.0,104.83171320213201,181.0,178.0
2024-02-10,05,1,ensemble,2024-02-17,258.0,189.9625,36.25596984141654,68.0375,13.0
2024-02-10,05,1,baseline,2024-02-17,258.0,249.0,6.688068431466922,9.0,13.0
2024-02-10,05,2,ensemble,2024-02-24,275.0,161.42448501628564,63.76175881486509,113.57551498371436,30.0
2024-02-10,05,2,baseline,2024-02-24,275.0,249.0,15.173049514234275,26.0,30.0
2024-02-10,05,3,ensemble,2024-03-02,278.0,136.41294768229176,75.8599858774806,141.58705231770824,33.0
2024-02-10,05,3,baseline,2024-03-02,278.0,249.0,16.964998932206715,29.0,33.0
2024-02-10,06,1,ensemble,2024-02-17,328.0,380.7544822692871,48.92596936627041,52.75448226928711,189.0
2024-02-10,06,1,baseline,2024-02-17,328.0,517.0,117.4327401536624,189.0,189.0
2024-02-10,06,2,ensemble,2024-02-24,300.0,339.60000000000014,54.74259089080721,39.600000000000136,217.0
2024-02-10,06,2,baseline,2024-02-24,300.0,517.0,129.1090152708701,217.0,217.0
2024-02-10,06,3,ensemble,2024-03-02,269.0,316.5020071816873,59.380098083648,47.502007181687304,248.0
2024-02-10,06,3,baseline,2024-03-02,269.0,517.0,143.98825597001624,248.0,248.0
2024-02-10,08,1,ensemble,2024-02-17,137.0,143.09540578011956,11.086613911105738,6.095405780119563,59.0
2024-02-10,08,1,baseline,2024-02-17,137.0,198.0,37.58781920067027,61.0,59.0
2024-02-10,08,2,ensemble,2024-02-24,129.0,127.93490312165892,13.290354633114513,1.0650968783410804,67.0
2024-02-10,08,2,baseline,2024-02-24,129.0,198.0,40.52825246091592,69.0,67.0
2024-02-10,08,3,ensemble,2024-03-02,93.0,114.6,16.635728477495675,21.599999999999994,103.0
2024-02-10,08,3,baseline,2024-03-02,93.0,198.0,64.80333345098667,105.0,103.0
2024-02-10,09,1,ensemble,2024-02-17,119.0,83.72399999999999,18.623509077748036,35.27600000000001,8.0
2024-02-10,09,1,baseline,2024-02-17,119.0,111.0,6.024517387739091,8.0,8.0
2024-02-10,09,2,ensemble,2024-02-24,173.0,76.35144018083297,62.13120981155333,96.64855981916703,62.0
2024-02-10,09,2,baseline,2024-02-24,173.0,111.0,39.0996291236608,62.0,62.0
2024-02-10,09,3,ensemble,2024-03-02,213.0,62.733568966309846,106.7659990573968,150.26643103369014,102.0
2024-02-10,09,3,baseline,2024-03-02,213.0,111.0,67.36319367880637,102.0,102.0
2024-02-10,10,1,ensemble,2024-02-17,36.0,17.0,12.061625722971574,19.0,11.0
2024-02-10,10,1,baseline,2024-02-17,36.0,23.0,8.292849823519973,13.0,11.0
2024-02-10,10,2,ensemble,2024-02-24,24.0,14.604072140232743,4.75924215857597,9.395927859767257,1.0
2024-02-10,10,2,baseline,2024-02-24,24.0,23.0,2.0227641540545833,1.0,1.0
2024-02-10,10,3,ensemble,2024-03-02,33.0,13.3,11.978377004150033,19.7,8.0
2024-02-10,10,3,baseline,2024-03-02,33.0,23.0,5.771711407918427,10.0,8.0
2024-02-10,11,1,ensemble,2024-02-17,19.0,17.0,2.237164549403375,2.0,1.0
2024-02-10,11,1,baseline,2024-02-17,19.0,23.0,2.392472424550332,4.0,1.0
2024-02-10,11,2,ensemble,2024-02-24,18.0,12.515,2.902834636376547,5.484999999999999,2.0
2024-02-10,11,2,baseline,2024-02-24,18.0,23.0,2.9988998368896738,5.0,2.0
2024-02-10,11,3,ensemble,2024-03-02,15.0,11.0,2.5666569112384403,4.0,5.0
2024-02-10,11,3,baseline,2024-03-02,15.0,23.0,4.492223256145606,8.0,5.0
2024-02-10,12,1,ensemble,2024-02-17,678.0,553.84820970736,68.92342797832002,124.15179029264004,33.0
2024-02-10,12,1,baseline,2024-02-17,678.0,689.0,22.10731095067474,11.0,33.0
2024-02-10,12,2,ensemble,2024-02-24,625.0,510.96,65.5426385494522,114.04000000000002,86.0
2024-02-10,12,2,baseline,2024-02-24,625.0,689.0,41.06976702853986,64.0,86.0
2024-02-10,12,3,ensemble,2024-03-02,538.0,436.9130346009027,60.24032440779678,101.08696539909732,173.0
2024-02-10,12,3,baseline,2024-03-02,538.0,689.0,82.09148237160633,151.0,173.0
2024-02-10,13,1,ensemble,2024-02-17,259.0,264.0,23.409387538088048,5.0,95.0
2024-02-10,13,1,baseline,2024-02-17,259.0,358.0,66.69866517371695,99.0,95.0
2024-02-10,13,2,ensemble,2024-02-24,188.0,239.0,33.73894090844242,51.0,166.0
2024-02-10,13,2,baseline,2024-02-24,188.0,358.0,115.40859316540995,170.0,166.0
2024-02-10,13,3,ensemble,2024-03-02,202.0,205.72,27.09651789796543,3.719999999999999,152.0
2024-02-10,13,3,baseline,2024-03-02,202.0,358.0,100.82867127832151,156.0,152.0
2024-02-10,15,1,ensemble,2024-02-17,10.0,8.885499999999999,1.6710466221734956,1.1145000000000014,5.0
2024-02-10,15,1,baseline,2024-02-17,10.0,4.0,3.2641281895645053,6.0,5.0
2024-02-10,15,2,ensemble,2024-02-24,14.0,7.1,3.127179419459474,6.9,9.0
2024-02-10,15,2,baseline,2024-02-24,14.0,4.0,5.465903531383144,10.0,9.0
2024-02-10,15,3,ensemble,2024-03-02,16.0,6.4,4.165760290310731,9.6,11.0
2024-02-10,15,3,baseline,2024-03-02,16.0,4.0,6.542994259942598,12.0,11.0
2024-02-10,16,1,ensemble,2024-02-17,59.0,50.175,6.812702184447542,8.825000000000003,12.0
2024-02-10,16,1,baseline,2024-02-17,59.0,71.0,7.566635636486799,12.0,12.0
2024-02-10,16,2,ensemble,2024-02-24,90.0,46.538,26.8329730446381,43.462,19.0
2024-02-10,16,2,baseline,2024-02-24,90.0,71.0,11.70084068577642,19.0,19.0
2024-02-10,16,3,ensemble,2024-03-02,61.0,44.63029593539287,10.89075189647606,16.369704064607127,10.0
2024-02-10,16,3,baseline,2024-03-02,61.0,71.0,7.713921884414495,10.0,10.0
2024-02-10,17,1,ensemble,2024-02-17,262.0,217.5925,24.780596786453028,44.4075,10.0
2024-02-10,17,1,baseline,2024-02-17,262.0,278.0,13.888524530723561,16.0,10.0
2024-02-10,17,2,ensemble,2024-02-24,299.0,209.89377877403857,47.94720719633055,89.10622122596143,27.0
2024-02-10,17,2,baseline,2024-02-24,299.0,278.0,19.266720314811845,21.0,27.0
2024-02-10,17,3,ensemble,2024-03-02,331.0,186.5,82.06567947384569,144.5,59.0
2024-02-10,17,3,baseline,2024-03-02,331.0,278.0,33.74029331871579,53.0,59.0
2024-02-10,18,1,ensemble,2024-02-17,349.0,324.1155,24.059274677032327,24.884500000000003,18.0
2024-02-10,18,1,baseline,2024-02-17,349.0,408.0,36.84606125817778,59.0,18.0
2024-02-10,18,2,ensemble,2024-02-24,346.0,279.34479169804086,37.600535449103184,66.65520830195914,21.0
2024-02-10,18,2,baseline,2024-02-24,346.0,408.0,36.99168650551723,62.0,21.0
2024-02-10,18,3,ensemble,2024-03-02,323.0,233.5,43.52174541329744,89.5,44.0
2024-02-10,18,3,baseline,2024-03-02,323.0,408.0,50.15669876463982,85.0,44.0
2024-02-10,19,1,ensemble,2024-02-17,124.0,86.92736587297549,20.98676999393095,37.072634127024514,17.0
2024-02-10,19,1,baseline,2024-02-17,124.0,105.0,12.14760498422376,19.0,17.0
2024-02-10,19,2,ensemble,2024-02-24,157.0,81.74845647100463,48.2399268075253,75.25154352899537,50.0
2024-02-10,19,2,baseline,2024-02-24,157.0,105.0,35.04671868014332,52.0,50.0
2024-02-10,19,3,ensemble,2024-03-02,180.0,79.27439729881006,68.67259220633733,100.72560270118994,73.0
2024-02-10,19,3,baseline,2024-03-02,180.0,105.0,50.24475361873183,75.0,73.0
2024-02-10,20,1,ensemble,2024-02-17,175.0,89.21571139453371,60.443571150513336,85.78428860546629,18.0
2024-02-10,20,1,baseline,2024-02-17,175.0,103.0,53.857748769987715,72.0,18.0
2024-02-10,20,2,ensemble,2024-02-24,86.0,85.9,6.900569878170886,0.09999999999999432,71.0
2024-02-10,20,2,baseline,2024-02-24,86.0,103.0,10.13646015740592,17.0,71.0
2024-02-10,20,3,ensemble,2024-03-02,88.0,84.24260938167573,8.950687109523741,3.7573906183242656,69.0
2024-02-10,20,3,baseline,2024-03-02,88.0,103.0,9.283494874948754,15.0,69.0
2024-02-10,21,1,ensemble,2024-02-17,282.0,171.0,66.71886911440902,111.0,56.0
2024-02-10,21,1,baseline,2024-02-17,282.0,224.0,36.117955348770884,58.0,56.0
2024-02-10,21,2,ensemble,2024-02-24,281.0,146.44239377975464,77.61936549684503,134.55760622024536,55.0
2024-02-10,21,2,baseline,2024-02-24,281.0,224.0,33.60252559762555,57.0,55.0
2024-02-10,21,3,ensemble,2024-03-02,297.0,125.00000000000004,100.0266070628541,171.99999999999994,71.0
2024-02-10,21,3,baseline,2024-03-02,297.0,224.0,42.32786300336917,73.0,71.0
2024-02-10,22,1,ensemble,2024-02-17,85.0,92.5,9.348729178815576,7.5,36.0
2024-02-10,22,1,baseline,2024-02-17,85.0,121.0,22.021907318573188,36.0,36.0
2024-02-10,22,2,ensemble,2024-02-24,95.0,84.09,11.403944268472124,10.909999999999997,26.0
2024-02-10,22,2,baseline,2024-02-24,95.0,121.0,15.2529950532114,26.0,26.0
2024-02-10,22,3,ensemble,2024-03-02,78.0,81.0,11.265878622633366,3.0,43.0
2024-02-10,22,3,baseline,2024-03-02,78.0,121.0,24.570750342264294,43.0,43.0
2024-02-10,23,1,ensemble,2024-02-17,86.0,59.561875,15.19280754144425,26.438125,21.0
2024-02-10,23,1,baseline,2024-02-17,86.0,65.0,13.432473617127476,21.0,21.0
2024-02-10,23,2,ensemble,2024-02-24,69.0,54.409,8.560104980292888,14.591000000000001,4.0
2024-02-10,23,2,baseline,2024-02-24,69.0,65.0,3.7859212729735976,4.0,4.0
2024-02-10,23,3,ensemble,2024-03-02,64.0,49.1905,8.691252926761033,14.8095,1.0
2024-02-10,23,3,baseline,2024-03-02,64.0,65.0,4.206022196374136,1.0,1.0
2024-02-10,24,1,ensemble,2024-02-17,123.0,76.0,28.43776201495633,47.0,10.0
2024-02-10,24,1,baseline,2024-02-17,123.0,110.0,8.703100395743089,13.0,10.0
2024-02-10,24,2,ensemble,2024-02-24,118.0,71.92756363725049,30.147979101069485,46.072436362749514,5.0
2024-02-10,24,2,baseline,2024-02-24,118.0,110.0,8.578064616646166,8.0,5.0
2024-02-10,24,3,ensemble,2024-03-02,176.0,49.091,84.43625987243875,126.90899999999999,63.0
2024-02-10,24,3,baseline,2024-03-02,176.0,110.0,37.85656471201668,66.0,63.0
2024-02-10,25,1,ensemble,2024-02-17,500.0,326.00000000000006,101.12630676046764,173.99999999999994,85.0
2024-02-10,25,1,baseline,2024-02-17,500.0,447.0,32.50494818796013,53.0,85.0
2024-02-10,25,2,ensemble,2024-02-24,438.0,276.0,81.7097906437548,162.0,23.0
2024-02-10,25,2,baseline,2024-02-24,438.0,447.0,14.12905236821934,9.0,23.0
2024-02-10,25,3,ensemble,2024-03-02,499.0,247.174,146.89470947272747,251.826,84.0
2024-02-10,25,3,baseline,2024-03-02,499.0,447.0,31.725585942207257,52.0,84.0
2024-02-10,26,1,ensemble,2024-02-17,671.0,393.5,179.02065383462516,277.5,250.0
2024-02-10,26,1,baseline,2024-02-17,671.0,477.0,136.13132690518208,194.0,250.0
2024-02-10,26,2,ensemble,2024-02-24,841.0,360.5,360.729042475564,480.5,420.0
2024-02-10,26,2,baseline,2024-02-24,841.0,477.0,266.0432827655668,364.0,420.0
2024-02-10,26,3,ensemble,2024-03-02,901.0,322.0299728588657,425.3033825639367,578.9700271411343,480.0
2024-02-10,26,3,baseline,2024-03-02,901.0,477.0,307.73828298215597,424.0,480.0
2024-02-10,27,1,ensemble,2024-02-17,173.0,119.50708922821562,25.76037655241958,53.49291077178438,23.0
2024-02-10,27,1,baseline,2024-02-17,173.0,150.0,14.395748532898375,23.0,23.0
2024-02-10,27,2,ensemble,2024-02-24,159.0,108.0,24.589149350726576,51.0,9.0
2024-02-10,27,2,baseline,2024-02-24,159.0,150.0,7.644647650498244,9.0,9.0
2024-02-10,27,3,ensemble,2024-03-02,182.0,100.0,44.05339511686271,82.0,32.0
2024-02-10,27,3,baseline,2024-03-02,182.0,150.0,19.06070870813056,32.0,32.0
2024-02-10,28,1,ensemble,2024-02-17,97.0,93.0,8.036216724543154,4.0,19.0
2024-02-10,28,1,baseline,2024-02-17,97.0,129.0,19.144534326256306,32.0,19.0
2024-02-10,28,2,ensemble,2024-02-24,57.0,82.89341525572254,12.950029547749232,25.893415255722545,59.0
2024-02-10,28,2,baseline,2024-02-24,57.0,129.0,46.48373303563471,72.0,59.0
2024-02-10,28,3,ensemble,2024-03-02,74.0,62.72111534288297,9.592150141390652,11.278884657117032,42.0
2024-02-10,28,3,baseline,2024-03-02,74.0,129.0,32.179143822307786,55.0,42.0
2024-02-10,29,1,ensemble,2024-02-17,354.0,237.34499506626943,61.83460520448465,116.65500493373057,51.0
2024-02-10,29,1,baseline,2024-02-17,354.0,303.0,32.54032104658003,51.0,51.0
2024-02-10,29,2,ensemble,2024-02-24,454.0,206.0552112158968,157.37894868589387,247.9447887841032,151.0
2024-02-10,29,2,baseline,2024-02-24,454.0,303.0,101.94638203290731,151.0,151.0
2024-02-10,29,3,ensemble,2024-03-02,444.0,182.44816204350684,167.61905591566682,261.55183795649316,141.0
2024-02-10,29,3,baseline,2024-03-02,444.0,303.0,89.83306501328056,141.0,141.0
2024-02-10,30,1,ensemble,2024-02-17,24.0,57.133658335393925,20.46804821104798,33.133658335393925,62.0
2024-02-10,30,1,baseline,2024-02-17,24.0,86.0,49.81888542346292,62.0,62.0
2024-02-10,30,2,ensemble,2024-02-24,22.0,47.46508805784186,14.055074682513526,25.46508805784186,64.0
2024-02-10,30,2,baseline,2024-02-24,22.0,86.0,48.84254098614898,64.0,64.0
2024-02-10,30,3,ensemble,2024-03-02,27.0,40.502755518577885,8.10607842730821,13.502755518577885,59.0
2024-02-10,30,3,baseline,2024-03-02,27.0,86.0,41.48439507549423,59.0,59.0
2024-02-10,31,1,ensemble,2024-02-17,56.0,42.0,7.686433146589084,14.0,9.0
2024-02-10,31,1,baseline,2024-02-17,56.0,47.0,5.3339240208923835,9.0,9.0
2024-02-10,31,2,ensemble,2024-02-24,86.0,38.474,31.37472702537478,47.526,39.0
2024-02-10,31,2,baseline,2024-02-24,86.0,47.0,25.009709065547174,39.0,39.0
2024-02-10,31,3,ensemble,2024-03-02,96.0,38.967,39.80504375586183,57.033,49.0
2024-02-10,31,3,baseline,2024-03-02,96.0,47.0,31.902551508102032,49.0,49.0
2024-02-10,32,1,ensemble,2024-02-17,51.0,42.0,6.48035787448719,9.0,7.0
2024-02-10,32,1,baseline,2024-02-17,51.0,59.0,6.115039659874861,8.0,7.0
2024-02-10,32,2,ensemble,2024-02-24,43.0,33.0,6.691793421917727,10.0,15.0
2024-02-10,32,2,baseline,2024-02-24,43.0,59.0,10.081012172665199,16.0,15.0
2024-02-10,32,3,ensemble,2024-03-02,49.0,30.5,10.815895141240071,18.5,9.0
2024-02-10,32,3,baseline,2024-03-02,49.0,59.0,9.356889265023085,10.0,9.0
2024-02-10,33,1,ensemble,2024-02-17,41.0,28.5,6.050610707622701,12.5,4.0
2024-02-10,33,1,baseline,2024-02-17,41.0,37.0,2.6632847933044546,4.0,4.0
2024-02-10,33,2,ensemble,2024-02-24,33.0,27.5,4.671765480490215,5.5,4.0
2024-02-10,33,2,baseline,2024-02-24,33.0,37.0,3.0833596832272674,4.0,4.0
2024-02-10,33,3,ensemble,2024-03-02,39.0,28.28069117665291,6.229382794156626,10.719308823347092,2.0
2024-02-10,33,3,baseline,2024-03-02,39.0,37.0,3.183983838707953,2.0,2.0
2024-02-10,34,1,ensemble,2024-02-17,370.0,223.52975,91.58134675651935,146.47025,39.0
2024-02-10,34,1,baseline,2024-02-17,370.0,328.0,26.1081829010464,42.0,39.0
2024-02-10,34,2,ensemble,2024-02-24,297.0,189.6078295153145,60.56290289193671,107.3921704846855,34.0
2024-02-10,34,2,baseline,2024-02-24,297.0,328.0,22.31464195589782,31.0,34.0
2024-02-10,34,3,ensemble,2024-03-02,343.0,160.053131889114,119.915776129352,182.946868110886,12.0
2024-02-10,34,3,baseline,2024-03-02,343.0,328.0,21.001030486478772,15.0,12.0
2024-02-10,35,1,ensemble,2024-02-17,73.0,48.1,12.668100829468381,24.9,4.0
2024-02-10,35,1,baseline,2024-02-17,73.0,70.0,4.977519221170472,3.0,4.0
2024-02-10,35,2,ensemble,2024-02-24,60.0,43.03,10.129260574127063,16.97,17.0
2024-02-10,35,2,baseline,2024-02-24,60.0,70.0,8.38779011444462,10.0,17.0
2024-02-10,35,3,ensemble,2024-03-02,61.0,34.3515,13.361933547235985,26.6485,16.0
2024-02-10,35,3,baseline,2024-03-02,61.0,70.0,9.685668649838671,9.0,16.0
2024-02-10,36,1,ensemble,2024-02-17,790.0,494.39515856194186,178.86856866793875,295.60484143805814,20.0
2024-02-10,36,1,baseline,2024-02-17,790.0,711.0,49.024772590334585,79.0,20.0
2024-02-10,36,2,ensemble,2024-02-24,798.0,423.2754538756237,232.56657637507266,374.7245461243763,28.0
2024-02-10,36,2,baseline,2024-02-24,798.0,711.0,54.095720073265966,87.0,28.0
2024-02-10,36,3,ensemble,2024-03-02,773.0,363.8835664962511,254.62150090428239,409.1164335037489,3.0
2024-02-10,36,3,baseline,2024-03-02,773.0,711.0,48.51566154696331,62.0,3.0
2024-02-10,37,1,ensemble,2024-02-17,179.0,185.925,20.246941696170953,6.925000000000011,76.0
2024-02-10,37,1,baseline,2024-02-17,179.0,255.0,47.43216872025242,76.0,76.0
2024-02-10,37,2,ensemble,2024-02-24,160.0,175.3924690909078,24.11823147723132,15.39246909090781,95.0
2024-02-10,37,2,baseline,2024-02-24,160.0,255.0,56.77198752517959,95.0,95.0
2024-02-10,37,3,ensemble,2024-03-02,160.0,167.95,25.34341551968632,7.949999999999989,95.0
2024-02-10,37,3,baseline,2024-03-02,160.0,255.0,55.11715979018484,95.0,95.0
2024-02-10,38,1,ensemble,2024-02-17,29.0,27.621,2.4404096360448237,1.3790000000000013,11.0
2024-02-10,38,1,baseline,2024-02-17,29.0,38.0,5.327751272795336,9.0,11.0
2024-02-10,38,2,ensemble,2024-02-24,25.0,25.385178519115136,2.6788757062283217,0.38517851911513645,15.0
2024-02-10,38,2,baseline,2024-02-24,25.0,38.0,7.6513221072428115,13.0,15.0
2024-02-10,38,3,ensemble,2024-03-02,22.0,22.950584543974404,2.8457038890951436,0.9505845439744043,18.0
2024-02-10,38,3,baseline,2024-03-02,22.0,38.0,9.287052556286431,16.0,18.0
2024-02-10,39,1,ensemble,2024-02-17,610.0,417.38744871353214,110.99944050151844,192.61255128646786,19.0
2024-02-10,39,1,baseline,2024-02-17,610.0,559.0,32.044732170169524,51.0,19.0
2024-02-10,39,2,ensemble,2024-02-24,662.0,368.73,187.8621120436207,293.27,71.0
2024-02-10,39,2,baseline,2024-02-24,662.0,559.0,63.20294471272974,103.0,71.0
2024-02-10,39,3,ensemble,2024-03-02,639.0,322.0,195.3876961437444,317.0,48.0
2024-02-10,39,3,baseline,2024-03-02,639.0,559.0,47.314087723051145,80.0,48.0
2024-02-10,40,1,ensemble,2024-02-17,391.0,379.827,25.21053758195101,11.173000000000002,30.0
2024-02-10,40,1,baseline,2024-02-17,391.0,412.0,13.655374978162824,21.0,30.0
2024-02-10,40,2,ensemble,2024-02-24,170.0,360.07500000000005,96.74339826526536,190.07500000000005,251.0
2024-02-10,40,2,baseline,2024-02-24,170.0,412.0,176.82955821701694,242.0,251.0
2024-02-10,40,3,ensemble,2024-03-02,179.0,323.845,71.84260850983783,144.84500000000003,242.0
2024-02-10,40,3,baseline,2024-03-02,179.0,412.0,160.95340578997101,233.0,242.0
2024-02-10,41,1,ensemble,2024-02-17,65.0,64.5,7.074007059133705,0.5,19.0
2024-02-10,41,1,baseline,2024-02-17,65.0,84.0,12.428489138456603,19.0,19.0
2024-02-10,41,2,ensemble,2024-02-24,89.0,57.35,16.37974178097136,31.65,5.0
2024-02-10,41,2,baseline,2024-02-24,89.0,84.0,6.7955664340339075,5.0,5.0
2024-02-10,41,3,ensemble,2024-03-02,76.0,54.7,12.327914064871669,21.299999999999997,8.0
2024-02-10,41,3,baseline,2024-03-02,76.0,84.0,9.504347297538192,8.0,8.0
2024-02-10,42,1,ensemble,2024-02-17,499.0,347.3533966494749,80.43648001752766,151.64660335052508,43.0
2024-02-10,42,1,baseline,2024-02-17,499.0,443.0,35.055526300871705,56.0,43.0
2024-02-10,42,2,ensemble,2024-02-24,500.0,315.2708843321735,95.70334167261537,184.72911566782648,44.0
2024-02-10,42,2,baseline,2024-02-24,500.0,443.0,36.63315522666097,57.0,44.0
2024-02-10,42,3,ensemble,2024-03-02,544.0,278.2502420642112,149.8446273166115,265.7497579357888,88.0
2024-02-10,42,3,baseline,2024-03-02,544.0,443.0,59.38774679127224,101.0,88.0
2024-02-10,44,1,ensemble,2024-02-17,30.0,13.414103623479605,10.085045126654219,16.585896376520395,13.0
2024-02-10,44,1,baseline,2024-02-17,30.0,17.0,8.59781765245913,13.0,13.0
2024-02-10,44,2,ensemble,2024-02-24,35.0,10.853649454593658,15.271504047480352,24.146350545406342,18.0
2024-02-10,44,2,baseline,2024-02-24,35.0,17.0,11.63706231705795,18.0,18.0
2024-02-10,44,3,ensemble,2024-03-02,27.0,9.852,9.393779579810575,17.148,10.0
2024-02-10,44,3,baseline,2024-03-02,27.0,17.0,5.6513091359609255,10.0,10.0
2024-02-10,45,1,ensemble,2024-02-17,130.0,122.00000000000004,12.827281298613853,7.999999999999957,45.0
2024-02-10,45,1,baseline,2024-02-17,130.0,175.0,28.370332304757834,45.0,45.0
2024-02-10,45,2,ensemble,2024-02-24,111.0,109.5325,13.581606908921811,1.4675000000000011,64.0
2024-02-10,45,2,baseline,2024-02-24,111.0,175.0,39.37960793447065,64.0,64.0
2024-02-10,45,3,ensemble,2024-03-02,107.0,93.431,15.620633970233088,13.569000000000003,68.0
2024-02-10,45,3,baseline,2024-03-02,107.0,175.0,40.15253617662265,68.0,68.0
2024-02-10,46,1,ensemble,2024-02-17,26.0,17.82914201263495,4.491212656459007,8.17085798736505,3.0
2024-02-10,46,1,baseline,2024-02-17,26.0,23.0,2.2500322361267098,3.0,3.0
2024-02-10,46,2,ensemble,2024-02-24,42.0,16.000000000000004,15.711191616624136,25.999999999999996,19.0
2024-02-10,46,2,baseline,2024-02-24,42.0,23.0,11.377928735048215,19.0,19.0
2024-02-10,46,3,ensemble,2024-03-02,46.0,15.0,19.939801610818236,31.0,23.0
2024-02-10,46,3,baseline,2024-03-02,46.0,23.0,13.677156784676544,23.0,23.0
2024-02-10,47,1,ensemble,2024-02-17,195.0,156.5,21.132336815741787,38.5,28.0
2024-02-10,47,1,baseline,2024-02-17,195.0,221.0,16.164127332121147,26.0,28.0
2024-02-10,47,2,ensemble,2024-02-24,203.0,126.0,39.15793047637512,77.0,20.0
2024-02-10,47,2,baseline,2024-02-24,203.0,221.0,14.8876232623848,18.0,20.0
2024-02-10,47,3,ensemble,2024-03-02,237.0,100.89366912841795,74.44560543932073,136.10633087158203,14.0
2024-02-10,47,3,baseline,2024-03-02,237.0,221.0,16.97400729807298,16.0,14.0
2024-02-10,48,1,ensemble,2024-02-17,892.0,1064.579,103.40558420686122,172.57899999999995,458.0
2024-02-10,48,1,baseline,2024-02-17,892.0,1346.0,319.06258375225053,454.0,458.0
2024-02-10,48,2,ensemble,2024-02-24,788.0,978.9995,111.21649293517022,190.9995,562.0
2024-02-10,48,2,baseline,2024-02-24,788.0,1346.0,389.61895211686897,558.0,562.0
2024-02-10,48,3,ensemble,2024-03-02,655.0,901.6049520582576,134.72739370230605,246.6049520582576,695.0
2024-02-10,48,3,baseline,2024-03-02,655.0,1346.0,491.6582599140774,691.0,695.0
2024-02-10,49,1,ensemble,2024-02-17,19.0,16.65339485120419,2.73585624908337,2.3466051487958097,9.0
2024-02-10,49,1,baseline,2024-02-17,19.0,23.0,2.6268322013654917,4.0,9.0
2024-02-10,49,2,ensemble,2024-02-24,9.0,15.05265986919403,3.8528479028102147,6.052659869194031,19.0
2024-02-10,49,2,baseline,2024-02-24,9.0,23.0,7.846850816442947,14.0,19.0
2024-02-10,49,3,ensemble,2024-03-02,17.0,14.273058414459229,3.061932747405298,2.7269415855407715,11.0
2024-02-10,49,3,baseline,2024-03-02,17.0,23.0,4.0855975016489285,6.0,11.0
2024-02-10,50,1,ensemble,2024-02-17,21.0,13.0,4.336173293246295,8.0,3.0
2024-02-10,50,1,baseline,2024-02-17,21.0,16.0,2.9777384414496315,5.0,3.0
2024-02-10,50,2,ensemble,2024-02-24,26.0,11.95,8.446966917931931,14.05,8.0
2024-02-10,50,2,baseline,2024-02-24,26.0,16.0,6.167665459828514,10.0,8.0
2024-02-10,50,3,ensemble,2024-03-02,30.0,11.0,12.054350670223213,19.0,12.0
2024-02-10,50,3,baseline,2024-03-02,30.0,16.0,8.666978514893843,14.0,12.0
2024-02-10,51,1,ensemble,2024-02-17,202.0,137.0,35.14727968586017,65.0,12.0
2024-02-10,51,1,baseline,2024-02-17,202.0,191.0,10.151868547337644,11.0,12.0
2024-02-10,51,2,ensemble,2024-02-24,208.0,124.90429754777652,42.74662798403758,83.09570245222348,18.0
2024-02-10,51,2,baseline,2024-02-24,208.0,191.0,14.928018439488737,17.0,18.0
2024-02-10,51,3,ensemble,2024-03-02,215.0,120.60645262726148,49.66894055045587,94.39354737273852,25.0
2024-02-10,51,3,baseline,2024-03-02,215.0,191.0,19.67518567124802,24.0,25.0
2024-02-10,53,1,ensemble,2024-02-17,73.0,76.49999999999999,8.702225753305358,3.499999999999986,32.0
2024-02-10,53,1,baseline,2024-02-17,73.0,105.0,19.69287532666631,32.0,32.0
2024-02-10,53,2,ensemble,2024-02-24,99.0,71.93,14.783890448194489,27.069999999999993,6.0
2024-02-10,53,2,baseline,2024-02-24,99.0,105.0,8.871122303331724,6.0,6.0
2024-02-10,53,3,ensemble,2024-03-02,76.0,66.36699999999999,10.447423869045638,9.63300000000001,29.0
2024-02-10,53,3,baseline,2024-03-02,76.0,105.0,18.226546917838743,29.0,29.0
2024-02-10,54,1,ensemble,2024-02-17,184.0,92.51007524757496,63.09000139017464,91.48992475242504,57.0
2024-02-10,54,1,baseline,2024-02-17,184.0,127.0,39.16003623634061,57.0,57.0
2024-02-10,54,2,ensemble,2024-02-24,163.0,78.37881619138302,53.80492133369846,84.62118380861698,36.0
2024-02-10,54,2,baseline,2024-02-24,163.0,127.0,21.596225332905508,36.0,36.0
2024-02-10,54,3,ensemble,2024-03-02,181.0,67.63652250856066,75.77579335498395,113.36347749143934,54.0
2024-02-10,54,3,baseline,2024-03-02,181.0,127.0,32.684256807850694,54.0,54.0
2024-02-10,55,1,ensemble,2024-02-17,209.0,138.7355,35.56622579407455,70.2645,34.0
2024-02-10,55,1,baseline,2024-02-17,209.0,175.0,20.954434705064443,34.0,34.0
2024-02-10,55,2,ensemble,2024-02-24,213.0,127.0,44.1813609411462,86.0,38.0
2024-02-10,55,2,baseline,2024-02-24,213.0,175.0,22.53524570476139,38.0,38.0
2024-02-10,55,3,ensemble,2024-03-02,200.0,111.97477152015676,44.84584051384639,88.02522847984324,25.0
2024-02-10,55,3,baseline,2024-03-02,200.0,175.0,16.170911637877246,25.0,25.0
2024-02-10,56,1,ensemble,2024-02-17,44.0,26.8975,8.48569858227105,17.1025,4.0
2024-02-10,56,1,baseline,2024-02-17,44.0,40.0,2.6372636326363263,4.0,4.0
2024-02-10,56,2,ensemble,2024-02-24,27.0,23.644,3.594235641766846,3.3560000000000016,13.0
2024-02-10,56,2,baseline,2024-02-24,27.0,40.0,7.88009106993244,13.0,13.0
2024-02-10,56,3,ensemble,2024-03-02,25.0,21.56038258335985,3.6636536331614864,3.43961741664015,15.0
2024-02-10,56,3,baseline,2024-03-02,25.0,40.0,8.772218156051125,15.0,15.0
2024-02-17,01,1,ensemble,2024-02-24,89.0,87.2,7.82198527111624,1.7999999999999972,23.0
2024-02-17,01,1,baseline,2024-02-24,89.0,111.0,13.252798399549215,22.0,23.0
2024-02-17,01,2,ensemble,2024-03-02,85.0,75.0,10.24931404596468,10.0,27.0
2024-02-17,01,2,baseline,2024-03-02,85.0,111.0,15.629124338786868,26.0,27.0
2024-02-17,01,3,ensemble,2024-03-09,78.0,77.03,10.869848453315466,0.9699999999999989,34.0
2024-02-17,01,3,baseline,2024-03-09,78.0,111.0,19.416170164114693,33.0,34.0
2024-02-17,02,1,ensemble,2024-02-24,4.0,10.0,3.282702161568087,6.0,7.0
2024-02-17,02,1,baseline,2024-02-24,4.0,11.0,4.058922144525794,7.0,7.0
2024-02-17,02,2,ensemble,2024-03-02,11.0,10.000000000000004,1.6851650819322257,0.9999999999999964,0.0
2024-02-17,02,2,baseline,2024-03-02,11.0,11.0,1.7580616365294088,0.0,0.0
2024-02-17,02,3,ensemble,2024-03-09,5.0,10.0,2.8876317619621217,5.0,6.0
2024-02-17,02,3,baseline,2024-03-09,5.0,11.0,3.452999790454426,6.0,6.0
2024-02-17,04,1,ensemble,2024-02-24,204.0,114.26515960505284,47.301268520531266,89.73484039494716,16.0
2024-02-17,04,1,baseline,2024-02-24,204.0,184.0,17.22786613207436,20.0,16.0
2024-02-17,04,2,ensemble,2024-03-02,182.0,99.65,44.34836352247744,82.35,6.0
2024-02-17,04,2,baseline,2024-03-02,182.0,184.0,19.63515680172019,2.0,6.0
2024-02-17,04,3,ensemble,2024-03-09,126.0,79.39999999999998,26.983890285818603,46.60000000000002,62.0
2024-02-17,04,3,baseline,2024-03-09,126.0,184.0,38.7317280603241,58.0,62.0
2024-02-17,05,1,ensemble,2024-02-24,275.0,212.725,30.05279775803002,62.275000000000006,17.0
2024-02-17,05,1,baseline,2024-02-24,275.0,276.0,5.145624029066382,1.0,17.0
2024-02-17,05,2,ensemble,2024-03-02,278.0,197.21,43.610404123338306,80.78999999999999,14.0
2024-02-17,05,2,baseline,2024-03-02,278.0,276.0,7.33636063536722,2.0,14.0
2024-02-17,05,3,ensemble,2024-03-09,247.0,155.0,43.42699599882982,92.0,45.0
2024-02-17,05,3,baseline,2024-03-09,247.0,276.0,16.86349918647013,29.0,45.0
2024-02-17,06,1,ensemble,2024-02-24,300.0,300.0,28.489319761279656,0.0,111.0
2024-02-17,06,1,baseline,2024-02-24,300.0,395.0,61.29968754876679,95.0,111.0
2024-02-17,06,2,ensemble,2024-03-02,269.0,256.0,34.802340244417955,13.0,142.0
2024-02-17,06,2,baseline,2024-03-02,269.0,395.0,79.89634726123349,126.0,142.0
2024-02-17,06,3,ensemble,2024-03-09,207.0,234.0,46.09132744257437,27.0,204.0
2024-02-17,06,3,baseline,2024-03-09,207.0,395.0,111.19304464044644,188.0,204.0
2024-02-17,08,1,ensemble,2024-02-24,129.0,154.0,15.373916339078479,25.0,67.0
2024-02-17,08,1,baseline,2024-02-24,129.0,194.0,40.63157079001225,65.0,67.0
2024-02-17,08,2,ensemble,2024-03-02,93.0,141.46,24.164932934312837,48.46000000000001,103.0
2024-02-17,08,2,baseline,2024-03-02,93.0,194.0,64.93737052294435,101.0,103.0
2024-02-17,08,3,ensemble,2024-03-09,81.0,132.63,27.084920149117146,51.629999999999995,115.0
2024-02-17,08,3,baseline,2024-03-09,81.0,194.0,71.44924302043022,113.0,115.0
2024-02-17,09,1,ensemble,2024-02-24,173.0,116.39999999999998,30.224763006041165,56.60000000000002,31.0
2024-02-17,09,1,baseline,2024-02-24,173.0,142.0,18.780671231603616,31.0,31.0
2024-02-17,09,2,ensemble,2024-03-02,213.0,106.15,69.91275450975265,106.85,71.0
2024-02-17,09,2,baseline,2024-03-02,213.0,142.0,45.65025593145062,71.0,71.0
2024-02-17,09,3,ensemble,2024-03-09,165.0,95.36581286739968,37.12137919371814,69.63418713260032,23.0
2024-02-17,09,3,baseline,2024-03-09,165.0,142.0,13.920475449515362,23.0,23.0
2024-02-17,10,1,ensemble,2024-02-24,24.0,17.653595411884996,3.409161741778372,6.3464045881150035,1.0
2024-02-17,10,1,baseline,2024-02-24,24.0,25.0,1.458799370580664,1.0,1.0
2024-02-17,10,2,ensemble,2024-03-02,33.0,17.278,9.382825539671414,15.722000000000001,8.0
2024-02-17,10,2,baseline,2024-03-02,33.0,25.0,4.751801305600012,8.0,8.0
2024-02-17,10,3,ensemble,2024-03-09,26.0,14.62,6.167818810800326,11.38,1.0
2024-02-17,10,3,baseline,2024-03-09,26.0,25.0,2.5780921658129623,1.0,1.0
2024-02-17,11,1,ensemble,2024-02-24,18.0,9.755333024440908,4.114490229967182,8.244666975559092,4.0
2024-02-17,11,1,baseline,2024-02-24,18.0,15.0,1.8879283976318022,3.0,4.0
2024-02-17,11,2,ensemble,2024-03-02,15.0,8.157433343495697,3.3558013764871446,6.842566656504303,1.0
2024-02-17,11,2,baseline,2024-03-02,15.0,15.0,1.5108614191576692,0.0,1.0
2024-02-17,11,3,ensemble,2024-03-09,36.0,7.051439824593297,18.470487774294412,28.948560175406705,22.0
2024-02-17,11,3,baseline,2024-03-09,36.0,15.0,13.136795560999088,21.0,22.0
2024-02-17,12,1,ensemble,2024-02-24,625.0,695.0,48.50062500986492,70.0,203.0
2024-02-17,12,1,baseline,2024-02-24,625.0,809.0,111.5201432593239,184.0,203.0
2024-02-17,12,2,ensemble,2024-03-02,538.0,669.0,74.9201077265985,131.0,290.0
2024-02-17,12,2,baseline,2024-03-02,538.0,809.0,168.28531309219616,271.0,290.0
2024-02-17,12,3,ensemble,2024-03-09,536.0,626.6800000000001,65.25203195223877,90.68000000000006,292.0
2024-02-17,12,3,baseline,2024-03-09,536.0,809.0,162.71292785156112,273.0,292.0
2024-02-17,13,1,ensemble,2024-02-24,188.0,232.15,28.305968700026153,44.150000000000006,120.0
2024-02-17,13,1,baseline,2024-02-24,188.0,299.0,75.16621893442846,111.0,120.0
2024-02-17,13,2,ensemble,2024-03-02,202.0,198.24,21.868270582530627,3.759999999999991,106.0
2024-02-17,13,2,baseline,2024-03-02,202.0,299.0,60.73079384530802,97.0,106.0
2024-02-17,13,3,ensemble,2024-03-09,156.0,160.7,22.986834260074346,4.699999999999989,152.0
2024-02-17,13,3,baseline,2024-03-09,156.0,299.0,90.74907049007446,143.0,152.0
2024-02-17,15,1,ensemble,2024-02-24,14.0,13.6,1.6909247298118946,0.40000000000000036,3.0
2024-02-17,15,1,baseline,2024-02-24,14.0,17.0,1.7957823023012829,3.0,3.0
2024-02-17,15,2,ensemble,2024-03-02,16.0,13.0,2.19750473961092,3.0,1.0
2024-02-17,15,2,baseline,2024-03-02,16.0,17.0,1.6242431292139015,1.0,1.0
2024-02-17,15,3,ensemble,2024-03-09,9.0,12.37,2.1631870363556165,3.369999999999999,8.0
2024-02-17,15,3,baseline,2024-03-09,9.0,17.0,4.379106002473068,8.0,8.0
2024-02-17,16,1,ensemble,2024-02-24,90.0,43.0,29.65904094611194,47.0,29.0
2024-02-17,16,1,baseline,2024-02-24,90.0,61.0,18.901804952593004,29.0,29.0
2024-02-17,16,2,ensemble,2024-03-02,61.0,38.25214454904389,11.966053334422517,22.74785545095611,0.0
2024-02-17,16,2,baseline,2024-03-02,61.0,61.0,4.220736295797741,0.0,0.0
2024-02-17,16,3,ensemble,2024-03-09,70.0,34.0,18.14173082929679,36.0,9.0
2024-02-17,16,3,baseline,2024-03-09,70.0,61.0,7.237726540678447,9.0,9.0
2024-02-17,17,1,ensemble,2024-02-24,299.0,209.0,49.286974609047085,90.0,49.0
2024-02-17,17,1,baseline,2024-02-24,299.0,251.0,29.82137509303353,48.0,49.0
2024-02-17,17,2,ensemble,2024-03-02,331.0,195.5,77.96996761394425,135.5,81.0
2024-02-17,17,2,baseline,2024-03-02,331.0,251.0,47.3881705188356,80.0,81.0
2024-02-17,17,3,ensemble,2024-03-09,269.0,179.9,46.56301788807241,89.1,19.0
2024-02-17,17,3,baseline,2024-03-09,269.0,251.0,22.084173795455346,18.0,19.0
2024-02-17,18,1,ensemble,2024-02-24,346.0,369.0,25.19686923765184,23.0,25.0
2024-02-17,18,1,baseline,2024-02-24,346.0,410.0,40.48448893301975,64.0,25.0
2024-02-17,18,2,ensemble,2024-03-02,323.0,327.545,25.830370593173306,4.545000000000016,48.0
2024-02-17,18,2,baseline,2024-03-02,323.0,410.0,53.437296540835,87.0,48.0
2024-02-17,18,3,ensemble,2024-03-09,338.0,299.75,34.13053826556101,38.25,33.0
2024-02-17,18,3,baseline,2024-03-09,338.0,410.0,41.969802198761116,72.0,33.0
2024-02-17,19,1,ensemble,2024-02-24,157.0,99.66830251334984,33.97603350835927,57.33169748665016,45.0
2024-02-17,19,1,baseline,2024-02-24,157.0,112.0,31.40302246539857,45.0,45.0
2024-02-17,19,2,ensemble,2024-03-02,180.0,96.62,53.75502628855748,83.38,68.0
2024-02-17,19,2,baseline,2024-03-02,180.0,112.0,46.83721809174613,68.0,68.0
2024-02-17,19,3,ensemble,2024-03-09,178.0,88.245,56.07718184945627,89.755,66.0
2024-02-17,19,3,baseline,2024-03-09,178.0,112.0,43.69500501128924,66.0,66.0
2024-02-17,20,1,ensemble,2024-02-24,86.0,161.56688567022013,44.63855498616531,75.56688567022013,89.0
2024-02-17,20,1,baseline,2024-02-24,86.0,175.0,67.90199677953302,89.0,89.0
2024-02-17,20,2,ensemble,2024-03-02,88.0,149.05746859312055,35.89908606350681,61.05746859312055,87.0
2024-02-17,20,2,baseline,2024-03-02,88.0,175.0,61.95826881449249,87.0,87.0
2024-02-17,20,3,ensemble,2024-03-09,92.0,143.9130834154136,28.322326595575465,51.91308341541361,83.0
2024-02-17,20,3,baseline,2024-03-09,92.0,175.0,55.95210781070854,83.0,83.0
2024-02-17,21,1,ensemble,2024-02-24,281.0,238.59916305541992,25.694360260678486,42.40083694458008,3.0
2024-02-17,21,1,baseline,2024-02-24,281.0,287.0,8.406025470254697,6.0,3.0
2024-02-17,21,2,ensemble,2024-03-02,297.0,224.535,38.52036289225469,72.465,13.0
2024-02-17,21,2,baseline,2024-03-02,297.0,287.0,12.454262661561398,10.0,13.0
2024-02-17,21,3,ensemble,2024-03-09,194.0,199.880625766806,22.87353409776536,5.880625766805991,90.0
2024-02-17,21,3,baseline,2024-03-09,194.0,287.0,55.05649012533604,93.0,90.0
2024-02-17,22,1,ensemble,2024-02-24,95.0,54.0,25.468146436792857,41.0,2.0
2024-02-17,22,1,baseline,2024-02-24,95.0,68.0,15.907672483203095,27.0,2.0
2024-02-17,22,2,ensemble,2024-03-02,78.0,47.73403930664063,16.844846068929694,30.265960693359368,19.0
2024-02-17,22,2,baseline,2024-03-02,78.0,68.0,8.399597861696014,10.0,19.0
2024-02-17,22,3,ensemble,2024-03-09,55.0,42.0,8.833054190333481,13.0,42.0
2024-02-17,22,3,baseline,2024-03-09,55.0,68.0,10.649466722167222,13.0,42.0
2024-02-17,23,1,ensemble,2024-02-24,69.0,73.5,6.0492272550209805,4.5,8.0
2024-02-17,23,1,baseline,2024-02-24,69.0,77.0,4.982254838917955,8.0,8.0
2024-02-17,23,2,ensemble,2024-03-02,64.0,64.75,6.883419047838265,0.75,13.0
2024-02-17,23,2,baseline,2024-03-02,64.0,77.0,7.840453460534605,13.0,13.0
2024-02-17,23,3,ensemble,2024-03-09,50.0,59.6225,8.006958368868045,9.622500000000002,27.0
2024-02-17,23,3,baseline,2024-03-09,50.0,77.0,15.931013957378703,27.0,27.0
2024-02-17,24,1,ensemble,2024-02-24,118.0,78.6,22.151826076632766,39.400000000000006,7.0
2024-02-17,24,1,baseline,2024-02-24,118.0,108.0,7.426313162827281,10.0,7.0
2024-02-17,24,2,ensemble,2024-03-02,176.0,75.97999999999999,69.12120548367217,100.02000000000001,65.0
2024-02-17,24,2,baseline,2024-03-02,176.0,108.0,41.190330194128016,68.0,65.0
2024-02-17,24,3,ensemble,2024-03-09,175.0,63.0,76.35457761785139,112.0,64.0
2024-02-17,24,3,baseline,2024-03-09,175.0,108.0,38.59642834284864,67.0,64.0
2024-02-17,25,1,ensemble,2024-02-24,438.0,322.0,58.927140599016745,116.0,59.0
2024-02-17,25,1,baseline,2024-02-24,438.0,432.0,9.400525378492913,6.0,59.0
2024-02-17,25,2,ensemble,2024-03-02,499.0,287.8500000000001,123.84957441033792,211.14999999999992,120.0
2024-02-17,25,2,baseline,2024-03-02,499.0,432.0,39.61687980673286,67.0,120.0
2024-02-17,25,3,ensemble,2024-03-09,367.0,290.605,45.57294927318686,76.39499999999998,12.0
2024-02-17,25,3,baseline,2024-03-09,367.0,432.0,38.021842555947295,65.0,12.0
2024-02-17,26,1,ensemble,2024-02-24,841.0,586.0,144.46909003726384,255.0,251.0
2024-02-17,26,1,baseline,2024-02-24,841.0,633.0,146.3196923464017,208.0,251.0
2024-02-17,26,2,ensemble,2024-03-02,901.0,572.0,198.65737312694696,329.0,311.0
2024-02-17,26,2,baseline,2024-03-02,901.0,633.0,182.76701204192483,268.0,311.0
2024-02-17,26,3,ensemble,2024-03-09,781.0,528.0,138.87273616978743,253.0,191.0
2024-02-17,26,3,baseline,2024-03-09,781.0,633.0,88.60694543597612,148.0,191.0
2024-02-17,27,1,ensemble,2024-02-24,159.0,148.61906945705414,11.364680274452121,10.380930542945862,5.0
2024-02-17,27,1,baseline,2024-02-24,159.0,164.0,4.878388472645595,5.0,5.0
2024-02-17,27,2,ensemble,2024-03-02,182.0,137.14999999999998,23.535232030991903,44.85000000000002,18.0
2024-02-17,27,2,baseline,2024-03-02,182.0,164.0,11.444455514511672,18.0,18.0
2024-02-17,27,3,ensemble,2024-03-09,174.0,120.28284535175854,26.684688609358954,53.71715464824146,10.0
2024-02-17,27,3,baseline,2024-03-09,174.0,164.0,9.316083103700603,10.0,10.0
2024-02-17,28,1,ensemble,2024-02-24,57.0,52.594617766042376,6.223012604220755,4.405382233957624,32.0
2024-02-17,28,1,baseline,2024-02-24,57.0,78.0,12.075201074532483,21.0,32.0
2024-02-17,28,2,ensemble,2024-03-02,74.0,44.037296295166016,15.613234452771847,29.962703704833984,15.0
2024-02-17,28,2,baseline,2024-03-02,74.0,78.0,6.9586471861022945,4.0,15.0
2024-02-17,28,3,ensemble,2024-03-09,63.0,40.0,12.279612067819404,23.0,26.0
2024-02-17,28,3,baseline,2024-03-09,63.0,78.0,10.648479734732131,15.0,26.0
2024-02-17,29,1,ensemble,2024-02-24,454.0,270.9049621650549,117.80331531418459,183.09503783494512,110.0
2024-02-17,29,1,baseline,2024-02-24,454.0,323.0,91.31690896545918,131.0,110.0
2024-02-17,29,2,ensemble,2024-03-02,444.0,239.88895473838835,122.14567732860581,204.11104526161165,100.0
2024-02-17,29,2,baseline,2024-03-02,444.0,323.0,79.97985298626898,121.0,100.0
2024-02-17,29,3,ensemble,2024-03-09,408.0,210.737059694574,114.3364797470331,197.262940305426,64.0
2024-02-17,29,3,baseline,2024-03-09,408.0,323.0,51.54890015554503,85.0,64.0
2024-02-17,30,1,ensemble,2024-02-24,22.0,51.607,17.88227913420968,29.607,60.0
2024-02-17,30,1,baseline,2024-02-24,22.0,80.0,45.82190190527992,58.0,60.0
2024-02-17,30,2,ensemble,2024-03-02,27.0,44.4,9.115898828198034,17.4,55.0
2024-02-17,30,2,baseline,2024-03-02,27.0,80.0,37.930902397154405,53.0,55.0
2024-02-17,30,3,ensemble,2024-03-09,28.0,45.8,7.273181800660813,17.799999999999997,54.0
2024-02-17,30,3,baseline,2024-03-09,28.0,80.0,35.12463388827367,52.0,54.0
2024-02-17,31,1,ensemble,2024-02-24,86.0,48.0,23.6201468652489,38.0,30.0
2024-02-17,31,1,baseline,2024-02-24,86.0,56.0,19.727078686221645,30.0,30.0
2024-02-17,31,2,ensemble,2024-03-02,96.0,46.11024284362793,32.07302350412981,49.88975715637207,40.0
2024-02-17,31,2,baseline,2024-03-02,96.0,56.0,25.91312947059905,40.0,40.0
2024-02-17,31,3,ensemble,2024-03-09,90.0,41.394299885258256,28.230283237508413,48.605700114741744,34.0
2024-02-17,31,3,baseline,2024-03-09,90.0,56.0,20.331713821399067,34.0,34.0
2024-02-17,32,1,ensemble,2024-02-24,43.0,25.48730188403744,9.979899550067131,17.51269811596256,8.0
2024-02-17,32,1,baseline,2024-02-24,43.0,34.0,6.209235976294548,9.0,8.0
2024-02-17,32,2,ensemble,2024-03-02,49.0,22.32,17.091528918333022,26.68,14.0
2024-02-17,32,2,baseline,2024-03-02,49.0,34.0,9.238738523515668,15.0,14.0
2024-02-17,32,3,ensemble,2024-03-09,43.0,20.08,13.940691766258194,22.92,8.0
2024-02-17,32,3,baseline,2024-03-09,43.0,34.0,8.578554835787488,9.0,8.0
2024-02-17,33,1,ensemble,2024-02-24,33.0,37.92943880718504,3.9826619431568533,4.9294388071850435,12.0
2024-02-17,33,1,baseline,2024-02-24,33.0,45.0,7.274106650283892,12.0,12.0
2024-02-17,33,2,ensemble,2024-03-02,39.0,36.0,4.575699523203873,3.0,6.0
2024-02-17,33,2,baseline,2024-03-02,39.0,45.0,3.818027420143766,6.0,6.0
2024-02-17,33,3,ensemble,2024-03-09,33.0,33.1,4.429277121827043,0.10000000000000142,12.0
2024-02-17,33,3,baseline,2024-03-09,33.0,45.0,6.7544590321772775,12.0,12.0
2024-02-17,34,1,ensemble,2024-02-24,297.0,259.6,24.6424010960521,37.39999999999998,26.0
2024-02-17,34,1,baseline,2024-02-24,297.0,325.0,18.55581048843097,28.0,26.0
2024-02-17,34,2,ensemble,2024-03-02,343.0,230.5,58.17787154685195,112.5,20.0
2024-02-17,34,2,baseline,2024-03-02,343.0,325.0,17.645264130923913,18.0,20.0
2024-02-17,34,3,ensemble,2024-03-09,272.0,220.00000000000009,35.34367069119023,51.999999999999915,51.0
2024-02-17,34,3,baseline,2024-03-09,272.0,325.0,33.0153654793722,53.0,51.0
2024-02-17,35,1,ensemble,2024-02-24,60.0,60.0,5.975554574123741,0.0,18.0
2024-02-17,35,1,baseline,2024-02-24,60.0,76.0,9.777134599867734,16.0,18.0
2024-02-17,35,2,ensemble,2024-03-02,61.0,54.0,7.731004335601503,7.0,17.0
2024-02-17,35,2,baseline,2024-03-02,61.0,76.0,10.130200256893874,15.0,17.0
2024-02-17,35,3,ensemble,2024-03-09,77.0,50.0,14.825014742312357,27.0,1.0
2024-02-17,35,3,baseline,2024-03-09,77.0,76.0,8.712645765653306,1.0,1.0
2024-02-17,36,1,ensemble,2024-02-24,798.0,619.3125,88.59497992794219,178.6875,95.0
2024-02-17,36,1,baseline,2024-02-24,798.0,773.0,23.65878886904087,25.0,95.0
2024-02-17,36,2,ensemble,2024-03-02,773.0,542.65,114.67540649864245,230.35000000000002,70.0
2024-02-17,36,2,baseline,2024-03-02,773.0,773.0,28.0954890099118,0.0,70.0
2024-02-17,36,3,ensemble,2024-03-09,596.0,498.625,71.27535400855822,97.375,107.0
2024-02-17,36,3,baseline,2024-03-09,596.0,773.0,99.14694780202153,177.0,107.0
2024-02-17,37,1,ensemble,2024-02-24,160.0,138.0,18.92174565152867,22.0,14.0
2024-02-17,37,1,baseline,2024-02-24,160.0,174.0,12.9488766637449,14.0,14.0
2024-02-17,37,2,ensemble,2024-03-02,160.0,130.2,22.561732787570236,29.80000000000001,14.0
2024-02-17,37,2,baseline,2024-03-02,160.0,174.0,16.761637565201735,14.0,14.0
2024-02-17,37,3,ensemble,2024-03-09,132.0,123.17,20.93549507806697,8.829999999999998,42.0
2024-02-17,37,3,baseline,2024-03-09,132.0,174.0,28.770968312443987,42.0,42.0
2024-02-17,38,1,ensemble,2024-02-24,25.0,23.0514319617774,2.3543957339835297,1.9485680382226,6.0
2024-02-17,38,1,baseline,2024-02-24,25.0,30.0,2.894763023717194,5.0,6.0
2024-02-17,38,2,ensemble,2024-03-02,22.0,20.43,2.7342977816434053,1.5700000000000003,9.0
2024-02-17,38,2,baseline,2024-03-02,22.0,30.0,4.538367905679057,8.0,9.0
2024-02-17,38,3,ensemble,2024-03-09,21.0,19.0,2.896556499835611,2.0,10.0
2024-02-17,38,3,baseline,2024-03-09,21.0,30.0,5.053446092982671,9.0,10.0
2024-02-17,39,1,ensemble,2024-02-24,662.0,500.5,93.59955479629069,161.5,54.0
2024-02-17,39,1,baseline,2024-02-24,662.0,606.0,35.529303688667326,56.0,54.0
2024-02-17,39,2,ensemble,2024-03-02,639.0,463.0375,95.6211088240315,175.96249999999998,31.0
2024-02-17,39,2,baseline,2024-03-02,639.0,606.0,22.225241408044514,33.0,31.0
2024-02-17,39,3,ensemble,2024-03-09,623.0,412.9453235481472,122.99444545056448,210.0546764518528,15.0
2024-02-17,39,3,baseline,2024-03-09,623.0,606.0,19.466383299354725,17.0,15.0
2024-02-17,40,1,ensemble,2024-02-24,170.0,423.3942928539325,160.16462890674518,253.39429285393248,299.0
2024-02-17,40,1,baseline,2024-02-24,170.0,470.0,243.30251268347465,300.0,299.0
2024-02-17,40,2,ensemble,2024-03-02,179.0,382.3375,113.9030581221977,203.33749999999998,290.0
2024-02-17,40,2,baseline,2024-03-02,179.0,470.0,221.3776000103697,291.0,290.0
2024-02-17,40,3,ensemble,2024-03-09,181.0,341.26965726642857,79.01693284745363,160.26965726642857,288.0
2024-02-17,40,3,baseline,2024-03-09,181.0,470.0,210.61230419423765,289.0,288.0
2024-02-17,41,1,ensemble,2024-02-24,89.0,72.4514744640796,9.359167913341935,16.548525535920405,2.0
2024-02-17,41,1,baseline,2024-02-24,89.0,89.0,4.030258098907078,0.0,2.0
2024-02-17,41,2,ensemble,2024-03-02,76.0,66.71000000000001,8.387131409205363,9.289999999999992,11.0
2024-02-17,41,2,baseline,2024-03-02,76.0,89.0,9.778313066956752,13.0,11.0
2024-02-17,41,3,ensemble,2024-03-09,79.0,63.1515,10.975278024180263,15.848500000000001,8.0
2024-02-17,41,3,baseline,2024-03-09,79.0,89.0,10.065571347430863,10.0,8.0
2024-02-17,42,1,ensemble,2024-02-24,500.0,357.8485,81.09843975734466,142.1515,70.0
2024-02-17,42,1,baseline,2024-02-24,500.0,426.0,45.25829399361384,74.0,70.0
2024-02-17,42,2,ensemble,2024-03-02,544.0,333.017387250039,123.47499154300147,210.982612749961,114.0
2024-02-17,42,2,baseline,2024-03-02,544.0,426.0,69.56298866732142,118.0,114.0
2024-02-17,42,3,ensemble,2024-03-09,511.0,282.398,119.55140731145295,228.60199999999998,81.0
2024-02-17,42,3,baseline,2024-03-09,511.0,426.0,51.57474277507992,85.0,81.0
2024-02-17,44,1,ensemble,2024-02-24,35.0,15.0,12.142036450579454,20.0,14.0
2024-02-17,44,1,baseline,2024-02-24,35.0,21.0,9.334631142463598,14.0,14.0
2024-02-17,44,2,ensemble,2024-03-02,27.0,14.388,6.630786173450363,12.612,6.0
2024-02-17,44,2,baseline,2024-03-02,27.0,21.0,3.4908123575148777,6.0,6.0
2024-02-17,44,3,ensemble,2024-03-09,24.0,13.000000000000004,5.207657429353794,10.999999999999996,3.0
2024-02-17,44,3,baseline,2024-03-09,24.0,21.0,2.353313394677425,3.0,3.0
2024-02-17,45,1,ensemble,2024-02-24,111.0,111.0,11.98443261924564,0.0,21.0
2024-02-17,45,1,baseline,2024-02-24,111.0,134.0,14.162388953563449,23.0,21.0
2024-02-17,45,2,ensemble,2024-03-02,107.0,98.9,13.785837124749998,8.099999999999994,25.0
2024-02-17,45,2,baseline,2024-03-02,107.0,134.0,16.693951025618947,27.0,25.0
2024-02-17,45,3,ensemble,2024-03-09,97.0,95.0,14.436099722530566,2.0,35.0
2024-02-17,45,3,baseline,2024-03-09,97.0,134.0,22.14110143257955,37.0,35.0
2024-02-17,46,1,ensemble,2024-02-24,42.0,15.0,18.1146430889821,27.0,24.0
2024-02-17,46,1,baseline,2024-02-24,42.0,18.0,16.116575114751154,24.0,24.0
2024-02-17,46,2,ensemble,2024-03-02,46.0,13.3,21.47042123992345,32.7,28.0
2024-02-17,46,2,baseline,2024-03-02,46.0,18.0,18.306656763371986,28.0,28.0
2024-02-17,46,3,ensemble,2024-03-09,37.0,11.791056632995604,15.631949445587718,25.208943367004395,19.0
2024-02-17,46,3,baseline,2024-03-09,37.0,18.0,10.70124974388874,19.0,19.0
2024-02-17,47,1,ensemble,2024-02-24,203.0,123.35,41.748806370936485,79.65,6.0
2024-02-17,47,1,baseline,2024-02-24,203.0,181.0,14.155943318802759,22.0,6.0
2024-02-17,47,2,ensemble,2024-03-02,237.0,111.0,73.47230293737455,126.0,40.0
2024-02-17,47,2,baseline,2024-03-02,237.0,181.0,32.87817212065599,56.0,40.0
2024-02-17,47,3,ensemble,2024-03-09,188.0,90.17932319641112,52.8824719609011,97.82067680358888,9.0
2024-02-17,47,3,baseline,2024-03-09,188.0,181.0,15.348697718281535,7.0,9.0
2024-02-17,48,1,ensemble,2024-02-24,788.0,960.002,98.04173990232917,172.00199999999995,388.0
2024-02-17,48,1,baseline,2024-02-24,788.0,1176.0,261.0257433708468,388.0,388.0
2024-02-17,48,2,ensemble,2024-03-02,655.0,906.0,128.83491190277718,251.0,521.0
2024-02-17,48,2,baseline,2024-03-02,655.0,1176.0,354.81875624351886,521.0,521.0
2024-02-17,48,3,ensemble,2024-03-09,487.0,817.625,166.17103917011295,330.625,689.0
2024-02-17,48,3,baseline,2024-03-09,487.0,1176.0,489.2194356648132,689.0,689.0
2024-02-17,49,1,ensemble,2024-02-24,9.0,11.3198793704663,2.140578274952659,2.3198793704662997,7.0
2024-02-17,49,1,baseline,2024-02-24,9.0,16.0,3.9168624019283667,7.0,7.0
2024-02-17,49,2,ensemble,2024-03-02,17.0,10.0,3.64538741497011,7.0,1.0
2024-02-17,49,2,baseline,2024-03-02,17.0,16.0,2.4380338272295767,1.0,1.0
2024-02-17,49,3,ensemble,2024-03-09,14.0,10.0,2.735125321992402,4.0,2.0
2024-02-17,49,3,baseline,2024-03-09,14.0,16.0,3.0987059727336415,2.0,2.0
2024-02-17,50,1,ensemble,2024-02-24,26.0,17.208412643522024,4.648731407626717,8.791587356477976,6.0
2024-02-17,50,1,baseline,2024-02-24,26.0,20.0,3.635765126607788,6.0,6.0
2024-02-17,50,2,ensemble,2024-03-02,30.0,15.93771369438113,8.472778401298394,14.06228630561887,10.0
2024-02-17,50,2,baseline,2024-03-02,30.0,20.0,6.196439339393396,10.0,10.0
2024-02-17,50,3,ensemble,2024-03-09,29.0,14.15,8.211116436633992,14.85,9.0
2024-02-17,50,3,baseline,2024-03-09,29.0,20.0,5.221790034552516,9.0,9.0
2024-02-17,51,1,ensemble,2024-02-24,208.0,142.5916781061007,40.7774197594261,65.40832189389931,29.0
2024-02-17,51,1,baseline,2024-02-24,208.0,180.0,17.476416205835964,28.0,29.0
2024-02-17,51,2,ensemble,2024-03-02,215.0,127.0,53.877971423523825,88.0,36.0
2024-02-17,51,2,baseline,2024-03-02,215.0,180.0,22.05807041533459,35.0,36.0
2024-02-17,51,3,ensemble,2024-03-09,201.0,104.9,54.232040787895635,96.1,22.0
2024-02-17,51,3,baseline,2024-03-09,201.0,180.0,18.654140047270037,21.0,22.0
2024-02-17,53,1,ensemble,2024-02-24,99.0,63.5,20.230811714557,35.5,19.0
2024-02-17,53,1,baseline,2024-02-24,99.0,80.0,11.567730723176789,19.0,19.0
2024-02-17,53,2,ensemble,2024-03-02,76.0,55.40473566781114,11.864346573247536,20.59526433218886,4.0
2024-02-17,53,2,baseline,2024-03-02,76.0,80.0,8.490653616470956,4.0,4.0
2024-02-17,53,3,ensemble,2024-03-09,56.0,56.3,8.49784616990782,0.29999999999999716,24.0
2024-02-17,53,3,baseline,2024-03-09,56.0,80.0,15.858856979374126,24.0,24.0
2024-02-17,54,1,ensemble,2024-02-24,163.0,99.5,35.664734293253375,63.5,32.0
2024-02-17,54,1,baseline,2024-02-24,163.0,131.0,20.079230668197987,32.0,32.0
2024-02-17,54,2,ensemble,2024-03-02,181.0,92.49617395244566,55.97401844839341,88.50382604755434,50.0
2024-02-17,54,2,baseline,2024-03-02,181.0,131.0,31.48933320994079,50.0,50.0
2024-02-17,54,3,ensemble,2024-03-09,143.0,74.0,36.279685994230924,69.0,12.0
2024-02-17,54,3,baseline,2024-03-09,143.0,131.0,8.668300072000726,12.0,12.0
2024-02-17,55,1,ensemble,2024-02-24,213.0,151.0,30.475052832034176,62.0,35.0
2024-02-17,55,1,baseline,2024-02-24,213.0,179.0,20.951341408827126,34.0,35.0
2024-02-17,55,2,ensemble,2024-03-02,200.0,147.0,29.107863145423735,53.0,22.0
2024-02-17,55,2,baseline,2024-03-02,200.0,179.0,13.485262471189925,21.0,22.0
2024-02-17,55,3,ensemble,2024-03-09,198.0,127.7,36.76247601361155,70.3,20.0
2024-02-17,55,3,baseline,2024-03-09,198.0,179.0,13.744266237336287,19.0,20.0
2024-02-17,56,1,ensemble,2024-02-24,27.0,21.7,3.332913683450831,5.300000000000001,6.0
2024-02-17,56,1,baseline,2024-02-24,27.0,31.0,2.633275736148666,4.0,6.0
2024-02-17,56,2,ensemble,2024-03-02,25.0,20.302734112032123,3.4042829136874677,4.697265887967877,8.0
2024-02-17,56,2,baseline,2024-03-02,25.0,31.0,3.824098893967201,6.0,8.0
2024-02-17,56,3,ensemble,2024-03-09,15.0,19.973,3.4379150284758793,4.972999999999999,18.0
2024-02-17,56,3,baseline,2024-03-09,15.0,31.0,9.26847447163602,16.0,18.0
2024-02-24,01,1,ensemble,2024-03-02,85.0,101.0,11.021547066500409,16.0,37.0
2024-02-24,01,1,baseline,2024-03-02,85.0,121.0,21.824593594001158,36.0,37.0
2024-02-24,01,2,ensemble,2024-03-09,78.0,92.0,11.785163004138685,14.0,44.0
2024-02-24,01,2,baseline,2024-03-09,78.0,121.0,24.897278754787557,43.0,44.0
2024-02-24,01,3,ensemble,2024-03-16,81.0,84.39,12.436133767733017,3.3900000000000006,41.0
2024-02-24,01,3,baseline,2024-03-16,81.0,121.0,22.78898772685553,40.0,41.0
2024-02-24,02,1,ensemble,2024-03-02,11.0,4.361901817698962,3.7283352963107323,6.638098182301038,9.0
2024-02-24,02,1,baseline,2024-03-02,11.0,2.0,4.853853116248554,9.0,9.0
2024-02-24,02,2,ensemble,2024-03-09,5.0,3.9280072420188255,1.221483724910459,1.0719927579811745,3.0
2024-02-24,02,2,baseline,2024-03-09,5.0,2.0,1.7242369848481118,3.0,3.0
2024-02-24,02,3,ensemble,2024-03-16,9.0,4.12854151888526,2.4766389309732584,4.87145848111474,7.0
2024-02-24,02,3,baseline,2024-03-16,9.0,2.0,3.378467285651118,7.0,7.0
2024-02-24,04,1,ensemble,2024-03-02,182.0,134.45,26.469434626626075,47.55000000000001,22.0
2024-02-24,04,1,baseline,2024-03-02,182.0,177.0,13.369005164595125,5.0,22.0
2024-02-24,04,2,ensemble,2024-03-09,126.0,136.38,22.64698586878813,10.379999999999995,78.0
2024-02-24,04,2,baseline,2024-03-09,126.0,177.0,33.18364469149038,51.0,78.0
2024-02-24,04,3,ensemble,2024-03-16,134.0,116.5704,25.434345894740684,17.429599999999994,70.0
2024-02-24,04,3,baseline,2024-03-16,134.0,177.0,32.85240243593741,43.0,70.0
2024-02-24,05,1,ensemble,2024-03-02,278.0,210.4,41.0182606137903,67.6,20.0
2024-02-24,05,1,baseline,2024-03-02,278.0,237.0,24.797917378934653,41.0,20.0
2024-02-24,05,2,ensemble,2024-03-09,247.0,167.77510104575526,37.97157511345686,79.22489895424474,11.0
2024-02-24,05,2,baseline,2024-03-09,247.0,237.0,8.827960782716525,10.0,11.0
2024-02-24,05,3,ensemble,2024-03-16,198.0,145.3,26.825852632556575,52.69999999999999,60.0
2024-02-24,05,3,baseline,2024-03-16,198.0,237.0,21.75838900030306,39.0,60.0
2024-02-24,06,1,ensemble,2024-03-02,269.0,256.56,27.78022655676145,12.439999999999998,59.0
2024-02-24,06,1,baseline,2024-03-02,269.0,327.0,42.74519944177704,58.0,59.0
2024-02-24,06,2,ensemble,2024-03-09,207.0,241.97,38.087432167070126,34.97,121.0
2024-02-24,06,2,baseline,2024-03-09,207.0,327.0,75.75734999941298,120.0,121.0
2024-02-24,06,3,ensemble,2024-03-16,189.0,258.728979218529,45.610559514053946,69.72897921852899,139.0
2024-02-24,06,3,baseline,2024-03-16,189.0,327.0,87.12712242118074,138.0,139.0
2024-02-24,08,1,ensemble,2024-03-02,93.0,112.87501312732697,12.744636703023401,19.875013127326966,44.0
2024-02-24,08,1,baseline,2024-03-02,93.0,138.0,26.224832353519183,45.0,44.0
2024-02-24,08,2,ensemble,2024-03-09,81.0,98.5609,13.297162851791176,17.560900000000004,56.0
2024-02-24,08,2,baseline,2024-03-09,81.0,138.0,32.36289832628762,57.0,56.0
2024-02-24,08,3,ensemble,2024-03-16,96.0,84.84506595801636,12.404299696564523,11.154934041983637,41.0
2024-02-24,08,3,baseline,2024-03-16,96.0,138.0,23.193725477254766,42.0,41.0
2024-02-24,09,1,ensemble,2024-03-02,213.0,108.11,71.9074593409223,104.89,94.0
2024-02-24,09,1,baseline,2024-03-02,213.0,119.0,68.05908365079304,94.0,94.0
2024-02-24,09,2,ensemble,2024-03-09,165.0,99.24,35.31310920623544,65.76,46.0
2024-02-24,09,2,baseline,2024-03-09,165.0,119.0,27.358275017163216,46.0,46.0
2024-02-24,09,3,ensemble,2024-03-16,100.0,90.225,13.646357540088307,9.775000000000006,19.0
2024-02-24,09,3,baseline,2024-03-16,100.0,119.0,12.257316358011408,19.0,19.0
2024-02-24,10,1,ensemble,2024-03-02,33.0,27.0869,3.7272239364498696,5.9131,3.0
2024-02-24,10,1,baseline,2024-03-02,33.0,36.0,2.190401339882964,3.0,3.0
2024-02-24,10,2,ensemble,2024-03-09,26.0,24.192625319898927,3.3342849151078355,1.8073746801010735,10.0
2024-02-24,10,2,baseline,2024-03-09,26.0,36.0,5.940419562695626,10.0,10.0
2024-02-24,10,3,ensemble,2024-03-16,18.0,23.05985,4.061283088029441,5.059850000000001,18.0
2024-02-24,10,3,baseline,2024-03-16,18.0,36.0,10.761937319416676,18.0,18.0
2024-02-24,11,1,ensemble,2024-03-02,15.0,15.567274516269803,1.9037327778806792,0.5672745162698032,4.0
2024-02-24,11,1,baseline,2024-03-02,15.0,19.0,2.3859251922084437,4.0,4.0
2024-02-24,11,2,ensemble,2024-03-09,36.0,14.422976371906348,13.062663662683248,21.577023628093652,17.0
2024-02-24,11,2,baseline,2024-03-09,36.0,19.0,10.822255929624506,17.0,17.0
2024-02-24,11,3,ensemble,2024-03-16,14.0,13.887754037147308,2.2771861377079285,0.1122459628526915,5.0
2024-02-24,11,3,baseline,2024-03-16,14.0,19.0,3.0907136046360457,5.0,5.0
2024-02-24,12,1,ensemble,2024-03-02,538.0,565.0,38.196418121987946,27.0,140.0
2024-02-24,12,1,baseline,2024-03-02,538.0,654.0,65.05749729284248,116.0,140.0
2024-02-24,12,2,ensemble,2024-03-09,536.0,519.3609392182892,44.4597925016906,16.639060781710782,142.0
2024-02-24,12,2,baseline,2024-03-09,536.0,654.0,64.6476562299101,118.0,142.0
2024-02-24,12,3,ensemble,2024-03-16,532.0,476.0,53.193749882771925,56.0,146.0
2024-02-24,12,3,baseline,2024-03-16,532.0,654.0,67.35386486625734,122.0,146.0
2024-02-24,13,1,ensemble,2024-03-02,202.0,170.905,21.83358556685605,31.095,57.0
2024-02-24,13,1,baseline,2024-03-02,202.0,225.0,14.74991440331795,23.0,57.0
2024-02-24,13,2,ensemble,2024-03-09,156.0,155.0,20.96046623586876,1.0,103.0
2024-02-24,13,2,baseline,2024-03-09,156.0,225.0,41.226372696618284,69.0,103.0
2024-02-24,13,3,ensemble,2024-03-16,106.0,132.625,25.67936645659663,26.625,153.0
2024-02-24,13,3,baseline,2024-03-16,106.0,225.0,72.24777952351263,119.0,153.0
2024-02-24,15,1,ensemble,2024-03-02,16.0,10.786505342665224,2.8094608455390135,5.213494657334776,6.0
2024-02-24,15,1,baseline,2024-03-02,16.0,10.0,3.348741703917041,6.0,6.0
2024-02-24,15,2,ensemble,2024-03-09,9.0,9.583938598632812,1.7527828625435513,0.5839385986328125,1.0
2024-02-24,15,2,baseline,2024-03-09,9.0,10.0,1.5781829961995266,1.0,1.0
2024-02-24,15,3,ensemble,2024-03-16,18.0,10.844609993852234,3.7399094778067146,7.1553900061477655,8.0
2024-02-24,15,3,baseline,2024-03-16,18.0,10.0,4.260754011605333,8.0,8.0
2024-02-24,16,1,ensemble,2024-03-02,61.0,48.5,7.0667829277043195,12.5,2.0
2024-02-24,16,1,baseline,2024-03-02,61.0,59.0,2.9925104222781367,2.0,2.0
2024-02-24,16,2,ensemble,2024-03-09,70.0,44.61216964525032,13.75539641843901,25.38783035474968,11.0
2024-02-24,16,2,baseline,2024-03-09,70.0,59.0,7.345779741080021,11.0,11.0
2024-02-24,16,3,ensemble,2024-03-16,68.0,39.18958051552124,14.858973296648257,28.810419484478757,9.0
2024-02-24,16,3,baseline,2024-03-16,68.0,59.0,7.182434771934674,9.0,9.0
2024-02-24,17,1,ensemble,2024-03-02,331.0,244.289,44.35482504397501,86.71100000000001,69.0
2024-02-24,17,1,baseline,2024-03-02,331.0,266.0,40.24626058754064,65.0,69.0
2024-02-24,17,2,ensemble,2024-03-09,269.0,228.05249999999995,29.10408261382573,40.94750000000005,7.0
2024-02-24,17,2,baseline,2024-03-09,269.0,266.0,15.523064242968516,3.0,7.0
2024-02-24,17,3,ensemble,2024-03-16,258.0,210.545,32.6994343275113,47.45500000000001,4.0
2024-02-24,17,3,baseline,2024-03-16,258.0,266.0,20.453924638137693,8.0,4.0
2024-02-24,18,1,ensemble,2024-03-02,323.0,312.75,20.924976981212286,10.25,26.0
2024-02-24,18,1,baseline,2024-03-02,323.0,369.0,28.29728653043053,46.0,26.0
2024-02-24,18,2,ensemble,2024-03-09,338.0,281.9444513886902,33.8688464505081,56.0555486113098,11.0
2024-02-24,18,2,baseline,2024-03-09,338.0,369.0,19.738247030513772,31.0,11.0
2024-02-24,18,3,ensemble,2024-03-16,255.0,255.1115449044635,25.17816277663318,0.11154490446349996,94.0
2024-02-24,18,3,baseline,2024-03-16,255.0,369.0,69.15540403747515,114.0,94.0
2024-02-24,19,1,ensemble,2024-03-02,180.0,116.79680259286928,38.13816277666869,63.203197407130716,56.0
2024-02-24,19,1,baseline,2024-03-02,180.0,124.0,40.1565774185133,56.0,56.0
2024-02-24,19,2,ensemble,2024-03-09,178.0,111.5,38.53812163869407,66.5,54.0
2024-02-24,19,2,baseline,2024-03-09,178.0,124.0,36.50990069409389,54.0,54.0
2024-02-24,19,3,ensemble,2024-03-16,115.0,103.05,11.55433210277739,11.950000000000003,9.0
2024-02-24,19,3,baseline,2024-03-16,115.0,124.0,7.023938839844921,9.0,9.0
2024-02-24,20,1,ensemble,2024-03-02,88.0,162.4181620213174,42.907460809258275,74.41816202131741,87.0
2024-02-24,20,1,baseline,2024-03-02,88.0,174.0,65.23132932983677,86.0,87.0
2024-02-24,20,2,ensemble,2024-03-09,92.0,146.4553466432108,31.70546396070425,54.45534664321079,83.0
2024-02-24,20,2,baseline,2024-03-09,92.0,174.0,57.99605413604136,82.0,83.0
2024-02-24,20,3,ensemble,2024-03-16,103.0,134.3835,18.52987922020002,31.383499999999998,72.0
2024-02-24,20,3,baseline,2024-03-16,103.0,174.0,46.630538440036574,71.0,72.0
2024-02-24,21,1,ensemble,2024-03-02,297.0,248.48979879437803,25.958412376544214,48.51020120562197,15.0
2024-02-24,21,1,baseline,2024-03-02,297.0,288.0,9.057463265545694,9.0,15.0
2024-02-24,21,2,ensemble,2024-03-09,194.0,227.71225691002175,24.33758525799613,33.71225691002175,88.0
2024-02-24,21,2,baseline,2024-03-09,194.0,288.0,58.102521335626406,94.0,88.0
2024-02-24,21,3,ensemble,2024-03-16,142.0,194.03335,33.25876380982011,52.03335000000001,140.0
2024-02-24,21,3,baseline,2024-03-16,142.0,288.0,92.57696682382044,146.0,140.0
2024-02-24,22,1,ensemble,2024-03-02,78.0,62.0,9.6479959042647,16.0,7.0
2024-02-24,22,1,baseline,2024-03-02,78.0,76.0,5.0584614508319,2.0,7.0
2024-02-24,22,2,ensemble,2024-03-09,55.0,58.95,7.31002160820366,3.950000000000003,30.0
2024-02-24,22,2,baseline,2024-03-09,55.0,76.0,12.515147342495165,21.0,30.0
2024-02-24,22,3,ensemble,2024-03-16,40.0,55.35,10.27848345400181,15.350000000000001,45.0
2024-02-24,22,3,baseline,2024-03-16,40.0,76.0,20.297921384148626,36.0,45.0
2024-02-24,23,1,ensemble,2024-03-02,64.0,81.38755,9.322461532932513,17.387550000000005,22.0
2024-02-24,23,1,baseline,2024-03-02,64.0,86.0,14.027518111137638,22.0,22.0
2024-02-24,23,2,ensemble,2024-03-09,50.0,74.8505,13.559999430849109,24.850499999999997,36.0
2024-02-24,23,2,baseline,2024-03-09,50.0,86.0,23.142762016750602,36.0,36.0
2024-02-24,23,3,ensemble,2024-03-16,33.0,64.014,17.37605388879635,31.013999999999996,53.0
2024-02-24,23,3,baseline,2024-03-16,33.0,86.0,34.66408592777233,53.0,53.0
2024-02-24,24,1,ensemble,2024-03-02,176.0,105.39,42.718258999356735,70.61,53.0
2024-02-24,24,1,baseline,2024-03-02,176.0,123.0,33.266562636843766,53.0,53.0
2024-02-24,24,2,ensemble,2024-03-09,175.0,94.86,43.95178710680715,80.14,52.0
2024-02-24,24,2,baseline,2024-03-09,175.0,123.0,30.610678671569328,52.0,52.0
2024-02-24,24,3,ensemble,2024-03-16,114.0,87.216,17.034943665864695,26.784000000000006,9.0
2024-02-24,24,3,baseline,2024-03-16,114.0,123.0,10.474269929373214,9.0,9.0
2024-02-24,25,1,ensemble,2024-03-02,499.0,424.3042007961554,43.16189950505302,74.69579920384462,1.0
2024-02-24,25,1,baseline,2024-03-02,499.0,512.0,12.092041101519708,13.0,1.0
2024-02-24,25,2,ensemble,2024-03-09,367.0,364.57855814026414,33.57928462347428,2.4214418597358645,133.0
2024-02-24,25,2,baseline,2024-03-09,367.0,512.0,90.73724380632933,145.0,133.0
2024-02-24,25,3,ensemble,2024-03-16,302.0,314.98900000000003,37.763312855122756,12.989000000000033,198.0
2024-02-24,25,3,baseline,2024-03-16,302.0,512.0,134.03295790668773,210.0,198.0
2024-02-24,26,1,ensemble,2024-03-02,901.0,678.325,133.5105111095173,222.67499999999995,230.0
2024-02-24,26,1,baseline,2024-03-02,901.0,751.0,99.90046522567401,150.0,230.0
2024-02-24,26,2,ensemble,2024-03-09,781.0,600.5885853274001,94.62103895787018,180.4114146725999,110.0
2024-02-24,26,2,baseline,2024-03-09,781.0,751.0,23.262305283204977,30.0,110.0
2024-02-24,26,3,ensemble,2024-03-16,537.0,538.7075,51.27889578050789,1.7074999999999818,134.0
2024-02-24,26,3,baseline,2024-03-16,537.0,751.0,134.10549031125095,214.0,134.0
2024-02-24,27,1,ensemble,2024-03-02,182.0,150.283,16.524782193714504,31.717000000000013,9.0
2024-02-24,27,1,baseline,2024-03-02,182.0,173.0,6.32183372581552,9.0,9.0
2024-02-24,27,2,ensemble,2024-03-09,174.0,137.0,19.486522047070338,37.0,1.0
2024-02-24,27,2,baseline,2024-03-09,174.0,173.0,6.021982890154985,1.0,1.0
2024-02-24,27,3,ensemble,2024-03-16,164.0,127.513686312887,19.334232779051362,36.486313687113,9.0
2024-02-24,27,3,baseline,2024-03-16,164.0,173.0,8.958813755485382,9.0,9.0
2024-02-24,28,1,ensemble,2024-03-02,74.0,62.82159290075923,7.744491711444678,11.178407099240772,23.0
2024-02-24,28,1,baseline,2024-03-02,74.0,78.0,5.230730883656661,4.0,23.0
2024-02-24,28,2,ensemble,2024-03-09,63.0,58.38753431355366,7.3675984801489935,4.612465686446342,34.0
2024-02-24,28,2,baseline,2024-03-09,63.0,78.0,9.651694074788573,15.0,34.0
2024-02-24,28,3,ensemble,2024-03-16,60.0,53.6683495272106,8.319074021186921,6.3316504727893985,37.0
2024-02-24,28,3,baseline,2024-03-16,60.0,78.0,11.50067832000059,18.0,37.0
2024-02-24,29,1,ensemble,2024-03-02,444.0,285.8420000000001,92.75157189201279,158.1579999999999,90.0
2024-02-24,29,1,baseline,2024-03-02,444.0,330.0,78.55279550838985,114.0,90.0
2024-02-24,29,2,ensemble,2024-03-09,408.0,270.66501100761445,79.65227184085352,137.33498899238555,54.0
2024-02-24,29,2,baseline,2024-03-09,408.0,330.0,48.753020278094056,78.0,54.0
2024-02-24,29,3,ensemble,2024-03-16,281.0,220.15,34.643975325893045,60.849999999999994,73.0
2024-02-24,29,3,baseline,2024-03-16,281.0,330.0,29.99878144146658,49.0,73.0
2024-02-24,30,1,ensemble,2024-03-02,27.0,17.039493254419156,4.970259592479593,9.960506745580844,3.0
2024-02-24,30,1,baseline,2024-03-02,27.0,22.0,3.4105254188194065,5.0,3.0
2024-02-24,30,2,ensemble,2024-03-09,28.0,14.04881984600702,7.211939576720611,13.95118015399298,4.0
2024-02-24,30,2,baseline,2024-03-09,28.0,22.0,4.306410676498068,6.0,4.0
2024-02-24,30,3,ensemble,2024-03-16,36.0,13.0,12.738732572945386,23.0,12.0
2024-02-24,30,3,baseline,2024-03-16,36.0,22.0,7.6976702857463355,14.0,12.0
2024-02-24,31,1,ensemble,2024-03-02,96.0,51.62797357896151,29.99239602390763,44.37202642103849,40.0
2024-02-24,31,1,baseline,2024-03-02,96.0,56.0,27.664666052182266,40.0,40.0
2024-02-24,31,2,ensemble,2024-03-09,90.0,46.121090430541,25.906271126805933,43.878909569459,34.0
2024-02-24,31,2,baseline,2024-03-09,90.0,56.0,21.395905860906435,34.0,34.0
2024-02-24,31,3,ensemble,2024-03-16,69.0,45.3057,12.886826289380844,23.6943,13.0
2024-02-24,31,3,baseline,2024-03-16,69.0,56.0,7.5221843784959574,13.0,13.0
2024-02-24,32,1,ensemble,2024-03-02,49.0,41.25354232208792,5.751198290124667,7.746457677912083,2.0
2024-02-24,32,1,baseline,2024-03-02,49.0,52.0,4.941212988390752,3.0,2.0
2024-02-24,32,2,ensemble,2024-03-09,43.0,39.73965,5.436638575622075,3.2603500000000025,8.0
2024-02-24,32,2,baseline,2024-03-09,43.0,52.0,7.721679817493829,9.0,8.0
2024-02-24,32,3,ensemble,2024-03-16,38.0,38.0,5.828334121292329,0.0,13.0
2024-02-24,32,3,baseline,2024-03-16,38.0,52.0,10.209783989513802,14.0,13.0
2024-02-24,33,1,ensemble,2024-03-02,39.0,37.0,3.5739467213763363,2.0,2.0
2024-02-24,33,1,baseline,2024-03-02,39.0,41.0,1.967156137322243,2.0,2.0
2024-02-24,33,2,ensemble,2024-03-09,33.0,35.0,4.126683696577568,2.0,8.0
2024-02-24,33,2,baseline,2024-03-09,33.0,41.0,4.713651532689238,8.0,8.0
2024-02-24,33,3,ensemble,2024-03-16,38.0,31.9059,4.922029897690913,6.094100000000001,3.0
2024-02-24,33,3,baseline,2024-03-16,38.0,41.0,3.345041613524831,3.0,3.0
2024-02-24,34,1,ensemble,2024-03-02,343.0,326.5,27.038113388304986,16.5,27.0
2024-02-24,34,1,baseline,2024-03-02,343.0,372.0,18.972307787034392,29.0,27.0
2024-02-24,34,2,ensemble,2024-03-09,272.0,305.2330794847796,32.08481321230604,33.23307948477958,98.0
2024-02-24,34,2,baseline,2024-03-09,272.0,372.0,58.74776990989476,100.0,98.0
2024-02-24,34,3,ensemble,2024-03-16,222.0,254.87038071076583,33.523236344089746,32.87038071076583,148.0
2024-02-24,34,3,baseline,2024-03-16,222.0,372.0,88.07762071138104,150.0,148.0
2024-02-24,35,1,ensemble,2024-03-02,61.0,60.244293818212704,5.896956475638948,0.7557061817872963,12.0
2024-02-24,35,1,baseline,2024-03-02,61.0,73.0,7.81824116162901,12.0,12.0
2024-02-24,35,2,ensemble,2024-03-09,77.0,54.337590379156055,12.651395792989792,22.662409620843945,4.0
2024-02-24,35,2,baseline,2024-03-09,77.0,73.0,6.988720065157168,4.0,4.0
2024-02-24,35,3,ensemble,2024-03-16,45.0,51.04,8.057417022570254,6.039999999999999,28.0
2024-02-24,35,3,baseline,2024-03-16,45.0,73.0,16.27249836050534,28.0,28.0
2024-02-24,36,1,ensemble,2024-03-02,773.0,669.175,62.974871960029894,103.82500000000005,17.0
2024-02-24,36,1,baseline,2024-03-02,773.0,786.0,20.991349122817308,13.0,17.0
2024-02-24,36,2,ensemble,2024-03-09,596.0,584.0,57.42152432207877,12.0,194.0
2024-02-24,36,2,baseline,2024-03-09,596.0,786.0,109.96453498015414,190.0,194.0
2024-02-24,36,3,ensemble,2024-03-16,414.0,532.6,77.5944783177098,118.60000000000002,376.0
2024-02-24,36,3,baseline,2024-03-16,414.0,786.0,232.5550473983653,372.0,376.0
2024-02-24,37,1,ensemble,2024-03-02,160.0,148.0,18.194789411373478,12.0,19.0
2024-02-24,37,1,baseline,2024-03-02,160.0,179.0,14.698990751516215,19.0,19.0
2024-02-24,37,2,ensemble,2024-03-09,132.0,136.0,20.945467892360185,4.0,47.0
2024-02-24,37,2,baseline,2024-03-09,132.0,179.0,29.13768839786223,47.0,47.0
2024-02-24,37,3,ensemble,2024-03-16,94.0,126.0,26.08022060571941,32.0,85.0
2024-02-24,37,3,baseline,2024-03-16,94.0,179.0,48.70263803709776,85.0,85.0
2024-02-24,38,1,ensemble,2024-03-02,22.0,23.69363186807429,2.2629166211624785,1.6936318680742914,7.0
2024-02-24,38,1,baseline,2024-03-02,22.0,28.0,3.4514961596572498,6.0,7.0
2024-02-24,38,2,ensemble,2024-03-09,21.0,20.582,2.494996151407487,0.41799999999999926,8.0
2024-02-24,38,2,baseline,2024-03-09,21.0,28.0,3.9783128763026765,7.0,8.0
2024-02-24,38,3,ensemble,2024-03-16,29.0,19.759,4.96740470766979,9.241,0.0
2024-02-24,38,3,baseline,2024-03-16,29.0,28.0,2.4286343968004904,1.0,0.0
2024-02-24,39,1,ensemble,2024-03-02,639.0,482.90365,93.00323270847653,156.09634999999997,29.0
2024-02-24,39,1,baseline,2024-03-02,639.0,570.0,43.95583683408573,69.0,29.0
2024-02-24,39,2,ensemble,2024-03-09,623.0,450.0825,105.69765171371436,172.91750000000002,13.0
2024-02-24,39,2,baseline,2024-03-09,623.0,570.0,32.407871052993144,53.0,13.0
2024-02-24,39,3,ensemble,2024-03-16,357.0,374.5,37.766831683967126,17.5,253.0
2024-02-24,39,3,baseline,2024-03-16,357.0,570.0,137.9418526507439,213.0,253.0
2024-02-24,40,1,ensemble,2024-03-02,179.0,309.4,74.934438389785,130.39999999999998,212.0
2024-02-24,40,1,baseline,2024-03-02,179.0,378.0,146.95614220570468,199.0,212.0
2024-02-24,40,2,ensemble,2024-03-09,181.0,263.0,46.11965878766445,82.0,210.0
2024-02-24,40,2,baseline,2024-03-09,181.0,378.0,137.04661358350538,197.0,210.0
2024-02-24,40,3,ensemble,2024-03-16,139.0,237.0,49.65459136882985,98.0,252.0
2024-02-24,40,3,baseline,2024-03-16,139.0,378.0,164.89654767934636,239.0,252.0
2024-02-24,41,1,ensemble,2024-03-02,76.0,53.90542515546071,11.239580994854222,22.094574844539288,11.0
2024-02-24,41,1,baseline,2024-03-02,76.0,65.0,7.668766709688836,11.0,11.0
2024-02-24,41,2,ensemble,2024-03-09,79.0,49.43830187088976,15.608696858917918,29.56169812911024,14.0
2024-02-24,41,2,baseline,2024-03-09,79.0,65.0,9.999252740157841,14.0,14.0
2024-02-24,41,3,ensemble,2024-03-16,68.0,45.463798394055765,11.959652584151293,22.536201605944235,3.0
2024-02-24,41,3,baseline,2024-03-16,68.0,65.0,8.21231920449639,3.0,3.0
2024-02-24,42,1,ensemble,2024-03-02,544.0,425.0,61.05321059015511,119.0,45.0
2024-02-24,42,1,baseline,2024-03-02,544.0,499.0,28.96309054886201,45.0,45.0
2024-02-24,42,2,ensemble,2024-03-09,511.0,390.0,64.70547150368203,121.0,12.0
2024-02-24,42,2,baseline,2024-03-09,511.0,499.0,22.128841152041954,12.0,12.0
2024-02-24,42,3,ensemble,2024-03-16,369.0,370.1522,43.941408572725344,1.1521999999999935,130.0
2024-02-24,42,3,baseline,2024-03-16,369.0,499.0,75.1228629349337,130.0,130.0
2024-02-24,44,1,ensemble,2024-03-02,27.0,24.0,2.770974776291921,3.0,3.0
2024-02-24,44,1,baseline,2024-03-02,27.0,30.0,1.9239924700116564,3.0,3.0
2024-02-24,44,2,ensemble,2024-03-09,24.0,22.0,2.9512931980095676,2.0,6.0
2024-02-24,44,2,baseline,2024-03-09,24.0,30.0,3.4982376236588455,6.0,6.0
2024-02-24,44,3,ensemble,2024-03-16,22.0,21.0,3.0801669708308226,1.0,8.0
2024-02-24,44,3,baseline,2024-03-16,22.0,30.0,4.547421769261173,8.0,8.0
2024-02-24,45,1,ensemble,2024-03-02,107.0,108.2,11.477927070300781,1.2000000000000028,23.0
2024-02-24,45,1,baseline,2024-03-02,107.0,130.0,14.152862401667495,23.0,23.0
2024-02-24,45,2,ensemble,2024-03-09,97.0,98.84620216239205,14.189054806317435,1.8462021623920464,33.0
2024-02-24,45,2,baseline,2024-03-09,97.0,130.0,19.880187486614005,33.0,33.0
2024-02-24,45,3,ensemble,2024-03-16,78.0,88.89325699439223,16.38537183567457,10.893256994392232,52.0
2024-02-24,45,3,baseline,2024-03-16,78.0,130.0,30.34008103741908,52.0,52.0
2024-02-24,46,1,ensemble,2024-03-02,46.0,22.0,15.269043202608694,24.0,20.0
2024-02-24,46,1,baseline,2024-03-02,46.0,26.0,12.857126719028061,20.0,20.0
2024-02-24,46,2,ensemble,2024-03-09,37.0,20.35,9.977837391304346,16.65,11.0
2024-02-24,46,2,baseline,2024-03-09,37.0,26.0,6.12755185225765,11.0,11.0
2024-02-24,46,3,ensemble,2024-03-16,43.0,19.33,14.02382398150172,23.67,17.0
2024-02-24,46,3,baseline,2024-03-16,43.0,26.0,9.5145058513846,17.0,17.0
2024-02-24,47,1,ensemble,2024-03-02,237.0,153.1678,47.00399752471951,83.8322,42.0
2024-02-24,47,1,baseline,2024-03-02,237.0,194.0,26.142867982310257,43.0,42.0
2024-02-24,47,2,ensemble,2024-03-09,188.0,140.5691,26.796123295749588,47.43090000000001,7.0
2024-02-24,47,2,baseline,2024-03-09,188.0,194.0,12.117036719693283,6.0,7.0
2024-02-24,47,3,ensemble,2024-03-16,132.0,123.90755387041013,17.319190497874455,8.092446129589874,63.0
2024-02-24,47,3,baseline,2024-03-16,132.0,194.0,35.904271653129584,62.0,63.0
2024-02-24,48,1,ensemble,2024-03-02,655.0,688.943466005568,50.84664978479069,33.943466005567984,237.0
2024-02-24,48,1,baseline,2024-03-02,655.0,892.0,142.1731175303492,237.0,237.0
2024-02-24,48,2,ensemble,2024-03-09,487.0,614.2566734787579,79.77378836822018,127.25667347875788,405.0
2024-02-24,48,2,baseline,2024-03-09,487.0,892.0,254.52003178564397,405.0,405.0
2024-02-24,48,3,ensemble,2024-03-16,462.0,507.8805328369141,64.37566872530297,45.880532836914085,430.0
2024-02-24,48,3,baseline,2024-03-16,462.0,892.0,262.2500624618202,430.0,430.0
2024-02-24,49,1,ensemble,2024-03-02,17.0,15.7,2.100769301987083,1.3000000000000007,2.0
2024-02-24,49,1,baseline,2024-03-02,17.0,19.0,2.086047154993289,2.0,2.0
2024-02-24,49,2,ensemble,2024-03-09,14.0,13.4,2.083027718901193,0.5999999999999996,5.0
2024-02-24,49,2,baseline,2024-03-09,14.0,19.0,3.3681013092739627,5.0,5.0
2024-02-24,49,3,ensemble,2024-03-16,17.0,13.7436,2.8373100045458877,3.2563999999999993,2.0
2024-02-24,49,3,baseline,2024-03-16,17.0,19.0,3.163722950729507,2.0,2.0
2024-02-24,50,1,ensemble,2024-03-02,30.0,17.557573245936545,6.831859725584297,12.442426754063455,9.0
2024-02-24,50,1,baseline,2024-03-02,30.0,21.0,5.851120938839824,9.0,9.0
2024-02-24,50,2,ensemble,2024-03-09,29.0,17.012892385705356,6.668932044141291,11.987107614294644,8.0
2024-02-24,50,2,baseline,2024-03-09,29.0,21.0,4.80565643810786,8.0,8.0
2024-02-24,50,3,ensemble,2024-03-16,24.0,15.70725,4.139640614273129,8.29275,3.0
2024-02-24,50,3,baseline,2024-03-16,24.0,21.0,2.063336042316945,3.0,3.0
2024-02-24,51,1,ensemble,2024-03-02,215.0,171.24862633922828,22.8954583712268,43.75137366077172,13.0
2024-02-24,51,1,baseline,2024-03-02,215.0,200.0,11.3547694403031,15.0,13.0
2024-02-24,51,2,ensemble,2024-03-09,201.0,161.85,24.589064241865888,39.150000000000006,1.0
2024-02-24,51,2,baseline,2024-03-09,201.0,200.0,12.258636050990946,1.0,1.0
2024-02-24,51,3,ensemble,2024-03-16,159.0,152.60812004052954,19.321047435056652,6.391879959470458,43.0
2024-02-24,51,3,baseline,2024-03-16,159.0,200.0,25.750240001378277,41.0,43.0
2024-02-24,53,1,ensemble,2024-03-02,76.0,59.0,9.123341433522153,17.0,3.0
2024-02-24,53,1,baseline,2024-03-02,76.0,71.0,6.118320704141822,5.0,3.0
2024-02-24,53,2,ensemble,2024-03-09,56.0,60.95325319996658,7.4123257426630165,4.953253199966582,17.0
2024-02-24,53,2,baseline,2024-03-09,56.0,71.0,10.941028474328219,15.0,17.0
2024-02-24,53,3,ensemble,2024-03-16,85.0,58.99999999999999,15.50167291958961,26.000000000000007,12.0
2024-02-24,53,3,baseline,2024-03-16,85.0,71.0,12.11953437603941,14.0,12.0
2024-02-24,54,1,ensemble,2024-03-02,181.0,154.94175068229958,14.765927587264407,26.058249317700415,3.0
2024-02-24,54,1,baseline,2024-03-02,181.0,184.0,3.923643440108316,3.0,3.0
2024-02-24,54,2,ensemble,2024-03-09,143.0,143.7,10.857603958904916,0.6999999999999886,41.0
2024-02-24,54,2,baseline,2024-03-09,143.0,184.0,24.68031477440861,41.0,41.0
2024-02-24,54,3,ensemble,2024-03-16,101.0,126.09042110605536,16.1299558940205,25.09042110605536,83.0
2024-02-24,54,3,baseline,2024-03-16,101.0,184.0,54.42740296889926,83.0,83.0
2024-02-24,55,1,ensemble,2024-03-02,200.0,181.1,16.352807024294467,18.900000000000006,9.0
2024-02-24,55,1,baseline,2024-03-02,200.0,201.0,5.472505823536497,1.0,9.0
2024-02-24,55,2,ensemble,2024-03-09,198.0,168.42665871624473,20.89394500380928,29.57334128375527,11.0
2024-02-24,55,2,baseline,2024-03-09,198.0,201.0,8.028504881222728,3.0,11.0
2024-02-24,55,3,ensemble,2024-03-16,185.0,155.89875,21.63559140949651,29.101249999999993,24.0
2024-02-24,55,3,baseline,2024-03-16,185.0,201.0,12.882335802923249,16.0,24.0
2024-02-24,56,1,ensemble,2024-03-02,25.0,36.079309562397015,5.808320043013896,11.079309562397015,19.0
2024-02-24,56,1,baseline,2024-03-02,25.0,44.0,12.692247573954,19.0,19.0
2024-02-24,56,2,ensemble,2024-03-09,15.0,32.5,9.765735189421386,17.5,29.0
2024-02-24,56,2,baseline,2024-03-09,15.0,44.0,19.080851895932,29.0,29.0
2024-02-24,56,3,ensemble,2024-03-16,11.0,28.33914934801158,10.422582403494419,17.33914934801158,33.0
2024-02-24,56,3,baseline,2024-03-16,11.0,44.0,21.135906546521987,33.0,33.0
2024-03-02,01,1,ensemble,2024-03-09,78.0,73.5,7.749056535000892,4.5,11.0
2024-03-02,01,1,baseline,2024-03-09,78.0,88.0,7.599042751601426,10.0,11.0
2024-03-02,01,2,ensemble,2024-03-16,81.0,69.89738621361454,9.389734040062823,11.102613786385461,8.0
2024-03-02,01,2,baseline,2024-03-16,81.0,88.0,8.75909788780497,7.0,8.0
2024-03-02,01,3,ensemble,2024-03-23,59.0,62.890963042325566,8.881888192865093,3.8909630423255663,30.0
2024-03-02,01,3,baseline,2024-03-23,59.0,88.0,17.269275980390233,29.0,30.0
2024-03-02,02,1,ensemble,2024-03-09,5.0,6.071826159287058,1.1291504601741014,1.071826159287058,1.0
2024-03-02,02,1,baseline,2024-03-09,5.0,10.0,2.7722601041662593,5.0,1.0
2024-03-02,02,2,ensemble,2024-03-16,9.0,6.349500000000001,1.6729055440952436,2.650499999999999,5.0
2024-03-02,02,2,baseline,2024-03-16,9.0,10.0,1.8198135024828515,1.0,5.0
2024-03-02,02,3,ensemble,2024-03-23,10.0,6.738555574417115,2.0603488596180908,3.2614444255828854,6.0
2024-03-02,02,3,baseline,2024-03-23,10.0,10.0,2.0942686617953132,0.0,6.0
2024-03-02,04,1,ensemble,2024-03-09,126.0,140.72022900172647,18.24572748448039,14.720229001726466,78.0
2024-03-02,04,1,baseline,2024-03-09,126.0,189.0,39.083095679348105,63.0,78.0
2024-03-02,04,2,ensemble,2024-03-16,134.0,134.04534285189527,22.400677202196267,0.04534285189527054,70.0
2024-03-02,04,2,baseline,2024-03-16,134.0,189.0,35.383326509439016,55.0,70.0
2024-03-02,04,3,ensemble,2024-03-23,106.0,119.9494321799012,24.487782012272167,13.949432179901194,98.0
2024-03-02,04,3,baseline,2024-03-23,106.0,189.0,49.830059518747376,83.0,98.0
2024-03-02,05,1,ensemble,2024-03-09,247.0,227.81793752404104,14.011435920645399,19.182062475958958,28.0
2024-03-02,05,1,baseline,2024-03-09,247.0,269.0,13.017361642899038,22.0,28.0
2024-03-02,05,2,ensemble,2024-03-16,198.0,201.70397783547725,15.37560406847176,3.7039778354772466,77.0
2024-03-02,05,2,baseline,2024-03-16,198.0,269.0,44.26885511531202,71.0,77.0
2024-03-02,05,3,ensemble,2024-03-23,105.0,167.20830711156293,34.212196497339775,62.20830711156293,170.0
2024-03-02,05,3,baseline,2024-03-23,105.0,269.0,120.21423934167603,164.0,170.0
2024-03-02,06,1,ensemble,2024-03-09,207.0,223.475,26.370355210989032,16.474999999999994,93.0
2024-03-02,06,1,baseline,2024-03-09,207.0,274.0,46.00182631843712,67.0,93.0
2024-03-02,06,2,ensemble,2024-03-16,189.0,207.36559301467295,31.23734871357126,18.365593014672953,111.0
2024-03-02,06,2,baseline,2024-03-16,189.0,274.0,59.46553952148219,85.0,111.0
2024-03-02,06,3,ensemble,2024-03-23,175.0,185.72,33.74917530854301,10.719999999999999,125.0
2024-03-02,06,3,baseline,2024-03-23,175.0,274.0,70.44460470669925,99.0,125.0
2024-03-02,08,1,ensemble,2024-03-09,81.0,95.0,10.515010162596473,14.0,48.0
2024-03-02,08,1,baseline,2024-03-09,81.0,127.0,26.883387177002206,46.0,48.0
2024-03-02,08,2,ensemble,2024-03-16,96.0,81.8450385513327,11.64570998198991,14.154961448667294,33.0
2024-03-02,08,2,baseline,2024-03-16,96.0,127.0,17.610240843712788,31.0,33.0
2024-03-02,08,3,ensemble,2024-03-23,97.0,72.3614206760498,14.473654973131413,24.638579323950196,32.0
2024-03-02,08,3,baseline,2024-03-23,97.0,127.0,17.87765386236471,30.0,32.0
2024-03-02,09,1,ensemble,2024-03-09,165.0,144.3545,13.405470657965848,20.6455,8.0
2024-03-02,09,1,baseline,2024-03-09,165.0,171.0,5.641346531856624,6.0,8.0
2024-03-02,09,2,ensemble,2024-03-16,100.0,131.52100000000002,19.254362470288754,31.521000000000015,73.0
2024-03-02,09,2,baseline,2024-03-16,100.0,171.0,45.239484581541475,71.0,73.0
2024-03-02,09,3,ensemble,2024-03-23,83.0,122.2819729474642,22.209786479915234,39.2819729474642,90.0
2024-03-02,09,3,baseline,2024-03-23,83.0,171.0,55.720310718215885,88.0,90.0
2024-03-02,10,1,ensemble,2024-03-09,26.0,14.928466579953746,5.816820937700192,11.071533420046254,2.0
2024-03-02,10,1,baseline,2024-03-09,26.0,18.0,4.810903197162406,8.0,2.0
2024-03-02,10,2,ensemble,2024-03-16,18.0,13.633500000000002,2.80823173370961,4.3664999999999985,6.0
2024-03-02,10,2,baseline,2024-03-16,18.0,18.0,2.057571211625158,0.0,6.0
2024-03-02,10,3,ensemble,2024-03-23,16.0,13.103629470611857,2.6417568313728896,2.896370529388143,8.0
2024-03-02,10,3,baseline,2024-03-23,16.0,18.0,2.725083413703703,2.0,8.0
2024-03-02,11,1,ensemble,2024-03-09,36.0,15.84,12.57774685209441,20.16,18.0
2024-03-02,11,1,baseline,2024-03-09,36.0,18.0,12.295021344213442,18.0,18.0
2024-03-02,11,2,ensemble,2024-03-16,14.0,14.885309915102996,2.169185913997517,0.8853099151029955,4.0
2024-03-02,11,2,baseline,2024-03-16,14.0,18.0,2.489219027494623,4.0,4.0
2024-03-02,11,3,ensemble,2024-03-23,20.0,13.875115752947364,3.399232637933693,6.124884247052636,2.0
2024-03-02,11,3,baseline,2024-03-23,20.0,18.0,2.1716741263934374,2.0,2.0
2024-03-02,12,1,ensemble,2024-03-09,536.0,517.1,32.55127607456429,18.899999999999977,89.0
2024-03-02,12,1,baseline,2024-03-09,536.0,600.0,38.043211638746826,64.0,89.0
2024-03-02,12,2,ensemble,2024-03-16,532.0,476.3872967232373,45.52489771423348,55.612703276762716,93.0
2024-03-02,12,2,baseline,2024-03-16,532.0,600.0,42.76565917502655,68.0,93.0
2024-03-02,12,3,ensemble,2024-03-23,428.0,438.2699756163068,48.996424115471875,10.269975616306795,197.0
2024-03-02,12,3,baseline,2024-03-23,428.0,600.0,93.77272501827201,172.0,197.0
2024-03-02,13,1,ensemble,2024-03-09,156.0,122.86861496862666,20.07749440488539,33.13138503137334,32.0
2024-03-02,13,1,baseline,2024-03-09,156.0,168.0,10.336792140334449,12.0,32.0
2024-03-02,13,2,ensemble,2024-03-16,106.0,106.7,18.367111658980853,0.7000000000000028,82.0
2024-03-02,13,2,baseline,2024-03-16,106.0,168.0,36.26067511844685,62.0,82.0
2024-03-02,13,3,ensemble,2024-03-23,82.0,91.0,19.740174535526133,9.0,106.0
2024-03-02,13,3,baseline,2024-03-23,82.0,168.0,50.00584493388412,86.0,106.0
2024-03-02,15,1,ensemble,2024-03-09,9.0,6.0,1.690257332966316,3.0,5.0
2024-03-02,15,1,baseline,2024-03-09,9.0,6.0,1.670814682255518,3.0,5.0
2024-03-02,15,2,ensemble,2024-03-16,18.0,5.98,6.528958929907339,12.02,4.0
2024-03-02,15,2,baseline,2024-03-16,18.0,6.0,6.875383583922798,12.0,4.0
2024-03-02,15,3,ensemble,2024-03-23,6.0,7.0,1.4639085255469253,1.0,8.0
2024-03-02,15,3,baseline,2024-03-23,6.0,6.0,1.650614197033274,0.0,8.0
2024-03-02,16,1,ensemble,2024-03-09,70.0,73.9,6.1803088143961675,3.9000000000000057,20.0
2024-03-02,16,1,baseline,2024-03-09,70.0,101.0,20.184760328255457,31.0,20.0
2024-03-02,16,2,ensemble,2024-03-16,68.0,81.4583935567832,8.345751432147654,13.458393556783193,22.0
2024-03-02,16,2,baseline,2024-03-16,68.0,101.0,20.397829547708515,33.0,22.0
2024-03-02,16,3,ensemble,2024-03-23,55.0,70.5,9.669298161385163,15.5,35.0
2024-03-02,16,3,baseline,2024-03-23,55.0,101.0,27.56464187628832,46.0,35.0
2024-03-02,17,1,ensemble,2024-03-09,269.0,236.87354044864367,21.806659840563572,32.126459551356334,30.0
2024-03-02,17,1,baseline,2024-03-09,269.0,266.0,10.38419583313224,3.0,30.0
2024-03-02,17,2,ensemble,2024-03-16,258.0,218.56742713652443,25.018174754939377,39.43257286347557,41.0
2024-03-02,17,2,baseline,2024-03-16,258.0,266.0,15.85632016170163,8.0,41.0
2024-03-02,17,3,ensemble,2024-03-23,216.0,189.5,24.436048399849984,26.5,83.0
2024-03-02,17,3,baseline,2024-03-23,216.0,266.0,32.3109958495672,50.0,83.0
2024-03-02,18,1,ensemble,2024-03-09,338.0,310.54731909637053,21.61517160027164,27.45268090362947,8.0
2024-03-02,18,1,baseline,2024-03-09,338.0,392.0,33.4988584762152,54.0,8.0
2024-03-02,18,2,ensemble,2024-03-16,255.0,297.9585748005625,29.98806570354609,42.958574800562474,91.0
2024-03-02,18,2,baseline,2024-03-16,255.0,392.0,90.58299291869011,137.0,91.0
2024-03-02,18,3,ensemble,2024-03-23,149.0,270.3237769551223,59.239384696530955,121.3237769551223,197.0
2024-03-02,18,3,baseline,2024-03-23,149.0,392.0,168.9085523576975,243.0,197.0
2024-03-02,19,1,ensemble,2024-03-09,178.0,93.2028396368462,59.05276451604466,84.7971603631538,21.0
2024-03-02,19,1,baseline,2024-03-09,178.0,103.0,55.734622363462755,75.0,21.0
2024-03-02,19,2,ensemble,2024-03-16,115.0,91.20905664609508,13.935695090794214,23.79094335390492,42.0
2024-03-02,19,2,baseline,2024-03-16,115.0,103.0,7.730982914568276,12.0,42.0
2024-03-02,19,3,ensemble,2024-03-23,94.0,81.53215887038539,10.313478735207836,12.467841129614612,63.0
2024-03-02,19,3,baseline,2024-03-23,94.0,103.0,7.0685080206889035,9.0,63.0
2024-03-02,20,1,ensemble,2024-03-09,92.0,77.367325,10.840381649860074,14.632675000000006,6.0
2024-03-02,20,1,baseline,2024-03-09,92.0,83.0,5.841309307680032,9.0,6.0
2024-03-02,20,2,ensemble,2024-03-16,103.0,70.69252499999999,17.071961702784066,32.30747500000001,17.0
2024-03-02,20,2,baseline,2024-03-16,103.0,83.0,12.085878281782819,20.0,17.0
2024-03-02,20,3,ensemble,2024-03-23,66.0,65.5475838877204,8.414764730328042,0.4524161122795931,20.0
2024-03-02,20,3,baseline,2024-03-23,66.0,83.0,10.642181740534793,17.0,20.0
2024-03-02,21,1,ensemble,2024-03-09,194.0,241.00000000000009,25.848258674625324,47.000000000000085,87.0
2024-03-02,21,1,baseline,2024-03-09,194.0,284.0,59.54996954984768,90.0,87.0
2024-03-02,21,2,ensemble,2024-03-16,142.0,223.0,41.7634493220551,81.0,139.0
2024-03-02,21,2,baseline,2024-03-16,142.0,284.0,93.71805991642526,142.0,139.0
2024-03-02,21,3,ensemble,2024-03-23,129.0,193.61562609808547,34.07195540478802,64.61562609808547,152.0
2024-03-02,21,3,baseline,2024-03-23,129.0,284.0,99.33448604746916,155.0,152.0
2024-03-02,22,1,ensemble,2024-03-09,55.0,64.41324410992016,7.3106792027653755,9.413244109920157,40.0
2024-03-02,22,1,baseline,2024-03-09,55.0,79.0,14.076962382645567,24.0,40.0
2024-03-02,22,2,ensemble,2024-03-16,40.0,59.43163426659409,10.653208061427907,19.431634266594088,55.0
2024-03-02,22,2,baseline,2024-03-16,40.0,79.0,22.73928011590985,39.0,55.0
2024-03-02,22,3,ensemble,2024-03-23,33.0,54.474557805094975,12.484780112080044,21.474557805094975,62.0
2024-03-02,22,3,baseline,2024-03-23,33.0,79.0,26.036768607620857,46.0,62.0
2024-03-02,23,1,ensemble,2024-03-09,50.0,60.6233627338342,7.318832019174196,10.623362733834199,19.0
2024-03-02,23,1,baseline,2024-03-09,50.0,73.0,14.734985340875149,23.0,19.0
2024-03-02,23,2,ensemble,2024-03-16,33.0,58.42796329671639,14.03194995650022,25.427963296716392,36.0
2024-03-02,23,2,baseline,2024-03-16,33.0,73.0,26.052281054332283,40.0,36.0
2024-03-02,23,3,ensemble,2024-03-23,26.0,61.8,16.365370105685002,35.8,43.0
2024-03-02,23,3,baseline,2024-03-23,26.0,73.0,30.176131521423905,47.0,43.0
2024-03-02,24,1,ensemble,2024-03-09,175.0,91.64981858949486,54.608497761519736,83.35018141050514,57.0
2024-03-02,24,1,baseline,2024-03-09,175.0,106.0,45.058536201709835,69.0,57.0
2024-03-02,24,2,ensemble,2024-03-16,114.0,86.68256582687657,17.05996800698666,27.31743417312343,4.0
2024-03-02,24,2,baseline,2024-03-16,114.0,106.0,8.427782038689953,8.0,4.0
2024-03-02,24,3,ensemble,2024-03-23,75.0,79.86471249065633,11.084065760167316,4.864712490656331,43.0
2024-03-02,24,3,baseline,2024-03-23,75.0,106.0,18.238112302883902,31.0,43.0
2024-03-02,25,1,ensemble,2024-03-09,367.0,219.0,85.47004512748171,148.0,71.0
2024-03-02,25,1,baseline,2024-03-09,367.0,244.0,79.44518449664935,123.0,71.0
2024-03-02,25,2,ensemble,2024-03-16,302.0,190.5,64.01881901206302,111.5,136.0
2024-03-02,25,2,baseline,2024-03-16,302.0,244.0,34.599878488176195,58.0,136.0
2024-03-02,25,3,ensemble,2024-03-23,236.0,168.0,41.14516227921518,68.0,202.0
2024-03-02,25,3,baseline,2024-03-23,236.0,244.0,19.85469796856664,8.0,202.0
2024-03-02,26,1,ensemble,2024-03-09,781.0,766.5000000000001,58.11638147609556,14.499999999999886,60.0
2024-03-02,26,1,baseline,2024-03-09,781.0,958.0,119.1192479930886,177.0,60.0
2024-03-02,26,2,ensemble,2024-03-16,537.0,672.0273168291084,78.0460108300654,135.02731682910837,304.0
2024-03-02,26,2,baseline,2024-03-16,537.0,958.0,313.87975267189626,421.0,304.0
2024-03-02,26,3,ensemble,2024-03-23,495.0,563.585559854494,61.15519142056929,68.58555985449402,346.0
2024-03-02,26,3,baseline,2024-03-23,495.0,958.0,339.77636919538764,463.0,346.0
2024-03-02,27,1,ensemble,2024-03-09,174.0,151.978,13.64475610441375,22.02199999999999,15.0
2024-03-02,27,1,baseline,2024-03-09,174.0,169.0,4.835077041639982,5.0,15.0
2024-03-02,27,2,ensemble,2024-03-16,164.0,145.56692183280092,13.484184211915665,18.433078167199085,5.0
2024-03-02,27,2,baseline,2024-03-16,164.0,169.0,6.5216806179366085,5.0,5.0
2024-03-02,27,3,ensemble,2024-03-23,133.0,121.4105,12.868432627348863,11.589500000000001,26.0
2024-03-02,27,3,baseline,2024-03-23,133.0,169.0,21.279612350971338,36.0,26.0
2024-03-02,28,1,ensemble,2024-03-09,63.0,40.046668893779525,12.286764252356205,22.953331106220475,6.0
2024-03-02,28,1,baseline,2024-03-09,63.0,52.0,7.144123806107628,11.0,6.0
2024-03-02,28,2,ensemble,2024-03-16,60.0,37.79613422026984,11.863135776457806,22.203865779730158,3.0
2024-03-02,28,2,baseline,2024-03-16,60.0,52.0,7.494834279386276,8.0,3.0
2024-03-02,28,3,ensemble,2024-03-23,48.0,35.946545661561686,8.21130890996223,12.053454338438314,9.0
2024-03-02,28,3,baseline,2024-03-23,48.0,52.0,8.270380831612666,4.0,9.0
2024-03-02,29,1,ensemble,2024-03-09,408.0,354.4262,29.990968299313753,53.573800000000006,46.0
2024-03-02,29,1,baseline,2024-03-09,408.0,423.0,11.165587625963218,15.0,46.0
2024-03-02,29,2,ensemble,2024-03-16,281.0,337.4,33.92543421555322,56.39999999999998,173.0
2024-03-02,29,2,baseline,2024-03-16,281.0,423.0,94.65713104678873,142.0,173.0
2024-03-02,29,3,ensemble,2024-03-23,192.0,293.3,52.76292866332984,101.30000000000001,262.0
2024-03-02,29,3,baseline,2024-03-23,192.0,423.0,157.0243211801031,231.0,262.0
2024-03-02,30,1,ensemble,2024-03-09,28.0,14.49,6.965544925021759,13.51,6.0
2024-03-02,30,1,baseline,2024-03-09,28.0,23.0,3.4043258370409792,5.0,6.0
2024-03-02,30,2,ensemble,2024-03-16,36.0,11.517969455569984,14.731579243512366,24.482030544430017,14.0
2024-03-02,30,2,baseline,2024-03-16,36.0,23.0,7.355662467015974,13.0,14.0
2024-03-02,30,3,ensemble,2024-03-23,21.0,9.371,5.912698226615975,11.629,1.0
2024-03-02,30,3,baseline,2024-03-23,21.0,23.0,4.140347314451405,2.0,1.0
2024-03-02,31,1,ensemble,2024-03-09,90.0,59.28221630984672,18.71738234604071,30.717783690153283,4.0
2024-03-02,31,1,baseline,2024-03-09,90.0,68.0,13.831630138127457,22.0,4.0
2024-03-02,31,2,ensemble,2024-03-16,69.0,56.82918426390543,7.7034515249328495,12.170815736094568,17.0
2024-03-02,31,2,baseline,2024-03-16,69.0,68.0,3.4102381747295754,1.0,17.0
2024-03-02,31,3,ensemble,2024-03-23,61.0,51.42104968486324,6.367802000623806,9.578950315136758,25.0
2024-03-02,31,3,baseline,2024-03-23,61.0,68.0,5.276330958244366,7.0,25.0
2024-03-02,32,1,ensemble,2024-03-09,43.0,32.3,6.503173307146467,10.700000000000003,0.0
2024-03-02,32,1,baseline,2024-03-09,43.0,38.0,5.097726045586543,5.0,0.0
2024-03-02,32,2,ensemble,2024-03-16,38.0,30.61792764026901,5.769917470546144,7.382072359730991,5.0
2024-03-02,32,2,baseline,2024-03-16,38.0,38.0,6.259483701902237,0.0,5.0
2024-03-02,32,3,ensemble,2024-03-23,41.0,28.0,7.775686739415941,13.0,2.0
2024-03-02,32,3,baseline,2024-03-23,41.0,38.0,7.850635023132842,3.0,2.0
2024-03-02,33,1,ensemble,2024-03-09,33.0,29.245533945127217,3.411860970824146,3.7544660548727826,0.0
2024-03-02,33,1,baseline,2024-03-09,33.0,33.0,1.6960694222811807,0.0,0.0
2024-03-02,33,2,ensemble,2024-03-16,38.0,26.33505,6.348762465656868,11.664950000000001,5.0
2024-03-02,33,2,baseline,2024-03-16,38.0,33.0,3.409783680402024,5.0,5.0
2024-03-02,33,3,ensemble,2024-03-23,25.0,24.96245604903747,3.734948075140748,0.03754395096252949,8.0
2024-03-02,33,3,baseline,2024-03-23,25.0,33.0,4.875062744062223,8.0,8.0
2024-03-02,34,1,ensemble,2024-03-09,272.0,219.909,30.356636966045823,52.09100000000001,25.0
2024-03-02,34,1,baseline,2024-03-09,272.0,276.0,10.761189476633898,4.0,25.0
2024-03-02,34,2,ensemble,2024-03-16,222.0,197.815,24.20704209944611,24.185000000000002,75.0
2024-03-02,34,2,baseline,2024-03-16,222.0,276.0,32.55509154882852,54.0,75.0
2024-03-02,34,3,ensemble,2024-03-23,181.0,168.2873771741236,22.246983391681432,12.712622825876394,116.0
2024-03-02,34,3,baseline,2024-03-23,181.0,276.0,53.59078998503032,95.0,116.0
2024-03-02,35,1,ensemble,2024-03-09,77.0,49.5517941634316,14.123147966185487,27.4482058365684,17.0
2024-03-02,35,1,baseline,2024-03-09,77.0,60.0,10.146637201263319,17.0,17.0
2024-03-02,35,2,ensemble,2024-03-16,45.0,47.0,6.500377038463958,2.0,15.0
2024-03-02,35,2,baseline,2024-03-16,45.0,60.0,9.950796855055508,15.0,15.0
2024-03-02,35,3,ensemble,2024-03-23,57.0,41.4,9.526142969255414,15.600000000000001,3.0
2024-03-02,35,3,baseline,2024-03-23,57.0,60.0,8.475341429001245,3.0,3.0
2024-03-02,36,1,ensemble,2024-03-09,596.0,635.5274999999999,45.834541385104195,39.52749999999992,202.0
2024-03-02,36,1,baseline,2024-03-09,596.0,798.0,126.42926664886213,202.0,202.0
2024-03-02,36,2,ensemble,2024-03-16,414.0,590.6530769970877,98.63684630113116,176.65307699708774,384.0
2024-03-02,36,2,baseline,2024-03-16,414.0,798.0,254.353183098918,384.0,384.0
2024-03-02,36,3,ensemble,2024-03-23,357.0,524.3125463500784,90.85489040474593,167.31254635007838,441.0
2024-03-02,36,3,baseline,2024-03-23,357.0,798.0,288.3050961577008,441.0,441.0
2024-03-02,37,1,ensemble,2024-03-09,132.0,117.35418700419524,15.301239448754302,14.64581299580476,28.0
2024-03-02,37,1,baseline,2024-03-09,132.0,145.0,12.336150418286794,13.0,28.0
2024-03-02,37,2,ensemble,2024-03-16,94.0,108.09165526199526,16.855262540133147,14.091655261995257,66.0
2024-03-02,37,2,baseline,2024-03-16,94.0,145.0,30.707831107550206,51.0,66.0
2024-03-02,37,3,ensemble,2024-03-23,83.0,96.73840362411376,18.833317027412516,13.738403624113758,77.0
2024-03-02,37,3,baseline,2024-03-23,83.0,145.0,36.75136746806597,62.0,77.0
2024-03-02,38,1,ensemble,2024-03-09,21.0,23.22415109524753,2.286213546894507,2.2241510952475316,4.0
2024-03-02,38,1,baseline,2024-03-09,21.0,30.0,5.320446808576781,9.0,4.0
2024-03-02,38,2,ensemble,2024-03-16,29.0,20.47850526979414,4.648597765908866,8.521494730205859,4.0
2024-03-02,38,2,baseline,2024-03-16,29.0,30.0,1.9945625247556824,1.0,4.0
2024-03-02,38,3,ensemble,2024-03-23,20.0,18.632252349458387,2.499287209663618,1.367747650541613,5.0
2024-03-02,38,3,baseline,2024-03-23,20.0,30.0,5.603321177516125,10.0,5.0
2024-03-02,39,1,ensemble,2024-03-09,623.0,518.1576508286437,57.37626847385945,104.84234917135632,39.0
2024-03-02,39,1,baseline,2024-03-09,623.0,645.0,15.575311448288398,22.0,39.0
2024-03-02,39,2,ensemble,2024-03-16,357.0,488.0,64.30163478399827,131.0,305.0
2024-03-02,39,2,baseline,2024-03-16,357.0,645.0,207.9236467087497,288.0,305.0
2024-03-02,39,3,ensemble,2024-03-23,266.0,407.8464,79.50730809916087,141.84640000000002,396.0
2024-03-02,39,3,baseline,2024-03-23,266.0,645.0,280.53740661915316,379.0,396.0
2024-03-02,40,1,ensemble,2024-03-09,181.0,113.05,33.74703243029235,67.95,11.0
2024-03-02,40,1,baseline,2024-03-09,181.0,161.0,13.520899039229525,20.0,11.0
2024-03-02,40,2,ensemble,2024-03-16,139.0,95.00231170654295,24.42355602718472,43.997688293457045,31.0
2024-03-02,40,2,baseline,2024-03-16,139.0,161.0,16.584418869406097,22.0,31.0
2024-03-02,40,3,ensemble,2024-03-23,94.0,89.32530879974365,19.629086886823398,4.674691200256348,76.0
2024-03-02,40,3,baseline,2024-03-23,94.0,161.0,38.07202078325132,67.0,76.0
2024-03-02,41,1,ensemble,2024-03-09,79.0,67.02092747339782,7.864903694980373,11.979072526602181,10.0
2024-03-02,41,1,baseline,2024-03-09,79.0,83.0,4.76457763499374,4.0,10.0
2024-03-02,41,2,ensemble,2024-03-16,68.0,69.4508033567846,7.970001722340924,1.4508033567846041,21.0
2024-03-02,41,2,baseline,2024-03-16,68.0,83.0,10.619534846457164,15.0,21.0
2024-03-02,41,3,ensemble,2024-03-23,97.0,65.0,17.256276417385088,32.0,8.0
2024-03-02,41,3,baseline,2024-03-23,97.0,83.0,11.32267831493533,14.0,8.0
2024-03-02,42,1,ensemble,2024-03-09,511.0,402.28221106305415,58.10075401248014,108.71778893694585,11.0
2024-03-02,42,1,baseline,2024-03-09,511.0,484.0,20.75202313177479,27.0,11.0
2024-03-02,42,2,ensemble,2024-03-16,369.0,384.298378958848,38.61289961425347,15.29837895884799,131.0
2024-03-02,42,2,baseline,2024-03-16,369.0,484.0,67.74037995299518,115.0,131.0
2024-03-02,42,3,ensemble,2024-03-23,347.0,359.14062221348075,43.31849698948413,12.140622213480754,153.0
2024-03-02,42,3,baseline,2024-03-23,347.0,484.0,79.24270244569834,137.0,153.0
2024-03-02,44,1,ensemble,2024-03-09,24.0,29.90081474714662,3.5838449735487212,5.900814747146619,11.0
2024-03-02,44,1,baseline,2024-03-09,24.0,35.0,6.995260463126368,11.0,11.0
2024-03-02,44,2,ensemble,2024-03-16,22.0,28.2821604549268,4.188843712017012,6.2821604549267995,13.0
2024-03-02,44,2,baseline,2024-03-16,22.0,35.0,7.944673789042238,13.0,13.0
2024-03-02,44,3,ensemble,2024-03-23,14.0,25.497042206851766,6.254541484423666,11.497042206851766,21.0
2024-03-02,44,3,baseline,2024-03-23,14.0,35.0,13.326475215513021,21.0,21.0
2024-03-02,45,1,ensemble,2024-03-09,97.0,79.41,11.215346008105133,17.590000000000003,14.0
2024-03-02,45,1,baseline,2024-03-09,97.0,105.0,7.028378307283076,8.0,14.0
2024-03-02,45,2,ensemble,2024-03-16,78.0,79.82061653893336,10.977402503207808,1.8206165389333648,33.0
2024-03-02,45,2,baseline,2024-03-16,78.0,105.0,16.421865320609726,27.0,33.0
2024-03-02,45,3,ensemble,2024-03-23,67.0,72.85,12.061487895357931,5.849999999999994,44.0
2024-03-02,45,3,baseline,2024-03-23,67.0,105.0,22.290521669238423,38.0,44.0
2024-03-02,46,1,ensemble,2024-03-09,37.0,34.55715,3.6400150727968015,2.44285,5.0
2024-03-02,46,1,baseline,2024-03-09,37.0,45.0,4.527797246189851,8.0,5.0
2024-03-02,46,2,ensemble,2024-03-16,43.0,37.940099809188126,4.273774554689643,5.059900190811874,1.0
2024-03-02,46,2,baseline,2024-03-16,43.0,45.0,2.624826551504644,2.0,1.0
2024-03-02,46,3,ensemble,2024-03-23,59.0,33.80969373014831,14.595897437586189,25.19030626985169,17.0
2024-03-02,46,3,baseline,2024-03-23,59.0,45.0,7.715287216219989,14.0,17.0
2024-03-02,47,1,ensemble,2024-03-09,188.0,177.807,14.747540379722386,10.193000000000012,15.0
2024-03-02,47,1,baseline,2024-03-09,188.0,214.0,16.05370914396101,26.0,15.0
2024-03-02,47,2,ensemble,2024-03-16,132.0,165.325,21.3787954501991,33.32499999999999,71.0
2024-03-02,47,2,baseline,2024-03-16,132.0,214.0,49.59525937891989,82.0,71.0
2024-03-02,47,3,ensemble,2024-03-23,128.0,143.72500000000002,18.33250045387741,15.725000000000023,75.0
2024-03-02,47,3,baseline,2024-03-23,128.0,214.0,50.066304942310296,86.0,75.0
2024-03-02,48,1,ensemble,2024-03-09,487.0,400.0,51.46255972137501,87.0,301.0
2024-03-02,48,1,baseline,2024-03-09,487.0,612.0,72.51850807877643,125.0,301.0
2024-03-02,48,2,ensemble,2024-03-16,462.0,340.7386337572499,65.07079425552637,121.26136624275011,326.0
2024-03-02,48,2,baseline,2024-03-16,462.0,612.0,84.84341055860564,150.0,326.0
2024-03-02,48,3,ensemble,2024-03-23,339.0,271.0,47.01145316193017,68.0,449.0
2024-03-02,48,3,baseline,2024-03-23,339.0,612.0,150.95937094033982,273.0,449.0
2024-03-02,49,1,ensemble,2024-03-09,14.0,11.625980958099706,2.0272092872890943,2.3740190419002936,5.0
2024-03-02,49,1,baseline,2024-03-09,14.0,14.0,1.8512475578016647,0.0,5.0
2024-03-02,49,2,ensemble,2024-03-16,17.0,10.949017942675727,3.429757657050858,6.050982057324273,8.0
2024-03-02,49,2,baseline,2024-03-16,17.0,14.0,2.702238236925848,3.0,8.0
2024-03-02,49,3,ensemble,2024-03-23,12.0,9.67805,2.301956247746211,2.3219499999999993,3.0
2024-03-02,49,3,baseline,2024-03-23,12.0,14.0,3.0522464038770813,2.0,3.0
2024-03-02,50,1,ensemble,2024-03-09,29.0,29.4,1.9796781553335274,0.3999999999999986,3.0
2024-03-02,50,1,baseline,2024-03-09,29.0,35.0,3.6681714381709027,6.0,3.0
2024-03-02,50,2,ensemble,2024-03-16,24.0,26.595113059738004,2.863244816562788,2.5951130597380043,2.0
2024-03-02,50,2,baseline,2024-03-16,24.0,35.0,6.8689373194601515,11.0,2.0
2024-03-02,50,3,ensemble,2024-03-23,18.0,25.18454020603579,4.268992604429413,7.184540206035791,8.0
2024-03-02,50,3,baseline,2024-03-23,18.0,35.0,10.901911390309554,17.0,8.0
2024-03-02,51,1,ensemble,2024-03-09,201.0,172.7585,19.394814044330502,28.241500000000002,7.0
2024-03-02,51,1,baseline,2024-03-09,201.0,205.0,8.6511706535761,4.0,7.0
2024-03-02,51,2,ensemble,2024-03-16,159.0,165.945,18.844086521800616,6.944999999999993,49.0
2024-03-02,51,2,baseline,2024-03-16,159.0,205.0,27.500893258367366,46.0,49.0
2024-03-02,51,3,ensemble,2024-03-23,141.0,152.8225,18.59342417596288,11.822499999999991,67.0
2024-03-02,51,3,baseline,2024-03-23,141.0,205.0,36.725856489891,64.0,67.0
2024-03-02,53,1,ensemble,2024-03-09,56.0,77.6521224975586,12.433206344131078,21.652122497558594,43.0
2024-03-02,53,1,baseline,2024-03-09,56.0,88.0,19.47829776084717,32.0,43.0
2024-03-02,53,2,ensemble,2024-03-16,85.0,75.1664842168041,9.569422452158227,9.833515783195907,14.0
2024-03-02,53,2,baseline,2024-03-16,85.0,88.0,8.327216738993474,3.0,14.0
2024-03-02,53,3,ensemble,2024-03-23,81.0,75.19046099853101,11.107082402644442,5.809539001468991,18.0
2024-03-02,53,3,baseline,2024-03-23,81.0,88.0,11.012215988007702,7.0,18.0
2024-03-02,54,1,ensemble,2024-03-09,143.0,141.29301667363973,9.489645321738431,1.7069833263602732,20.0
2024-03-02,54,1,baseline,2024-03-09,143.0,170.0,16.689281470858194,27.0,20.0
2024-03-02,54,2,ensemble,2024-03-16,101.0,140.6977939605713,19.216145025963378,39.69779396057129,62.0
2024-03-02,54,2,baseline,2024-03-16,101.0,170.0,45.51872159708555,69.0,62.0
2024-03-02,54,3,ensemble,2024-03-23,80.0,122.14516862079287,22.1367898491684,42.14516862079287,83.0
2024-03-02,54,3,baseline,2024-03-23,80.0,170.0,60.215444663424904,90.0,83.0
2024-03-02,55,1,ensemble,2024-03-09,198.0,135.50356998085556,33.210849285135325,62.49643001914444,15.0
2024-03-02,55,1,baseline,2024-03-09,198.0,159.0,24.036484330582436,39.0,15.0
2024-03-02,55,2,ensemble,2024-03-16,185.0,120.31006659373564,33.699850431880925,64.68993340626436,28.0
2024-03-02,55,2,baseline,2024-03-16,185.0,159.0,15.837792402924032,26.0,28.0
2024-03-02,55,3,ensemble,2024-03-23,133.0,104.66622291258344,18.029214984062822,28.333777087416564,80.0
2024-03-02,55,3,baseline,2024-03-23,133.0,159.0,16.497495431410847,26.0,80.0
2024-03-02,56,1,ensemble,2024-03-09,15.0,19.927197336469497,3.1218220983047074,4.927197336469497,12.0
2024-03-02,56,1,baseline,2024-03-09,15.0,23.0,4.931879996517357,8.0,12.0
2024-03-02,56,2,ensemble,2024-03-16,11.0,18.202,3.8897942802073087,7.202000000000002,16.0
2024-03-02,56,2,baseline,2024-03-16,11.0,23.0,7.083590232250148,12.0,16.0
2024-03-02,56,3,ensemble,2024-03-23,5.0,16.563499999999998,6.5649210751651115,11.563499999999998,22.0
2024-03-02,56,3,baseline,2024-03-23,5.0,23.0,10.421605889819768,18.0,22.0
2024-03-09,01,1,ensemble,2024-03-16,81.0,74.0,7.011590625168766,7.0,4.0
2024-03-09,01,1,baseline,2024-03-16,81.0,84.0,5.947581801035404,3.0,4.0
2024-03-09,01,2,ensemble,2024-03-23,59.0,69.5,7.9350576687133865,10.5,26.0
2024-03-09,01,2,baseline,2024-03-23,59.0,84.0,14.889683327398496,25.0,26.0
2024-03-09,01,3,ensemble,2024-03-30,61.0,64.0,7.99434192584544,3.0,24.0
2024-03-09,01,3,baseline,2024-03-30,61.0,84.0,14.842576041303891,23.0,24.0
2024-03-09,02,1,ensemble,2024-03-16,9.0,8.4,1.4503326815010456,0.5999999999999996,2.0
2024-03-09,02,1,baseline,2024-03-16,9.0,11.0,1.5933934283690665,2.0,2.0
2024-03-09,02,2,ensemble,2024-03-23,10.0,8.08,1.4889777005372067,1.92,1.0
2024-03-09,02,2,baseline,2024-03-23,10.0,11.0,1.8238257470400794,1.0,1.0
2024-03-09,02,3,ensemble,2024-03-30,8.0,8.0,1.5622353009583483,0.0,3.0
2024-03-09,02,3,baseline,2024-03-30,8.0,11.0,2.485343709458834,3.0,3.0
2024-03-09,04,1,ensemble,2024-03-16,134.0,151.7515,18.83877678510535,17.751499999999993,48.0
2024-03-09,04,1,baseline,2024-03-16,134.0,181.0,30.023412982368942,47.0,48.0
2024-03-09,04,2,ensemble,2024-03-23,106.0,148.99295742308655,25.82702707077307,42.99295742308655,76.0
2024-03-09,04,2,baseline,2024-03-23,106.0,181.0,45.140102183304435,75.0,76.0
2024-03-09,04,3,ensemble,2024-03-30,97.0,137.0,28.431532149718794,40.0,85.0
2024-03-09,04,3,baseline,2024-03-30,97.0,181.0,50.01541402155324,84.0,85.0
2024-03-09,05,1,ensemble,2024-03-16,198.0,239.66,22.090276906555424,41.66,80.0
2024-03-09,05,1,baseline,2024-03-16,198.0,270.0,48.20901907066898,72.0,80.0
2024-03-09,05,2,ensemble,2024-03-23,105.0,219.94791179951105,58.03023986197243,114.94791179951105,173.0
2024-03-09,05,2,baseline,2024-03-23,105.0,270.0,127.41050828445243,165.0,173.0
2024-03-09,05,3,ensemble,2024-03-30,82.0,194.53695115828012,62.02617580965625,112.53695115828012,196.0
2024-03-09,05,3,baseline,2024-03-30,82.0,270.0,144.4240372776554,188.0,196.0
2024-03-09,06,1,ensemble,2024-03-16,189.0,235.0,32.750092614606054,46.0,80.0
2024-03-09,06,1,baseline,2024-03-16,189.0,266.0,50.74943804931526,77.0,80.0
2024-03-09,06,2,ensemble,2024-03-23,175.0,225.0,37.58690231223768,50.0,94.0
2024-03-09,06,2,baseline,2024-03-23,175.0,266.0,61.485016731232484,91.0,94.0
2024-03-09,06,3,ensemble,2024-03-30,181.0,218.8980284920255,36.960495518301144,37.8980284920255,88.0
2024-03-09,06,3,baseline,2024-03-30,181.0,266.0,65.89827619202282,85.0,88.0
2024-03-09,08,1,ensemble,2024-03-16,96.0,70.5,13.405562267408289,25.5,3.0
2024-03-09,08,1,baseline,2024-03-16,96.0,93.0,6.934084838826654,3.0,3.0
2024-03-09,08,2,ensemble,2024-03-23,97.0,63.128,17.08295451848628,33.872,4.0
2024-03-09,08,2,baseline,2024-03-23,97.0,93.0,9.517565086889995,4.0,4.0
2024-03-09,08,3,ensemble,2024-03-30,68.0,55.30885,10.455201737634738,12.69115,25.0
2024-03-09,08,3,baseline,2024-03-30,68.0,93.0,15.942240064748475,25.0,25.0
2024-03-09,09,1,ensemble,2024-03-16,100.0,197.303896033431,55.338306701393414,97.30389603343099,113.0
2024-03-09,09,1,baseline,2024-03-16,100.0,213.0,84.76170892502405,113.0,113.0
2024-03-09,09,2,ensemble,2024-03-23,83.0,182.05608447901088,54.62350988035622,99.05608447901088,130.0
2024-03-09,09,2,baseline,2024-03-23,83.0,213.0,94.83062862700365,130.0,130.0
2024-03-09,09,3,ensemble,2024-03-30,89.0,161.8776677007147,39.14612054747466,72.87766770071471,124.0
2024-03-09,09,3,baseline,2024-03-30,89.0,213.0,84.84946987448134,124.0,124.0
2024-03-09,10,1,ensemble,2024-03-16,18.0,25.38,4.264265153144558,7.379999999999999,15.0
2024-03-09,10,1,baseline,2024-03-16,18.0,30.0,7.503823700041348,12.0,15.0
2024-03-09,10,2,ensemble,2024-03-23,16.0,24.0,4.7434859115358075,8.0,17.0
2024-03-09,10,2,baseline,2024-03-23,16.0,30.0,8.375934694890427,14.0,17.0
2024-03-09,10,3,ensemble,2024-03-30,15.0,20.125,3.7934469993945625,5.125,18.0
2024-03-09,10,3,baseline,2024-03-30,15.0,30.0,8.722848006088757,15.0,18.0
2024-03-09,11,1,ensemble,2024-03-16,14.0,13.9,1.594834571083222,0.09999999999999964,1.0
2024-03-09,11,1,baseline,2024-03-16,14.0,15.0,1.1931102680592038,1.0,1.0
2024-03-09,11,2,ensemble,2024-03-23,20.0,12.91552374843332,3.8496682470786756,7.084476251566681,5.0
2024-03-09,11,2,baseline,2024-03-23,20.0,15.0,2.9400270324224977,5.0,5.0
2024-03-09,11,3,ensemble,2024-03-30,18.0,11.5,3.4456302592249712,6.5,3.0
2024-03-09,11,3,baseline,2024-03-30,18.0,15.0,2.3563229783384787,3.0,3.0
2024-03-09,12,1,ensemble,2024-03-16,532.0,456.5018986467353,46.43217137877863,75.4981013532647,6.0
2024-03-09,12,1,baseline,2024-03-16,532.0,526.0,22.521264497905854,6.0,6.0
2024-03-09,12,2,ensemble,2024-03-23,428.0,421.16502972642286,38.916294035651106,6.834970273577142,110.0
2024-03-09,12,2,baseline,2024-03-23,428.0,526.0,54.99109482631782,98.0,110.0
2024-03-09,12,3,ensemble,2024-03-30,404.0,382.21463786761694,41.51938436115612,21.785362132383057,134.0
2024-03-09,12,3,baseline,2024-03-30,404.0,526.0,67.19946017910182,122.0,134.0
2024-03-09,13,1,ensemble,2024-03-16,106.0,168.115,31.40142762997242,62.11500000000001,96.0
2024-03-09,13,1,baseline,2024-03-16,106.0,200.0,61.85851520245638,94.0,96.0
2024-03-09,13,2,ensemble,2024-03-23,82.0,159.9932997328533,42.768340397811045,77.9932997328533,120.0
2024-03-09,13,2,baseline,2024-03-23,82.0,200.0,75.46880958607414,118.0,120.0
2024-03-09,13,3,ensemble,2024-03-30,64.0,146.0,43.67902051783726,82.0,138.0
2024-03-09,13,3,baseline,2024-03-30,64.0,200.0,84.89223145961894,136.0,138.0
2024-03-09,15,1,ensemble,2024-03-16,18.0,17.0,1.9620118679060083,1.0,2.0
2024-03-09,15,1,baseline,2024-03-16,18.0,19.0,1.2563219021755434,1.0,2.0
2024-03-09,15,2,ensemble,2024-03-23,6.0,16.124035731304076,5.982816823172189,10.124035731304076,10.0
2024-03-09,15,2,baseline,2024-03-23,6.0,19.0,7.873359038633866,13.0,10.0
2024-03-09,15,3,ensemble,2024-03-30,7.0,16.205287917549438,4.951199803640589,9.205287917549438,9.0
2024-03-09,15,3,baseline,2024-03-30,7.0,19.0,6.83867871746109,12.0,9.0
2024-03-09,16,1,ensemble,2024-03-16,68.0,53.595611744285605,8.176600128460928,14.404388255714395,7.0
2024-03-09,16,1,baseline,2024-03-16,68.0,61.0,4.944769551717257,7.0,7.0
2024-03-09,16,2,ensemble,2024-03-23,55.0,50.21802068926846,6.493956750898134,4.781979310731543,6.0
2024-03-09,16,2,baseline,2024-03-23,55.0,61.0,5.513639296936448,6.0,6.0
2024-03-09,16,3,ensemble,2024-03-30,45.0,45.99714603057255,6.725951792542459,0.9971460305725515,16.0
2024-03-09,16,3,baseline,2024-03-30,45.0,61.0,10.161084174906966,16.0,16.0
2024-03-09,17,1,ensemble,2024-03-16,258.0,299.0345872802734,27.089455334825576,41.0345872802734,73.0
2024-03-09,17,1,baseline,2024-03-16,258.0,321.0,38.95397861787313,63.0,73.0
2024-03-09,17,2,ensemble,2024-03-23,216.0,285.59284815860536,38.18447091685097,69.59284815860536,115.0
2024-03-09,17,2,baseline,2024-03-23,216.0,321.0,63.071163966639844,105.0,115.0
2024-03-09,17,3,ensemble,2024-03-30,204.0,261.080713041531,36.76476733040744,57.080713041531,127.0
2024-03-09,17,3,baseline,2024-03-30,204.0,321.0,67.72823497637151,117.0,127.0
2024-03-09,18,1,ensemble,2024-03-16,255.0,285.02,21.676305978784274,30.019999999999982,68.0
2024-03-09,18,1,baseline,2024-03-16,255.0,320.0,41.049700433504334,65.0,68.0
2024-03-09,18,2,ensemble,2024-03-23,149.0,260.3528353067662,54.28026079420913,111.35283530676622,174.0
2024-03-09,18,2,baseline,2024-03-23,149.0,320.0,115.6428912016294,171.0,174.0
2024-03-09,18,3,ensemble,2024-03-30,156.0,232.23245754720904,40.106194105687926,76.23245754720904,167.0
2024-03-09,18,3,baseline,2024-03-30,156.0,320.0,106.16108798579292,164.0,167.0
2024-03-09,19,1,ensemble,2024-03-16,115.0,169.0,30.87431862802681,54.0,65.0
2024-03-09,19,1,baseline,2024-03-16,115.0,186.0,52.17419070682012,71.0,65.0
2024-03-09,19,2,ensemble,2024-03-23,94.0,159.0,36.75106953025062,65.0,86.0
2024-03-09,19,2,baseline,2024-03-23,94.0,186.0,65.6549709687097,92.0,86.0
2024-03-09,19,3,ensemble,2024-03-30,90.0,149.0,32.54879497706425,59.0,90.0
2024-03-09,19,3,baseline,2024-03-30,90.0,186.0,65.7217233994514,96.0,90.0
2024-03-09,20,1,ensemble,2024-03-16,103.0,72.85754011011548,16.09258779812964,30.14245988988452,15.0
2024-03-09,20,1,baseline,2024-03-16,103.0,87.0,9.869369767458547,16.0,15.0
2024-03-09,20,2,ensemble,2024-03-23,66.0,68.05508451010051,7.623055757185482,2.0550845101005137,22.0
2024-03-09,20,2,baseline,2024-03-23,66.0,87.0,12.626967925766213,21.0,22.0
2024-03-09,20,3,ensemble,2024-03-30,70.0,60.245000000000005,8.602240860922302,9.754999999999995,18.0
2024-03-09,20,3,baseline,2024-03-30,70.0,87.0,10.651698169068645,17.0,18.0
2024-03-09,21,1,ensemble,2024-03-16,142.0,238.2619332742049,53.69627288107439,96.26193327420489,155.0
2024-03-09,21,1,baseline,2024-03-16,142.0,279.0,96.04228961624399,137.0,155.0
2024-03-09,21,2,ensemble,2024-03-23,129.0,223.69196105592124,53.94223837800422,94.69196105592124,168.0
2024-03-09,21,2,baseline,2024-03-23,129.0,279.0,99.79019105462794,150.0,168.0
2024-03-09,21,3,ensemble,2024-03-30,120.0,202.33469218890892,42.02379995059619,82.33469218890892,177.0
2024-03-09,21,3,baseline,2024-03-30,120.0,279.0,102.4058659344637,159.0,177.0
2024-03-09,22,1,ensemble,2024-03-16,40.0,70.0,15.237718424193487,30.0,38.0
2024-03-09,22,1,baseline,2024-03-16,40.0,79.0,23.99676363715811,39.0,38.0
2024-03-09,22,2,ensemble,2024-03-23,33.0,65.8,16.600901393357436,32.8,45.0
2024-03-09,22,2,baseline,2024-03-23,33.0,79.0,27.235526910008225,46.0,45.0
2024-03-09,22,3,ensemble,2024-03-30,48.0,63.92,10.659961831928104,15.920000000000002,30.0
2024-03-09,22,3,baseline,2024-03-30,48.0,79.0,17.678664871148708,31.0,30.0
2024-03-09,23,1,ensemble,2024-03-16,33.0,55.5,12.402430342936377,22.5,31.0
2024-03-09,23,1,baseline,2024-03-16,33.0,65.0,21.434927197032838,32.0,31.0
2024-03-09,23,2,ensemble,2024-03-23,26.0,50.49668615945632,13.417883761238157,24.496686159456317,38.0
2024-03-09,23,2,baseline,2024-03-23,26.0,65.0,25.321662955499125,39.0,38.0
2024-03-09,23,3,ensemble,2024-03-30,23.0,46.0501205737847,12.594917482378673,23.050120573784703,41.0
2024-03-09,23,3,baseline,2024-03-30,23.0,65.0,26.450130418217224,42.0,41.0
2024-03-09,24,1,ensemble,2024-03-16,114.0,159.0,24.27194027018421,45.0,62.0
2024-03-09,24,1,baseline,2024-03-16,114.0,170.0,35.10035433823903,56.0,62.0
2024-03-09,24,2,ensemble,2024-03-23,75.0,156.83951832553004,43.05006678561875,81.83951832553004,101.0
2024-03-09,24,2,baseline,2024-03-23,75.0,170.0,61.44458763798508,95.0,101.0
2024-03-09,24,3,ensemble,2024-03-30,76.0,147.06905906991938,34.78899058936826,71.06905906991938,100.0
2024-03-09,24,3,baseline,2024-03-30,76.0,170.0,57.815413844355845,94.0,100.0
2024-03-09,25,1,ensemble,2024-03-16,302.0,431.15,66.75903667074489,129.14999999999998,197.0
2024-03-09,25,1,baseline,2024-03-16,302.0,508.0,146.9216708694478,206.0,197.0
2024-03-09,25,2,ensemble,2024-03-23,236.0,385.641,80.21316314048896,149.64100000000002,263.0
2024-03-09,25,2,baseline,2024-03-23,236.0,508.0,195.3928541580416,272.0,263.0
2024-03-09,25,3,ensemble,2024-03-30,200.0,363.6220911061587,77.51291742601921,163.62209110615868,299.0
2024-03-09,25,3,baseline,2024-03-30,200.0,508.0,219.65995436073928,308.0,299.0
2024-03-09,26,1,ensemble,2024-03-16,537.0,786.9955,129.7268398887583,249.9955,364.0
2024-03-09,26,1,baseline,2024-03-16,537.0,901.0,280.80567097431845,364.0,364.0
2024-03-09,26,2,ensemble,2024-03-23,495.0,675.0,98.49716238562014,180.0,406.0
2024-03-09,26,2,baseline,2024-03-23,495.0,901.0,302.47613024343286,406.0,406.0
2024-03-09,26,3,ensemble,2024-03-30,480.0,588.9999999999998,69.81669889317578,108.99999999999977,421.0
2024-03-09,26,3,baseline,2024-03-30,480.0,901.0,302.60516863422987,421.0,421.0
2024-03-09,27,1,ensemble,2024-03-16,164.0,157.14681786468526,11.911356644552132,6.853182135314739,18.0
2024-03-09,27,1,baseline,2024-03-16,164.0,175.0,7.2352141075758585,11.0,18.0
2024-03-09,27,2,ensemble,2024-03-23,133.0,148.99999999999997,15.368093726444533,15.999999999999972,49.0
2024-03-09,27,2,baseline,2024-03-23,133.0,175.0,25.729083455943258,42.0,49.0
2024-03-09,27,3,ensemble,2024-03-30,124.0,139.40838170747764,15.437309566428363,15.408381707477645,58.0
2024-03-09,27,3,baseline,2024-03-30,124.0,175.0,30.34517063088021,51.0,58.0
2024-03-09,28,1,ensemble,2024-03-16,60.0,56.0,5.685177110912312,4.0,14.0
2024-03-09,28,1,baseline,2024-03-16,60.0,66.0,5.645577361773619,6.0,14.0
2024-03-09,28,2,ensemble,2024-03-23,48.0,55.33759597571988,6.92789899758846,7.3375959757198785,26.0
2024-03-09,28,2,baseline,2024-03-23,48.0,66.0,10.766694765599828,18.0,26.0
2024-03-09,28,3,ensemble,2024-03-30,51.0,53.0,7.090516957327616,2.0,23.0
2024-03-09,28,3,baseline,2024-03-30,51.0,66.0,10.579818167725156,15.0,23.0
2024-03-09,29,1,ensemble,2024-03-16,281.0,384.55,51.380223542664154,103.55000000000001,163.0
2024-03-09,29,1,baseline,2024-03-16,281.0,426.0,102.47088371420669,145.0,163.0
2024-03-09,29,2,ensemble,2024-03-23,192.0,328.96065974937585,78.0943702722299,136.96065974937585,252.0
2024-03-09,29,2,baseline,2024-03-23,192.0,426.0,166.3040742618948,234.0,252.0
2024-03-09,29,3,ensemble,2024-03-30,193.0,296.5,55.40283044718487,103.5,251.0
2024-03-09,29,3,baseline,2024-03-30,193.0,426.0,158.69772503335906,233.0,251.0
2024-03-09,30,1,ensemble,2024-03-16,36.0,22.11,7.208952363182616,13.89,9.0
2024-03-09,30,1,baseline,2024-03-16,36.0,29.0,4.396583859577727,7.0,9.0
2024-03-09,30,2,ensemble,2024-03-23,21.0,18.3,3.4533468904150415,2.6999999999999993,6.0
2024-03-09,30,2,baseline,2024-03-23,21.0,29.0,5.173523997761718,8.0,6.0
2024-03-09,30,3,ensemble,2024-03-30,29.0,16.4,6.232385576298903,12.600000000000001,2.0
2024-03-09,30,3,baseline,2024-03-30,29.0,29.0,4.157249894933732,0.0,2.0
2024-03-09,31,1,ensemble,2024-03-16,69.0,84.5486,9.645532348957058,15.548599999999993,27.0
2024-03-09,31,1,baseline,2024-03-16,69.0,95.0,16.648789742114815,26.0,27.0
2024-03-09,31,2,ensemble,2024-03-23,61.0,80.67304623281456,10.877815279952692,19.673046232814556,35.0
2024-03-09,31,2,baseline,2024-03-23,61.0,95.0,21.21771039216914,34.0,35.0
2024-03-09,31,3,ensemble,2024-03-30,51.0,68.0,11.24958350007416,17.0,45.0
2024-03-09,31,3,baseline,2024-03-30,51.0,95.0,27.64134220513945,44.0,45.0
2024-03-09,32,1,ensemble,2024-03-16,38.0,37.0,4.2037669398631055,1.0,11.0
2024-03-09,32,1,baseline,2024-03-16,38.0,41.0,4.701292933624989,3.0,11.0
2024-03-09,32,2,ensemble,2024-03-23,41.0,36.27698679401986,5.030754552328179,4.723013205980138,8.0
2024-03-09,32,2,baseline,2024-03-23,41.0,41.0,6.218637780356063,0.0,8.0
2024-03-09,32,3,ensemble,2024-03-30,26.0,33.80034248157497,5.875979538834531,7.8003424815749725,23.0
2024-03-09,32,3,baseline,2024-03-30,26.0,41.0,10.242796959534813,15.0,23.0
2024-03-09,33,1,ensemble,2024-03-16,38.0,35.99999999999999,3.3526146287566325,2.000000000000007,1.0
2024-03-09,33,1,baseline,2024-03-16,38.0,39.0,1.752471667194933,1.0,1.0
2024-03-09,33,2,ensemble,2024-03-23,25.0,32.39,4.7350978814164195,7.390000000000001,14.0
2024-03-09,33,2,baseline,2024-03-23,25.0,39.0,8.071578620481857,14.0,14.0
2024-03-09,33,3,ensemble,2024-03-30,17.0,29.496591573911005,6.666492758222965,12.496591573911005,22.0
2024-03-09,33,3,baseline,2024-03-30,17.0,39.0,12.870506426846875,22.0,22.0
2024-03-09,34,1,ensemble,2024-03-16,222.0,327.4777226448059,53.73799105628568,105.47772264480591,121.0
2024-03-09,34,1,baseline,2024-03-16,222.0,360.0,89.68808342737775,138.0,121.0
2024-03-09,34,2,ensemble,2024-03-23,181.0,300.18307994263,63.747659360723894,119.18307994263,162.0
2024-03-09,34,2,baseline,2024-03-23,181.0,360.0,113.69860491567957,179.0,162.0
2024-03-09,34,3,ensemble,2024-03-30,188.0,274.25,48.49366843140443,86.25,155.0
2024-03-09,34,3,baseline,2024-03-30,188.0,360.0,103.72390127201268,172.0,155.0
2024-03-09,35,1,ensemble,2024-03-16,45.0,53.0,6.147867837969977,8.0,16.0
2024-03-09,35,1,baseline,2024-03-16,45.0,59.0,8.654813814616405,14.0,16.0
2024-03-09,35,2,ensemble,2024-03-23,57.0,49.07685,6.814771197777911,7.92315,4.0
2024-03-09,35,2,baseline,2024-03-23,57.0,59.0,6.579839120065114,2.0,4.0
2024-03-09,35,3,ensemble,2024-03-30,36.0,46.124,8.293529372389127,10.124000000000002,25.0
2024-03-09,35,3,baseline,2024-03-30,36.0,59.0,13.842606859438156,23.0,25.0
2024-03-09,36,1,ensemble,2024-03-16,414.0,657.0,121.9002077030098,243.0,359.0
2024-03-09,36,1,baseline,2024-03-16,414.0,760.0,240.5549937135024,346.0,359.0
2024-03-09,36,2,ensemble,2024-03-23,357.0,593.7999515408515,130.96109437527792,236.79995154085145,416.0
2024-03-09,36,2,baseline,2024-03-23,357.0,760.0,270.39338696656534,403.0,416.0
2024-03-09,36,3,ensemble,2024-03-30,392.0,534.0,85.88915321750115,142.0,381.0
2024-03-09,36,3,baseline,2024-03-30,392.0,760.0,230.33949693273019,368.0,381.0
2024-03-09,37,1,ensemble,2024-03-16,94.0,143.063,25.855579514458135,49.06299999999999,66.0
2024-03-09,37,1,baseline,2024-03-16,94.0,160.0,40.339571335365534,66.0,66.0
2024-03-09,37,2,ensemble,2024-03-23,83.0,135.97,25.978159756514348,52.97,77.0
2024-03-09,37,2,baseline,2024-03-23,83.0,160.0,44.8729282803698,77.0,77.0
2024-03-09,37,3,ensemble,2024-03-30,88.0,122.03313072036444,22.078836205737677,34.03313072036444,72.0
2024-03-09,37,3,baseline,2024-03-30,88.0,160.0,41.644102273109695,72.0,72.0
2024-03-09,38,1,ensemble,2024-03-16,29.0,21.2,4.217981838129033,7.800000000000001,7.0
2024-03-09,38,1,baseline,2024-03-16,29.0,26.0,2.0156510741411764,3.0,7.0
2024-03-09,38,2,ensemble,2024-03-23,20.0,18.594,2.339192336492413,1.4059999999999988,2.0
2024-03-09,38,2,baseline,2024-03-23,20.0,26.0,3.4984741205020744,6.0,2.0
2024-03-09,38,3,ensemble,2024-03-30,31.0,18.0,7.013609276040531,13.0,9.0
2024-03-09,38,3,baseline,2024-03-30,31.0,26.0,3.2903102182326176,5.0,9.0
2024-03-09,39,1,ensemble,2024-03-16,357.0,520.125,92.22039978480846,163.125,282.0
2024-03-09,39,1,baseline,2024-03-16,357.0,616.0,192.33935853508538,259.0,282.0
2024-03-09,39,2,ensemble,2024-03-23,266.0,492.8385,120.18066488698265,226.8385,373.0
2024-03-09,39,2,baseline,2024-03-23,266.0,616.0,265.49999358176194,350.0,373.0
2024-03-09,39,3,ensemble,2024-03-30,244.0,451.4941229642468,106.42021201340064,207.4941229642468,395.0
2024-03-09,39,3,baseline,2024-03-30,244.0,616.0,274.0211839847312,372.0,395.0
2024-03-09,40,1,ensemble,2024-03-16,139.0,132.0,16.003735603254253,7.0,40.0
2024-03-09,40,1,baseline,2024-03-16,139.0,177.0,22.8067348971968,38.0,40.0
2024-03-09,40,2,ensemble,2024-03-23,94.0,115.8402894759508,17.642178254326637,21.840289475950797,85.0
2024-03-09,40,2,baseline,2024-03-23,94.0,177.0,49.41259537114936,83.0,85.0
2024-03-09,40,3,ensemble,2024-03-30,91.0,107.86,16.985410332839944,16.86,88.0
2024-03-09,40,3,baseline,2024-03-30,91.0,177.0,49.30046147641911,86.0,88.0
2024-03-09,41,1,ensemble,2024-03-16,68.0,71.69957866744994,7.529993761103925,3.6995786674499413,8.0
2024-03-09,41,1,baseline,2024-03-16,68.0,77.0,6.7891986591170275,9.0,8.0
2024-03-09,41,2,ensemble,2024-03-23,97.0,67.52545,15.90052478026021,29.474549999999994,21.0
2024-03-09,41,2,baseline,2024-03-23,97.0,77.0,12.821743943265519,20.0,21.0
2024-03-09,41,3,ensemble,2024-03-30,64.0,63.5,9.381593742382721,0.5,12.0
2024-03-09,41,3,baseline,2024-03-30,64.0,77.0,10.925626838203163,13.0,12.0
2024-03-09,42,1,ensemble,2024-03-16,369.0,480.05,62.99187185651737,111.05000000000001,175.0
2024-03-09,42,1,baseline,2024-03-16,369.0,542.0,113.85576222414402,173.0,175.0
2024-03-09,42,2,ensemble,2024-03-23,347.0,453.8295043602584,62.207675322353374,106.8295043602584,197.0
2024-03-09,42,2,baseline,2024-03-23,347.0,542.0,121.40734437076979,195.0,197.0
2024-03-09,42,3,ensemble,2024-03-30,268.0,420.1776538803177,80.2488639309638,152.17765388031768,276.0
2024-03-09,42,3,baseline,2024-03-30,268.0,542.0,170.99130279785405,274.0,276.0
2024-03-09,44,1,ensemble,2024-03-16,22.0,25.5,2.7474544693882748,3.5,5.0
2024-03-09,44,1,baseline,2024-03-16,22.0,27.0,2.96603779320402,5.0,5.0
2024-03-09,44,2,ensemble,2024-03-23,14.0,22.536362224496163,4.76315886184644,8.536362224496163,13.0
2024-03-09,44,2,baseline,2024-03-23,14.0,27.0,7.922043629892822,13.0,13.0
2024-03-09,44,3,ensemble,2024-03-30,14.0,22.630000000000003,4.68695109925707,8.630000000000003,13.0
2024-03-09,44,3,baseline,2024-03-30,14.0,27.0,7.527165342936037,13.0,13.0
2024-03-09,45,1,ensemble,2024-03-16,78.0,90.06937245908256,9.29722288123672,12.069372459082558,29.0
2024-03-09,45,1,baseline,2024-03-16,78.0,108.0,18.25670945544238,30.0,29.0
2024-03-09,45,2,ensemble,2024-03-23,67.0,88.31026209672197,13.113081833479317,21.31026209672197,40.0
2024-03-09,45,2,baseline,2024-03-23,67.0,108.0,24.243481122311223,41.0,40.0
2024-03-09,45,3,ensemble,2024-03-30,63.0,82.93,13.354648268935819,19.930000000000007,44.0
2024-03-09,45,3,baseline,2024-03-30,63.0,108.0,26.10945266930931,45.0,44.0
2024-03-09,46,1,ensemble,2024-03-16,43.0,43.5,3.8302103808101786,0.5,3.0
2024-03-09,46,1,baseline,2024-03-16,43.0,46.0,2.298232956894785,3.0,3.0
2024-03-09,46,2,ensemble,2024-03-23,59.0,41.63594219555,9.716381844242557,17.36405780445,13.0
2024-03-09,46,2,baseline,2024-03-23,59.0,46.0,7.271988660864869,13.0,13.0
2024-03-09,46,3,ensemble,2024-03-30,33.0,37.25155432088157,5.132470679445997,4.251554320881567,13.0
2024-03-09,46,3,baseline,2024-03-30,33.0,46.0,7.130857989210328,13.0,13.0
2024-03-09,47,1,ensemble,2024-03-16,132.0,221.5,48.113959777904604,89.5,105.0
2024-03-09,47,1,baseline,2024-03-16,132.0,243.0,74.27361609418269,111.0,105.0
2024-03-09,47,2,ensemble,2024-03-23,128.0,208.0,39.856555999480875,80.0,109.0
2024-03-09,47,2,baseline,2024-03-23,128.0,243.0,73.07078195964569,115.0,109.0
2024-03-09,47,3,ensemble,2024-03-30,86.0,182.0,50.9648365523326,96.0,151.0
2024-03-09,47,3,baseline,2024-03-30,86.0,243.0,99.80772293092498,157.0,151.0
2024-03-09,48,1,ensemble,2024-03-16,462.0,470.0,40.10490595488585,8.0,193.0
2024-03-09,48,1,baseline,2024-03-16,462.0,627.0,94.48691474958227,165.0,193.0
2024-03-09,48,2,ensemble,2024-03-23,339.0,431.4119684090586,56.69989657262049,92.4119684090586,316.0
2024-03-09,48,2,baseline,2024-03-23,339.0,627.0,167.28330933015854,288.0,316.0
2024-03-09,48,3,ensemble,2024-03-30,301.0,381.12324533383577,61.182508612610775,80.12324533383577,354.0
2024-03-09,48,3,baseline,2024-03-30,301.0,627.0,185.77368237710652,326.0,354.0
2024-03-09,49,1,ensemble,2024-03-16,17.0,16.0,2.1070353178898906,1.0,0.0
2024-03-09,49,1,baseline,2024-03-16,17.0,19.0,2.0826788863106023,2.0,0.0
2024-03-09,49,2,ensemble,2024-03-23,12.0,14.000000000000004,2.5337368866033736,2.0000000000000036,5.0
2024-03-09,49,2,baseline,2024-03-23,12.0,19.0,4.106570993166453,7.0,5.0
2024-03-09,49,3,ensemble,2024-03-30,11.0,15.07316380304021,2.8724680965486185,4.0731638030402095,6.0
2024-03-09,49,3,baseline,2024-03-30,11.0,19.0,4.744580122714268,8.0,6.0
2024-03-09,50,1,ensemble,2024-03-16,24.0,23.51265505043092,2.1877326580481,0.48734494956908136,6.0
2024-03-09,50,1,baseline,2024-03-16,24.0,27.0,1.7685512375775931,3.0,6.0
2024-03-09,50,2,ensemble,2024-03-23,18.0,22.0,2.92653142511759,4.0,12.0
2024-03-09,50,2,baseline,2024-03-23,18.0,27.0,5.457061167611676,9.0,12.0
2024-03-09,50,3,ensemble,2024-03-30,15.0,20.885323242779045,3.557853295120392,5.8853232427790445,15.0
2024-03-09,50,3,baseline,2024-03-30,15.0,27.0,7.2983876400720495,12.0,15.0
2024-03-09,51,1,ensemble,2024-03-16,159.0,201.4649272918701,24.701048675001925,42.46492729187011,56.0
2024-03-09,51,1,baseline,2024-03-16,159.0,220.0,37.967508846631944,61.0,56.0
2024-03-09,51,2,ensemble,2024-03-23,141.0,195.9737492310732,29.99480954012328,54.973749231073214,74.0
2024-03-09,51,2,baseline,2024-03-23,141.0,220.0,46.75453328552852,79.0,74.0
2024-03-09,51,3,ensemble,2024-03-30,111.0,178.17687820581793,35.77990230990128,67.17687820581793,104.0
2024-03-09,51,3,baseline,2024-03-30,111.0,220.0,63.69114564056511,109.0,104.0
2024-03-09,53,1,ensemble,2024-03-16,85.0,68.5059844017981,9.416791062134367,16.494015598201898,9.0
2024-03-09,53,1,baseline,2024-03-16,85.0,75.0,7.580167094301374,10.0,9.0
2024-03-09,53,2,ensemble,2024-03-23,81.0,66.00907959469711,10.397746905890763,14.990920405302887,5.0
2024-03-09,53,2,baseline,2024-03-23,81.0,75.0,8.704835561246917,6.0,5.0
2024-03-09,53,3,ensemble,2024-03-30,56.0,62.9353457158459,10.061671555062128,6.935345715845898,20.0
2024-03-09,53,3,baseline,2024-03-30,56.0,75.0,13.861638658908332,19.0,20.0
2024-03-09,54,1,ensemble,2024-03-16,101.0,145.4248449051418,23.666413469832317,44.42484490514181,80.0
2024-03-09,54,1,baseline,2024-03-16,101.0,181.0,58.327088460123726,80.0,80.0
2024-03-09,54,2,ensemble,2024-03-23,80.0,144.97304997037224,29.68140845157456,64.97304997037224,101.0
2024-03-09,54,2,baseline,2024-03-23,80.0,181.0,72.8660128469763,101.0,101.0
2024-03-09,54,3,ensemble,2024-03-30,71.0,128.6994012629456,28.619347736079,57.6994012629456,110.0
2024-03-09,54,3,baseline,2024-03-30,71.0,181.0,77.31745114085925,110.0,110.0
2024-03-09,55,1,ensemble,2024-03-16,185.0,177.0,14.554192145821965,8.0,15.0
2024-03-09,55,1,baseline,2024-03-16,185.0,200.0,9.787604431174744,15.0,15.0
2024-03-09,55,2,ensemble,2024-03-23,133.0,168.366,21.07492758937311,35.366000000000014,67.0
2024-03-09,55,2,baseline,2024-03-23,133.0,200.0,41.88180846895425,67.0,67.0
2024-03-09,55,3,ensemble,2024-03-30,126.0,152.85617470699125,19.459060102443765,26.856174706991254,74.0
2024-03-09,55,3,baseline,2024-03-30,126.0,200.0,44.52713960020035,74.0,74.0
2024-03-09,56,1,ensemble,2024-03-16,11.0,22.0,6.234401703868673,11.0,14.0
2024-03-09,56,1,baseline,2024-03-16,11.0,27.0,10.302688689756463,16.0,14.0
2024-03-09,56,2,ensemble,2024-03-23,5.0,20.184822766389875,9.167786976769193,15.184822766389875,20.0
2024-03-09,56,2,baseline,2024-03-23,5.0,27.0,13.760407924187936,22.0,20.0
2024-03-09,56,3,ensemble,2024-03-30,11.0,19.0,4.418351750900649,8.0,14.0
2024-03-09,56,3,baseline,2024-03-30,11.0,27.0,9.174926707440987,16.0,14.0
2024-03-16,01,1,ensemble,2024-03-23,59.0,73.01482793527546,8.833649845377979,14.014827935275463,19.0
2024-03-16,01,1,baseline,2024-03-23,59.0,86.0,15.896237877748344,27.0,19.0
2024-03-16,01,2,ensemble,2024-03-30,61.0,68.68869285583496,8.597624957332451,7.688692855834958,17.0
2024-03-16,01,2,baseline,2024-03-30,61.0,86.0,14.863439331023745,25.0,17.0
2024-03-16,01,3,ensemble,2024-04-06,39.0,68.05265,15.604112775103053,29.05265,39.0
2024-03-16,01,3,baseline,2024-04-06,39.0,86.0,26.446349274275363,47.0,39.0
2024-03-16,02,1,ensemble,2024-03-23,10.0,5.388,2.3652754588211606,4.612,5.0
2024-03-16,02,1,baseline,2024-03-23,10.0,5.0,2.6408884520584337,5.0,5.0
2024-03-16,02,2,ensemble,2024-03-30,8.0,5.0205,1.6071534833520429,2.9795,3.0
2024-03-16,02,2,baseline,2024-03-30,8.0,5.0,1.93333969320128,3.0,3.0
2024-03-16,02,3,ensemble,2024-04-06,7.0,5.0505,1.383494461754488,1.9494999999999996,2.0
2024-03-16,02,3,baseline,2024-04-06,7.0,5.0,2.006920885339289,2.0,2.0
2024-03-16,04,1,ensemble,2024-03-23,106.0,109.2557053565979,12.630783028929258,3.2557053565979004,20.0
2024-03-16,04,1,baseline,2024-03-23,106.0,126.0,16.314010926804922,20.0,20.0
2024-03-16,04,2,ensemble,2024-03-30,97.0,101.50616674423216,14.634715493929278,4.506166744232161,29.0
2024-03-16,04,2,baseline,2024-03-30,97.0,126.0,23.185755738883486,29.0,29.0
2024-03-16,04,3,ensemble,2024-04-06,84.0,94.78006181716918,17.725687996068494,10.780061817169184,42.0
2024-03-16,04,3,baseline,2024-04-06,84.0,126.0,30.788071694195224,42.0,42.0
2024-03-16,05,1,ensemble,2024-03-23,105.0,205.455,58.18733872285627,100.45500000000001,142.0
2024-03-16,05,1,baseline,2024-03-23,105.0,244.0,108.9627105109964,139.0,142.0
2024-03-16,05,2,ensemble,2024-03-30,82.0,192.96420540568823,60.624814773438864,110.96420540568823,165.0
2024-03-16,05,2,baseline,2024-03-30,82.0,244.0,124.358284360648,162.0,165.0
2024-03-16,05,3,ensemble,2024-04-06,60.0,169.2111,62.78963241909018,109.21109999999999,187.0
2024-03-16,05,3,baseline,2024-04-06,60.0,244.0,140.42926252566872,184.0,187.0
2024-03-16,06,1,ensemble,2024-03-23,175.0,171.625,19.299015723399034,3.375,32.0
2024-03-16,06,1,baseline,2024-03-23,175.0,205.0,30.050934527323548,30.0,32.0
2024-03-16,06,2,ensemble,2024-03-30,181.0,161.0,21.947128583505314,20.0,26.0
2024-03-16,06,2,baseline,2024-03-30,181.0,205.0,38.928278151303246,24.0,26.0
2024-03-16,06,3,ensemble,2024-04-06,150.0,160.75,25.299021275402325,10.75,57.0
2024-03-16,06,3,baseline,2024-04-06,150.0,205.0,54.8426077254903,55.0,57.0
2024-03-16,08,1,ensemble,2024-03-23,97.0,61.0,19.277415860443206,36.0,16.0
2024-03-16,08,1,baseline,2024-03-23,97.0,79.0,11.174347727042486,18.0,16.0
2024-03-16,08,2,ensemble,2024-03-30,68.0,55.0,8.711601794384617,13.0,13.0
2024-03-16,08,2,baseline,2024-03-30,68.0,79.0,10.524063517178654,11.0,13.0
2024-03-16,08,3,ensemble,2024-04-06,49.0,47.99645,7.639028790718032,1.003549999999997,32.0
2024-03-16,08,3,baseline,2024-04-06,49.0,79.0,17.628849150926296,30.0,32.0
2024-03-16,09,1,ensemble,2024-03-23,83.0,152.64,38.12388291685792,69.63999999999999,82.0
2024-03-16,09,1,baseline,2024-03-23,83.0,165.0,56.6418144460575,82.0,82.0
2024-03-16,09,2,ensemble,2024-03-30,89.0,147.3475,30.627908895656077,58.3475,76.0
2024-03-16,09,2,baseline,2024-03-30,89.0,165.0,48.47162933374988,76.0,76.0
2024-03-16,09,3,ensemble,2024-04-06,88.0,141.993052977116,27.00814827414844,53.99305297711601,77.0
2024-03-16,09,3,baseline,2024-04-06,88.0,165.0,47.08569376193762,77.0,77.0
2024-03-16,10,1,ensemble,2024-03-23,16.0,27.6389,6.248905872560922,11.6389,10.0
2024-03-16,10,1,baseline,2024-03-23,16.0,31.0,9.699794342704298,15.0,10.0
2024-03-16,10,2,ensemble,2024-03-30,15.0,26.123608081733664,5.917139343941313,11.123608081733664,11.0
2024-03-16,10,2,baseline,2024-03-30,15.0,31.0,9.663091844309747,16.0,11.0
2024-03-16,10,3,ensemble,2024-04-06,19.0,24.61345185494701,3.8797882449913312,5.613451854947009,7.0
2024-03-16,10,3,baseline,2024-04-06,19.0,31.0,6.938029949777757,12.0,7.0
2024-03-16,11,1,ensemble,2024-03-23,20.0,23.133,2.7506230806224234,3.132999999999999,16.0
2024-03-16,11,1,baseline,2024-03-23,20.0,30.0,6.136573386429518,10.0,16.0
2024-03-16,11,2,ensemble,2024-03-30,18.0,22.88,3.3641728605846843,4.879999999999999,18.0
2024-03-16,11,2,baseline,2024-03-30,18.0,30.0,7.125389517503868,12.0,18.0
2024-03-16,11,3,ensemble,2024-04-06,23.0,21.772,3.28516294903268,1.2280000000000015,13.0
2024-03-16,11,3,baseline,2024-04-06,23.0,30.0,4.019918352422654,7.0,13.0
2024-03-16,12,1,ensemble,2024-03-23,428.0,450.2736142768642,30.75659129516522,22.27361427686418,108.0
2024-03-16,12,1,baseline,2024-03-23,428.0,523.0,53.17919055823166,95.0,108.0
2024-03-16,12,2,ensemble,2024-03-30,404.0,423.18468866545857,36.732771571216745,19.184688665458566,132.0
2024-03-16,12,2,baseline,2024-03-30,404.0,523.0,64.9750324789335,119.0,132.0
2024-03-16,12,3,ensemble,2024-04-06,314.0,401.535498046875,53.33747603310468,87.53549804687498,222.0
2024-03-16,12,3,baseline,2024-04-06,314.0,523.0,117.07703271354458,209.0,222.0
2024-03-16,13,1,ensemble,2024-03-23,82.0,126.05697407860173,24.09203766575663,44.056974078601726,74.0
2024-03-16,13,1,baseline,2024-03-23,82.0,148.0,40.91691610926979,66.0,74.0
2024-03-16,13,2,ensemble,2024-03-30,64.0,118.3,30.774349901681127,54.3,92.0
2024-03-16,13,2,baseline,2024-03-30,64.0,148.0,50.543069521282185,84.0,92.0
2024-03-16,13,3,ensemble,2024-04-06,56.0,113.0,32.79994480774933,57.0,100.0
2024-03-16,13,3,baseline,2024-04-06,56.0,148.0,53.95010341077323,92.0,100.0
2024-03-16,15,1,ensemble,2024-03-23,6.0,9.5,1.8396628897172116,3.5,3.0
2024-03-16,15,1,baseline,2024-03-23,6.0,9.0,1.779597669781046,3.0,3.0
2024-03-16,15,2,ensemble,2024-03-30,7.0,9.0,1.6449513606747481,2.0,2.0
2024-03-16,15,2,baseline,2024-03-30,7.0,9.0,1.7780758713674094,2.0,2.0
2024-03-16,15,3,ensemble,2024-04-06,9.0,8.857,1.6646249135486173,0.14300000000000068,0.0
2024-03-16,15,3,baseline,2024-04-06,9.0,9.0,1.7944417159388988,0.0,0.0
2024-03-16,16,1,ensemble,2024-03-23,55.0,58.5,5.968134152251978,3.5,15.0
2024-03-16,16,1,baseline,2024-03-23,55.0,70.0,9.286270632075887,15.0,15.0
2024-03-16,16,2,ensemble,2024-03-30,45.0,54.148,7.257150157153901,9.148000000000003,25.0
2024-03-16,16,2,baseline,2024-03-30,45.0,70.0,14.944049963586595,25.0,25.0
2024-03-16,16,3,ensemble,2024-04-06,31.0,51.103,10.837771059604632,20.103,39.0
2024-03-16,16,3,baseline,2024-04-06,31.0,70.0,22.94750600532092,39.0,39.0
2024-03-16,17,1,ensemble,2024-03-23,216.0,234.5040739785358,19.95287767345526,18.504073978535814,53.0
2024-03-16,17,1,baseline,2024-03-23,216.0,266.0,30.65256482103952,50.0,53.0
2024-03-16,17,2,ensemble,2024-03-30,204.0,207.04674174121456,21.68863449346054,3.0467417412145608,65.0
2024-03-16,17,2,baseline,2024-03-30,204.0,266.0,36.88230473652564,62.0,65.0
2024-03-16,17,3,ensemble,2024-04-06,182.0,198.5,23.914409232240764,16.5,87.0
2024-03-16,17,3,baseline,2024-04-06,182.0,266.0,48.468421966654454,84.0,87.0
2024-03-16,18,1,ensemble,2024-03-23,149.0,274.09336140292623,73.3559293591377,125.09336140292623,189.0
2024-03-16,18,1,baseline,2024-03-23,149.0,332.0,133.92575645758632,183.0,189.0
2024-03-16,18,2,ensemble,2024-03-30,156.0,260.275,54.22465391382315,104.27499999999998,182.0
2024-03-16,18,2,baseline,2024-03-30,156.0,332.0,120.117466958887,176.0,182.0
2024-03-16,18,3,ensemble,2024-04-06,153.0,240.38213830398723,45.76717413520252,87.38213830398723,185.0
2024-03-16,18,3,baseline,2024-04-06,153.0,332.0,117.50199204981182,179.0,185.0
2024-03-16,19,1,ensemble,2024-03-23,94.0,145.0,28.55429462846213,51.0,84.0
2024-03-16,19,1,baseline,2024-03-23,94.0,174.0,59.821881197268496,80.0,84.0
2024-03-16,19,2,ensemble,2024-03-30,90.0,136.014993756852,24.38814758648721,46.01499375685199,88.0
2024-03-16,19,2,baseline,2024-03-30,90.0,174.0,59.13866546602423,84.0,88.0
2024-03-16,19,3,ensemble,2024-04-06,82.0,115.56377127229956,19.903069396545696,33.56377127229956,96.0
2024-03-16,19,3,baseline,2024-04-06,82.0,174.0,62.55941255312553,92.0,96.0
2024-03-16,20,1,ensemble,2024-03-23,66.0,69.5,7.270674080730167,3.5,26.0
2024-03-16,20,1,baseline,2024-03-23,66.0,88.0,13.793251656560049,22.0,26.0
2024-03-16,20,2,ensemble,2024-03-30,70.0,64.0,8.109657296543514,6.0,22.0
2024-03-16,20,2,baseline,2024-03-30,70.0,88.0,11.008023749107055,18.0,22.0
2024-03-16,20,3,ensemble,2024-04-06,42.0,62.495000000000005,11.70909930836695,20.495000000000005,50.0
2024-03-16,20,3,baseline,2024-04-06,42.0,88.0,27.986235137394857,46.0,50.0
2024-03-16,21,1,ensemble,2024-03-23,129.0,152.0,16.890973937356165,23.0,65.0
2024-03-16,21,1,baseline,2024-03-23,129.0,196.0,42.037301217794784,67.0,65.0
2024-03-16,21,2,ensemble,2024-03-30,120.0,137.1206044635266,16.47306655454872,17.120604463526604,74.0
2024-03-16,21,2,baseline,2024-03-30,120.0,196.0,45.531372186395764,76.0,74.0
2024-03-16,21,3,ensemble,2024-04-06,102.0,124.51963145992318,18.37083654165672,22.519631459923175,92.0
2024-03-16,21,3,baseline,2024-04-06,102.0,196.0,55.20476439099174,94.0,92.0
2024-03-16,22,1,ensemble,2024-03-23,33.0,45.86,7.136649585870396,12.86,22.0
2024-03-16,22,1,baseline,2024-03-23,33.0,53.0,11.57105228406632,20.0,22.0
2024-03-16,22,2,ensemble,2024-03-30,48.0,43.93271669961892,5.4413372239292315,4.067283300381078,7.0
2024-03-16,22,2,baseline,2024-03-30,48.0,53.0,7.095111180285717,5.0,7.0
2024-03-16,22,3,ensemble,2024-04-06,34.0,40.8519604705254,6.478654646487451,6.851960470525398,21.0
2024-03-16,22,3,baseline,2024-04-06,34.0,53.0,12.06426122498182,19.0,21.0
2024-03-16,23,1,ensemble,2024-03-23,26.0,39.325,7.254873397245816,13.325000000000003,24.0
2024-03-16,23,1,baseline,2024-03-23,26.0,50.0,15.401723644714707,24.0,24.0
2024-03-16,23,2,ensemble,2024-03-30,23.0,35.49888509798778,7.090734595337729,12.498885097987781,27.0
2024-03-16,23,2,baseline,2024-03-30,23.0,50.0,16.38452379234662,27.0,27.0
2024-03-16,23,3,ensemble,2024-04-06,24.0,31.597011051084703,5.632566284536384,7.597011051084703,26.0
2024-03-16,23,3,baseline,2024-04-06,24.0,50.0,15.030430128192581,26.0,26.0
2024-03-16,24,1,ensemble,2024-03-23,75.0,157.5,46.72362056937565,82.5,100.0
2024-03-16,24,1,baseline,2024-03-23,75.0,172.0,67.56157500757618,97.0,100.0
2024-03-16,24,2,ensemble,2024-03-30,76.0,144.0188140125502,35.404888683342094,68.0188140125502,99.0
2024-03-16,24,2,baseline,2024-03-30,76.0,172.0,62.422378190347125,96.0,99.0
2024-03-16,24,3,ensemble,2024-04-06,88.0,131.2540236938266,24.036909282103846,43.25402369382661,87.0
2024-03-16,24,3,baseline,2024-04-06,88.0,172.0,50.539648091437435,84.0,87.0
2024-03-16,25,1,ensemble,2024-03-23,236.0,316.5,45.13868572188999,80.5,131.0
2024-03-16,25,1,baseline,2024-03-23,236.0,403.0,114.62495647765174,167.0,131.0
2024-03-16,25,2,ensemble,2024-03-30,200.0,303.75,53.86029459191215,103.75,167.0
2024-03-16,25,2,baseline,2024-03-30,200.0,403.0,135.39646819235583,203.0,167.0
2024-03-16,25,3,ensemble,2024-04-06,214.0,276.0,38.99454448793734,62.0,153.0
2024-03-16,25,3,baseline,2024-04-06,214.0,403.0,118.22686340365576,189.0,153.0
2024-03-16,26,1,ensemble,2024-03-23,495.0,666.6175000000001,83.25676282325186,171.61750000000006,286.0
2024-03-16,26,1,baseline,2024-03-23,495.0,807.0,233.10856491399693,312.0,286.0
2024-03-16,26,2,ensemble,2024-03-30,480.0,595.70415,66.6617130187392,115.70415000000003,301.0
2024-03-16,26,2,baseline,2024-03-30,480.0,807.0,230.14722657009185,327.0,301.0
2024-03-16,26,3,ensemble,2024-04-06,412.0,503.128,64.01074688260933,91.12799999999999,369.0
2024-03-16,26,3,baseline,2024-04-06,412.0,807.0,278.9615219807416,395.0,369.0
2024-03-16,27,1,ensemble,2024-03-23,133.0,152.0,12.746746743953167,19.0,41.0
2024-03-16,27,1,baseline,2024-03-23,133.0,174.0,26.68338385688205,41.0,41.0
2024-03-16,27,2,ensemble,2024-03-30,124.0,145.87,14.939712248764616,21.870000000000005,50.0
2024-03-16,27,2,baseline,2024-03-30,124.0,174.0,30.925014143619702,50.0,50.0
2024-03-16,27,3,ensemble,2024-04-06,112.0,134.61768052307644,15.656459414078943,22.617680523076444,62.0
2024-03-16,27,3,baseline,2024-04-06,112.0,174.0,37.4512349466973,62.0,62.0
2024-03-16,28,1,ensemble,2024-03-23,48.0,69.53370000000001,11.631944810168369,21.53370000000001,15.0
2024-03-16,28,1,baseline,2024-03-23,48.0,77.0,16.915490506448542,29.0,15.0
2024-03-16,28,2,ensemble,2024-03-30,51.0,66.78919361321866,9.8862555044873,15.789193613218657,12.0
2024-03-16,28,2,baseline,2024-03-30,51.0,77.0,14.564259390463475,26.0,12.0
2024-03-16,28,3,ensemble,2024-04-06,60.0,64.205,8.503049347596885,4.204999999999998,3.0
2024-03-16,28,3,baseline,2024-04-06,60.0,77.0,11.17092495809741,17.0,3.0
2024-03-16,29,1,ensemble,2024-03-23,192.0,329.68,83.42752210079514,137.68,216.0
2024-03-16,29,1,baseline,2024-03-23,192.0,417.0,169.2748115520068,225.0,216.0
2024-03-16,29,2,ensemble,2024-03-30,193.0,316.0,62.77232634101867,123.0,215.0
2024-03-16,29,2,baseline,2024-03-30,193.0,417.0,158.13877366282358,224.0,215.0
2024-03-16,29,3,ensemble,2024-04-06,148.0,276.0,70.1782320206014,128.0,260.0
2024-03-16,29,3,baseline,2024-04-06,148.0,417.0,188.63570174032174,269.0,260.0
2024-03-16,30,1,ensemble,2024-03-23,21.0,24.75,3.4266545271640454,3.75,7.0
2024-03-16,30,1,baseline,2024-03-23,21.0,30.0,5.500277386426038,9.0,7.0
2024-03-16,30,2,ensemble,2024-03-30,29.0,21.975,4.414733368312964,7.024999999999999,1.0
2024-03-16,30,2,baseline,2024-03-30,29.0,30.0,3.2195745030276397,1.0,1.0
2024-03-16,30,3,ensemble,2024-04-06,7.0,20.03975,6.958987132270212,13.039750000000002,21.0
2024-03-16,30,3,baseline,2024-04-06,7.0,30.0,12.797234891392394,23.0,21.0
2024-03-16,31,1,ensemble,2024-03-23,61.0,82.24388401552869,10.89963282554495,21.243884015528693,29.0
2024-03-16,31,1,baseline,2024-03-23,61.0,92.0,20.3405991254043,31.0,29.0
2024-03-16,31,2,ensemble,2024-03-30,51.0,75.48494864510832,12.887315028954253,24.484948645108318,39.0
2024-03-16,31,2,baseline,2024-03-30,51.0,92.0,26.523178540394106,41.0,39.0
2024-03-16,31,3,ensemble,2024-04-06,55.0,66.3999237988748,8.676838816000474,11.399923798874795,35.0
2024-03-16,31,3,baseline,2024-04-06,55.0,92.0,22.403527075292494,37.0,35.0
2024-03-16,32,1,ensemble,2024-03-23,41.0,38.0,4.673681375093309,3.0,2.0
2024-03-16,32,1,baseline,2024-03-23,41.0,42.0,4.511670521118255,1.0,2.0
2024-03-16,32,2,ensemble,2024-03-30,26.0,36.0,6.138214793547339,10.0,17.0
2024-03-16,32,2,baseline,2024-03-30,26.0,42.0,9.807456551674212,16.0,17.0
2024-03-16,32,3,ensemble,2024-04-06,35.0,34.103488696630635,5.37964183160956,0.8965113033693655,8.0
2024-03-16,32,3,baseline,2024-04-06,35.0,42.0,8.282119556912962,7.0,8.0
2024-03-16,33,1,ensemble,2024-03-23,25.0,30.0,3.3470127411866137,5.0,8.0
2024-03-16,33,1,baseline,2024-03-23,25.0,33.0,4.692637688333406,8.0,8.0
2024-03-16,33,2,ensemble,2024-03-30,17.0,28.038825,5.9023375834112075,11.038825,16.0
2024-03-16,33,2,baseline,2024-03-30,17.0,33.0,9.352601964084856,16.0,16.0
2024-03-16,33,3,ensemble,2024-04-06,16.0,26.52778366881185,5.729006434949462,10.52778366881185,17.0
2024-03-16,33,3,baseline,2024-04-06,16.0,33.0,9.601114180185276,17.0,17.0
2024-03-16,34,1,ensemble,2024-03-23,181.0,237.0,30.491001092256873,56.0,91.0
2024-03-16,34,1,baseline,2024-03-23,181.0,283.0,63.128974544745454,102.0,91.0
2024-03-16,34,2,ensemble,2024-03-30,188.0,217.44986629486084,24.038985927225987,29.44986629486084,84.0
2024-03-16,34,2,baseline,2024-03-30,188.0,283.0,54.76805267965723,95.0,84.0
2024-03-16,34,3,ensemble,2024-04-06,168.0,199.0,27.463459213819004,31.0,104.0
2024-03-16,34,3,baseline,2024-04-06,168.0,283.0,64.90122762225448,115.0,104.0
2024-03-16,35,1,ensemble,2024-03-23,57.0,67.9982291152042,8.144198814379395,10.998229115204197,20.0
2024-03-16,35,1,baseline,2024-03-23,57.0,76.0,11.385636590561557,19.0,20.0
2024-03-16,35,2,ensemble,2024-03-30,36.0,62.90847718306067,15.500222583524325,26.90847718306067,41.0
2024-03-16,35,2,baseline,2024-03-30,36.0,76.0,23.280098637029848,40.0,41.0
2024-03-16,35,3,ensemble,2024-04-06,41.0,62.0,12.271659807622957,21.0,36.0
2024-03-16,35,3,baseline,2024-04-06,41.0,76.0,19.753860835586615,35.0,36.0
2024-03-16,36,1,ensemble,2024-03-23,357.0,453.47624575645744,59.570745505971566,96.47624575645744,239.0
2024-03-16,36,1,baseline,2024-03-23,357.0,579.0,139.87078141961854,222.0,239.0
2024-03-16,36,2,ensemble,2024-03-30,392.0,389.2997896102827,44.06996408209867,2.700210389717313,204.0
2024-03-16,36,2,baseline,2024-03-30,392.0,579.0,107.49313563872596,187.0,204.0
2024-03-16,36,3,ensemble,2024-04-06,411.0,367.5,51.46620008369546,43.5,185.0
2024-03-16,36,3,baseline,2024-04-06,411.0,579.0,93.4732158550064,168.0,185.0
2024-03-16,37,1,ensemble,2024-03-23,83.0,116.74971303037204,17.555272325431094,33.749713030372035,49.0
2024-03-16,37,1,baseline,2024-03-23,83.0,132.0,29.865799622604918,49.0,49.0
2024-03-16,37,2,ensemble,2024-03-30,88.0,109.74561777807858,15.828799207659877,21.745617778078582,44.0
2024-03-16,37,2,baseline,2024-03-30,88.0,132.0,27.177339966312704,44.0,44.0
2024-03-16,37,3,ensemble,2024-04-06,77.0,97.09,17.30705480077689,20.090000000000003,55.0
2024-03-16,37,3,baseline,2024-04-06,77.0,132.0,33.06294592732884,55.0,55.0
2024-03-16,38,1,ensemble,2024-03-23,20.0,16.625356018543243,2.284573346345454,3.3746439814567566,1.0
2024-03-16,38,1,baseline,2024-03-23,20.0,21.0,1.4788458689369508,1.0,1.0
2024-03-16,38,2,ensemble,2024-03-30,31.0,15.624518143856156,9.052286151693249,15.375481856143844,10.0
2024-03-16,38,2,baseline,2024-03-30,31.0,21.0,5.6440192081268625,10.0,10.0
2024-03-16,38,3,ensemble,2024-04-06,19.0,14.503868997097015,2.915316255835219,4.496131002902985,2.0
2024-03-16,38,3,baseline,2024-04-06,19.0,21.0,2.522249910868673,2.0,2.0
2024-03-16,39,1,ensemble,2024-03-23,266.0,493.0,128.17499873878089,227.0,357.0
2024-03-16,39,1,baseline,2024-03-23,266.0,580.0,243.63023140446623,314.0,357.0
2024-03-16,39,2,ensemble,2024-03-30,244.0,457.365,110.79899918858256,213.365,379.0
2024-03-16,39,2,baseline,2024-03-30,244.0,580.0,251.89415536944506,336.0,379.0
2024-03-16,39,3,ensemble,2024-04-06,269.0,404.8576845405496,74.9958923403319,135.8576845405496,354.0
2024-03-16,39,3,baseline,2024-04-06,269.0,580.0,218.28722127560408,311.0,354.0
2024-03-16,40,1,ensemble,2024-03-23,94.0,131.53285719844956,21.34761035573157,37.53285719844956,87.0
2024-03-16,40,1,baseline,2024-03-23,94.0,182.0,56.314146542595864,88.0,87.0
2024-03-16,40,2,ensemble,2024-03-30,91.0,122.7,20.041865390078065,31.700000000000003,90.0
2024-03-16,40,2,baseline,2024-03-30,91.0,182.0,54.718390331968564,91.0,90.0
2024-03-16,40,3,ensemble,2024-04-06,63.0,112.22761890250028,27.406945745659435,49.22761890250028,118.0
2024-03-16,40,3,baseline,2024-04-06,63.0,182.0,71.12704125167339,119.0,118.0
2024-03-16,41,1,ensemble,2024-03-23,97.0,68.00856585760918,14.295927871957153,28.991434142390816,18.0
2024-03-16,41,1,baseline,2024-03-23,97.0,78.0,12.208060004991353,19.0,18.0
2024-03-16,41,2,ensemble,2024-03-30,64.0,65.0,8.456892500015492,1.0,15.0
2024-03-16,41,2,baseline,2024-03-30,64.0,78.0,10.05547111155894,14.0,15.0
2024-03-16,41,3,ensemble,2024-04-06,51.0,63.0,9.185195329053013,12.0,28.0
2024-03-16,41,3,baseline,2024-04-06,51.0,78.0,16.986560401495318,27.0,28.0
2024-03-16,42,1,ensemble,2024-03-23,347.0,448.8142681008554,56.97129052713108,101.81426810085537,164.0
2024-03-16,42,1,baseline,2024-03-23,347.0,510.0,106.57274686142514,163.0,164.0
2024-03-16,42,2,ensemble,2024-03-30,268.0,415.0,80.06394865768642,147.0,243.0
2024-03-16,42,2,baseline,2024-03-30,268.0,510.0,156.4560781016941,242.0,243.0
2024-03-16,42,3,ensemble,2024-04-06,258.0,374.5915215844065,66.31641621957104,116.59152158440651,253.0
2024-03-16,42,3,baseline,2024-04-06,258.0,510.0,155.1276748290527,252.0,253.0
2024-03-16,44,1,ensemble,2024-03-23,14.0,20.2475,3.444291797161406,6.247499999999999,10.0
2024-03-16,44,1,baseline,2024-03-23,14.0,24.0,6.220634966154011,10.0,10.0
2024-03-16,44,2,ensemble,2024-03-30,14.0,18.346842467599565,2.9560651217500515,4.346842467599565,10.0
2024-03-16,44,2,baseline,2024-03-30,14.0,24.0,5.876601528167455,10.0,10.0
2024-03-16,44,3,ensemble,2024-04-06,16.0,17.7082270210506,2.2761695978050307,1.7082270210506003,8.0
2024-03-16,44,3,baseline,2024-04-06,16.0,24.0,4.505281488988804,8.0,8.0
2024-03-16,45,1,ensemble,2024-03-23,67.0,81.45750000000001,9.608667396854898,14.45750000000001,30.0
2024-03-16,45,1,baseline,2024-03-23,67.0,97.0,18.217020143157953,30.0,30.0
2024-03-16,45,2,ensemble,2024-03-30,63.0,77.75823595046998,10.880135341395935,14.758235950469981,34.0
2024-03-16,45,2,baseline,2024-03-30,63.0,97.0,20.21172759081939,34.0,34.0
2024-03-16,45,3,ensemble,2024-04-06,44.0,75.6556729420258,16.498626930229115,31.655672942025802,53.0
2024-03-16,45,3,baseline,2024-04-06,44.0,97.0,30.643984189537544,53.0,53.0
2024-03-16,46,1,ensemble,2024-03-23,59.0,34.81605702960823,13.999987005219237,24.18394297039177,22.0
2024-03-16,46,1,baseline,2024-03-23,59.0,39.0,12.806530409151913,20.0,22.0
2024-03-16,46,2,ensemble,2024-03-30,33.0,34.0,3.5479296928756505,1.0,4.0
2024-03-16,46,2,baseline,2024-03-30,33.0,39.0,3.7065200018304534,6.0,4.0
2024-03-16,46,3,ensemble,2024-04-06,37.0,32.26323485294925,4.044375792747361,4.736765147050747,0.0
2024-03-16,46,3,baseline,2024-04-06,37.0,39.0,3.1653555516207343,2.0,0.0
2024-03-16,47,1,ensemble,2024-03-23,128.0,153.298117821833,18.397492975068527,25.29811782183299,60.0
2024-03-16,47,1,baseline,2024-03-23,128.0,177.0,29.713703733580815,49.0,60.0
2024-03-16,47,2,ensemble,2024-03-30,86.0,140.53324405702233,30.288487150700977,54.53324405702233,102.0
2024-03-16,47,2,baseline,2024-03-30,86.0,177.0,55.00906570139614,91.0,102.0
2024-03-16,47,3,ensemble,2024-04-06,102.0,131.18627562346364,20.997948709489986,29.186275623463644,86.0
2024-03-16,47,3,baseline,2024-04-06,102.0,177.0,42.84257432941722,75.0,86.0
2024-03-16,48,1,ensemble,2024-03-23,339.0,378.93079445288,34.892827360985486,39.93079445287998,148.0
2024-03-16,48,1,baseline,2024-03-23,339.0,485.0,83.20593392716535,146.0,148.0
2024-03-16,48,2,ensemble,2024-03-30,301.0,334.0322987432929,37.808199181084724,33.03229874329293,186.0
2024-03-16,48,2,baseline,2024-03-30,301.0,485.0,102.00538966515747,184.0,186.0
2024-03-16,48,3,ensemble,2024-04-06,247.0,321.211801445872,45.49840855899785,74.21180144587203,240.0
2024-03-16,48,3,baseline,2024-04-06,247.0,485.0,130.16899522849573,238.0,240.0
2024-03-16,49,1,ensemble,2024-03-23,12.0,13.0,1.6477636762302799,1.0,2.0
2024-03-16,49,1,baseline,2024-03-23,12.0,14.0,2.027784217581307,2.0,2.0
2024-03-16,49,2,ensemble,2024-03-30,11.0,13.0,2.0284535627456948,2.0,3.0
2024-03-16,49,2,baseline,2024-03-30,11.0,14.0,2.789893476673899,3.0,3.0
2024-03-16,49,3,ensemble,2024-04-06,5.0,13.35,4.40539016045801,8.35,9.0
2024-03-16,49,3,baseline,2024-04-06,5.0,14.0,5.0125860042296075,9.0,9.0
2024-03-16,50,1,ensemble,2024-03-23,18.0,24.59,3.6980346227849092,6.59,11.0
2024-03-16,50,1,baseline,2024-03-23,18.0,28.0,6.5939080931244085,10.0,11.0
2024-03-16,50,2,ensemble,2024-03-30,15.0,23.3997887025228,4.530622500180363,8.399788702522802,14.0
2024-03-16,50,2,baseline,2024-03-30,15.0,28.0,8.419186669497131,13.0,14.0
2024-03-16,50,3,ensemble,2024-04-06,9.0,21.666338401523017,6.982873046384765,12.666338401523017,20.0
2024-03-16,50,3,baseline,2024-04-06,9.0,28.0,12.567380318216225,19.0,20.0
2024-03-16,51,1,ensemble,2024-03-23,141.0,192.1863451333566,27.064327374594868,51.18634513335661,60.0
2024-03-16,51,1,baseline,2024-03-23,141.0,208.0,41.941945130951304,67.0,60.0
2024-03-16,51,2,ensemble,2024-03-30,111.0,180.1780584471356,37.25385153822325,69.17805844713561,90.0
2024-03-16,51,2,baseline,2024-03-30,111.0,208.0,58.64147496231486,97.0,90.0
2024-03-16,51,3,ensemble,2024-04-06,157.0,164.11582756101254,20.61399291043913,7.115827561012537,44.0
2024-03-16,51,3,baseline,2024-04-06,157.0,208.0,30.355634591693725,51.0,44.0
2024-03-16,53,1,ensemble,2024-03-23,81.0,51.41554312069017,16.22837237402568,29.584456879309833,25.0
2024-03-16,53,1,baseline,2024-03-23,81.0,58.0,13.570161755791469,23.0,25.0
2024-03-16,53,2,ensemble,2024-03-30,56.0,47.43251368028483,6.723815323669122,8.567486319715172,0.0
2024-03-16,53,2,baseline,2024-03-30,56.0,58.0,8.110917317629703,2.0,0.0
2024-03-16,53,3,ensemble,2024-04-06,43.0,45.46954129923206,7.0904870832115385,2.4695412992320627,13.0
2024-03-16,53,3,baseline,2024-04-06,43.0,58.0,12.267150191414999,15.0,13.0
2024-03-16,54,1,ensemble,2024-03-23,80.0,127.22167154995928,24.53796597483539,47.22167154995928,63.0
2024-03-16,54,1,baseline,2024-03-23,80.0,143.0,43.341542393532634,63.0,63.0
2024-03-16,54,2,ensemble,2024-03-30,71.0,112.72372528546416,21.667115115299914,41.723725285464155,72.0
2024-03-16,54,2,baseline,2024-03-30,71.0,143.0,47.68284400863574,72.0,72.0
2024-03-16,54,3,ensemble,2024-04-06,68.0,106.02575,20.541944194043225,38.02575,75.0
2024-03-16,54,3,baseline,2024-04-06,68.0,143.0,47.56456740126097,75.0,75.0
2024-03-16,55,1,ensemble,2024-03-23,133.0,166.29125,19.157539713195536,33.29124999999999,65.0
2024-03-16,55,1,baseline,2024-03-23,133.0,198.0,43.26558407305813,65.0,65.0
2024-03-16,55,2,ensemble,2024-03-30,126.0,158.02375,18.773154793652925,32.02375000000001,72.0
2024-03-16,55,2,baseline,2024-03-30,126.0,198.0,45.5996441620938,72.0,72.0
2024-03-16,55,3,ensemble,2024-04-06,125.0,147.0735,17.375458306604877,22.073499999999996,73.0
2024-03-16,55,3,baseline,2024-04-06,125.0,198.0,43.98693740559143,73.0,73.0
2024-03-16,56,1,ensemble,2024-03-23,5.0,12.215,4.55735383564375,7.215,10.0
2024-03-16,56,1,baseline,2024-03-23,5.0,15.0,6.136004750547506,10.0,10.0
2024-03-16,56,2,ensemble,2024-03-30,11.0,11.768599782164577,1.9694312232456497,0.7685997821645767,4.0
2024-03-16,56,2,baseline,2024-03-30,11.0,15.0,2.844496347724346,4.0,4.0
2024-03-16,56,3,ensemble,2024-04-06,7.0,10.07285578887058,2.3601705621554445,3.07285578887058,8.0
2024-03-16,56,3,baseline,2024-04-06,7.0,15.0,4.7826458208277725,8.0,8.0
2024-03-23,01,1,ensemble,2024-03-30,61.0,68.61074362102813,7.054919485322392,7.610743621028135,20.0
2024-03-23,01,1,baseline,2024-03-30,61.0,81.0,11.904672543725434,20.0,20.0
2024-03-23,01,2,ensemble,2024-04-06,39.0,65.666,13.859984375124725,26.665999999999997,42.0
2024-03-23,01,2,baseline,2024-04-06,39.0,81.0,24.032633305115663,42.0,42.0
2024-03-23,01,3,ensemble,2024-04-13,19.0,61.448,23.51991714300682,42.448,62.0
2024-03-23,01,3,baseline,2024-04-13,19.0,81.0,35.61222867124323,62.0,62.0
2024-03-23,02,1,ensemble,2024-03-30,8.0,6.0,1.338539916583761,2.0,1.0
2024-03-23,02,1,baseline,2024-03-30,8.0,8.0,1.3059768848775446,0.0,1.0
2024-03-23,02,2,ensemble,2024-04-06,7.0,6.0,1.275561323665827,1.0,2.0
2024-03-23,02,2,baseline,2024-04-06,7.0,8.0,1.7493796383616012,1.0,2.0
2024-03-23,02,3,ensemble,2024-04-13,8.0,6.0,1.5023219062608348,2.0,1.0
2024-03-23,02,3,baseline,2024-04-13,8.0,8.0,1.9950158757674508,0.0,1.0
2024-03-23,04,1,ensemble,2024-03-30,97.0,115.63,14.630195748268864,18.629999999999995,37.0
2024-03-23,04,1,baseline,2024-03-30,97.0,134.0,23.814489743962657,37.0,37.0
2024-03-23,04,2,ensemble,2024-04-06,84.0,110.0,17.32133636823219,26.0,50.0
2024-03-23,04,2,baseline,2024-04-06,84.0,134.0,31.60102056887961,50.0,50.0
2024-03-23,04,3,ensemble,2024-04-13,88.0,102.0,16.412703829380234,14.0,46.0
2024-03-23,04,3,baseline,2024-04-13,88.0,134.0,32.089354236390186,46.0,46.0
2024-03-23,05,1,ensemble,2024-03-30,82.0,144.9515075683594,36.77686651164267,62.9515075683594,116.0
2024-03-23,05,1,baseline,2024-03-30,82.0,188.0,77.16192629713254,106.0,116.0
2024-03-23,05,2,ensemble,2024-04-06,60.0,132.69,41.41667486593496,72.69,138.0
2024-03-23,05,2,baseline,2024-04-06,60.0,188.0,91.67128448936664,128.0,138.0
2024-03-23,05,3,ensemble,2024-04-13,47.0,111.09,36.40581988598479,64.09,151.0
2024-03-23,05,3,baseline,2024-04-13,47.0,188.0,98.92166793804893,141.0,151.0
2024-03-23,06,1,ensemble,2024-03-30,181.0,156.0,20.46516548063811,25.0,8.0
2024-03-23,06,1,baseline,2024-03-30,181.0,185.0,24.521715870006545,4.0,8.0
2024-03-23,06,2,ensemble,2024-04-06,150.0,153.0,22.927370474080288,3.0,39.0
2024-03-23,06,2,baseline,2024-04-06,150.0,185.0,40.49592640419883,35.0,39.0
2024-03-23,06,3,ensemble,2024-04-13,178.0,143.78,29.491588175151843,34.22,11.0
2024-03-23,06,3,baseline,2024-04-13,178.0,185.0,47.02119621165776,7.0,11.0
2024-03-23,08,1,ensemble,2024-03-30,68.0,73.75,7.8359301196744395,5.75,28.0
2024-03-23,08,1,baseline,2024-03-30,68.0,94.0,14.942272589204151,26.0,28.0
2024-03-23,08,2,ensemble,2024-04-06,49.0,67.86,11.390983468744789,18.86,47.0
2024-03-23,08,2,baseline,2024-04-06,49.0,94.0,24.838975295405124,45.0,47.0
2024-03-23,08,3,ensemble,2024-04-13,55.0,63.5,10.218599802761988,8.5,41.0
2024-03-23,08,3,baseline,2024-04-13,55.0,94.0,21.553584576063155,39.0,41.0
2024-03-23,09,1,ensemble,2024-03-30,89.0,83.0,8.579844411867667,6.0,11.0
2024-03-23,09,1,baseline,2024-03-30,89.0,99.0,7.327076657853531,10.0,11.0
2024-03-23,09,2,ensemble,2024-04-06,88.0,79.69395,9.773794653457001,8.306049999999999,12.0
2024-03-23,09,2,baseline,2024-04-06,88.0,99.0,9.062541794439683,11.0,12.0
2024-03-23,09,3,ensemble,2024-04-13,62.0,68.0,9.939034159987715,6.0,38.0
2024-03-23,09,3,baseline,2024-04-13,62.0,99.0,20.586480265672222,37.0,38.0
2024-03-23,10,1,ensemble,2024-03-30,15.0,16.187,2.0706902714356024,1.1870000000000012,3.0
2024-03-23,10,1,baseline,2024-03-30,15.0,18.0,2.1483495966264003,3.0,3.0
2024-03-23,10,2,ensemble,2024-04-06,19.0,14.173,2.7407943748938446,4.827,1.0
2024-03-23,10,2,baseline,2024-04-06,19.0,18.0,2.172337292394663,1.0,1.0
2024-03-23,10,3,ensemble,2024-04-13,7.0,13.493,3.6164686956521734,6.493,11.0
2024-03-23,10,3,baseline,2024-04-13,7.0,18.0,6.225797141862722,11.0,11.0
2024-03-23,11,1,ensemble,2024-03-30,18.0,15.0,2.138748530809415,3.0,4.0
2024-03-23,11,1,baseline,2024-03-30,18.0,14.0,2.3581570887882792,4.0,4.0
2024-03-23,11,2,ensemble,2024-04-06,23.0,14.07,4.8108417176458484,8.93,9.0
2024-03-23,11,2,baseline,2024-04-06,23.0,14.0,5.061783976709332,9.0,9.0
2024-03-23,11,3,ensemble,2024-04-13,17.0,12.94685,2.4927107896921363,4.0531500000000005,3.0
2024-03-23,11,3,baseline,2024-04-13,17.0,14.0,2.4814834268777477,3.0,3.0
2024-03-23,12,1,ensemble,2024-03-30,404.0,446.0,34.21878927083175,42.0,128.0
2024-03-23,12,1,baseline,2024-03-30,404.0,510.0,59.32317599139037,106.0,128.0
2024-03-23,12,2,ensemble,2024-04-06,314.0,406.0,52.82961562413794,92.0,218.0
2024-03-23,12,2,baseline,2024-04-06,314.0,510.0,112.4723335732705,196.0,218.0
2024-03-23,12,3,ensemble,2024-04-13,328.0,371.0,44.6659822905001,43.0,204.0
2024-03-23,12,3,baseline,2024-04-13,328.0,510.0,99.80482900644225,182.0,204.0
2024-03-23,13,1,ensemble,2024-03-30,64.0,79.2,10.24005370146342,15.200000000000003,42.0
2024-03-23,13,1,baseline,2024-03-30,64.0,103.0,22.86495646312984,39.0,42.0
2024-03-23,13,2,ensemble,2024-04-06,56.0,70.32,11.872550519855798,14.319999999999993,50.0
2024-03-23,13,2,baseline,2024-04-06,56.0,103.0,27.0262867521284,47.0,50.0
2024-03-23,13,3,ensemble,2024-04-13,54.0,60.7,11.173053691991822,6.700000000000003,52.0
2024-03-23,13,3,baseline,2024-04-13,54.0,103.0,28.287713289024197,49.0,52.0
2024-03-23,15,1,ensemble,2024-03-30,7.0,14.0,3.8273556902253842,7.0,11.0
2024-03-23,15,1,baseline,2024-03-30,7.0,18.0,6.8376275932107164,11.0,11.0
2024-03-23,15,2,ensemble,2024-04-06,9.0,14.0,2.863419250689585,5.0,9.0
2024-03-23,15,2,baseline,2024-04-06,9.0,18.0,5.031173674715007,9.0,9.0
2024-03-23,15,3,ensemble,2024-04-13,12.0,13.0515,1.9677567823692128,1.0515000000000008,6.0
2024-03-23,15,3,baseline,2024-04-13,12.0,18.0,3.3706421981176335,6.0,6.0
2024-03-23,16,1,ensemble,2024-03-30,45.0,54.565,6.670206974829768,9.564999999999998,23.0
2024-03-23,16,1,baseline,2024-03-30,45.0,68.0,14.523139901094662,23.0,23.0
2024-03-23,16,2,ensemble,2024-04-06,31.0,52.0,11.088131577857043,21.0,37.0
2024-03-23,16,2,baseline,2024-04-06,31.0,68.0,22.772589736288666,37.0,37.0
2024-03-23,16,3,ensemble,2024-04-13,12.0,49.65456619262696,20.401508027999753,37.65456619262696,56.0
2024-03-23,16,3,baseline,2024-04-13,12.0,68.0,34.267998225112684,56.0,56.0
2024-03-23,17,1,ensemble,2024-03-30,204.0,226.9164018611424,19.50073823637273,22.91640186114239,54.0
2024-03-23,17,1,baseline,2024-03-30,204.0,254.0,30.55503044534794,50.0,54.0
2024-03-23,17,2,ensemble,2024-04-06,182.0,206.3364,23.756025899250172,24.336399999999998,76.0
2024-03-23,17,2,baseline,2024-04-06,182.0,254.0,42.524475950216036,72.0,76.0
2024-03-23,17,3,ensemble,2024-04-13,186.0,206.2260155748902,24.27394304517386,20.226015574890198,72.0
2024-03-23,17,3,baseline,2024-04-13,186.0,254.0,40.373129743993104,68.0,72.0
2024-03-23,18,1,ensemble,2024-03-30,156.0,203.0,25.41604052300723,47.0,99.0
2024-03-23,18,1,baseline,2024-03-30,156.0,256.0,66.60412689822552,100.0,99.0
2024-03-23,18,2,ensemble,2024-04-06,153.0,182.0,21.332790527343615,29.0,102.0
2024-03-23,18,2,baseline,2024-04-06,153.0,256.0,64.95804467051194,103.0,102.0
2024-03-23,18,3,ensemble,2024-04-13,104.0,174.0,34.66955121242793,70.0,151.0
2024-03-23,18,3,baseline,2024-04-13,104.0,256.0,96.90889687194698,152.0,151.0
2024-03-23,19,1,ensemble,2024-03-30,90.0,87.0,7.484736205695333,3.0,25.0
2024-03-23,19,1,baseline,2024-03-30,90.0,118.0,18.350639251392526,28.0,25.0
2024-03-23,19,2,ensemble,2024-04-06,82.0,72.05882534388219,9.49294418747778,9.94117465611781,33.0
2024-03-23,19,2,baseline,2024-04-06,82.0,118.0,22.475271145276675,36.0,33.0
2024-03-23,19,3,ensemble,2024-04-13,63.0,61.654,8.836188875793441,1.3459999999999965,52.0
2024-03-23,19,3,baseline,2024-04-13,63.0,118.0,34.43860531927059,55.0,52.0
2024-03-23,20,1,ensemble,2024-03-30,70.0,83.0,9.514933331838614,13.0,33.0
2024-03-23,20,1,baseline,2024-03-30,70.0,105.0,23.30107417598089,35.0,33.0
2024-03-23,20,2,ensemble,2024-04-06,42.0,79.6,20.556128715104965,37.599999999999994,61.0
2024-03-23,20,2,baseline,2024-04-06,42.0,105.0,41.948134856826826,63.0,61.0
2024-03-23,20,3,ensemble,2024-04-13,27.0,70.91,24.333378279120552,43.91,76.0
2024-03-23,20,3,baseline,2024-04-13,27.0,105.0,51.13478875951804,78.0,76.0
2024-03-23,21,1,ensemble,2024-03-30,120.0,117.5,12.52259381606203,2.5,22.0
2024-03-23,21,1,baseline,2024-03-30,120.0,149.0,17.80943270254441,29.0,22.0
2024-03-23,21,2,ensemble,2024-04-06,102.0,99.744344776579,13.162289125151991,2.2556552234210017,40.0
2024-03-23,21,2,baseline,2024-04-06,102.0,149.0,27.483280101192324,47.0,40.0
2024-03-23,21,3,ensemble,2024-04-13,67.0,96.1365,17.858563429287248,29.136499999999998,75.0
2024-03-23,21,3,baseline,2024-04-13,67.0,149.0,47.11305899450299,82.0,75.0
2024-03-23,22,1,ensemble,2024-03-30,48.0,33.0,8.190973688142952,15.0,8.0
2024-03-23,22,1,baseline,2024-03-30,48.0,40.0,6.018370341225151,8.0,8.0
2024-03-23,22,2,ensemble,2024-04-06,34.0,34.0,4.552197930076175,0.0,6.0
2024-03-23,22,2,baseline,2024-04-06,34.0,40.0,6.996794928297107,6.0,6.0
2024-03-23,22,3,ensemble,2024-04-13,30.0,29.73743530702001,5.356759606047637,0.2625646929799892,10.0
2024-03-23,22,3,baseline,2024-04-13,30.0,40.0,9.172486823824762,10.0,10.0
2024-03-23,23,1,ensemble,2024-03-30,23.0,25.0,3.0721075461721123,2.0,10.0
2024-03-23,23,1,baseline,2024-03-30,23.0,33.0,5.985104989332503,10.0,10.0
2024-03-23,23,2,ensemble,2024-04-06,24.0,22.1,3.630047051534124,1.8999999999999986,9.0
2024-03-23,23,2,baseline,2024-04-06,24.0,33.0,5.585992131551751,9.0,9.0
2024-03-23,23,3,ensemble,2024-04-13,15.0,20.138,3.8100758050321097,5.138000000000002,18.0
2024-03-23,23,3,baseline,2024-04-13,15.0,33.0,10.098078393283936,18.0,18.0
2024-03-23,24,1,ensemble,2024-03-30,76.0,87.1025,8.512387271273258,11.102500000000006,38.0
2024-03-23,24,1,baseline,2024-03-30,76.0,114.0,23.030038693799977,38.0,38.0
2024-03-23,24,2,ensemble,2024-04-06,88.0,78.852,8.522685973664851,9.147999999999996,26.0
2024-03-23,24,2,baseline,2024-04-06,88.0,114.0,15.704109750945337,26.0,26.0
2024-03-23,24,3,ensemble,2024-04-13,55.0,70.7,10.702052688084919,15.700000000000003,59.0
2024-03-23,24,3,baseline,2024-04-13,55.0,114.0,32.99095202745505,59.0,59.0
2024-03-23,25,1,ensemble,2024-03-30,200.0,254.0,31.427131639794542,54.0,102.0
2024-03-23,25,1,baseline,2024-03-30,200.0,331.0,84.9055244095267,131.0,102.0
2024-03-23,25,2,ensemble,2024-04-06,214.0,248.0,28.086987175040644,34.0,88.0
2024-03-23,25,2,baseline,2024-04-06,214.0,331.0,69.6259412649996,117.0,88.0
2024-03-23,25,3,ensemble,2024-04-13,168.0,219.0,32.15084429876849,51.0,134.0
2024-03-23,25,3,baseline,2024-04-13,168.0,331.0,98.59992682563781,163.0,134.0
2024-03-23,26,1,ensemble,2024-03-30,480.0,342.73512578966177,69.4365425666097,137.26487421033823,57.0
2024-03-23,26,1,baseline,2024-03-30,480.0,523.0,27.630064656842215,43.0,57.0
2024-03-23,26,2,ensemble,2024-04-06,412.0,283.22494627716065,63.51507410057826,128.77505372283935,125.0
2024-03-23,26,2,baseline,2024-04-06,412.0,523.0,66.30429100451873,111.0,125.0
2024-03-23,26,3,ensemble,2024-04-13,297.0,249.2437542556348,40.07204411308153,47.7562457443652,240.0
2024-03-23,26,3,baseline,2024-04-13,297.0,523.0,139.5597909477573,226.0,240.0
2024-03-23,27,1,ensemble,2024-03-30,124.0,142.0,11.533382258341886,18.0,40.0
2024-03-23,27,1,baseline,2024-03-30,124.0,164.0,25.89045913300438,40.0,40.0
2024-03-23,27,2,ensemble,2024-04-06,112.0,133.31043669493505,13.41089356112053,21.31043669493505,52.0
2024-03-23,27,2,baseline,2024-04-06,112.0,164.0,32.20293739743919,52.0,52.0
2024-03-23,27,3,ensemble,2024-04-13,79.0,120.43196758561298,22.005358086568936,41.43196758561298,85.0
2024-03-23,27,3,baseline,2024-04-13,79.0,164.0,53.53044066338489,85.0,85.0
2024-03-23,28,1,ensemble,2024-03-30,51.0,49.05696968683689,5.22952362113448,1.9430303131631135,9.0
2024-03-23,28,1,baseline,2024-03-30,51.0,58.0,5.81017664939693,7.0,9.0
2024-03-23,28,2,ensemble,2024-04-06,60.0,46.0,8.08781770070672,14.0,0.0
2024-03-23,28,2,baseline,2024-04-06,60.0,58.0,6.612448505898102,2.0,0.0
2024-03-23,28,3,ensemble,2024-04-13,38.0,44.0,6.53651828037077,6.0,22.0
2024-03-23,28,3,baseline,2024-04-13,38.0,58.0,12.114125443471824,20.0,22.0
2024-03-23,29,1,ensemble,2024-03-30,193.0,250.835,31.94071474667194,57.83500000000001,88.0
2024-03-23,29,1,baseline,2024-03-30,193.0,332.0,96.9770233243854,139.0,88.0
2024-03-23,29,2,ensemble,2024-04-06,148.0,218.81429917007245,38.783409454042875,70.81429917007245,133.0
2024-03-23,29,2,baseline,2024-04-06,148.0,332.0,124.9134069604392,184.0,133.0
2024-03-23,29,3,ensemble,2024-04-13,108.0,196.6,47.36497178191628,88.6,173.0
2024-03-23,29,3,baseline,2024-04-13,108.0,332.0,150.56487923203147,224.0,173.0
2024-03-23,30,1,ensemble,2024-03-30,29.0,28.231801345944405,3.579881359483481,0.7681986540555954,7.0
2024-03-23,30,1,baseline,2024-03-30,29.0,36.0,4.450852780788677,7.0,7.0
2024-03-23,30,2,ensemble,2024-04-06,7.0,26.242539624159,10.590126503263672,19.242539624159,29.0
2024-03-23,30,2,baseline,2024-04-06,7.0,36.0,17.38915390449557,29.0,29.0
2024-03-23,30,3,ensemble,2024-04-13,9.0,22.22,7.682360444532287,13.219999999999999,27.0
2024-03-23,30,3,baseline,2024-04-13,9.0,36.0,15.331159079329924,27.0,27.0
2024-03-23,31,1,ensemble,2024-03-30,51.0,61.0,6.118539845699951,10.0,18.0
2024-03-23,31,1,baseline,2024-03-30,51.0,73.0,13.600097239472394,22.0,18.0
2024-03-23,31,2,ensemble,2024-04-06,55.0,56.0,5.062645944236244,1.0,14.0
2024-03-23,31,2,baseline,2024-04-06,55.0,73.0,10.207963953183013,18.0,14.0
2024-03-23,31,3,ensemble,2024-04-13,46.0,50.42,6.159858743080141,4.420000000000002,23.0
2024-03-23,31,3,baseline,2024-04-13,46.0,73.0,15.419676619005326,27.0,23.0
2024-03-23,32,1,ensemble,2024-03-30,26.0,32.641857219219425,5.014195132029249,6.641857219219425,12.0
2024-03-23,32,1,baseline,2024-03-30,26.0,38.0,7.407554805113272,12.0,12.0
2024-03-23,32,2,ensemble,2024-04-06,35.0,31.0,4.789208695652174,4.0,3.0
2024-03-23,32,2,baseline,2024-04-06,35.0,38.0,6.221930164019031,3.0,3.0
2024-03-23,32,3,ensemble,2024-04-13,24.0,29.0,5.093422442111327,5.0,14.0
2024-03-23,32,3,baseline,2024-04-13,24.0,38.0,9.85546205325097,14.0,14.0
2024-03-23,33,1,ensemble,2024-03-30,17.0,33.525512204746605,9.200392010346379,16.525512204746605,21.0
2024-03-23,33,1,baseline,2024-03-30,17.0,38.0,13.730469010342276,21.0,21.0
2024-03-23,33,2,ensemble,2024-04-06,16.0,33.27354532269968,8.665006606437393,17.273545322699682,22.0
2024-03-23,33,2,baseline,2024-04-06,16.0,38.0,13.61679227620537,22.0,22.0
2024-03-23,33,3,ensemble,2024-04-13,14.0,29.8,8.46022929826087,15.8,24.0
2024-03-23,33,3,baseline,2024-04-13,14.0,38.0,14.320811666986236,24.0,24.0
2024-03-23,34,1,ensemble,2024-03-30,188.0,178.0518903541565,15.795619777741585,9.948109645843488,34.0
2024-03-23,34,1,baseline,2024-03-30,188.0,214.0,17.567991504371555,26.0,34.0
2024-03-23,34,2,ensemble,2024-04-06,168.0,154.1695,17.626127060998336,13.8305,54.0
2024-03-23,34,2,baseline,2024-04-06,168.0,214.0,28.228645438497864,46.0,54.0
2024-03-23,34,3,ensemble,2024-04-13,130.0,141.79034571838378,17.959741195042447,11.790345718383776,92.0
2024-03-23,34,3,baseline,2024-04-13,130.0,214.0,46.882300414656356,84.0,92.0
2024-03-23,35,1,ensemble,2024-03-30,36.0,39.0,4.793033846684846,3.0,9.0
2024-03-23,35,1,baseline,2024-03-30,36.0,42.0,5.410601460536343,6.0,9.0
2024-03-23,35,2,ensemble,2024-04-06,41.0,33.86067119535888,5.819650422309235,7.139328804641117,4.0
2024-03-23,35,2,baseline,2024-04-06,41.0,42.0,6.411673086709126,1.0,4.0
2024-03-23,35,3,ensemble,2024-04-13,19.0,26.63169918004981,6.437806504196428,7.631699180049811,26.0
2024-03-23,35,3,baseline,2024-04-13,19.0,42.0,13.523657606945644,23.0,26.0
2024-03-23,36,1,ensemble,2024-03-30,392.0,299.0,48.13843593224364,93.0,22.0
2024-03-23,36,1,baseline,2024-03-30,392.0,439.0,32.79518915773941,47.0,22.0
2024-03-23,36,2,ensemble,2024-04-06,411.0,265.8676848109464,72.59584819678186,145.1323151890536,3.0
2024-03-23,36,2,baseline,2024-04-06,411.0,439.0,33.05691768435075,28.0,3.0
2024-03-23,36,3,ensemble,2024-04-13,366.0,248.57500806952527,62.73102398314293,117.42499193047473,48.0
2024-03-23,36,3,baseline,2024-04-13,366.0,439.0,51.606137785051786,73.0,48.0
2024-03-23,37,1,ensemble,2024-03-30,88.0,70.65857603364202,10.80714647856335,17.34142396635798,6.0
2024-03-23,37,1,baseline,2024-03-30,88.0,94.0,10.234061446114458,6.0,6.0
2024-03-23,37,2,ensemble,2024-04-06,77.0,60.291477978649326,11.676032793519196,16.708522021350674,17.0
2024-03-23,37,2,baseline,2024-04-06,77.0,94.0,16.164030788133974,17.0,17.0
2024-03-23,37,3,ensemble,2024-04-13,55.0,53.72,9.857568723279797,1.2800000000000011,39.0
2024-03-23,37,3,baseline,2024-04-13,55.0,94.0,25.870513504221982,39.0,39.0
2024-03-23,38,1,ensemble,2024-03-30,31.0,18.011,7.293751599897361,12.989,2.0
2024-03-23,38,1,baseline,2024-03-30,31.0,22.0,5.304614383426443,9.0,2.0
2024-03-23,38,2,ensemble,2024-04-06,19.0,17.2,2.228625893972358,1.8000000000000007,10.0
2024-03-23,38,2,baseline,2024-04-06,19.0,22.0,2.3167586947608614,3.0,10.0
2024-03-23,38,3,ensemble,2024-04-13,17.0,15.0,2.2237854043850818,2.0,12.0
2024-03-23,38,3,baseline,2024-04-13,17.0,22.0,3.264574830422217,5.0,12.0
2024-03-23,39,1,ensemble,2024-03-30,244.0,200.491,25.476678478318032,43.508999999999986,113.0
2024-03-23,39,1,baseline,2024-03-30,244.0,335.0,59.12755071937676,91.0,113.0
2024-03-23,39,2,ensemble,2024-04-06,269.0,181.0,45.610085765745524,88.0,88.0
2024-03-23,39,2,baseline,2024-04-06,269.0,335.0,39.918578077780786,66.0,88.0
2024-03-23,39,3,ensemble,2024-04-13,191.0,145.0,30.330873525045842,46.0,166.0
2024-03-23,39,3,baseline,2024-04-13,191.0,335.0,87.88945655754385,144.0,166.0
2024-03-23,40,1,ensemble,2024-03-30,91.0,96.70424842834473,12.101832309563713,5.704248428344727,48.0
2024-03-23,40,1,baseline,2024-03-30,91.0,132.0,24.30453750074457,41.0,48.0
2024-03-23,40,2,ensemble,2024-04-06,63.0,98.23,20.126834515559562,35.230000000000004,76.0
2024-03-23,40,2,baseline,2024-04-06,63.0,132.0,39.95942002872203,69.0,76.0
2024-03-23,40,3,ensemble,2024-04-13,36.0,86.0,27.574574537217014,50.0,103.0
2024-03-23,40,3,baseline,2024-04-13,36.0,132.0,55.56934036170798,96.0,103.0
2024-03-23,41,1,ensemble,2024-03-30,64.0,59.70382041570419,6.575820769594793,4.296179584295807,4.0
2024-03-23,41,1,baseline,2024-03-30,64.0,68.0,4.663845975242361,4.0,4.0
2024-03-23,41,2,ensemble,2024-04-06,51.0,52.065989827181845,7.297862096856148,1.0659898271818449,17.0
2024-03-23,41,2,baseline,2024-04-06,51.0,68.0,11.346282333040719,17.0,17.0
2024-03-23,41,3,ensemble,2024-04-13,33.0,48.114300412402365,10.183705328423704,15.114300412402365,35.0
2024-03-23,41,3,baseline,2024-04-13,33.0,68.0,21.21705855778123,35.0,35.0
2024-03-23,42,1,ensemble,2024-03-30,268.0,296.75,25.818239945985912,28.75,101.0
2024-03-23,42,1,baseline,2024-03-30,268.0,381.0,70.1223958106755,113.0,101.0
2024-03-23,42,2,ensemble,2024-04-06,258.0,274.0,27.71560596942018,16.0,111.0
2024-03-23,42,2,baseline,2024-04-06,258.0,381.0,72.23099515516894,123.0,111.0
2024-03-23,42,3,ensemble,2024-04-13,199.0,249.4,36.410177436362545,50.400000000000006,170.0
2024-03-23,42,3,baseline,2024-04-13,199.0,381.0,106.95531400409659,182.0,170.0
2024-03-23,44,1,ensemble,2024-03-30,14.0,17.0,2.3772405817511744,3.0,8.0
2024-03-23,44,1,baseline,2024-03-30,14.0,22.0,4.824566527534841,8.0,8.0
2024-03-23,44,2,ensemble,2024-04-06,16.0,15.39,2.0111474344565123,0.6099999999999994,6.0
2024-03-23,44,2,baseline,2024-04-06,16.0,22.0,3.4647387764964606,6.0,6.0
2024-03-23,44,3,ensemble,2024-04-13,14.0,14.3,2.0477916830955634,0.3000000000000007,8.0
2024-03-23,44,3,baseline,2024-04-13,14.0,22.0,4.488180776677333,8.0,8.0
2024-03-23,45,1,ensemble,2024-03-30,63.0,62.31094824463898,5.945052653672431,0.6890517553610209,15.0
2024-03-23,45,1,baseline,2024-03-30,63.0,78.0,9.61833237375852,15.0,15.0
2024-03-23,45,2,ensemble,2024-04-06,44.0,56.88417720755073,9.192910221468674,12.884177207550728,34.0
2024-03-23,45,2,baseline,2024-04-06,44.0,78.0,20.0114569940482,34.0,34.0
2024-03-23,45,3,ensemble,2024-04-13,64.0,54.52107333149053,8.65788207617584,9.478926668509473,14.0
2024-03-23,45,3,baseline,2024-04-13,64.0,78.0,12.176673797520587,14.0,14.0
2024-03-23,46,1,ensemble,2024-03-30,33.0,36.07,3.1330344967120234,3.0700000000000003,10.0
2024-03-23,46,1,baseline,2024-03-30,33.0,42.0,5.068316048660487,9.0,10.0
2024-03-23,46,2,ensemble,2024-04-06,37.0,32.262364129646016,3.501562708243051,4.737635870353984,6.0
2024-03-23,46,2,baseline,2024-04-06,37.0,42.0,3.348070065787613,5.0,6.0
2024-03-23,46,3,ensemble,2024-04-13,14.0,28.0,7.848346710855654,14.0,29.0
2024-03-23,46,3,baseline,2024-04-13,14.0,42.0,17.406419840828843,28.0,29.0
2024-03-23,47,1,ensemble,2024-03-30,86.0,97.93767878815125,10.364101151808352,11.937678788151246,46.0
2024-03-23,47,1,baseline,2024-03-30,86.0,121.0,20.731570798903643,35.0,46.0
2024-03-23,47,2,ensemble,2024-04-06,102.0,92.51553535461426,11.58326044509688,9.484464645385742,30.0
2024-03-23,47,2,baseline,2024-04-06,102.0,121.0,14.742988982802874,19.0,30.0
2024-03-23,47,3,ensemble,2024-04-13,77.0,82.5,11.875366540993344,5.5,55.0
2024-03-23,47,3,baseline,2024-04-13,77.0,121.0,25.98035671458888,44.0,55.0
2024-03-23,48,1,ensemble,2024-03-30,301.0,354.36,36.683197038385835,53.360000000000014,161.0
2024-03-23,48,1,baseline,2024-03-30,301.0,457.0,89.01143517215607,156.0,161.0
2024-03-23,48,2,ensemble,2024-04-06,247.0,337.5,50.94777458193462,90.5,215.0
2024-03-23,48,2,baseline,2024-04-06,247.0,457.0,116.70097927807542,210.0,215.0
2024-03-23,48,3,ensemble,2024-04-13,208.0,311.00000000000006,62.204916387279326,103.00000000000006,254.0
2024-03-23,48,3,baseline,2024-04-13,208.0,457.0,136.3798296588618,249.0,254.0
2024-03-23,49,1,ensemble,2024-03-30,11.0,14.999999999999998,2.5123986581379945,3.9999999999999982,6.0
2024-03-23,49,1,baseline,2024-03-30,11.0,17.0,3.4510281214986063,6.0,6.0
2024-03-23,49,2,ensemble,2024-04-06,5.0,14.999999999999998,5.432499148182565,9.999999999999998,12.0
2024-03-23,49,2,baseline,2024-04-06,5.0,17.0,6.618948299417775,12.0,12.0
2024-03-23,49,3,ensemble,2024-04-13,1.0,14.009905380881898,8.116539833168858,13.009905380881898,16.0
2024-03-23,49,3,baseline,2024-04-13,1.0,17.0,8.731728148498878,16.0,16.0
2024-03-23,50,1,ensemble,2024-03-30,15.0,20.0,2.8184333572802496,5.0,9.0
2024-03-23,50,1,baseline,2024-03-30,15.0,24.0,5.851873843738437,9.0,9.0
2024-03-23,50,2,ensemble,2024-04-06,9.0,19.0,5.40091950809558,10.0,15.0
2024-03-23,50,2,baseline,2024-04-06,9.0,24.0,9.866609244027224,15.0,15.0
2024-03-23,50,3,ensemble,2024-04-13,16.0,16.2599,2.1439071623516233,0.25989999999999824,8.0
2024-03-23,50,3,baseline,2024-04-13,16.0,24.0,4.5722710375364635,8.0,8.0
2024-03-23,51,1,ensemble,2024-03-30,111.0,133.0,14.828710369565217,22.0,48.0
2024-03-23,51,1,baseline,2024-03-30,111.0,159.0,29.36769721808088,48.0,48.0
2024-03-23,51,2,ensemble,2024-04-06,157.0,130.0,18.45400496731362,27.0,2.0
2024-03-23,51,2,baseline,2024-04-06,157.0,159.0,12.04222011791857,2.0,2.0
2024-03-23,51,3,ensemble,2024-04-13,110.0,113.0,14.59083330434783,3.0,49.0
2024-03-23,51,3,baseline,2024-04-13,110.0,159.0,29.163741258195195,49.0,49.0
2024-03-23,53,1,ensemble,2024-03-30,56.0,67.5,8.291056627064865,11.5,29.0
2024-03-23,53,1,baseline,2024-03-30,56.0,82.0,15.378406001473056,26.0,29.0
2024-03-23,53,2,ensemble,2024-04-06,43.0,64.18423038360638,12.823097808795348,21.184230383606376,42.0
2024-03-23,53,2,baseline,2024-04-06,43.0,82.0,22.769640178488736,39.0,42.0
2024-03-23,53,3,ensemble,2024-04-13,42.0,59.11287142880996,11.440034644580212,17.11287142880996,43.0
2024-03-23,53,3,baseline,2024-04-13,42.0,82.0,23.156812459385467,40.0,43.0
2024-03-23,54,1,ensemble,2024-03-30,71.0,84.1,10.077899150620581,13.099999999999994,30.0
2024-03-23,54,1,baseline,2024-03-30,71.0,108.0,22.968044647511697,37.0,30.0
2024-03-23,54,2,ensemble,2024-04-06,68.0,76.204025,9.632897584924274,8.204025000000001,33.0
2024-03-23,54,2,baseline,2024-04-06,68.0,108.0,23.583785613030045,40.0,33.0
2024-03-23,54,3,ensemble,2024-04-13,22.0,69.5,27.179949275122514,47.5,79.0
2024-03-23,54,3,baseline,2024-04-13,22.0,108.0,56.452110983218546,86.0,79.0
2024-03-23,55,1,ensemble,2024-03-30,126.0,158.98,17.456296577761297,32.97999999999999,59.0
2024-03-23,55,1,baseline,2024-03-30,126.0,184.0,38.12301116676384,58.0,59.0
2024-03-23,55,2,ensemble,2024-04-06,125.0,146.2658,15.090157376856862,21.265800000000013,60.0
2024-03-23,55,2,baseline,2024-04-06,125.0,184.0,36.177818952189526,59.0,60.0
2024-03-23,55,3,ensemble,2024-04-13,77.0,138.00000000000003,30.63888755820118,61.00000000000003,108.0
2024-03-23,55,3,baseline,2024-04-13,77.0,184.0,68.70121652081738,107.0,108.0
2024-03-23,56,1,ensemble,2024-03-30,11.0,9.0,1.5969132143598546,2.0,0.0
2024-03-23,56,1,baseline,2024-03-30,11.0,11.0,1.2954773212297344,0.0,0.0
2024-03-23,56,2,ensemble,2024-04-06,7.0,9.0,1.8011795672279538,2.0,4.0
2024-03-23,56,2,baseline,2024-04-06,7.0,11.0,2.8059989360763176,4.0,4.0
2024-03-23,56,3,ensemble,2024-04-13,6.0,6.66,1.736254820025667,0.6600000000000001,5.0
2024-03-23,56,3,baseline,2024-04-13,6.0,11.0,3.4163024888509743,5.0,5.0
2024-03-30,01,1,ensemble,2024-04-06,39.0,45.7326539499206,5.288479116102651,6.7326539499206035,20.0
2024-03-30,01,1,baseline,2024-04-06,39.0,59.0,11.777501642059905,20.0,20.0
2024-03-30,01,2,ensemble,2024-04-13,19.0,41.3383490123372,12.25099376129509,22.338349012337197,40.0
2024-03-30,01,2,baseline,2024-04-13,19.0,59.0,22.709314050118756,40.0,40.0
2024-03-30,01,3,ensemble,2024-04-20,18.0,37.41419662550906,10.664132751017666,19.414196625509057,41.0
2024-03-30,01,3,baseline,2024-04-20,18.0,59.0,22.795998456745437,41.0,41.0
2024-03-30,02,1,ensemble,2024-04-06,7.0,9.915349997301078,1.7188162199923585,2.915349997301078,3.0
2024-03-30,02,1,baseline,2024-04-06,7.0,11.0,2.294709221700913,4.0,3.0
2024-03-30,02,2,ensemble,2024-04-13,8.0,9.571890228649234,1.614376767541841,1.5718902286492344,2.0
2024-03-30,02,2,baseline,2024-04-13,8.0,11.0,2.1723777227554883,3.0,2.0
2024-03-30,02,3,ensemble,2024-04-20,2.0,8.701578965994702,3.7665873074796097,6.7015789659947025,8.0
2024-03-30,02,3,baseline,2024-04-20,2.0,11.0,4.956098050697898,9.0,8.0
2024-03-30,04,1,ensemble,2024-04-06,84.0,82.0,9.90274080301349,2.0,22.0
2024-03-30,04,1,baseline,2024-04-06,84.0,104.0,15.893035198178074,20.0,22.0
2024-03-30,04,2,ensemble,2024-04-13,88.0,72.65339660644531,12.57836870767275,15.346603393554688,18.0
2024-03-30,04,2,baseline,2024-04-13,88.0,104.0,18.957323704541395,16.0,18.0
2024-03-30,04,3,ensemble,2024-04-20,81.0,67.02543449401855,13.342488851105493,13.974565505981445,25.0
2024-03-30,04,3,baseline,2024-04-20,81.0,104.0,24.654490430752148,23.0,25.0
2024-03-30,05,1,ensemble,2024-04-06,60.0,65.72045036555122,8.221636137528412,5.7204503655512156,45.0
2024-03-30,05,1,baseline,2024-04-06,60.0,107.0,28.390411989554675,47.0,45.0
2024-03-30,05,2,ensemble,2024-04-13,47.0,54.0,8.800423794321338,7.0,58.0
2024-03-30,05,2,baseline,2024-04-13,47.0,107.0,35.399756470021224,60.0,58.0
2024-03-30,05,3,ensemble,2024-04-20,30.0,43.91245,10.150876840338839,13.91245,75.0
2024-03-30,05,3,baseline,2024-04-20,30.0,107.0,45.69823142414034,77.0,75.0
2024-03-30,06,1,ensemble,2024-04-06,150.0,139.72327747613497,15.349521783034811,10.276722523865033,25.0
2024-03-30,06,1,baseline,2024-04-06,150.0,171.0,26.443212444189673,21.0,25.0
2024-03-30,06,2,ensemble,2024-04-13,178.0,138.1666371441138,24.70283339144049,39.83336285588621,3.0
2024-03-30,06,2,baseline,2024-04-13,178.0,171.0,35.433626200566366,7.0,3.0
2024-03-30,06,3,ensemble,2024-04-20,154.0,139.65,21.23673353200213,14.349999999999994,21.0
2024-03-30,06,3,baseline,2024-04-20,154.0,171.0,46.12560092029182,17.0,21.0
2024-03-30,08,1,ensemble,2024-04-06,49.0,79.5,15.543802024516536,30.5,48.0
2024-03-30,08,1,baseline,2024-04-06,49.0,96.0,27.532235308983523,47.0,48.0
2024-03-30,08,2,ensemble,2024-04-13,55.0,71.78353357315063,11.198845460798994,16.783533573150635,42.0
2024-03-30,08,2,baseline,2024-04-13,55.0,96.0,22.67509291001606,41.0,42.0
2024-03-30,08,3,ensemble,2024-04-20,26.0,64.73664720325627,20.821433861115505,38.73664720325627,71.0
2024-03-30,08,3,baseline,2024-04-20,26.0,96.0,39.36875462552451,70.0,71.0
2024-03-30,09,1,ensemble,2024-04-06,88.0,60.76488968422644,13.100978361676967,27.23511031577356,5.0
2024-03-30,09,1,baseline,2024-04-06,88.0,83.0,5.727856906916896,5.0,5.0
2024-03-30,09,2,ensemble,2024-04-13,62.0,61.758,8.067816992100346,0.24199999999999733,21.0
2024-03-30,09,2,baseline,2024-04-13,62.0,83.0,12.634814422252912,21.0,21.0
2024-03-30,09,3,ensemble,2024-04-20,57.0,58.43415,8.045546032184236,1.4341500000000025,26.0
2024-03-30,09,3,baseline,2024-04-20,57.0,83.0,15.361043441869205,26.0,26.0
2024-03-30,10,1,ensemble,2024-04-06,19.0,13.0,3.1498506262379307,6.0,3.0
2024-03-30,10,1,baseline,2024-04-06,19.0,16.0,2.1087765070259397,3.0,3.0
2024-03-30,10,2,ensemble,2024-04-13,7.0,11.568073757477103,2.7053780392955034,4.568073757477103,9.0
2024-03-30,10,2,baseline,2024-04-13,7.0,16.0,5.123739496438444,9.0,9.0
2024-03-30,10,3,ensemble,2024-04-20,8.0,10.9005,2.1073958367632284,2.900499999999999,8.0
2024-03-30,10,3,baseline,2024-04-20,8.0,16.0,4.669954302108237,8.0,8.0
2024-03-30,11,1,ensemble,2024-04-06,23.0,14.206413751258918,4.651842658508301,8.793586248741082,3.0
2024-03-30,11,1,baseline,2024-04-06,23.0,20.0,1.9273698868075646,3.0,3.0
2024-03-30,11,2,ensemble,2024-04-13,17.0,11.6,2.8490933130107328,5.4,3.0
2024-03-30,11,2,baseline,2024-04-13,17.0,20.0,2.269117183258789,3.0,3.0
2024-03-30,11,3,ensemble,2024-04-20,14.0,10.843,2.3065702125217906,3.157,6.0
2024-03-30,11,3,baseline,2024-04-20,14.0,20.0,3.6039905797753637,6.0,6.0
2024-03-30,12,1,ensemble,2024-04-06,314.0,335.5528689701485,26.78797914542806,21.552868970148495,114.0
2024-03-30,12,1,baseline,2024-04-06,314.0,420.0,59.219976448851455,106.0,114.0
2024-03-30,12,2,ensemble,2024-04-13,328.0,312.5,29.0992834714651,15.5,100.0
2024-03-30,12,2,baseline,2024-04-13,328.0,420.0,51.730293454521494,92.0,100.0
2024-03-30,12,3,ensemble,2024-04-20,243.0,289.7031707763672,38.40406531468996,46.70317077636719,185.0
2024-03-30,12,3,baseline,2024-04-20,243.0,420.0,96.59070736644328,177.0,185.0
2024-03-30,13,1,ensemble,2024-04-06,56.0,63.434278390637374,8.46293664790315,7.434278390637374,26.0
2024-03-30,13,1,baseline,2024-04-06,56.0,79.0,14.160544150006706,23.0,26.0
2024-03-30,13,2,ensemble,2024-04-13,54.0,57.29619594661455,8.022394165436529,3.296195946614553,28.0
2024-03-30,13,2,baseline,2024-04-13,54.0,79.0,16.510006468064677,25.0,28.0
2024-03-30,13,3,ensemble,2024-04-20,37.0,49.8469948325732,9.366218456878137,12.846994832573202,45.0
2024-03-30,13,3,baseline,2024-04-20,37.0,79.0,24.61938279241488,42.0,45.0
2024-03-30,15,1,ensemble,2024-04-06,9.0,7.766655,1.2106098345356668,1.233345,3.0
2024-03-30,15,1,baseline,2024-04-06,9.0,6.0,1.7375649296492965,3.0,3.0
2024-03-30,15,2,ensemble,2024-04-13,12.0,7.5,2.2391444413480888,4.5,6.0
2024-03-30,15,2,baseline,2024-04-13,12.0,6.0,3.0824856087908707,6.0,6.0
2024-03-30,15,3,ensemble,2024-04-20,5.0,7.0,1.667269671279999,2.0,1.0
2024-03-30,15,3,baseline,2024-04-20,5.0,6.0,1.7545844454966286,1.0,1.0
2024-03-30,16,1,ensemble,2024-04-06,31.0,43.915,6.91897490075524,12.915,24.0
2024-03-30,16,1,baseline,2024-04-06,31.0,55.0,15.080441696438704,24.0,24.0
2024-03-30,16,2,ensemble,2024-04-13,12.0,39.5,14.728458650503752,27.5,43.0
2024-03-30,16,2,baseline,2024-04-13,12.0,55.0,26.634204737373466,43.0,43.0
2024-03-30,16,3,ensemble,2024-04-20,15.0,35.0,10.35585293829995,20.0,40.0
2024-03-30,16,3,baseline,2024-04-20,15.0,55.0,23.582586562343888,40.0,40.0
2024-03-30,17,1,ensemble,2024-04-06,182.0,163.52425,15.726482853259869,18.475750000000005,34.0
2024-03-30,17,1,baseline,2024-04-06,182.0,217.0,22.025353105031062,35.0,34.0
2024-03-30,17,2,ensemble,2024-04-13,186.0,152.411,21.40278012755767,33.589,30.0
2024-03-30,17,2,baseline,2024-04-13,186.0,217.0,22.156770052396173,31.0,30.0
2024-03-30,17,3,ensemble,2024-04-20,122.0,137.07299999999998,16.707821269782897,15.072999999999979,94.0
2024-03-30,17,3,baseline,2024-04-20,122.0,217.0,54.482222383549924,95.0,94.0
2024-03-30,18,1,ensemble,2024-04-06,153.0,107.45009023466795,23.517822813997608,45.549909765332046,4.0
2024-03-30,18,1,baseline,2024-04-06,153.0,155.0,8.065839011803156,2.0,4.0
2024-03-30,18,2,ensemble,2024-04-13,104.0,94.667702260551,14.160862677405392,9.332297739449004,45.0
2024-03-30,18,2,baseline,2024-04-13,104.0,155.0,29.807991105432794,51.0,45.0
2024-03-30,18,3,ensemble,2024-04-20,55.0,90.46894272401904,20.67360627652697,35.468942724019044,94.0
2024-03-30,18,3,baseline,2024-04-20,55.0,155.0,58.66362176763071,100.0,94.0
2024-03-30,19,1,ensemble,2024-04-06,82.0,62.95021122187076,11.402120870584517,19.04978877812924,12.0
2024-03-30,19,1,baseline,2024-04-06,82.0,91.0,5.905264701581799,9.0,12.0
2024-03-30,19,2,ensemble,2024-04-13,63.0,49.64113841157908,8.50129297863286,13.358861588420922,31.0
2024-03-30,19,2,baseline,2024-04-13,63.0,91.0,17.086012192708885,28.0,31.0
2024-03-30,19,3,ensemble,2024-04-20,53.0,43.55,8.288378655597489,9.450000000000003,41.0
2024-03-30,19,3,baseline,2024-04-20,53.0,91.0,22.805865364457986,38.0,41.0
2024-03-30,20,1,ensemble,2024-04-06,42.0,50.509,6.442203687442501,8.509,24.0
2024-03-30,20,1,baseline,2024-04-06,42.0,66.0,14.925792605904322,24.0,24.0
2024-03-30,20,2,ensemble,2024-04-13,27.0,44.55263415563434,10.033413373370168,17.552634155634337,39.0
2024-03-30,20,2,baseline,2024-04-13,27.0,66.0,23.977251041010412,39.0,39.0
2024-03-30,20,3,ensemble,2024-04-20,44.0,41.93847811110972,6.344275890223052,2.061521888890283,22.0
2024-03-30,20,3,baseline,2024-04-20,44.0,66.0,12.889767827808715,22.0,22.0
2024-03-30,21,1,ensemble,2024-04-06,102.0,85.0,11.749073854322432,17.0,27.0
2024-03-30,21,1,baseline,2024-04-06,102.0,117.0,10.99553538933215,15.0,27.0
2024-03-30,21,2,ensemble,2024-04-13,67.0,81.2681849308933,12.553811745147485,14.268184930893298,62.0
2024-03-30,21,2,baseline,2024-04-13,67.0,117.0,28.95102886752781,50.0,62.0
2024-03-30,21,3,ensemble,2024-04-20,47.0,74.1377,14.796553263539277,27.137699999999995,82.0
2024-03-30,21,3,baseline,2024-04-20,47.0,117.0,39.73477158475932,70.0,82.0
2024-03-30,22,1,ensemble,2024-04-06,34.0,26.62575710296631,4.644898410832968,7.374242897033689,1.0
2024-03-30,22,1,baseline,2024-04-06,34.0,32.0,4.69970059465812,2.0,1.0
2024-03-30,22,2,ensemble,2024-04-13,30.0,23.52998470811726,4.263434692066637,6.4700152918827385,3.0
2024-03-30,22,2,baseline,2024-04-13,30.0,32.0,6.347007786121341,2.0,3.0
2024-03-30,22,3,ensemble,2024-04-20,25.0,21.168544765701625,4.000262307517492,3.8314552342983745,8.0
2024-03-30,22,3,baseline,2024-04-20,25.0,32.0,8.282374896857664,7.0,8.0
2024-03-30,23,1,ensemble,2024-04-06,24.0,16.532,3.7798462002899145,7.468,2.0
2024-03-30,23,1,baseline,2024-04-06,24.0,26.0,2.494560129340424,2.0,2.0
2024-03-30,23,2,ensemble,2024-04-13,15.0,13.5665,3.103587315238584,1.4335000000000004,11.0
2024-03-30,23,2,baseline,2024-04-13,15.0,26.0,6.466948509898142,11.0,11.0
2024-03-30,23,3,ensemble,2024-04-20,16.0,12.331,3.2625258600663853,3.6690000000000005,10.0
2024-03-30,23,3,baseline,2024-04-20,16.0,26.0,6.263555256835178,10.0,10.0
2024-03-30,24,1,ensemble,2024-04-06,88.0,56.332025,16.883672317894867,31.667975,13.0
2024-03-30,24,1,baseline,2024-04-06,88.0,74.0,9.204574076545113,14.0,13.0
2024-03-30,24,2,ensemble,2024-04-13,55.0,49.13428115844727,6.91748695278729,5.865718841552727,20.0
2024-03-30,24,2,baseline,2024-04-13,55.0,74.0,12.35514499223253,19.0,20.0
2024-03-30,24,3,ensemble,2024-04-20,38.0,42.5,7.89040998320175,4.5,37.0
2024-03-30,24,3,baseline,2024-04-20,38.0,74.0,20.386954268520945,36.0,37.0
2024-03-30,25,1,ensemble,2024-04-06,214.0,177.0,22.20975291258814,37.0,22.0
2024-03-30,25,1,baseline,2024-04-06,214.0,248.0,21.611207545727623,34.0,22.0
2024-03-30,25,2,ensemble,2024-04-13,168.0,157.44373838804992,19.64037870397602,10.556261611950077,68.0
2024-03-30,25,2,baseline,2024-04-13,168.0,248.0,45.824081988928576,80.0,68.0
2024-03-30,25,3,ensemble,2024-04-20,127.0,153.0,22.730948855263513,26.0,109.0
2024-03-30,25,3,baseline,2024-04-20,127.0,248.0,68.84011054693157,121.0,109.0
2024-03-30,26,1,ensemble,2024-04-06,412.0,357.081,38.3527962389425,54.91899999999998,83.0
2024-03-30,26,1,baseline,2024-04-06,412.0,496.0,51.9778491148607,84.0,83.0
2024-03-30,26,2,ensemble,2024-04-13,297.0,286.7115896203457,35.917729063847624,10.288410379654295,198.0
2024-03-30,26,2,baseline,2024-04-13,297.0,496.0,126.45130085689986,199.0,198.0
2024-03-30,26,3,ensemble,2024-04-20,156.0,259.4211803173635,59.0277981722446,103.42118031736351,339.0
2024-03-30,26,3,baseline,2024-04-20,156.0,496.0,228.06088228840983,340.0,339.0
2024-03-30,27,1,ensemble,2024-04-06,112.0,101.98262549351878,9.180034969908537,10.017374506481218,21.0
2024-03-30,27,1,baseline,2024-04-06,112.0,133.0,12.818158320191895,21.0,21.0
2024-03-30,27,2,ensemble,2024-04-13,79.0,86.26826049999937,10.01874705939173,7.268260499999371,54.0
2024-03-30,27,2,baseline,2024-04-13,79.0,133.0,33.26596316015334,54.0,54.0
2024-03-30,27,3,ensemble,2024-04-20,53.0,83.16435043113734,16.37509275725945,30.164350431137336,80.0
2024-03-30,27,3,baseline,2024-04-20,53.0,133.0,49.60752748523136,80.0,80.0
2024-03-30,28,1,ensemble,2024-04-06,60.0,38.58032588795537,11.65914455027726,21.419674112044632,12.0
2024-03-30,28,1,baseline,2024-04-06,60.0,47.0,7.777163831703537,13.0,12.0
2024-03-30,28,2,ensemble,2024-04-13,38.0,36.32033523221602,4.401523234844077,1.6796647677839829,10.0
2024-03-30,28,2,baseline,2024-04-13,38.0,47.0,7.570233264984826,9.0,10.0
2024-03-30,28,3,ensemble,2024-04-20,25.0,33.429631996145744,5.709833860046246,8.429631996145744,23.0
2024-03-30,28,3,baseline,2024-04-20,25.0,47.0,12.720109811337245,22.0,23.0
2024-03-30,29,1,ensemble,2024-04-06,148.0,114.0,19.060679084262006,34.0,44.0
2024-03-30,29,1,baseline,2024-04-06,148.0,194.0,28.62904054834027,46.0,44.0
2024-03-30,29,2,ensemble,2024-04-13,108.0,97.0,14.38155892776363,11.0,84.0
2024-03-30,29,2,baseline,2024-04-13,108.0,194.0,52.30060776192545,86.0,84.0
2024-03-30,29,3,ensemble,2024-04-20,78.0,80.0,15.69364303286839,2.0,114.0
2024-03-30,29,3,baseline,2024-04-20,78.0,194.0,69.4290862877107,116.0,114.0
2024-03-30,30,1,ensemble,2024-04-06,7.0,14.0,3.6701105395055684,7.0,14.0
2024-03-30,30,1,baseline,2024-04-06,7.0,17.0,5.969024676811987,10.0,14.0
2024-03-30,30,2,ensemble,2024-04-13,9.0,13.0,2.6364882115644535,4.0,12.0
2024-03-30,30,2,baseline,2024-04-13,9.0,17.0,5.020533922317484,8.0,12.0
2024-03-30,30,3,ensemble,2024-04-20,6.0,11.14375382229225,3.00249112327829,5.1437538222922505,15.0
2024-03-30,30,3,baseline,2024-04-20,6.0,17.0,6.488152175934801,11.0,15.0
2024-03-30,31,1,ensemble,2024-04-06,55.0,45.99999999999999,5.531236676407664,9.000000000000007,6.0
2024-03-30,31,1,baseline,2024-04-06,55.0,63.0,4.780451265882224,8.0,6.0
2024-03-30,31,2,ensemble,2024-04-13,46.0,40.24474164972317,5.35312958882652,5.755258350276833,15.0
2024-03-30,31,2,baseline,2024-04-13,46.0,63.0,9.623380272585337,17.0,15.0
2024-03-30,31,3,ensemble,2024-04-20,27.0,41.0,8.039334027026001,14.0,34.0
2024-03-30,31,3,baseline,2024-04-20,27.0,63.0,21.573101465253785,36.0,34.0
2024-03-30,32,1,ensemble,2024-04-06,35.0,34.992140178429366,3.765379846798068,0.007859821570633585,6.0
2024-03-30,32,1,baseline,2024-04-06,35.0,43.0,5.843825730800786,8.0,6.0
2024-03-30,32,2,ensemble,2024-04-13,24.0,32.5,5.519113991199557,8.5,17.0
2024-03-30,32,2,baseline,2024-04-13,24.0,43.0,11.091461278091039,19.0,17.0
2024-03-30,32,3,ensemble,2024-04-20,26.0,30.0,4.8157572810965945,4.0,15.0
2024-03-30,32,3,baseline,2024-04-20,26.0,43.0,10.859689353871797,17.0,15.0
2024-03-30,33,1,ensemble,2024-04-06,16.0,21.098225,3.0054515613141084,5.098224999999999,9.0
2024-03-30,33,1,baseline,2024-04-06,16.0,25.0,5.2212265316783615,9.0,9.0
2024-03-30,33,2,ensemble,2024-04-13,14.0,19.49257051247088,3.112247279237666,5.492570512470881,11.0
2024-03-30,33,2,baseline,2024-04-13,14.0,25.0,6.188609176961336,11.0,11.0
2024-03-30,33,3,ensemble,2024-04-20,12.0,17.233116815882205,3.4712760458073655,5.233116815882205,13.0
2024-03-30,33,3,baseline,2024-04-20,12.0,25.0,7.19729225672691,13.0,13.0
2024-03-30,34,1,ensemble,2024-04-06,168.0,134.0,19.05298663927506,34.0,13.0
2024-03-30,34,1,baseline,2024-04-06,168.0,186.0,14.372187229459245,18.0,13.0
2024-03-30,34,2,ensemble,2024-04-13,130.0,115.2465,14.240649936650339,14.753500000000003,51.0
2024-03-30,34,2,baseline,2024-04-13,130.0,186.0,32.81689845041929,56.0,51.0
2024-03-30,34,3,ensemble,2024-04-20,110.0,100.5,15.051301363994721,9.5,71.0
2024-03-30,34,3,baseline,2024-04-20,110.0,186.0,42.89762513620789,76.0,71.0
2024-03-30,35,1,ensemble,2024-04-06,41.0,43.41469026877924,4.684811570896755,2.414690268779239,16.0
2024-03-30,35,1,baseline,2024-04-06,41.0,57.0,9.544379973495387,16.0,16.0
2024-03-30,35,2,ensemble,2024-04-13,19.0,39.8532985552073,11.260149808163609,20.853298555207303,38.0
2024-03-30,35,2,baseline,2024-04-13,19.0,57.0,21.834400173023468,38.0,38.0
2024-03-30,35,3,ensemble,2024-04-20,15.0,34.75255,11.151127277134032,19.75255,42.0
2024-03-30,35,3,baseline,2024-04-20,15.0,57.0,23.531164395904838,42.0,42.0
2024-03-30,36,1,ensemble,2024-04-06,411.0,257.3515,79.74280201186538,153.6485,54.0
2024-03-30,36,1,baseline,2024-04-06,411.0,362.0,33.362001193620635,49.0,54.0
2024-03-30,36,2,ensemble,2024-04-13,366.0,241.05,67.3218491071872,124.94999999999999,9.0
2024-03-30,36,2,baseline,2024-04-13,366.0,362.0,29.557142077377286,4.0,9.0
2024-03-30,36,3,ensemble,2024-04-20,217.0,226.05,32.54872793083491,9.050000000000011,140.0
2024-03-30,36,3,baseline,2024-04-20,217.0,362.0,81.35725636893324,145.0,140.0
2024-03-30,37,1,ensemble,2024-04-06,77.0,64.0,9.848475832923947,13.0,6.0
2024-03-30,37,1,baseline,2024-04-06,77.0,83.0,10.02899556452086,6.0,6.0
2024-03-30,37,2,ensemble,2024-04-13,55.0,52.0,8.586856940650245,3.0,28.0
2024-03-30,37,2,baseline,2024-04-13,55.0,83.0,19.47761921062689,28.0,28.0
2024-03-30,37,3,ensemble,2024-04-20,23.0,45.6464697592036,14.316239537814253,22.646469759203598,60.0
2024-03-30,37,3,baseline,2024-04-20,23.0,83.0,34.47035356188346,60.0,60.0
2024-03-30,38,1,ensemble,2024-04-06,19.0,15.039283874376435,2.3529968361587486,3.9607161256235646,1.0
2024-03-30,38,1,baseline,2024-04-06,19.0,19.0,1.4509218674795443,0.0,1.0
2024-03-30,38,2,ensemble,2024-04-13,17.0,13.760607042872197,2.3040070180904193,3.2393929571278033,3.0
2024-03-30,38,2,baseline,2024-04-13,17.0,19.0,2.157233314615756,2.0,3.0
2024-03-30,38,3,ensemble,2024-04-20,15.0,13.0,2.1572607136330855,2.0,5.0
2024-03-30,38,3,baseline,2024-04-20,15.0,19.0,2.974467639589441,4.0,5.0
2024-03-30,39,1,ensemble,2024-04-06,269.0,151.0,63.04727200402849,118.0,3.0
2024-03-30,39,1,baseline,2024-04-06,269.0,253.0,13.384508114494187,16.0,3.0
2024-03-30,39,2,ensemble,2024-04-13,191.0,117.3708028793335,34.148946116328794,73.6291971206665,75.0
2024-03-30,39,2,baseline,2024-04-13,191.0,253.0,37.29514910749108,62.0,75.0
2024-03-30,39,3,ensemble,2024-04-20,109.0,97.2354826927185,21.075227612619486,11.764517307281494,157.0
2024-03-30,39,3,baseline,2024-04-20,109.0,253.0,87.1074808840045,144.0,157.0
2024-03-30,40,1,ensemble,2024-04-06,63.0,63.85293133358322,7.81123340405445,0.8529313335832214,31.0
2024-03-30,40,1,baseline,2024-04-06,63.0,90.0,16.47253797366234,27.0,31.0
2024-03-30,40,2,ensemble,2024-04-13,36.0,53.31709585995392,11.63898466202123,17.317095859953923,58.0
2024-03-30,40,2,baseline,2024-04-13,36.0,90.0,30.89728312450517,54.0,58.0
2024-03-30,40,3,ensemble,2024-04-20,31.0,50.874640745848026,12.74334118698854,19.874640745848026,63.0
2024-03-30,40,3,baseline,2024-04-20,31.0,90.0,32.96992579158401,59.0,63.0
2024-03-30,41,1,ensemble,2024-04-06,51.0,83.31713050246358,17.66103408895291,32.317130502463584,46.0
2024-03-30,41,1,baseline,2024-04-06,51.0,101.0,33.71612989738593,50.0,46.0
2024-03-30,41,2,ensemble,2024-04-13,33.0,80.59609689156514,28.010721434598157,47.59609689156514,64.0
2024-03-30,41,2,baseline,2024-04-13,33.0,101.0,44.05135297224711,68.0,64.0
2024-03-30,41,3,ensemble,2024-04-20,32.0,80.18014972418499,25.61458777769999,48.180149724184986,65.0
2024-03-30,41,3,baseline,2024-04-20,32.0,101.0,42.669203361468384,69.0,65.0
2024-03-30,42,1,ensemble,2024-04-06,258.0,264.572158805903,25.80138515407801,6.572158805902973,89.0
2024-03-30,42,1,baseline,2024-04-06,258.0,342.0,51.13915452411046,84.0,89.0
2024-03-30,42,2,ensemble,2024-04-13,199.0,245.50257043999227,33.67748222387418,46.50257043999227,148.0
2024-03-30,42,2,baseline,2024-04-13,199.0,342.0,85.20439024481551,143.0,148.0
2024-03-30,42,3,ensemble,2024-04-20,153.0,224.0,43.5004104046449,71.0,194.0
2024-03-30,42,3,baseline,2024-04-20,153.0,342.0,111.28251940073744,189.0,194.0
2024-03-30,44,1,ensemble,2024-04-06,16.0,11.0,2.598888573786225,5.0,2.0
2024-03-30,44,1,baseline,2024-04-06,16.0,14.0,1.491194654663938,2.0,2.0
2024-03-30,44,2,ensemble,2024-04-13,14.0,9.59754033301838,2.42594319228764,4.4024596669816205,0.0
2024-03-30,44,2,baseline,2024-04-13,14.0,14.0,1.5063480531109656,0.0,0.0
2024-03-30,44,3,ensemble,2024-04-20,11.0,7.6795,2.08124245464563,3.3205,3.0
2024-03-30,44,3,baseline,2024-04-20,11.0,14.0,2.358167237259329,3.0,3.0
2024-03-30,45,1,ensemble,2024-04-06,44.0,51.751882668060496,6.125291146512634,7.751882668060496,23.0
2024-03-30,45,1,baseline,2024-04-06,44.0,67.0,13.740924425852956,23.0,23.0
2024-03-30,45,2,ensemble,2024-04-13,64.0,46.332,9.925352992181569,17.668,3.0
2024-03-30,45,2,baseline,2024-04-13,64.0,67.0,7.875111946967293,3.0,3.0
2024-03-30,45,3,ensemble,2024-04-20,37.0,42.534,6.669074794006563,5.533999999999999,30.0
2024-03-30,45,3,baseline,2024-04-20,37.0,67.0,18.016899214187806,30.0,30.0
2024-03-30,46,1,ensemble,2024-04-06,37.0,45.8749377992052,5.5924526193094035,8.874937799205199,22.0
2024-03-30,46,1,baseline,2024-04-06,37.0,59.0,14.34154644392096,22.0,22.0
2024-03-30,46,2,ensemble,2024-04-13,14.0,40.44093233800432,16.239435564787843,26.440932338004323,45.0
2024-03-30,46,2,baseline,2024-04-13,14.0,59.0,33.662889130826095,45.0,45.0
2024-03-30,46,3,ensemble,2024-04-20,24.0,36.898175,7.676416812453858,12.898175000000002,35.0
2024-03-30,46,3,baseline,2024-04-20,24.0,59.0,23.077937131632186,35.0,35.0
2024-03-30,47,1,ensemble,2024-04-06,102.0,89.5,10.249979418989392,12.5,26.0
2024-03-30,47,1,baseline,2024-04-06,102.0,120.0,12.131975580407977,18.0,26.0
2024-03-30,47,2,ensemble,2024-04-13,77.0,75.65,9.450459659576623,1.3499999999999943,51.0
2024-03-30,47,2,baseline,2024-04-13,77.0,120.0,24.91928472534726,43.0,51.0
2024-03-30,47,3,ensemble,2024-04-20,58.0,70.1012,11.0495877071845,12.101200000000006,70.0
2024-03-30,47,3,baseline,2024-04-20,58.0,120.0,35.06033024141112,62.0,70.0
2024-03-30,48,1,ensemble,2024-04-06,247.0,324.9600723240905,41.65306462711446,77.9600723240905,92.0
2024-03-30,48,1,baseline,2024-04-06,247.0,394.0,83.72888755933211,147.0,92.0
2024-03-30,48,2,ensemble,2024-04-13,208.0,303.1305,51.696932868621786,95.13049999999998,131.0
2024-03-30,48,2,baseline,2024-04-13,208.0,394.0,103.01658612068731,186.0,131.0
2024-03-30,48,3,ensemble,2024-04-20,190.0,288.5,55.3580522712608,98.5,149.0
2024-03-30,48,3,baseline,2024-04-20,190.0,394.0,110.74269467683806,204.0,149.0
2024-03-30,49,1,ensemble,2024-04-06,5.0,10.77045144465025,3.283194829698957,5.77045144465025,7.0
2024-03-30,49,1,baseline,2024-04-06,5.0,12.0,3.8585797790151823,7.0,7.0
2024-03-30,49,2,ensemble,2024-04-13,1.0,10.3368484030287,5.832697453284257,9.3368484030287,11.0
2024-03-30,49,2,baseline,2024-04-13,1.0,12.0,6.102199766715059,11.0,11.0
2024-03-30,49,3,ensemble,2024-04-20,3.0,9.291399334263016,3.5654541792243717,6.291399334263016,9.0
2024-03-30,49,3,baseline,2024-04-20,3.0,12.0,4.953968693773893,9.0,9.0
2024-03-30,50,1,ensemble,2024-04-06,9.0,17.0,4.196105359632779,8.0,9.0
2024-03-30,50,1,baseline,2024-04-06,9.0,21.0,8.152949884629283,12.0,9.0
2024-03-30,50,2,ensemble,2024-04-13,16.0,15.0,1.7472715609433132,1.0,2.0
2024-03-30,50,2,baseline,2024-04-13,16.0,21.0,2.8865407583423663,5.0,2.0
2024-03-30,50,3,ensemble,2024-04-20,10.0,13.717701940301836,2.348091711268271,3.7177019403018363,8.0
2024-03-30,50,3,baseline,2024-04-20,10.0,21.0,6.518397176450027,11.0,8.0
2024-03-30,51,1,ensemble,2024-04-06,157.0,97.26410994340624,36.33151578531068,59.73589005659376,16.0
2024-03-30,51,1,baseline,2024-04-06,157.0,119.0,22.644438535581006,38.0,16.0
2024-03-30,51,2,ensemble,2024-04-13,110.0,88.0952662609748,13.88690936781423,21.904733739025204,31.0
2024-03-30,51,2,baseline,2024-04-13,110.0,119.0,12.473275878650089,9.0,31.0
2024-03-30,51,3,ensemble,2024-04-20,79.0,76.65205,9.585701722859923,2.3479499999999973,62.0
2024-03-30,51,3,baseline,2024-04-20,79.0,119.0,24.579029451164082,40.0,62.0
2024-03-30,53,1,ensemble,2024-04-06,43.0,70.5,15.221041074148046,27.5,38.0
2024-03-30,53,1,baseline,2024-04-06,43.0,81.0,23.152319536391015,38.0,38.0
2024-03-30,53,2,ensemble,2024-04-13,42.0,66.5,13.529389868361596,24.5,39.0
2024-03-30,53,2,baseline,2024-04-13,42.0,81.0,22.79922642113377,39.0,39.0
2024-03-30,53,3,ensemble,2024-04-20,26.0,60.5,19.247920412778175,34.5,55.0
2024-03-30,53,3,baseline,2024-04-20,26.0,81.0,31.920833541052783,55.0,55.0
2024-03-30,54,1,ensemble,2024-04-06,68.0,56.69585410204289,7.540877714569229,11.304145897957113,12.0
2024-03-30,54,1,baseline,2024-04-06,68.0,80.0,7.455902213239523,12.0,12.0
2024-03-30,54,2,ensemble,2024-04-13,22.0,47.0,13.71907825688814,25.0,58.0
2024-03-30,54,2,baseline,2024-04-13,22.0,80.0,36.306343533239676,58.0,58.0
2024-03-30,54,3,ensemble,2024-04-20,13.0,41.0,15.19484451345377,28.0,67.0
2024-03-30,54,3,baseline,2024-04-20,13.0,80.0,41.27204401846192,67.0,67.0
2024-03-30,55,1,ensemble,2024-04-06,125.0,97.868,14.799582606119168,27.132000000000005,8.0
2024-03-30,55,1,baseline,2024-04-06,125.0,133.0,6.84014395291779,8.0,8.0
2024-03-30,55,2,ensemble,2024-04-13,77.0,84.3,10.635751461239426,7.299999999999997,56.0
2024-03-30,55,2,baseline,2024-04-13,77.0,133.0,33.80214476070848,56.0,56.0
2024-03-30,55,3,ensemble,2024-04-20,66.0,82.0,13.346164128965722,16.0,67.0
2024-03-30,55,3,baseline,2024-04-20,66.0,133.0,39.672619085473464,67.0,67.0
2024-03-30,56,1,ensemble,2024-04-06,7.0,4.818036163269243,1.3651294463500434,2.1819638367307572,2.0
2024-03-30,56,1,baseline,2024-04-06,7.0,5.0,1.4962273022295434,2.0,2.0
2024-03-30,56,2,ensemble,2024-04-13,6.0,4.10871084779501,1.3536375012178072,1.8912891522049904,1.0
2024-03-30,56,2,baseline,2024-04-13,6.0,5.0,1.7510969821654736,1.0,1.0
2024-03-30,56,3,ensemble,2024-04-20,2.0,4.0,1.2881967803226233,2.0,3.0
2024-03-30,56,3,baseline,2024-04-20,2.0,5.0,2.53585820312551,3.0,3.0
2024-04-06,01,1,ensemble,2024-04-13,19.0,49.78036063451749,17.234485855547696,30.780360634517493,42.0
2024-04-06,01,1,baseline,2024-04-13,19.0,62.0,26.080171846740203,43.0,42.0
2024-04-06,01,2,ensemble,2024-04-20,18.0,46.26245527579099,15.007314532542106,28.26245527579099,43.0
2024-04-06,01,2,baseline,2024-04-20,18.0,62.0,25.23172977071076,44.0,43.0
2024-04-06,01,3,ensemble,2024-04-27,16.0,42.4023122487482,14.285704621540528,26.402312248748203,45.0
2024-04-06,01,3,baseline,2024-04-27,16.0,62.0,25.698093004495252,46.0,45.0
2024-04-06,02,1,ensemble,2024-04-13,8.0,9.39051,1.3852394668786545,1.3905100000000008,0.0
2024-04-06,02,1,baseline,2024-04-13,8.0,10.0,1.5801590755037984,2.0,0.0
2024-04-06,02,2,ensemble,2024-04-20,2.0,8.751750000000001,3.793662019205846,6.751750000000001,6.0
2024-04-06,02,2,baseline,2024-04-20,2.0,10.0,4.3999847688911675,8.0,6.0
2024-04-06,02,3,ensemble,2024-04-27,3.0,8.56,3.0512231674221,5.5600000000000005,5.0
2024-04-06,02,3,baseline,2024-04-27,3.0,10.0,3.915036187318395,7.0,5.0
2024-04-06,04,1,ensemble,2024-04-13,88.0,76.2793513565791,10.116677088289425,11.720648643420901,9.0
2024-04-06,04,1,baseline,2024-04-13,88.0,97.0,12.586557156593312,9.0,9.0
2024-04-06,04,2,ensemble,2024-04-20,81.0,68.92857527952229,11.51652271662036,12.071424720477708,16.0
2024-04-06,04,2,baseline,2024-04-20,81.0,97.0,18.739154432761715,16.0,16.0
2024-04-06,04,3,ensemble,2024-04-27,106.0,60.7,23.64557041362505,45.3,9.0
2024-04-06,04,3,baseline,2024-04-27,106.0,97.0,22.08180526487873,9.0,9.0
2024-04-06,05,1,ensemble,2024-04-13,47.0,52.48513141182408,6.117113952855128,5.485131411824078,35.0
2024-04-06,05,1,baseline,2024-04-13,47.0,77.0,17.40101794322291,30.0,35.0
2024-04-06,05,2,ensemble,2024-04-20,30.0,44.760296182642094,8.792878463269519,14.760296182642094,52.0
2024-04-06,05,2,baseline,2024-04-20,30.0,77.0,26.55165210769499,47.0,52.0
2024-04-06,05,3,ensemble,2024-04-27,30.0,40.0,7.723437050633555,10.0,52.0
2024-04-06,05,3,baseline,2024-04-27,30.0,77.0,25.794413836507932,47.0,52.0
2024-04-06,06,1,ensemble,2024-04-13,178.0,169.5671533203125,18.727957225894297,8.432846679687486,3.0
2024-04-06,06,1,baseline,2024-04-13,178.0,185.0,23.979660794607955,7.0,3.0
2024-04-06,06,2,ensemble,2024-04-20,154.0,155.80305431751623,21.483547021739483,1.803054317516228,27.0
2024-04-06,06,2,baseline,2024-04-20,154.0,185.0,38.72352053244446,31.0,27.0
2024-04-06,06,3,ensemble,2024-04-27,151.0,152.3,23.53411294945667,1.3000000000000114,30.0
2024-04-06,06,3,baseline,2024-04-27,151.0,185.0,48.57739642787733,34.0,30.0
2024-04-06,08,1,ensemble,2024-04-13,55.0,55.07964508240103,5.712889051725859,0.0796450824010293,13.0
2024-04-06,08,1,baseline,2024-04-13,55.0,67.0,8.798032270257483,12.0,13.0
2024-04-06,08,2,ensemble,2024-04-20,26.0,47.4166,12.070940829282328,21.416600000000003,42.0
2024-04-06,08,2,baseline,2024-04-20,26.0,67.0,22.526600055761428,41.0,42.0
2024-04-06,08,3,ensemble,2024-04-27,23.0,44.5,11.918019684775363,21.5,45.0
2024-04-06,08,3,baseline,2024-04-27,23.0,67.0,23.722369077973394,44.0,45.0
2024-04-06,09,1,ensemble,2024-04-13,62.0,69.23744687736138,7.820291880161789,7.2374468773613785,27.0
2024-04-06,09,1,baseline,2024-04-13,62.0,89.0,15.780434001992194,27.0,27.0
2024-04-06,09,2,ensemble,2024-04-20,57.0,62.74045,8.568487885465483,5.740450000000003,32.0
2024-04-06,09,2,baseline,2024-04-20,57.0,89.0,18.14485861049915,32.0,32.0
2024-04-06,09,3,ensemble,2024-04-27,64.0,61.86744970808071,7.866589995746696,2.132550291919287,25.0
2024-04-06,09,3,baseline,2024-04-27,64.0,89.0,14.946157628815422,25.0,25.0
2024-04-06,10,1,ensemble,2024-04-13,7.0,12.056277857751017,2.803246077936415,5.056277857751017,8.0
2024-04-06,10,1,baseline,2024-04-13,7.0,15.0,4.758563566809582,8.0,8.0
2024-04-06,10,2,ensemble,2024-04-20,8.0,11.4344813962565,2.178526843076426,3.4344813962564995,7.0
2024-04-06,10,2,baseline,2024-04-20,8.0,15.0,4.068493715306719,7.0,7.0
2024-04-06,10,3,ensemble,2024-04-27,2.0,9.50561865571532,4.173871363272587,7.50561865571532,13.0
2024-04-06,10,3,baseline,2024-04-27,2.0,15.0,7.333327067901113,13.0,13.0
2024-04-06,11,1,ensemble,2024-04-13,17.0,14.0,2.082258051314692,3.0,1.0
2024-04-06,11,1,baseline,2024-04-13,17.0,17.0,1.2058202495068429,0.0,1.0
2024-04-06,11,2,ensemble,2024-04-20,14.0,12.330682713894124,1.7590660875076494,1.6693172861058763,4.0
2024-04-06,11,2,baseline,2024-04-20,14.0,17.0,2.2390452968225345,3.0,4.0
2024-04-06,11,3,ensemble,2024-04-27,8.0,12.276282616375225,2.711253027637686,4.276282616375225,10.0
2024-04-06,11,3,baseline,2024-04-27,8.0,17.0,5.023405962885714,9.0,10.0
2024-04-06,12,1,ensemble,2024-04-13,328.0,315.0,23.53422077766687,13.0,76.0
2024-04-06,12,1,baseline,2024-04-13,328.0,391.0,37.4261552432481,63.0,76.0
2024-04-06,12,2,ensemble,2024-04-20,243.0,296.3655,33.257826543573316,53.3655,161.0
2024-04-06,12,2,baseline,2024-04-20,243.0,391.0,81.3307349247623,148.0,161.0
2024-04-06,12,3,ensemble,2024-04-27,266.0,276.14852368706767,28.849095716322353,10.148523687067666,138.0
2024-04-06,12,3,baseline,2024-04-27,266.0,391.0,68.48209661964007,125.0,138.0
2024-04-06,13,1,ensemble,2024-04-13,54.0,54.15,6.575992489285176,0.14999999999999858,10.0
2024-04-06,13,1,baseline,2024-04-13,54.0,63.0,9.062034747760519,9.0,10.0
2024-04-06,13,2,ensemble,2024-04-20,37.0,48.1,8.199751247616447,11.100000000000001,27.0
2024-04-06,13,2,baseline,2024-04-20,37.0,63.0,16.56973695723913,26.0,27.0
2024-04-06,13,3,ensemble,2024-04-27,30.0,46.12499999999999,8.820364707024261,16.124999999999993,34.0
2024-04-06,13,3,baseline,2024-04-27,30.0,63.0,20.520158408888438,33.0,34.0
2024-04-06,15,1,ensemble,2024-04-13,12.0,6.938000000000001,2.8164289556968956,5.061999999999999,5.0
2024-04-06,15,1,baseline,2024-04-13,12.0,7.0,2.6453155801123227,5.0,5.0
2024-04-06,15,2,ensemble,2024-04-20,5.0,6.955,1.2856121935631166,1.955,2.0
2024-04-06,15,2,baseline,2024-04-20,5.0,7.0,1.7400821527780508,2.0,2.0
2024-04-06,15,3,ensemble,2024-04-27,14.0,6.437575,4.254648333368484,7.562425,7.0
2024-04-06,15,3,baseline,2024-04-27,14.0,7.0,3.622704013953185,7.0,7.0
2024-04-06,16,1,ensemble,2024-04-13,12.0,32.81491913264826,11.89721478505949,20.814919132648257,33.0
2024-04-06,16,1,baseline,2024-04-13,12.0,45.0,21.481453288424188,33.0,33.0
2024-04-06,16,2,ensemble,2024-04-20,15.0,28.18555,7.322757770702862,13.18555,30.0
2024-04-06,16,2,baseline,2024-04-20,15.0,45.0,18.111929838950566,30.0,30.0
2024-04-06,16,3,ensemble,2024-04-27,16.0,23.6792,5.54218521681116,7.679200000000002,29.0
2024-04-06,16,3,baseline,2024-04-27,16.0,45.0,16.755518670491057,29.0,29.0
2024-04-06,17,1,ensemble,2024-04-13,186.0,160.8075,16.967126013168535,25.192499999999995,18.0
2024-04-06,17,1,baseline,2024-04-13,186.0,194.0,11.29933755183204,8.0,18.0
2024-04-06,17,2,ensemble,2024-04-20,122.0,146.94673985426476,16.37529510975797,24.946739854264763,82.0
2024-04-06,17,2,baseline,2024-04-20,122.0,194.0,42.092580011517505,72.0,82.0
2024-04-06,17,3,ensemble,2024-04-27,86.0,135.846,24.965947124817554,49.846000000000004,118.0
2024-04-06,17,3,baseline,2024-04-27,86.0,194.0,61.50985223930501,108.0,118.0
2024-04-06,18,1,ensemble,2024-04-13,104.0,116.74831593184511,11.890603261456437,12.748315931845113,52.0
2024-04-06,18,1,baseline,2024-04-13,104.0,156.0,31.75312095525304,52.0,52.0
2024-04-06,18,2,ensemble,2024-04-20,55.0,108.00531142609036,28.92393127495387,53.00531142609036,101.0
2024-04-06,18,2,baseline,2024-04-20,55.0,156.0,62.46350475854759,101.0,101.0
2024-04-06,18,3,ensemble,2024-04-27,37.0,100.4,33.70926842095093,63.400000000000006,119.0
2024-04-06,18,3,baseline,2024-04-27,37.0,156.0,71.61064695392606,119.0,119.0
2024-04-06,19,1,ensemble,2024-04-13,63.0,63.25,6.549208941035624,0.25,27.0
2024-04-06,19,1,baseline,2024-04-13,63.0,86.0,14.574436232710157,23.0,27.0
2024-04-06,19,2,ensemble,2024-04-20,53.0,52.70547321438789,7.561253842864849,0.29452678561211343,37.0
2024-04-06,19,2,baseline,2024-04-20,53.0,86.0,20.353491151020204,33.0,37.0
2024-04-06,19,3,ensemble,2024-04-27,22.0,45.589,12.822976368770254,23.589,68.0
2024-04-06,19,3,baseline,2024-04-27,22.0,86.0,41.010262230035345,64.0,68.0
2024-04-06,20,1,ensemble,2024-04-13,27.0,48.086,10.79633509039387,21.086,43.0
2024-04-06,20,1,baseline,2024-04-13,27.0,62.0,22.948452227935316,35.0,43.0
2024-04-06,20,2,ensemble,2024-04-20,44.0,44.6517071056366,4.977529202620203,0.6517071056366035,26.0
2024-04-06,20,2,baseline,2024-04-20,44.0,62.0,10.770226248827703,18.0,26.0
2024-04-06,20,3,ensemble,2024-04-27,27.0,40.50582981109619,7.950494015719187,13.505829811096191,43.0
2024-04-06,20,3,baseline,2024-04-27,27.0,62.0,20.38468328702852,35.0,43.0
2024-04-06,21,1,ensemble,2024-04-13,67.0,84.672,12.15135312200664,17.671999999999997,53.0
2024-04-06,21,1,baseline,2024-04-13,67.0,117.0,30.284731316030552,50.0,53.0
2024-04-06,21,2,ensemble,2024-04-20,47.0,78.67647595995757,16.488773636938053,31.67647595995757,73.0
2024-04-06,21,2,baseline,2024-04-20,47.0,117.0,41.218842062551055,70.0,73.0
2024-04-06,21,3,ensemble,2024-04-27,25.0,73.0,23.9127761920253,48.0,95.0
2024-04-06,21,3,baseline,2024-04-27,25.0,117.0,53.5408288729409,92.0,95.0
2024-04-06,22,1,ensemble,2024-04-13,30.0,36.95050580026791,5.257134475465263,6.950505800267912,18.0
2024-04-06,22,1,baseline,2024-04-13,30.0,48.0,10.334592800928009,18.0,18.0
2024-04-06,22,2,ensemble,2024-04-20,25.0,36.0,6.895100518676885,11.0,23.0
2024-04-06,22,2,baseline,2024-04-20,25.0,48.0,13.087714853822453,23.0,23.0
2024-04-06,22,3,ensemble,2024-04-27,17.0,32.0,8.95959948992029,15.0,31.0
2024-04-06,22,3,baseline,2024-04-27,17.0,48.0,17.227411390657384,31.0,31.0
2024-04-06,23,1,ensemble,2024-04-13,15.0,18.0,2.692584582820144,3.0,8.0
2024-04-06,23,1,baseline,2024-04-13,15.0,23.0,4.801619236692368,8.0,8.0
2024-04-06,23,2,ensemble,2024-04-20,16.0,16.15,2.5967064091680867,0.14999999999999858,7.0
2024-04-06,23,2,baseline,2024-04-20,16.0,23.0,4.649293184323148,7.0,7.0
2024-04-06,23,3,ensemble,2024-04-27,14.0,15.30056531430814,2.9490557224375054,1.3005653143081393,9.0
2024-04-06,23,3,baseline,2024-04-27,14.0,23.0,5.815052453220183,9.0,9.0
2024-04-06,24,1,ensemble,2024-04-13,55.0,62.93248523436025,7.205631317917939,7.93248523436025,21.0
2024-04-06,24,1,baseline,2024-04-13,55.0,76.0,12.757362986434213,21.0,21.0
2024-04-06,24,2,ensemble,2024-04-20,38.0,56.0,9.988958765655283,18.0,38.0
2024-04-06,24,2,baseline,2024-04-20,38.0,76.0,21.69604648276918,38.0,38.0
2024-04-06,24,3,ensemble,2024-04-27,20.0,51.42432057022065,14.784978862915306,31.42432057022065,56.0
2024-04-06,24,3,baseline,2024-04-27,20.0,76.0,30.98487328260239,56.0,56.0
2024-04-06,25,1,ensemble,2024-04-13,168.0,161.5,16.300661160021658,6.5,32.0
2024-04-06,25,1,baseline,2024-04-13,168.0,214.0,27.700529415098497,46.0,32.0
2024-04-06,25,2,ensemble,2024-04-20,127.0,147.0,19.15751158778848,20.0,73.0
2024-04-06,25,2,baseline,2024-04-20,127.0,214.0,49.66774804376304,87.0,73.0
2024-04-06,25,3,ensemble,2024-04-27,67.0,133.0,35.04697986685237,66.0,133.0
2024-04-06,25,3,baseline,2024-04-27,67.0,214.0,86.32635358757938,147.0,133.0
2024-04-06,26,1,ensemble,2024-04-13,297.0,350.57416837343783,37.400600841990105,53.57416837343783,183.0
2024-04-06,26,1,baseline,2024-04-13,297.0,479.0,121.66653920691382,182.0,183.0
2024-04-06,26,2,ensemble,2024-04-20,156.0,315.722,89.63113270524411,159.72199999999998,324.0
2024-04-06,26,2,baseline,2024-04-20,156.0,479.0,224.06289689294712,323.0,324.0
2024-04-06,26,3,ensemble,2024-04-27,117.0,276.0,92.67621453094816,159.0,363.0
2024-04-06,26,3,baseline,2024-04-27,117.0,479.0,246.53342577114904,362.0,363.0
2024-04-06,27,1,ensemble,2024-04-13,79.0,101.3042,12.209392214931587,22.304199999999994,45.0
2024-04-06,27,1,baseline,2024-04-13,79.0,124.0,29.476764775408622,45.0,45.0
2024-04-06,27,2,ensemble,2024-04-20,53.0,86.2097165157104,19.12754142301803,33.2097165157104,71.0
2024-04-06,27,2,baseline,2024-04-20,53.0,124.0,45.65750128646939,71.0,71.0
2024-04-06,27,3,ensemble,2024-04-27,39.0,80.65,22.950563580624415,41.650000000000006,85.0
2024-04-06,27,3,baseline,2024-04-27,39.0,124.0,53.382238250491184,85.0,85.0
2024-04-06,28,1,ensemble,2024-04-13,38.0,39.69062898586616,4.282467641441167,1.6906289858661623,13.0
2024-04-06,28,1,baseline,2024-04-13,38.0,49.0,7.010350760246733,11.0,13.0
2024-04-06,28,2,ensemble,2024-04-20,25.0,36.67381624614672,6.640000273943488,11.673816246146721,26.0
2024-04-06,28,2,baseline,2024-04-20,25.0,49.0,13.353673064904562,24.0,26.0
2024-04-06,28,3,ensemble,2024-04-27,21.0,34.0,7.744713550692406,13.0,30.0
2024-04-06,28,3,baseline,2024-04-27,21.0,49.0,15.467926855703343,28.0,30.0
2024-04-06,29,1,ensemble,2024-04-13,108.0,123.2945,14.65435908394443,15.2945,85.0
2024-04-06,29,1,baseline,2024-04-13,108.0,181.0,46.21995606743023,73.0,85.0
2024-04-06,29,2,ensemble,2024-04-20,78.0,108.5435,19.06608778042683,30.543499999999995,115.0
2024-04-06,29,2,baseline,2024-04-20,78.0,181.0,63.661682673326716,103.0,115.0
2024-04-06,29,3,ensemble,2024-04-27,59.0,99.0,22.336193970153726,40.0,134.0
2024-04-06,29,3,baseline,2024-04-27,59.0,181.0,73.30897039579091,122.0,134.0
2024-04-06,30,1,ensemble,2024-04-13,9.0,21.310466656507224,6.188708575225509,12.310466656507224,20.0
2024-04-06,30,1,baseline,2024-04-13,9.0,29.0,12.16277779169096,20.0,20.0
2024-04-06,30,2,ensemble,2024-04-20,6.0,18.10509799801165,6.611370805628201,12.10509799801165,23.0
2024-04-06,30,2,baseline,2024-04-20,6.0,29.0,13.34931691390827,23.0,23.0
2024-04-06,30,3,ensemble,2024-04-27,3.0,15.9277,6.913662061742633,12.9277,26.0
2024-04-06,30,3,baseline,2024-04-27,3.0,29.0,14.64566617694438,26.0,26.0
2024-04-06,31,1,ensemble,2024-04-13,46.0,38.0,5.092505288163343,8.0,5.0
2024-04-06,31,1,baseline,2024-04-13,46.0,51.0,3.518114728516853,5.0,5.0
2024-04-06,31,2,ensemble,2024-04-20,27.0,34.0,5.397311039426087,7.0,24.0
2024-04-06,31,2,baseline,2024-04-20,27.0,51.0,14.00050294742078,24.0,24.0
2024-04-06,31,3,ensemble,2024-04-27,17.0,30.947422859449446,7.225639072591252,13.947422859449446,34.0
2024-04-06,31,3,baseline,2024-04-27,17.0,51.0,20.062992443750524,34.0,34.0
2024-04-06,32,1,ensemble,2024-04-13,24.0,22.4798187097224,2.7240187665591358,1.5201812902775984,2.0
2024-04-06,32,1,baseline,2024-04-13,24.0,25.0,4.196805500533266,1.0,2.0
2024-04-06,32,2,ensemble,2024-04-20,26.0,17.974,4.236787004881645,8.026,0.0
2024-04-06,32,2,baseline,2024-04-20,26.0,25.0,5.709130274346221,1.0,0.0
2024-04-06,32,3,ensemble,2024-04-27,21.0,18.261,3.2047019040670226,2.7390000000000008,5.0
2024-04-06,32,3,baseline,2024-04-27,21.0,25.0,7.167759607139556,4.0,5.0
2024-04-06,33,1,ensemble,2024-04-13,14.0,14.0,1.5502945683889107,0.0,3.0
2024-04-06,33,1,baseline,2024-04-13,14.0,17.0,2.244300812942912,3.0,3.0
2024-04-06,33,2,ensemble,2024-04-20,12.0,12.02034980246352,1.7817291963235282,0.02034980246351914,5.0
2024-04-06,33,2,baseline,2024-04-20,12.0,17.0,3.3031483886143205,5.0,5.0
2024-04-06,33,3,ensemble,2024-04-27,4.0,11.0,3.7707408372484,7.0,13.0
2024-04-06,33,3,baseline,2024-04-27,4.0,17.0,7.088126140065753,13.0,13.0
2024-04-06,34,1,ensemble,2024-04-13,130.0,150.86847640424952,15.825685526636304,20.86847640424952,58.0
2024-04-06,34,1,baseline,2024-04-13,130.0,195.0,38.63513075024228,65.0,58.0
2024-04-06,34,2,ensemble,2024-04-20,110.0,135.495966792182,18.141154082483098,25.495966792182003,78.0
2024-04-06,34,2,baseline,2024-04-20,110.0,195.0,48.66666318865361,85.0,78.0
2024-04-06,34,3,ensemble,2024-04-27,89.0,120.0,19.79281453595594,31.0,99.0
2024-04-06,34,3,baseline,2024-04-27,89.0,195.0,59.31652175869584,106.0,99.0
2024-04-06,35,1,ensemble,2024-04-13,19.0,28.8269241268492,5.596889836719633,9.8269241268492,17.0
2024-04-06,35,1,baseline,2024-04-13,19.0,35.0,9.345700248198137,16.0,17.0
2024-04-06,35,2,ensemble,2024-04-20,15.0,26.97505,6.218571659168962,11.97505,21.0
2024-04-06,35,2,baseline,2024-04-20,15.0,35.0,11.625041936093275,20.0,21.0
2024-04-06,35,3,ensemble,2024-04-27,20.0,22.48065909998764,4.2801555802639735,2.4806590999876406,16.0
2024-04-06,35,3,baseline,2024-04-27,20.0,35.0,10.297617579458406,15.0,16.0
2024-04-06,36,1,ensemble,2024-04-13,366.0,291.0574444901034,40.33020149866201,74.94255550989658,26.0
2024-04-06,36,1,baseline,2024-04-13,366.0,366.0,19.999553937235028,0.0,26.0
2024-04-06,36,2,ensemble,2024-04-20,217.0,273.799,37.5084355494235,56.79899999999998,175.0
2024-04-06,36,2,baseline,2024-04-20,217.0,366.0,84.8732592303749,149.0,175.0
2024-04-06,36,3,ensemble,2024-04-27,163.0,257.0,52.31261983142008,94.0,229.0
2024-04-06,36,3,baseline,2024-04-27,163.0,366.0,112.58818375381578,203.0,229.0
2024-04-06,37,1,ensemble,2024-04-13,55.0,69.01690207513471,10.615497102839964,14.016902075134709,33.0
2024-04-06,37,1,baseline,2024-04-13,55.0,88.0,20.46792473776912,33.0,33.0
2024-04-06,37,2,ensemble,2024-04-20,23.0,61.54630031092956,22.355523309538118,38.54630031092956,65.0
2024-04-06,37,2,baseline,2024-04-20,23.0,88.0,37.372719332062886,65.0,65.0
2024-04-06,37,3,ensemble,2024-04-27,13.0,55.40127091447741,25.00031168530855,42.40127091447741,75.0
2024-04-06,37,3,baseline,2024-04-27,13.0,88.0,42.02780152864572,75.0,75.0
2024-04-06,38,1,ensemble,2024-04-13,17.0,22.95197202166929,3.420189236851242,5.951972021669292,14.0
2024-04-06,38,1,baseline,2024-04-13,17.0,31.0,8.76640412034555,14.0,14.0
2024-04-06,38,2,ensemble,2024-04-20,15.0,21.80151186381125,4.060505617586858,6.80151186381125,16.0
2024-04-06,38,2,baseline,2024-04-20,15.0,31.0,9.612199222948751,16.0,16.0
2024-04-06,38,3,ensemble,2024-04-27,7.0,19.275,7.428443214270677,12.274999999999999,24.0
2024-04-06,38,3,baseline,2024-04-27,7.0,31.0,14.921773544952845,24.0,24.0
2024-04-06,39,1,ensemble,2024-04-13,191.0,183.1610565620574,19.294562474784357,7.838943437942589,53.0
2024-04-06,39,1,baseline,2024-04-13,191.0,241.0,31.034000722724613,50.0,53.0
2024-04-06,39,2,ensemble,2024-04-20,109.0,162.7,27.352979536069277,53.69999999999999,135.0
2024-04-06,39,2,baseline,2024-04-20,109.0,241.0,82.79585769098996,132.0,135.0
2024-04-06,39,3,ensemble,2024-04-27,75.0,139.5,33.95500133905426,64.5,169.0
2024-04-06,39,3,baseline,2024-04-27,75.0,241.0,101.45455422478135,166.0,169.0
2024-04-06,40,1,ensemble,2024-04-13,36.0,69.53066616074113,17.906493004156978,33.530666160741134,55.0
2024-04-06,40,1,baseline,2024-04-13,36.0,91.0,32.881154154758924,55.0,55.0
2024-04-06,40,2,ensemble,2024-04-20,31.0,64.2,18.04841522229118,33.2,60.0
2024-04-06,40,2,baseline,2024-04-20,31.0,91.0,34.2468870573271,60.0,60.0
2024-04-06,40,3,ensemble,2024-04-27,31.0,56.0,14.833446203650965,25.0,60.0
2024-04-06,40,3,baseline,2024-04-27,31.0,91.0,33.44490268976604,60.0,60.0
2024-04-06,41,1,ensemble,2024-04-13,33.0,50.62899704361215,10.150890755271583,17.628997043612152,31.0
2024-04-06,41,1,baseline,2024-04-13,33.0,63.0,18.918471723391146,30.0,31.0
2024-04-06,41,2,ensemble,2024-04-20,32.0,45.0,8.424044505502307,13.0,32.0
2024-04-06,41,2,baseline,2024-04-20,32.0,63.0,18.733257625837126,31.0,32.0
2024-04-06,41,3,ensemble,2024-04-27,34.0,40.49975,7.639851622366004,6.499749999999999,30.0
2024-04-06,41,3,baseline,2024-04-27,34.0,63.0,17.639435823010416,29.0,30.0
2024-04-06,42,1,ensemble,2024-04-13,199.0,203.0,19.246934352131273,4.0,69.0
2024-04-06,42,1,baseline,2024-04-13,199.0,265.0,39.80616221960046,66.0,69.0
2024-04-06,42,2,ensemble,2024-04-20,153.0,189.8855445477596,25.48419407393345,36.885544547759594,115.0
2024-04-06,42,2,baseline,2024-04-20,153.0,265.0,64.95575027256794,112.0,115.0
2024-04-06,42,3,ensemble,2024-04-27,118.0,177.1684,33.712972257838814,59.16839999999999,150.0
2024-04-06,42,3,baseline,2024-04-27,118.0,265.0,83.61277390539124,147.0,150.0
2024-04-06,44,1,ensemble,2024-04-13,14.0,11.0,1.8593118645842093,3.0,0.0
2024-04-06,44,1,baseline,2024-04-13,14.0,14.0,1.0552015214934756,0.0,0.0
2024-04-06,44,2,ensemble,2024-04-20,11.0,10.406708039437614,1.6335032285379874,0.5932919605623859,3.0
2024-04-06,44,2,baseline,2024-04-20,11.0,14.0,2.0684330585262374,3.0,3.0
2024-04-06,44,3,ensemble,2024-04-27,7.0,9.0,2.0257017361003684,2.0,7.0
2024-04-06,44,3,baseline,2024-04-27,7.0,14.0,3.9290889956943054,7.0,7.0
2024-04-06,45,1,ensemble,2024-04-13,64.0,49.5615,8.044716456319367,14.438499999999998,1.0
2024-04-06,45,1,baseline,2024-04-13,64.0,63.0,5.458032086255645,1.0,1.0
2024-04-06,45,2,ensemble,2024-04-20,37.0,46.08084053424814,6.976484426626213,9.08084053424814,26.0
2024-04-06,45,2,baseline,2024-04-20,37.0,63.0,15.50421935271527,26.0,26.0
2024-04-06,45,3,ensemble,2024-04-27,30.0,40.9,8.138078324836481,10.899999999999999,33.0
2024-04-06,45,3,baseline,2024-04-27,30.0,63.0,19.35045901022054,33.0,33.0
2024-04-06,46,1,ensemble,2024-04-13,14.0,27.0,7.331183372528775,13.0,19.0
2024-04-06,46,1,baseline,2024-04-13,14.0,33.0,11.875231052223569,19.0,19.0
2024-04-06,46,2,ensemble,2024-04-20,24.0,23.552,2.660390345782352,0.4480000000000004,9.0
2024-04-06,46,2,baseline,2024-04-20,24.0,33.0,5.064152023150668,9.0,9.0
2024-04-06,46,3,ensemble,2024-04-27,14.0,21.0,4.097968940144583,7.0,19.0
2024-04-06,46,3,baseline,2024-04-27,14.0,33.0,10.687002145869284,19.0,19.0
2024-04-06,47,1,ensemble,2024-04-13,77.0,79.0,7.23526561876509,2.0,9.0
2024-04-06,47,1,baseline,2024-04-13,77.0,100.0,14.207284796347968,23.0,9.0
2024-04-06,47,2,ensemble,2024-04-20,58.0,70.0,9.360231773614172,12.0,28.0
2024-04-06,47,2,baseline,2024-04-20,58.0,100.0,24.209071654564376,42.0,28.0
2024-04-06,47,3,ensemble,2024-04-27,46.0,64.589,12.016965689595803,18.589,40.0
2024-04-06,47,3,baseline,2024-04-27,46.0,100.0,30.50424159789424,54.0,40.0
2024-04-06,48,1,ensemble,2024-04-13,208.0,237.98429665249765,21.071868804915642,29.984296652497648,93.0
2024-04-06,48,1,baseline,2024-04-13,208.0,301.0,54.86881723658543,93.0,93.0
2024-04-06,48,2,ensemble,2024-04-20,190.0,221.687,28.21764333661819,31.687000000000012,111.0
2024-04-06,48,2,baseline,2024-04-20,190.0,301.0,64.75116565239566,111.0,111.0
2024-04-06,48,3,ensemble,2024-04-27,150.0,214.3,37.465424303497855,64.30000000000001,151.0
2024-04-06,48,3,baseline,2024-04-27,150.0,301.0,83.40568461969397,151.0,151.0
2024-04-06,49,1,ensemble,2024-04-13,1.0,9.0,4.8197526657085215,8.0,10.0
2024-04-06,49,1,baseline,2024-04-13,1.0,10.0,4.976017060627128,9.0,10.0
2024-04-06,49,2,ensemble,2024-04-20,3.0,9.0,3.1702423711548104,6.0,8.0
2024-04-06,49,2,baseline,2024-04-20,3.0,10.0,3.9686248695313076,7.0,8.0
2024-04-06,49,3,ensemble,2024-04-27,6.0,8.196928880803764,1.7140418105103672,2.196928880803764,5.0
2024-04-06,49,3,baseline,2024-04-27,6.0,10.0,3.242970780903462,4.0,5.0
2024-04-06,50,1,ensemble,2024-04-13,16.0,14.779625,1.5758653773640634,1.2203750000000007,1.0
2024-04-06,50,1,baseline,2024-04-13,16.0,19.0,1.7589815587286306,3.0,1.0
2024-04-06,50,2,ensemble,2024-04-20,10.0,13.47795,2.213768973098126,3.47795,5.0
2024-04-06,50,2,baseline,2024-04-20,10.0,19.0,5.377685659530506,9.0,5.0
2024-04-06,50,3,ensemble,2024-04-27,6.0,12.0,3.2950651543223732,6.0,9.0
2024-04-06,50,3,baseline,2024-04-27,6.0,19.0,7.975011322743663,13.0,9.0
2024-04-06,51,1,ensemble,2024-04-13,110.0,85.95650587356161,13.222873860743462,24.04349412643839,1.0
2024-04-06,51,1,baseline,2024-04-13,110.0,108.0,8.243359155874165,2.0,1.0
2024-04-06,51,2,ensemble,2024-04-20,79.0,81.30942390797077,9.791679432075677,2.3094239079707677,32.0
2024-04-06,51,2,baseline,2024-04-20,79.0,108.0,18.503468026941142,29.0,32.0
2024-04-06,51,3,ensemble,2024-04-27,58.0,69.6603,11.414113333207322,11.660300000000007,53.0
2024-04-06,51,3,baseline,2024-04-27,58.0,108.0,29.051783023547618,50.0,53.0
2024-04-06,53,1,ensemble,2024-04-13,42.0,47.08678413797109,6.195328292202317,5.086784137971087,14.0
2024-04-06,53,1,baseline,2024-04-13,42.0,60.0,10.872237445917934,18.0,14.0
2024-04-06,53,2,ensemble,2024-04-20,26.0,43.520089255305066,11.065743303528384,17.520089255305066,30.0
2024-04-06,53,2,baseline,2024-04-20,26.0,60.0,19.785430357194876,34.0,30.0
2024-04-06,53,3,ensemble,2024-04-27,37.0,40.0,6.826045150489152,3.0,19.0
2024-04-06,53,3,baseline,2024-04-27,37.0,60.0,14.959678650199544,23.0,19.0
2024-04-06,54,1,ensemble,2024-04-13,22.0,52.0,16.950693870508406,30.0,49.0
2024-04-06,54,1,baseline,2024-04-13,22.0,72.0,32.486825311427026,50.0,49.0
2024-04-06,54,2,ensemble,2024-04-20,13.0,48.51896518051085,20.59152380188559,35.51896518051085,58.0
2024-04-06,54,2,baseline,2024-04-20,13.0,72.0,37.0643449640366,59.0,58.0
2024-04-06,54,3,ensemble,2024-04-27,22.0,41.7026728142608,10.206824076816678,19.7026728142608,49.0
2024-04-06,54,3,baseline,2024-04-27,22.0,72.0,28.90764932668892,50.0,49.0
2024-04-06,55,1,ensemble,2024-04-13,77.0,100.849574513759,14.341860298032758,23.849574513758995,49.0
2024-04-06,55,1,baseline,2024-04-13,77.0,127.0,31.82195375199404,50.0,49.0
2024-04-06,55,2,ensemble,2024-04-20,66.0,91.70812038999614,14.847417993840674,25.70812038999614,60.0
2024-04-06,55,2,baseline,2024-04-20,66.0,127.0,37.16107863869943,61.0,60.0
2024-04-06,55,3,ensemble,2024-04-27,38.0,84.0,22.650275214173174,46.0,88.0
2024-04-06,55,3,baseline,2024-04-27,38.0,127.0,55.081377751103616,89.0,88.0
2024-04-06,56,1,ensemble,2024-04-13,6.0,7.848168134689331,1.517458177480237,1.848168134689331,5.0
2024-04-06,56,1,baseline,2024-04-13,6.0,11.0,2.994107853578535,5.0,5.0
2024-04-06,56,2,ensemble,2024-04-20,2.0,7.61565,2.848003392232515,5.61565,9.0
2024-04-06,56,2,baseline,2024-04-20,2.0,11.0,5.170789063173241,9.0,9.0
2024-04-06,56,3,ensemble,2024-04-27,4.0,7.13675598890445,2.0357018832672003,3.13675598890445,7.0
2024-04-06,56,3,baseline,2024-04-27,4.0,11.0,4.176290280381065,7.0,7.0
2024-04-13,01,1,ensemble,2024-04-20,18.0,31.641,7.2455943614671625,13.640999999999998,21.0
2024-04-13,01,1,baseline,2024-04-20,18.0,39.0,12.126057909557357,21.0,21.0
2024-04-13,01,2,ensemble,2024-04-27,16.0,29.0,6.983640436429093,13.0,23.0
2024-04-13,01,2,baseline,2024-04-27,16.0,39.0,13.343215058607111,23.0,23.0
2024-04-13,02,1,ensemble,2024-04-20,2.0,5.0,1.519296064592465,3.0,5.0
2024-04-13,02,1,baseline,2024-04-20,2.0,4.0,1.4276664588385015,2.0,5.0
2024-04-13,02,2,ensemble,2024-04-27,3.0,4.0,1.0678859841385095,1.0,4.0
2024-04-13,02,2,baseline,2024-04-27,3.0,4.0,1.4804844459096764,1.0,4.0
2024-04-13,04,1,ensemble,2024-04-20,81.0,66.0,10.246150375321761,15.0,3.0
2024-04-13,04,1,baseline,2024-04-20,81.0,84.0,11.558311012088383,3.0,3.0
2024-04-13,04,2,ensemble,2024-04-27,106.0,57.2959,24.68614799802174,48.7041,22.0
2024-04-13,04,2,baseline,2024-04-27,106.0,84.0,19.576986113991584,22.0,22.0
2024-04-13,05,1,ensemble,2024-04-20,30.0,33.49441167849465,5.69514162168015,3.49441167849465,30.0
2024-04-13,05,1,baseline,2024-04-20,30.0,61.0,17.908481454314543,31.0,30.0
2024-04-13,05,2,ensemble,2024-04-27,30.0,30.0,5.688339250841118,0.0,30.0
2024-04-13,05,2,baseline,2024-04-27,30.0,61.0,17.36521568309161,31.0,30.0
2024-04-13,06,1,ensemble,2024-04-20,154.0,121.60556109692536,19.099207000842313,32.394438903074644,4.0
2024-04-13,06,1,baseline,2024-04-20,154.0,146.0,23.18352870154788,8.0,4.0
2024-04-13,06,2,ensemble,2024-04-27,151.0,116.57823303775342,21.961096265082837,34.42176696224658,1.0
2024-04-13,06,2,baseline,2024-04-27,151.0,146.0,33.872214274990576,5.0,1.0
2024-04-13,08,1,ensemble,2024-04-20,26.0,37.535,6.934005329669169,11.534999999999997,23.0
2024-04-13,08,1,baseline,2024-04-20,26.0,49.0,13.1945702529634,23.0,23.0
2024-04-13,08,2,ensemble,2024-04-27,23.0,33.01325320323605,6.462637911412534,10.013253203236047,26.0
2024-04-13,08,2,baseline,2024-04-27,23.0,49.0,14.876427562101709,26.0,26.0
2024-04-13,09,1,ensemble,2024-04-20,57.0,68.81596931140706,8.28320906554625,11.81596931140706,31.0
2024-04-13,09,1,baseline,2024-04-20,57.0,87.0,17.610942476772596,30.0,31.0
2024-04-13,09,2,ensemble,2024-04-27,64.0,61.192550842892096,7.053171293282802,2.8074491571079037,24.0
2024-04-13,09,2,baseline,2024-04-27,64.0,87.0,13.573966607579115,23.0,24.0
2024-04-13,10,1,ensemble,2024-04-20,8.0,14.0,3.3535270515320894,6.0,11.0
2024-04-13,10,1,baseline,2024-04-20,8.0,19.0,6.697852354436584,11.0,11.0
2024-04-13,10,2,ensemble,2024-04-27,2.0,13.0,6.5860328933917485,11.0,17.0
2024-04-13,10,2,baseline,2024-04-27,2.0,19.0,10.366742333510292,17.0,17.0
2024-04-13,11,1,ensemble,2024-04-20,14.0,16.8715010898644,2.3057800584239154,2.871501089864399,9.0
2024-04-13,11,1,baseline,2024-04-20,14.0,23.0,5.496618310183101,9.0,9.0
2024-04-13,11,2,ensemble,2024-04-27,8.0,15.0,3.824721735359429,7.0,15.0
2024-04-13,11,2,baseline,2024-04-27,8.0,23.0,9.108822107177591,15.0,15.0
2024-04-13,12,1,ensemble,2024-04-20,243.0,256.0,19.553921363743818,13.0,71.0
2024-04-13,12,1,baseline,2024-04-20,243.0,307.0,37.70142553514665,64.0,71.0
2024-04-13,12,2,ensemble,2024-04-27,266.0,234.0,24.141813686606437,32.0,48.0
2024-04-13,12,2,baseline,2024-04-27,266.0,307.0,34.628592789427884,41.0,48.0
2024-04-13,13,1,ensemble,2024-04-20,37.0,46.06133197804995,6.437478347883744,9.06133197804995,19.0
2024-04-13,13,1,baseline,2024-04-20,37.0,56.0,12.122380128583897,19.0,19.0
2024-04-13,13,2,ensemble,2024-04-27,30.0,44.8433825182225,7.790125581828926,14.843382518222498,26.0
2024-04-13,13,2,baseline,2024-04-27,30.0,56.0,16.275888586255427,26.0,26.0
2024-04-13,15,1,ensemble,2024-04-20,5.0,7.5785,1.5849845134457805,2.5785,4.0
2024-04-13,15,1,baseline,2024-04-20,5.0,9.0,2.244693684002057,4.0,4.0
2024-04-13,15,2,ensemble,2024-04-27,14.0,7.209732044839512,3.586498862566357,6.790267955160488,5.0
2024-04-13,15,2,baseline,2024-04-27,14.0,9.0,2.6979211618203154,5.0,5.0
2024-04-13,16,1,ensemble,2024-04-20,15.0,22.93236804017254,4.238391684622403,7.932368040172541,16.0
2024-04-13,16,1,baseline,2024-04-20,15.0,31.0,9.622201716278033,16.0,16.0
2024-04-13,16,2,ensemble,2024-04-27,16.0,20.0,3.5413592023485005,4.0,15.0
2024-04-13,16,2,baseline,2024-04-27,16.0,31.0,8.914265975007577,15.0,15.0
2024-04-13,17,1,ensemble,2024-04-20,122.0,146.12840295205456,16.64975186274751,24.128402952054557,60.0
2024-04-13,17,1,baseline,2024-04-20,122.0,181.0,35.577132644826456,59.0,60.0
2024-04-13,17,2,ensemble,2024-04-27,86.0,135.0,25.330745613557507,49.0,96.0
2024-04-13,17,2,baseline,2024-04-27,86.0,181.0,56.028577435556954,95.0,96.0
2024-04-13,18,1,ensemble,2024-04-20,55.0,116.0,34.19694968720262,61.0,98.0
2024-04-13,18,1,baseline,2024-04-20,55.0,155.0,66.12992343423433,100.0,98.0
2024-04-13,18,2,ensemble,2024-04-27,37.0,101.40033321788133,35.31684431645695,64.40033321788133,116.0
2024-04-13,18,2,baseline,2024-04-27,37.0,155.0,75.08674389189545,118.0,116.0
2024-04-13,19,1,ensemble,2024-04-20,53.0,56.0,4.799282435536123,3.0,29.0
2024-04-13,19,1,baseline,2024-04-20,53.0,79.0,16.67706035945142,26.0,29.0
2024-04-13,19,2,ensemble,2024-04-27,22.0,49.0,13.825256686970627,27.0,60.0
2024-04-13,19,2,baseline,2024-04-27,22.0,79.0,37.770728678460706,57.0,60.0
2024-04-13,20,1,ensemble,2024-04-20,44.0,30.117131989548188,7.38999506792471,13.882868010451812,2.0
2024-04-13,20,1,baseline,2024-04-20,44.0,39.0,3.9965895099820568,5.0,2.0
2024-04-13,20,2,ensemble,2024-04-27,27.0,27.0,4.520822071976596,0.0,15.0
2024-04-13,20,2,baseline,2024-04-27,27.0,39.0,7.539997236907152,12.0,15.0
2024-04-13,21,1,ensemble,2024-04-20,47.0,79.0,17.296729346562664,32.0,55.0
2024-04-13,21,1,baseline,2024-04-20,47.0,102.0,33.42034346589118,55.0,55.0
2024-04-13,21,2,ensemble,2024-04-27,25.0,70.0,22.656213834955665,45.0,77.0
2024-04-13,21,2,baseline,2024-04-27,25.0,102.0,45.73574679790276,77.0,77.0
2024-04-13,22,1,ensemble,2024-04-20,25.0,28.8,4.066005815267824,3.8000000000000007,9.0
2024-04-13,22,1,baseline,2024-04-20,25.0,34.0,6.278078865723441,9.0,9.0
2024-04-13,22,2,ensemble,2024-04-27,17.0,25.9293956105751,5.427350670332564,8.9293956105751,17.0
2024-04-13,22,2,baseline,2024-04-27,17.0,34.0,10.14556052910529,17.0,17.0
2024-04-13,23,1,ensemble,2024-04-20,16.0,16.80425697670627,2.330388800569347,0.8042569767062702,8.0
2024-04-13,23,1,baseline,2024-04-20,16.0,24.0,4.810234112297645,8.0,8.0
2024-04-13,23,2,ensemble,2024-04-27,14.0,16.299240442300643,2.7522298904381466,2.2992404423006434,10.0
2024-04-13,23,2,baseline,2024-04-27,14.0,24.0,5.966233694054331,10.0,10.0
2024-04-13,24,1,ensemble,2024-04-20,38.0,73.5,19.382255379421704,35.5,50.0
2024-04-13,24,1,baseline,2024-04-20,38.0,92.0,33.33107381028158,54.0,50.0
2024-04-13,24,2,ensemble,2024-04-27,20.0,66.0,26.157253784873113,46.0,68.0
2024-04-13,24,2,baseline,2024-04-27,20.0,92.0,43.70312154899809,72.0,68.0
2024-04-13,25,1,ensemble,2024-04-20,127.0,163.0,21.610783885384798,36.0,87.0
2024-04-13,25,1,baseline,2024-04-20,127.0,214.0,52.958614523166965,87.0,87.0
2024-04-13,25,2,ensemble,2024-04-27,67.0,137.5,41.58322628303195,70.5,147.0
2024-04-13,25,2,baseline,2024-04-27,67.0,214.0,91.0250930563436,147.0,147.0
2024-04-13,26,1,ensemble,2024-04-20,156.0,299.51892852783203,82.49679079295692,143.51892852783203,256.0
2024-04-13,26,1,baseline,2024-04-20,156.0,411.0,180.61265049096147,255.0,256.0
2024-04-13,26,2,ensemble,2024-04-27,117.0,257.1800146102905,80.89793978428622,140.18001461029053,295.0
2024-04-13,26,2,baseline,2024-04-27,117.0,411.0,200.2591890138032,294.0,295.0
2024-04-13,27,1,ensemble,2024-04-20,53.0,87.33569021485287,19.251439244285027,34.335690214852875,59.0
2024-04-13,27,1,baseline,2024-04-20,53.0,112.0,39.832647380386845,59.0,59.0
2024-04-13,27,2,ensemble,2024-04-27,39.0,82.03133692825841,22.83776576067869,43.03133692825841,73.0
2024-04-13,27,2,baseline,2024-04-27,39.0,112.0,47.22098934576302,73.0,73.0
2024-04-13,28,1,ensemble,2024-04-20,25.0,49.75544303051238,13.646292576329301,24.75544303051238,35.0
2024-04-13,28,1,baseline,2024-04-20,25.0,60.0,20.88033867753895,35.0,35.0
2024-04-13,28,2,ensemble,2024-04-27,21.0,49.4,14.942668458103546,28.4,39.0
2024-04-13,28,2,baseline,2024-04-27,21.0,60.0,22.315777785060455,39.0,39.0
2024-04-13,29,1,ensemble,2024-04-20,78.0,95.0,11.617667231131383,17.0,70.0
2024-04-13,29,1,baseline,2024-04-20,78.0,147.0,43.32318313739658,69.0,70.0
2024-04-13,29,2,ensemble,2024-04-27,59.0,83.0,17.15190806067137,24.0,89.0
2024-04-13,29,2,baseline,2024-04-27,59.0,147.0,53.27591213709966,88.0,89.0
2024-04-13,30,1,ensemble,2024-04-20,6.0,5.9985,1.5786489882322978,0.0015000000000000568,1.0
2024-04-13,30,1,baseline,2024-04-20,6.0,6.0,1.8445771885762343,0.0,1.0
2024-04-13,30,2,ensemble,2024-04-27,3.0,5.5,1.9618390800198529,2.5,4.0
2024-04-13,30,2,baseline,2024-04-27,3.0,6.0,2.978493579805364,3.0,4.0
2024-04-13,31,1,ensemble,2024-04-20,27.0,37.6042,5.61637918479895,10.604199999999999,28.0
2024-04-13,31,1,baseline,2024-04-20,27.0,50.0,14.326986405798841,23.0,28.0
2024-04-13,31,2,ensemble,2024-04-27,17.0,32.820660782854134,8.845252700358968,15.820660782854134,38.0
2024-04-13,31,2,baseline,2024-04-27,17.0,50.0,20.45905282574565,33.0,38.0
2024-04-13,32,1,ensemble,2024-04-20,26.0,26.0,2.8440648543680327,0.0,9.0
2024-04-13,32,1,baseline,2024-04-20,26.0,34.0,5.699913591027214,8.0,9.0
2024-04-13,32,2,ensemble,2024-04-27,21.0,22.83907943014452,3.465070449716312,1.839079430144519,14.0
2024-04-13,32,2,baseline,2024-04-27,21.0,34.0,8.424442383945577,13.0,14.0
2024-04-13,33,1,ensemble,2024-04-20,12.0,12.38576239347458,1.7103208163689276,0.38576239347458063,4.0
2024-04-13,33,1,baseline,2024-04-20,12.0,16.0,2.6128974053653584,4.0,4.0
2024-04-13,33,2,ensemble,2024-04-27,4.0,10.8742547754408,3.9257560119338235,6.8742547754408,12.0
2024-04-13,33,2,baseline,2024-04-27,4.0,16.0,6.717927583493226,12.0,12.0
2024-04-13,34,1,ensemble,2024-04-20,110.0,140.965,18.439155922030103,30.965000000000003,58.0
2024-04-13,34,1,baseline,2024-04-20,110.0,171.0,36.02078168455597,61.0,58.0
2024-04-13,34,2,ensemble,2024-04-27,89.0,122.94,20.023876152648278,33.94,79.0
2024-04-13,34,2,baseline,2024-04-27,89.0,171.0,46.86371068062856,82.0,79.0
2024-04-13,35,1,ensemble,2024-04-20,15.0,30.60765,8.48985098972432,15.60765,26.0
2024-04-13,35,1,baseline,2024-04-20,15.0,41.0,15.167692198356766,26.0,26.0
2024-04-13,35,2,ensemble,2024-04-27,20.0,27.113596912978547,5.027403922298027,7.113596912978547,21.0
2024-04-13,35,2,baseline,2024-04-27,20.0,41.0,12.165371845457589,21.0,21.0
2024-04-13,36,1,ensemble,2024-04-20,217.0,350.60911331008,74.04976007502356,133.60911331007998,194.0
2024-04-13,36,1,baseline,2024-04-20,217.0,410.0,118.39020448891446,193.0,194.0
2024-04-13,36,2,ensemble,2024-04-27,163.0,326.0,90.7533485422653,163.0,248.0
2024-04-13,36,2,baseline,2024-04-27,163.0,410.0,148.1687159413768,247.0,248.0
2024-04-13,37,1,ensemble,2024-04-20,23.0,57.00440512997297,19.172716039767607,34.00440512997297,54.0
2024-04-13,37,1,baseline,2024-04-20,23.0,77.0,32.22116307552206,54.0,54.0
2024-04-13,37,2,ensemble,2024-04-27,13.0,51.7233481087063,22.349970824411503,38.7233481087063,64.0
2024-04-13,37,2,baseline,2024-04-27,13.0,77.0,36.78882680955069,64.0,64.0
2024-04-13,38,1,ensemble,2024-04-20,15.0,14.0,1.7034748387107093,1.0,4.0
2024-04-13,38,1,baseline,2024-04-20,15.0,15.0,1.4792772056416217,0.0,4.0
2024-04-13,38,2,ensemble,2024-04-27,7.0,12.5504674515834,3.0543500070531393,5.550467451583399,12.0
2024-04-13,38,2,baseline,2024-04-27,7.0,15.0,4.424767701285709,8.0,12.0
2024-04-13,39,1,ensemble,2024-04-20,109.0,214.77405,58.42342624260086,105.77404999999999,160.0
2024-04-13,39,1,baseline,2024-04-20,109.0,272.0,111.79107863785163,163.0,160.0
2024-04-13,39,2,ensemble,2024-04-27,75.0,192.5,66.84753478613027,117.5,194.0
2024-04-13,39,2,baseline,2024-04-27,75.0,272.0,130.9076351496994,197.0,194.0
2024-04-13,40,1,ensemble,2024-04-20,31.0,52.4665292181821,10.58229286030395,21.466529218182103,32.0
2024-04-13,40,1,baseline,2024-04-20,31.0,65.0,19.84027497288016,34.0,32.0
2024-04-13,40,2,ensemble,2024-04-27,31.0,43.503,8.686990506496073,12.503,32.0
2024-04-13,40,2,baseline,2024-04-27,31.0,65.0,20.117934755086672,34.0,32.0
2024-04-13,41,1,ensemble,2024-04-20,32.0,30.03775592744928,4.494212111144315,1.962244072550721,19.0
2024-04-13,41,1,baseline,2024-04-20,32.0,41.0,6.5646743351998715,9.0,19.0
2024-04-13,41,2,ensemble,2024-04-27,34.0,25.674984050366906,5.800417348161467,8.325015949633094,17.0
2024-04-13,41,2,baseline,2024-04-27,34.0,41.0,7.0930617689002915,7.0,17.0
2024-04-13,42,1,ensemble,2024-04-20,153.0,203.0,26.381930019910957,50.0,105.0
2024-04-13,42,1,baseline,2024-04-20,153.0,258.0,64.39384025605474,105.0,105.0
2024-04-13,42,2,ensemble,2024-04-27,118.0,184.0,34.61647278551078,66.0,140.0
2024-04-13,42,2,baseline,2024-04-27,118.0,258.0,82.56201374700703,140.0,140.0
2024-04-13,44,1,ensemble,2024-04-20,11.0,11.9259,1.5030972907064446,0.9259000000000004,5.0
2024-04-13,44,1,baseline,2024-04-20,11.0,16.0,2.934674657159615,5.0,5.0
2024-04-13,44,2,ensemble,2024-04-27,7.0,10.70991106927251,2.3219899712849483,3.7099110692725095,9.0
2024-04-13,44,2,baseline,2024-04-27,7.0,16.0,5.203185395745262,9.0,9.0
2024-04-13,45,1,ensemble,2024-04-20,37.0,34.0,4.378925350827399,3.0,7.0
2024-04-13,45,1,baseline,2024-04-20,37.0,44.0,6.214778162412059,7.0,7.0
2024-04-13,45,2,ensemble,2024-04-27,30.0,30.8,4.461946210796463,0.8000000000000007,14.0
2024-04-13,45,2,baseline,2024-04-27,30.0,44.0,9.931823132035667,14.0,14.0
2024-04-13,46,1,ensemble,2024-04-20,24.0,28.4728415117815,3.2169581526251534,4.4728415117815,13.0
2024-04-13,46,1,baseline,2024-04-20,24.0,36.0,6.942702628656724,12.0,13.0
2024-04-13,46,2,ensemble,2024-04-27,14.0,26.954,6.370631240718526,12.954,23.0
2024-04-13,46,2,baseline,2024-04-27,14.0,36.0,13.332437248546398,22.0,23.0
2024-04-13,47,1,ensemble,2024-04-20,58.0,79.0,12.926937453702255,21.0,44.0
2024-04-13,47,1,baseline,2024-04-20,58.0,105.0,27.909471253821238,47.0,44.0
2024-04-13,47,2,ensemble,2024-04-27,46.0,69.2,13.92372892532715,23.200000000000003,56.0
2024-04-13,47,2,baseline,2024-04-27,46.0,105.0,33.73735233680597,59.0,56.0
2024-04-13,48,1,ensemble,2024-04-20,190.0,198.2,17.32663999837583,8.199999999999989,57.0
2024-04-13,48,1,baseline,2024-04-20,190.0,255.0,42.76582264948736,65.0,57.0
2024-04-13,48,2,ensemble,2024-04-27,150.0,174.9,20.70385292531862,24.900000000000006,97.0
2024-04-13,48,2,baseline,2024-04-27,150.0,255.0,61.94844170911273,105.0,97.0
2024-04-13,49,1,ensemble,2024-04-20,3.0,5.75,1.6588283337482732,2.75,2.0
2024-04-13,49,1,baseline,2024-04-20,3.0,5.0,1.7668120854469418,2.0,2.0
2024-04-13,49,2,ensemble,2024-04-27,6.0,5.0,1.293948281943021,1.0,1.0
2024-04-13,49,2,baseline,2024-04-27,6.0,5.0,2.056349319601894,1.0,1.0
2024-04-13,50,1,ensemble,2024-04-20,10.0,7.3342,1.6143032171689584,2.6658,1.0
2024-04-13,50,1,baseline,2024-04-20,10.0,9.0,0.9760425105120617,1.0,1.0
2024-04-13,50,2,ensemble,2024-04-27,6.0,6.0,1.3009661764325076,0.0,3.0
2024-04-13,50,2,baseline,2024-04-27,6.0,9.0,1.8417814500101528,3.0,3.0
2024-04-13,51,1,ensemble,2024-04-20,79.0,136.76,30.8648268846064,57.75999999999999,78.0
2024-04-13,51,1,baseline,2024-04-20,79.0,157.0,48.65707911007371,78.0,78.0
2024-04-13,51,2,ensemble,2024-04-27,58.0,130.0,39.74820895855349,72.0,99.0
2024-04-13,51,2,baseline,2024-04-27,58.0,157.0,59.580413958443934,99.0,99.0
2024-04-13,53,1,ensemble,2024-04-20,26.0,37.5,6.018935751363722,11.5,17.0
2024-04-13,53,1,baseline,2024-04-20,26.0,43.0,10.214329933908031,17.0,17.0
2024-04-13,53,2,ensemble,2024-04-27,37.0,32.4328904174081,4.999714600638088,4.567109582591897,6.0
2024-04-13,53,2,baseline,2024-04-27,37.0,43.0,8.284892707014023,6.0,6.0
2024-04-13,54,1,ensemble,2024-04-20,13.0,49.69953393936157,21.444843296707443,36.69953393936157,55.0
2024-04-13,54,1,baseline,2024-04-20,13.0,68.0,36.563150508265956,55.0,55.0
2024-04-13,54,2,ensemble,2024-04-27,22.0,43.0,10.972683864843908,21.0,46.0
2024-04-13,54,2,baseline,2024-04-27,22.0,68.0,27.533682984677665,46.0,46.0
2024-04-13,55,1,ensemble,2024-04-20,66.0,91.0,14.279591304347825,25.0,59.0
2024-04-13,55,1,baseline,2024-04-20,66.0,125.0,38.58348300437351,59.0,59.0
2024-04-13,55,2,ensemble,2024-04-27,38.0,85.0,24.883049723202816,47.0,87.0
2024-04-13,55,2,baseline,2024-04-27,38.0,125.0,56.49848361829269,87.0,87.0
2024-04-13,56,1,ensemble,2024-04-20,2.0,6.0,1.8332225098871204,4.0,5.0
2024-04-13,56,1,baseline,2024-04-20,2.0,7.0,2.984492596860752,5.0,5.0
2024-04-13,56,2,ensemble,2024-04-27,4.0,4.81,1.3012580466694241,0.8099999999999996,3.0
2024-04-13,56,2,baseline,2024-04-27,4.0,7.0,2.3297631137398342,3.0,3.0
2024-04-20,01,1,ensemble,2024-04-27,16.0,17.39600185580217,2.995462349786531,1.3960018558021687,3.0
2024-04-20,01,1,baseline,2024-04-27,16.0,19.0,5.047428427566883,3.0,3.0
2024-04-20,02,1,ensemble,2024-04-27,3.0,6.648736965160476,1.9975126729784862,3.6487369651604764,5.0
2024-04-20,02,1,baseline,2024-04-27,3.0,8.0,2.800175071315931,5.0,5.0
2024-04-20,04,1,ensemble,2024-04-27,106.0,72.9747271500255,16.87023161805931,33.0252728499745,18.0
2024-04-20,04,1,baseline,2024-04-27,106.0,88.0,14.679398458832418,18.0,18.0
2024-04-20,05,1,ensemble,2024-04-27,30.0,34.71475878665139,4.763194526140215,4.714758786651387,17.0
2024-04-20,05,1,baseline,2024-04-27,30.0,50.0,11.681599535321444,20.0,17.0
2024-04-20,06,1,ensemble,2024-04-27,151.0,159.3188768276417,16.180426370448245,8.318876827641702,27.0
2024-04-20,06,1,baseline,2024-04-27,151.0,176.0,27.022548134633514,25.0,27.0
2024-04-20,08,1,ensemble,2024-04-27,23.0,43.016995736666175,10.874445094785413,20.016995736666175,32.0
2024-04-20,08,1,baseline,2024-04-27,23.0,55.0,17.979144419161585,32.0,32.0
2024-04-20,09,1,ensemble,2024-04-27,64.0,47.01963740772535,8.905023902578385,16.980362592274652,2.0
2024-04-20,09,1,baseline,2024-04-27,64.0,62.0,5.098326726745527,2.0,2.0
2024-04-20,10,1,ensemble,2024-04-27,2.0,6.0,2.179085108941291,4.0,5.0
2024-04-20,10,1,baseline,2024-04-27,2.0,7.0,2.9868986128122152,5.0,5.0
2024-04-20,11,1,ensemble,2024-04-27,8.0,14.0,3.2000102196986027,6.0,9.0
2024-04-20,11,1,baseline,2024-04-27,8.0,18.0,6.120315024280678,10.0,9.0
2024-04-20,12,1,ensemble,2024-04-27,266.0,259.5,17.95618792685921,6.5,62.0
2024-04-20,12,1,baseline,2024-04-27,266.0,326.0,36.159564958540884,60.0,62.0
2024-04-20,13,1,ensemble,2024-04-27,30.0,45.36570919057437,8.437162332278161,15.365709190574371,24.0
2024-04-20,13,1,baseline,2024-04-27,30.0,54.0,14.37267408502346,24.0,24.0
2024-04-20,15,1,ensemble,2024-04-27,14.0,9.482,2.4134467529404433,4.518000000000001,2.0
2024-04-20,15,1,baseline,2024-04-27,14.0,12.0,1.520629137008761,2.0,2.0
2024-04-20,16,1,ensemble,2024-04-27,16.0,9.543226330331446,3.2104884951673087,6.456773669668554,4.0
2024-04-20,16,1,baseline,2024-04-27,16.0,12.0,3.251362385297767,4.0,4.0
2024-04-20,17,1,ensemble,2024-04-27,86.0,152.99,37.370181351035164,66.99000000000001,100.0
2024-04-20,17,1,baseline,2024-04-27,86.0,190.0,66.050803443904,104.0,100.0
2024-04-20,18,1,ensemble,2024-04-27,37.0,83.80805716670831,26.892859872083324,46.80805716670831,67.0
2024-04-20,18,1,baseline,2024-04-27,37.0,109.0,45.21423738441732,72.0,67.0
2024-04-20,19,1,ensemble,2024-04-27,22.0,37.0,8.193931795820161,15.0,41.0
2024-04-20,19,1,baseline,2024-04-27,22.0,52.0,19.354391485914856,30.0,41.0
2024-04-20,20,1,ensemble,2024-04-27,27.0,22.0,3.552619464528549,5.0,0.0
2024-04-20,20,1,baseline,2024-04-27,27.0,29.0,3.190132929568427,2.0,0.0
2024-04-20,21,1,ensemble,2024-04-27,25.0,50.5,13.57257657593694,25.5,42.0
2024-04-20,21,1,baseline,2024-04-27,25.0,67.0,24.691713388612143,42.0,42.0
2024-04-20,22,1,ensemble,2024-04-27,17.0,25.955,4.831753364470379,8.954999999999998,13.0
2024-04-20,22,1,baseline,2024-04-27,17.0,30.0,7.719459586269779,13.0,13.0
2024-04-20,23,1,ensemble,2024-04-27,14.0,11.0,2.073307205705136,3.0,1.0
2024-04-20,23,1,baseline,2024-04-27,14.0,15.0,2.1921772195982827,1.0,1.0
2024-04-20,24,1,ensemble,2024-04-27,20.0,42.96444469946111,12.010659444744578,22.96444469946111,35.0
2024-04-20,24,1,baseline,2024-04-27,20.0,52.0,18.780019071386363,32.0,35.0
2024-04-20,25,1,ensemble,2024-04-27,67.0,135.57,39.92860347234715,68.57,101.0
2024-04-20,25,1,baseline,2024-04-27,67.0,179.0,70.66851772059024,112.0,101.0
2024-04-20,26,1,ensemble,2024-04-27,117.0,229.0,63.19700962190885,112.0,180.0
2024-04-20,26,1,baseline,2024-04-27,117.0,329.0,144.65803545546328,212.0,180.0
2024-04-20,27,1,ensemble,2024-04-27,39.0,56.5,9.792229697827327,17.5,40.0
2024-04-20,27,1,baseline,2024-04-27,39.0,79.0,25.549849348667394,40.0,40.0
2024-04-20,28,1,ensemble,2024-04-27,21.0,30.31,5.5379680786216285,9.309999999999999,17.0
2024-04-20,28,1,baseline,2024-04-27,21.0,38.0,9.607733262180448,17.0,17.0
2024-04-20,29,1,ensemble,2024-04-27,59.0,73.0,9.970418889981998,14.0,49.0
2024-04-20,29,1,baseline,2024-04-27,59.0,108.0,29.937928160890305,49.0,49.0
2024-04-20,30,1,ensemble,2024-04-27,3.0,7.162083625793457,2.200195602578238,4.162083625793457,6.0
2024-04-20,30,1,baseline,2024-04-27,3.0,9.0,3.7224319548195486,6.0,6.0
2024-04-20,31,1,ensemble,2024-04-27,17.0,33.0,9.044303526067335,16.0,29.0
2024-04-20,31,1,baseline,2024-04-27,17.0,44.0,17.26049673159775,27.0,29.0
2024-04-20,32,1,ensemble,2024-04-27,21.0,20.0,2.615168628582229,1.0,3.0
2024-04-20,32,1,baseline,2024-04-27,21.0,24.0,4.348758301996064,3.0,3.0
2024-04-20,33,1,ensemble,2024-04-27,4.0,11.0,4.024364977806745,7.0,10.0
2024-04-20,33,1,baseline,2024-04-27,4.0,14.0,5.804776683310311,10.0,10.0
2024-04-20,34,1,ensemble,2024-04-27,89.0,101.02,10.37104656053358,12.019999999999996,41.0
2024-04-20,34,1,baseline,2024-04-27,89.0,134.0,26.720411392157395,45.0,41.0
2024-04-20,35,1,ensemble,2024-04-27,20.0,16.94140372167528,2.620429717340289,3.058596278324721,1.0
2024-04-20,35,1,baseline,2024-04-27,20.0,19.0,4.143016536687108,1.0,1.0
2024-04-20,36,1,ensemble,2024-04-27,163.0,267.56600000000003,57.16275645225789,104.56600000000003,203.0
2024-04-20,36,1,baseline,2024-04-27,163.0,344.0,110.21133388357795,181.0,203.0
2024-04-20,37,1,ensemble,2024-04-27,13.0,42.89934234731079,17.816285135494144,29.899342347310792,42.0
2024-04-20,37,1,baseline,2024-04-27,13.0,55.0,25.115451047727873,42.0,42.0
2024-04-20,38,1,ensemble,2024-04-27,7.0,12.0,2.9362651249616776,5.0,10.0
2024-04-20,38,1,baseline,2024-04-27,7.0,16.0,5.180201128924332,9.0,10.0
2024-04-20,39,1,ensemble,2024-04-27,75.0,122.80905236154824,27.531256661679237,47.80905236154824,116.0
2024-04-20,39,1,baseline,2024-04-27,75.0,181.0,68.97500928144063,106.0,116.0
2024-04-20,40,1,ensemble,2024-04-27,31.0,28.0,4.133782908590426,3.0,5.0
2024-04-20,40,1,baseline,2024-04-27,31.0,37.0,7.958267144975798,6.0,5.0
2024-04-20,41,1,ensemble,2024-04-27,34.0,28.595284424205914,4.3525373788042465,5.404715575794086,1.0
2024-04-20,41,1,baseline,2024-04-27,34.0,35.0,3.9941875569842638,1.0,1.0
2024-04-20,42,1,ensemble,2024-04-27,118.0,151.12279474382856,19.758767552432083,33.122794743828564,81.0
2024-04-20,42,1,baseline,2024-04-27,118.0,197.0,46.98392578917096,79.0,81.0
2024-04-20,44,1,ensemble,2024-04-27,7.0,11.0,2.1386987992477455,4.0,7.0
2024-04-20,44,1,baseline,2024-04-27,7.0,15.0,4.798313383133832,8.0,7.0
2024-04-20,45,1,ensemble,2024-04-27,30.0,45.5374319639772,9.131550782666558,15.537431963977198,34.0
2024-04-20,45,1,baseline,2024-04-27,30.0,64.0,20.58297621217517,34.0,34.0
2024-04-20,46,1,ensemble,2024-04-27,14.0,14.7655,1.7908594093038972,0.7654999999999994,0.0
2024-04-20,46,1,baseline,2024-04-27,14.0,18.0,2.6860615101368404,4.0,0.0
2024-04-20,47,1,ensemble,2024-04-27,46.0,59.75965,8.226233697100998,13.75965,31.0
2024-04-20,47,1,baseline,2024-04-27,46.0,77.0,18.03365953794321,31.0,31.0
2024-04-20,48,1,ensemble,2024-04-27,150.0,232.83589787080288,42.0909938947353,82.83589787080288,58.0
2024-04-20,48,1,baseline,2024-04-27,150.0,280.0,73.6951141373805,130.0,58.0
2024-04-20,49,1,ensemble,2024-04-27,6.0,2.5174333733207,1.7361771411288343,3.4825666266793,5.0
2024-04-20,49,1,baseline,2024-04-27,6.0,1.0,2.323394920818773,5.0,5.0
2024-04-20,50,1,ensemble,2024-04-27,6.0,10.646033105859146,2.3878374124557906,4.646033105859146,10.0
2024-04-20,50,1,baseline,2024-04-27,6.0,16.0,6.426213024695465,10.0,10.0
2024-04-20,51,1,ensemble,2024-04-27,58.0,82.392840150029,14.136229553914239,24.392840150029002,52.0
2024-04-20,51,1,baseline,2024-04-27,58.0,105.0,28.038043744937443,47.0,52.0
2024-04-20,53,1,ensemble,2024-04-27,37.0,34.646,4.302841202935514,2.353999999999999,5.0
2024-04-20,53,1,baseline,2024-04-27,37.0,42.0,6.004689257023005,5.0,5.0
2024-04-20,54,1,ensemble,2024-04-27,22.0,15.859,3.7984932137905285,6.141,0.0
2024-04-20,54,1,baseline,2024-04-27,22.0,22.0,3.6133334331821585,0.0,0.0
2024-04-20,55,1,ensemble,2024-04-27,38.0,53.0,9.215959377929694,15.0,39.0
2024-04-20,55,1,baseline,2024-04-27,38.0,76.0,23.058130159497246,38.0,39.0
2024-04-20,56,1,ensemble,2024-04-27,4.0,4.088618347555803,0.7969834554385947,0.08861834755580311,2.0
2024-04-20,56,1,baseline,2024-04-27,4.0,5.0,1.3558788918541358,1.0,2.0
